sample_id,pair_id,label,sample_type,state,latitude,longitude,event_date,spatial_block_0p5deg,prob_xgboost,prob_lightgbm,prob_random_forest,prob_ensemble_equal_weight,pred_ensemble_0p5,pred_ensemble_oof_f1_threshold
1048547,1048547,1,real_landslide_event,Assam,26.13140438,91.93086808,2004-07-15,26.0_91.5,0.14978748559951782,0.09319816354690087,0.3410271815799854,0.19467094357546802,0,0
1048389,1048389,1,real_landslide_event,Assam,26.16833375,91.72831667,2004-07-15,26.0_91.5,0.47602754831314087,0.6598972814530301,0.6024112895437378,0.579445373103303,1,1
1048386,1048386,1,real_landslide_event,Assam,26.16175948,91.72188533,2004-07-15,26.0_91.5,0.34989669919013977,0.29814070246359525,0.4009384835792088,0.3496586284109813,0,1
1050630,1050630,1,real_landslide_event,Assam,26.35735036,92.82954074,2004-07-15,26.0_92.5,0.04136056825518608,0.04549272347705234,0.17054765716057485,0.08580031629760443,0,0
1050635,1050635,1,real_landslide_event,Mizoram,23.30680933,92.83619313,2004-07-29,23.0_92.5,0.7262493371963501,0.8592391714783303,0.5803375501041246,0.721942019592935,1,1
938324,938324,1,real_landslide_event,Sikkim,27.16551929,88.36456702,2004-09-02,27.0_88.0,0.9886379837989807,0.9931722376134601,0.9298336016050308,0.9705479410058239,1,1
1048548,1048548,1,real_landslide_event,Assam,26.13140438,91.93086808,2004-10-07,26.0_91.5,0.6358431577682495,0.6711684279276304,0.5399905857525683,0.615667390482816,1,1
1048377,1048377,1,real_landslide_event,Assam,26.13088435,91.71073619,2004-10-08,26.0_91.5,0.8584545254707336,0.7147737421249984,0.5726618456020495,0.7152967043992605,1,1
1050658,1050658,1,real_landslide_event,Mizoram,23.83655634,92.88807365,2005-08-01,23.5_92.5,0.12131289392709732,0.04091584492113031,0.2869593806622145,0.14972937317014737,0,0
1048549,1048549,1,real_landslide_event,Assam,26.13140438,91.93086808,2005-08-19,26.0_91.5,0.6190393567085266,0.7033937714270465,0.5178560933504786,0.6134297404953505,1,1
1048378,1048378,1,real_landslide_event,Assam,26.13088435,91.71073619,2005-08-24,26.0_91.5,0.7121904492378235,0.4478043841896663,0.4693583240164441,0.543117719147978,1,1
1048550,1048550,1,real_landslide_event,Assam,26.13140438,91.93086808,2005-08-24,26.0_91.5,0.6152331829071045,0.6152680946425695,0.4146632394391295,0.5483881723296012,1,1
1048387,1048387,1,real_landslide_event,Assam,26.16175948,91.72188533,2005-08-24,26.0_91.5,0.8201001286506653,0.8345975975559439,0.5155069531627273,0.7234015597897788,1,1
938387,938387,1,real_landslide_event,Sikkim,27.40133744,88.52441984,2005-09-25,27.0_88.5,0.7602865695953369,0.7854144685657346,0.6332109706327894,0.7263040029312869,1,1
1050584,1050584,1,real_landslide_event,Assam,24.96518283,92.69340028,2006-06-12,24.5_92.5,0.899012565612793,0.823059386582427,0.7329144977343602,0.8183288166431936,1,1
1049243,1049243,1,real_landslide_event,Tripura,24.42795641,92.23424031,2006-06-13,24.0_92.0,0.6137948036193848,0.5672036061678953,0.4990178221937364,0.5600054106603388,1,1
938444,938444,1,real_landslide_event,Sikkim,27.29288574,88.67133148,2006-08-03,27.0_88.5,0.15727366507053375,0.04668199840051808,0.26366147297458487,0.15587237881521224,0,0
938422,938422,1,real_landslide_event,Sikkim,27.4459,88.6193,2007-04-11,27.0_88.5,0.7353931665420532,0.7512531842381149,0.5832866007828645,0.6899776505210108,1,1
938415,938415,1,real_landslide_event,Sikkim,27.3383,88.6069,2007-05-23,27.0_88.5,0.9772971868515015,0.9889435392437292,0.8423785309389328,0.9362064190113878,1,1
938390,938390,1,real_landslide_event,Sikkim,27.74367525,88.52635367,2007-06-27,27.5_88.5,0.3862512707710266,0.24304838544108623,0.19576663297039373,0.27502209639416886,0,0
1048380,1048380,1,real_landslide_event,Assam,26.10481582,91.7127005,2007-07-13,26.0_91.5,0.4169572591781616,0.49088966646613447,0.5975533470107877,0.5018000908850279,1,1
938328,938328,1,real_landslide_event,Sikkim,27.1499,88.38,2007-07-16,27.0_88.0,0.6375588774681091,0.6062878945103259,0.52192709876304,0.5885912902471583,1,1
1048446,1048446,1,real_landslide_event,Assam,26.1699,91.7986,2007-07-19,26.0_91.5,0.5234218239784241,0.5577118641449982,0.49550005264065483,0.5255445802546923,1,1
1048441,1048441,1,real_landslide_event,Assam,26.19758217,91.79057805,2007-07-19,26.0_91.5,0.829384446144104,0.9661295683499271,0.8054830260968013,0.8669990135302775,1,1
1050662,1050662,1,real_landslide_event,Mizoram,22.533,92.899,2007-07-30,22.5_92.5,0.4913923442363739,0.8030009696969649,0.5758619787446626,0.6234184308926671,1,1
1050668,1050668,1,real_landslide_event,Mizoram,22.479,92.967,2007-07-30,22.0_92.5,0.5709108710289001,0.6631966390641335,0.5543629148877813,0.5961568083269383,1,1
938236,938236,1,real_landslide_event,Sikkim,27.25638429,88.13612339,2007-08-02,27.0_88.0,0.931759238243103,0.9403207776692055,0.7404480379841999,0.8708426846321694,1,1
1050913,1050913,1,real_landslide_event,Manipur,24.9667,93.55,2007-08-26,24.5_93.5,0.6692859530448914,0.6135113222349272,0.7222833433165167,0.6683602061987783,1,1
1050834,1050834,1,real_landslide_event,Manipur,24.95138801,93.52811839,2007-08-26,24.5_93.5,0.42269375920295715,0.25889579758600706,0.34433748538091746,0.3419756807232939,0,1
1050634,1050634,1,real_landslide_event,Assam,25.2946,92.8339,2007-08-26,25.0_92.5,0.2564795911312103,0.2541966475976748,0.36265281723918485,0.29110968532269,0,0
1057207,1057207,1,real_landslide_event,Manipur,25.1333,93.9667,2007-08-31,25.0_93.5,0.5015103220939636,0.24857076380779072,0.45122027350116667,0.4004337864676404,0,1
938381,938381,1,real_landslide_event,Sikkim,27.201,88.4883,2007-09-07,27.0_88.0,0.8665923476219177,0.7697628141334752,0.7268107479683901,0.7877219699079276,1,1
1057438,1057438,1,real_landslide_event,Manipur,25.0604,93.9877,2007-09-08,25.0_93.5,0.1505061686038971,0.3289318365387898,0.3848807489105421,0.2881062513510763,0,0
938319,938319,1,real_landslide_event,Sikkim,27.1667,88.35,2007-09-09,27.0_88.0,0.7661746740341187,0.8724526572663912,0.7896941389494084,0.809440490083306,1,1
1057853,1057853,1,real_landslide_event,Manipur,25.4993,94.1192,2007-09-09,25.0_94.0,0.43911638855934143,0.2571181586409624,0.3985500140329142,0.3649281870777393,0,1
1057817,1057817,1,real_landslide_event,Manipur,24.2451,94.0691,2007-09-10,24.0_94.0,0.8365927338600159,0.8953223547019276,0.734507004089546,0.8221406975504965,1,1
938445,938445,1,real_landslide_event,Sikkim,27.29288574,88.67133148,2007-09-10,27.0_88.5,0.1608094573020935,0.10430712725123739,0.27933307232332294,0.1814832189588846,0,0
938423,938423,1,real_landslide_event,Sikkim,27.3425,88.6236,2007-09-10,27.0_88.5,0.9314044117927551,0.9716783002925454,0.8369459583146606,0.9133428901333204,1,1
1057807,1057807,1,real_landslide_event,Manipur,24.4279,94.0564,2007-09-11,24.0_94.0,0.12602774798870087,0.041942301167583615,0.3593469787201165,0.175772342625467,0,0
938382,938382,1,real_landslide_event,Sikkim,27.2084,88.4909,2007-09-11,27.0_88.0,0.8681749105453491,0.9712575029855122,0.7127561251053408,0.850729512878734,1,1
1048449,1048449,1,real_landslide_event,Assam,26.1833,91.8,2007-09-13,26.0_91.5,0.6428349614143372,0.6386320465482974,0.721727317770792,0.6677314419111422,1,1
1048551,1048551,1,real_landslide_event,Assam,26.13140438,91.93086808,2007-09-15,26.0_91.5,0.13458780944347382,0.042532052544151336,0.3833994893181371,0.18683978376858743,0,0
1050607,1050607,1,real_landslide_event,Assam,24.52029991,92.72826503,2007-09-16,24.5_92.5,0.45231980085372925,0.5180125278368141,0.5509633595619413,0.5070985627508282,1,1
938298,938298,1,real_landslide_event,Sikkim,27.2872,88.2816,2007-09-18,27.0_88.0,0.7413803935050964,0.8095637354926289,0.68289805882987,0.7446140626091985,1,1
1050582,1050582,1,real_landslide_event,Mizoram,24.1293,92.6921,2007-09-29,24.0_92.5,0.5179287791252136,0.5890811575832186,0.5106091146295135,0.539206350445982,1,1
1057849,1057849,1,real_landslide_event,Manipur,25.4379,94.1162,2007-10-19,25.0_94.0,0.525993824005127,0.44307167602341185,0.4087333277052373,0.4592662759112587,0,1
1050772,1050772,1,real_landslide_event,Manipur,24.75,93.4333,2007-10-21,24.5_93.0,0.09540969878435135,0.04270148639301123,0.263182228841138,0.1337644713395002,0,0
1048552,1048552,1,real_landslide_event,Assam,26.13140438,91.93086808,2008-04-13,26.0_91.5,0.2762526273727417,0.23953426157979968,0.4520813990891378,0.3226227626805597,0,1
1057337,1057337,1,real_landslide_event,Manipur,24.6596,93.9784,2008-06-09,24.5_93.5,0.9366006851196289,0.962600084428294,0.6646077761658312,0.8546028485712514,1,1
1057861,1057861,1,real_landslide_event,Assam,27.1743511,94.13502058,2008-06-14,27.0_94.0,0.22620129585266113,0.12335385536800048,0.27914843630531433,0.20956786250865864,0,0
1057827,1057827,1,real_landslide_event,Assam,27.2298,94.0989,2008-06-15,27.0_94.0,0.48891475796699524,0.3266128352309215,0.5475650810262531,0.45436422474138993,0,1
1054158,1054158,1,real_landslide_event,Manipur,24.9336,93.8275,2008-06-19,24.5_93.5,0.36718612909317017,0.2631808666476618,0.3780843892832852,0.33615046167470575,0,1
1048553,1048553,1,real_landslide_event,Assam,26.13140438,91.93086808,2008-06-19,26.0_91.5,0.060989294201135635,0.03377234839768626,0.30436437094800417,0.13304200451560869,0,0
1048400,1048400,1,real_landslide_event,Tripura,23.74450253,91.74176515,2008-07-15,23.5_91.5,0.09275177866220474,0.10518549218267105,0.24116697789594824,0.146368082913608,0,0
1057562,1057562,1,real_landslide_event,Assam,27.163,94.0,2008-08-14,27.0_94.0,0.551859438419342,0.33825657553152666,0.5508661797794094,0.48032739791009266,0,1
938418,938418,1,real_landslide_event,Sikkim,27.337,88.609,2008-08-28,27.0_88.5,0.9841246008872986,0.987510826059961,0.9309345413425982,0.9675233227632859,1,1
1057851,1057851,1,real_landslide_event,Assam,27.2333,94.1167,2008-10-29,27.0_94.0,0.5339161157608032,0.3236411098075924,0.45636088560489685,0.4379727037244308,0,1
1048329,1048329,1,real_landslide_event,Assam,26.3333,91.25,2008-10-29,26.0_91.0,0.07216622680425644,0.10153674498197594,0.2755724802033624,0.1497584839965316,0,0
938396,938396,1,real_landslide_event,Sikkim,27.478,88.527,2009-07-01,27.0_88.5,0.9677786827087402,0.962135266777833,0.7657820124128975,0.898565320633157,1,1
938237,938237,1,real_landslide_event,Sikkim,27.2644,88.1365,2009-08-19,27.0_88.0,0.8830806016921997,0.8702734589528756,0.6829608739406429,0.8121049781952393,1,1
938364,938364,1,real_landslide_event,Sikkim,27.1344,88.4575,2009-08-20,27.0_88.0,0.22091171145439148,0.10222092800778072,0.35424804982600466,0.22579356309605894,0,0
938239,938239,1,real_landslide_event,Sikkim,27.13798514,88.15516991,2009-08-20,27.0_88.0,0.7506226897239685,0.6886919539451593,0.7874055842956974,0.742240075988275,1,1
1050739,1050739,1,real_landslide_event,Assam,25.5215,93.1645,2009-08-20,25.5_93.0,0.175737664103508,0.1302013426826163,0.23575080552266447,0.18056327076959625,0,0
938397,938397,1,real_landslide_event,Sikkim,27.1761,88.5287,2009-08-20,27.0_88.5,0.9812173843383789,0.9934297755136717,0.9219055429156644,0.9655175675892383,1,1
1050792,1050792,1,real_landslide_event,Manipur,24.9925,93.5,2009-08-20,24.5_93.5,0.9939980506896973,0.9987555280438923,0.9747152814316723,0.9891562867217539,1,1
938454,938454,1,real_landslide_event,Sikkim,27.3746,88.7648,2009-08-26,27.0_88.5,0.39053916931152344,0.3511301018072331,0.40864033639278236,0.3834365358371796,0,1
1050706,1050706,1,real_landslide_event,Assam,25.1718,93.123,2009-08-27,25.0_93.0,0.4656558632850647,0.18614630437867793,0.4762666077893879,0.37602292515104346,0,1
1057936,1057936,1,real_landslide_event,Manipur,24.8628,94.4182,2009-08-30,24.5_94.0,0.2319745570421219,0.0904422682383698,0.26045338321639977,0.19429006949896385,0,0
938419,938419,1,real_landslide_event,Sikkim,27.1954,88.6115,2009-09-17,27.0_88.5,0.6985175013542175,0.8814939986411128,0.6256317615349664,0.7352144205100989,1,1
1050598,1050598,1,real_landslide_event,Mizoram,23.73478778,92.72124394,2009-10-05,23.5_92.5,0.6853945851325989,0.9024241962172033,0.7136328840101273,0.7671505551199765,1,1
1050600,1050600,1,real_landslide_event,Mizoram,23.73719685,92.72342008,2009-10-06,23.5_92.5,0.8909927010536194,0.9622795716489456,0.7444512287684124,0.8659078338236591,1,1
1056342,1056342,1,real_landslide_event,Manipur,24.7339,93.9161,2010-03-27,24.5_93.5,0.7698359489440918,0.9139307459440127,0.6143760052075162,0.7660475666985403,1,1
1050647,1050647,1,real_landslide_event,Assam,24.81395989,92.85687296,2010-04-01,24.5_92.5,0.6888968348503113,0.49961358353249147,0.5031617468069062,0.5638907217299031,1,1
1050679,1050679,1,real_landslide_event,Assam,25.1553,93.028,2010-04-01,25.0_93.0,0.16016867756843567,0.07255216955606118,0.34061191805301927,0.19111092172583874,0,0
938416,938416,1,real_landslide_event,Sikkim,27.3341,88.6083,2010-04-17,27.0_88.5,0.6117868423461914,0.6714120926638985,0.5207157276846291,0.6013048875649063,1,1
938417,938417,1,real_landslide_event,Sikkim,27.322,88.6087,2010-04-17,27.0_88.5,0.6439167261123657,0.6837691169868092,0.468612614026018,0.5987661523750644,1,1
1048279,1048279,1,real_landslide_event,Assam,26.10159837,90.02789028,2010-04-18,26.0_90.0,0.454266756772995,0.32732231583134985,0.61326917645808,0.46495274968747496,0,1
1048419,1048419,1,real_landslide_event,Assam,26.1978,91.7665,2010-04-20,26.0_91.5,0.6726347208023071,0.8504071170588746,0.7572873477171204,0.7601097285261007,1,1
1048414,1048414,1,real_landslide_event,Assam,26.1965,91.763,2010-04-20,26.0_91.5,0.6103688478469849,0.812387769268595,0.7148372620100859,0.7125312930418887,1,1
1050648,1050648,1,real_landslide_event,Assam,24.81395989,92.85687296,2010-04-24,24.5_92.5,0.5998112559318542,0.40136447494620847,0.48134688694390076,0.4941742059406545,0,1
938433,938433,1,real_landslide_event,Sikkim,27.3543,88.6428,2010-05-31,27.0_88.5,0.6043218374252319,0.7263293892817926,0.6381067631991028,0.6562526633020425,1,1
1050277,1050277,1,real_landslide_event,Assam,24.6005,92.3814,2010-06-03,24.5_92.0,0.5781568288803101,0.5581148771415184,0.4245461888243966,0.5202726316154084,1,1
1050289,1050289,1,real_landslide_event,Assam,24.28898101,92.38885624,2010-06-03,24.0_92.0,0.055546026676893234,0.014863734958966682,0.2408805587280769,0.10376344012131228,0,0
1048412,1048412,1,real_landslide_event,Tripura,23.8986,91.7599,2010-06-03,23.5_91.5,0.7262620329856873,0.9071497982510435,0.6618258075886696,0.7650792129418001,1,1
1050796,1050796,1,real_landslide_event,Manipur,24.7543,93.5039,2010-06-07,24.5_93.5,0.03626605123281479,0.043441131269848644,0.11419645642159286,0.06463454630808542,0,0
1048325,1048325,1,real_landslide_event,Assam,25.8833,91.2,2010-06-09,25.5_91.0,0.46385428309440613,0.7852697185169873,0.5010617966213284,0.583395266077574,1,1
1050741,1050741,1,real_landslide_event,Assam,25.2269,93.1658,2010-06-15,25.0_93.0,0.11244964599609375,0.036466970632866066,0.21879271622458574,0.12256977761784853,0,0
1050621,1050621,1,real_landslide_event,Assam,25.0633,92.8025,2010-06-16,25.0_92.5,0.38380151987075806,0.40120737087681463,0.5266149826288399,0.4372079577921375,0,1
938438,938438,1,real_landslide_event,Sikkim,27.5509,88.6475,2010-07-21,27.5_88.5,0.9781287312507629,0.9916559065335959,0.8690332918551433,0.9462726432131673,1,1
938405,938405,1,real_landslide_event,Sikkim,27.3773,88.559,2010-07-21,27.0_88.5,0.4286251962184906,0.2942347596657518,0.398646195979265,0.3738353839545024,0,1
1050620,1050620,1,real_landslide_event,Assam,25.0477,92.801,2010-07-25,25.0_92.5,0.645336925983429,0.8487521212299769,0.5850716716689583,0.6930535729607881,1,1
1050795,1050795,1,real_landslide_event,Manipur,24.9786,93.5027,2010-07-29,24.5_93.5,0.9131799340248108,0.9550751494382231,0.7871449132040224,0.885133332222352,1,1
1057952,1057952,1,real_landslide_event,Manipur,25.3098633,94.48214677,2010-07-29,25.0_94.0,0.5471237897872925,0.3795447632972197,0.6408151377384466,0.5224945636076529,1,1
1057833,1057833,1,real_landslide_event,Manipur,25.4196,94.1054,2010-07-29,25.0_94.0,0.9655483961105347,0.9856651310722913,0.8420777788782045,0.9310971020203435,1,1
1054555,1054555,1,real_landslide_event,Manipur,24.9356,93.8443,2010-07-31,24.5_93.5,0.6609865427017212,0.44606206259682935,0.627434781883763,0.5781611290607712,1,1
1050835,1050835,1,real_landslide_event,Manipur,24.95138801,93.52811839,2010-08-01,24.5_93.5,0.26390767097473145,0.21154917452726693,0.21042801856535084,0.22862828802244975,0,0
1050591,1050591,1,real_landslide_event,Mizoram,23.7365,92.7146,2010-08-06,23.5_92.5,0.9804331064224243,0.9894565004610891,0.8931016949022142,0.9543304339285759,1,1
1050669,1050669,1,real_landslide_event,Mizoram,24.17638911,92.97979352,2010-08-12,24.0_92.5,0.5103050470352173,0.6614752654705788,0.3221000716320803,0.49796012804595874,0,1
1057953,1057953,1,real_landslide_event,Manipur,25.31006064,94.48265093,2010-08-15,25.0_94.0,0.6255431175231934,0.5328843774444073,0.6666809729496884,0.6083694893057631,1,1
1050786,1050786,1,real_landslide_event,Manipur,24.8961,93.4957,2010-08-19,24.5_93.0,0.2767351567745209,0.35424587036413885,0.36510389129212084,0.3320283061435935,0,1
938326,938326,1,real_landslide_event,Sikkim,27.167,88.3652,2010-08-20,27.0_88.0,0.9910770654678345,0.9969778482811614,0.9496852046392773,0.9792467061294244,1,1
1051132,1051132,1,real_landslide_event,Manipur,24.8029,93.6228,2010-08-24,24.5_93.5,0.2838704288005829,0.3390879183539667,0.3785696249826323,0.33384265737906066,0,1
938384,938384,1,real_landslide_event,Sikkim,27.2319,88.497,2010-08-26,27.0_88.0,0.9900869727134705,0.9951035486874618,0.8922208693549004,0.9591371302519441,1,1
1057859,1057859,1,real_landslide_event,Manipur,25.4786,94.1327,2010-08-27,25.0_94.0,0.42073526978492737,0.24202805843965006,0.4438432411975394,0.36886885647403894,0,1
1050770,1050770,1,real_landslide_event,Manipur,24.7505,93.4221,2010-08-27,24.5_93.0,0.4203069508075714,0.4884639331549781,0.3332964570999516,0.41402244702083363,0,1
938421,938421,1,real_landslide_event,Sikkim,27.3392,88.6188,2010-08-27,27.0_88.5,0.9597127437591553,0.9415561379935912,0.862915755987101,0.9213948792466158,1,1
938451,938451,1,real_landslide_event,Sikkim,27.3702,88.7334,2010-09-04,27.0_88.5,0.7341006994247437,0.6476373528303856,0.45912961655378004,0.6136225562696365,1,1
1052259,1052259,1,real_landslide_event,Assam,27.0011,93.7273,2010-09-10,27.0_93.5,0.14333310723304749,0.16136390250665983,0.20161992933060247,0.16877231302343657,0,0
1050589,1050589,1,real_landslide_event,Mizoram,23.73504471,92.71060943,2010-09-13,23.5_92.5,0.9909631609916687,0.994633894966816,0.9135862802135296,0.9663944453906715,1,1
1050665,1050665,1,real_landslide_event,Mizoram,23.591,92.9296,2010-09-13,23.5_92.5,0.2315356731414795,0.13246195170090025,0.298611064456099,0.2208695630994929,0,0
1050659,1050659,1,real_landslide_event,Mizoram,23.83655634,92.88807365,2010-09-13,23.5_92.5,0.2853836715221405,0.4169373896093346,0.31016320261928876,0.33749475458358796,0,1
1050638,1050638,1,real_landslide_event,Mizoram,22.7176,92.8416,2010-09-13,22.5_92.5,0.8770826458930969,0.9646058412229039,0.7587593435288852,0.8668159435482954,1,1
1050611,1050611,1,real_landslide_event,Mizoram,23.75406693,92.74128531,2010-09-13,23.5_92.5,0.9832668304443359,0.9917471144902766,0.8689040107168973,0.9479726518838366,1,1
1050685,1050685,1,real_landslide_event,Mizoram,23.3439,93.0748,2010-09-13,23.0_93.0,0.9884893298149109,0.9946243486140337,0.8812002824902279,0.9547713203063908,1,1
1050590,1050590,1,real_landslide_event,Mizoram,23.74182634,92.7141905,2010-09-13,23.5_92.5,0.9853670597076416,0.9888127411215246,0.8909711378329375,0.9550503128873679,1,1
1050592,1050592,1,real_landslide_event,Mizoram,23.72988966,92.71495623,2010-09-13,23.5_92.5,0.9874976873397827,0.978461077929192,0.8143414631106424,0.9267667427932057,1,1
1050585,1050585,1,real_landslide_event,Mizoram,23.7527,92.694,2010-09-16,23.5_92.5,0.9414845108985901,0.986259714182474,0.8256556188721058,0.91779994798439,1,1
1050707,1050707,1,real_landslide_event,Manipur,24.3069,93.125,2010-09-16,24.0_93.0,0.7312446236610413,0.8924735511693159,0.7682499076604441,0.7973226941636004,1,1
1057862,1057862,1,real_landslide_event,Manipur,25.4769,94.1351,2010-10-08,25.0_94.0,0.9652327299118042,0.9925487491978907,0.8638217791181728,0.9405344194092892,1,1
1057706,1057706,1,real_landslide_event,Manipur,25.2745,94.0212,2010-10-08,25.0_94.0,0.8836734890937805,0.9559801040533502,0.8645092564716605,0.9013876165395972,1,1
1050768,1050768,1,real_landslide_event,Manipur,24.7679,93.4108,2010-10-08,24.5_93.0,0.16625574231147766,0.20837867515165107,0.36241532244437186,0.24568324663583355,0,0
1056279,1056279,1,real_landslide_event,Manipur,24.837,93.9128,2010-10-08,24.5_93.5,0.9483285546302795,0.9769781028459406,0.8713096367407388,0.932205431405653,1,1
1055067,1055067,1,real_landslide_event,Manipur,25.5265,93.8673,2010-10-09,25.5_93.5,0.5660980343818665,0.6915904691764999,0.4730131367530987,0.5769005467704884,1,1
1050673,1050673,1,real_landslide_event,Assam,25.1796,93.0083,2010-10-09,25.0_93.0,0.990121603012085,0.9974277754639793,0.896838628971975,0.9614626691493463,1,1
1050721,1050721,1,real_landslide_event,Assam,25.4749,93.1477,2010-10-09,25.0_93.0,0.5190008878707886,0.5496085676735446,0.584508665091238,0.5510393735451905,1,1
1057864,1057864,1,real_landslide_event,Manipur,25.4788,94.1399,2010-10-09,25.0_94.0,0.7797399759292603,0.8445442667569603,0.5394259467413847,0.7212367298092017,1,1
1050670,1050670,1,real_landslide_event,Assam,25.5242,92.9914,2010-10-09,25.5_92.5,0.15085062384605408,0.06435689929331424,0.3170411896301163,0.1774162375898282,0,0
1057788,1057788,1,real_landslide_event,Manipur,25.3179,94.0462,2010-10-09,25.0_94.0,0.658185601234436,0.5013924102255155,0.6329622786838488,0.5975134300479334,1,1
1050272,1050272,1,real_landslide_event,Assam,24.58041329,92.37948378,2011-05-04,24.5_92.0,0.09081746637821198,0.008105500433906196,0.22465409601925443,0.10785902094379086,0,0
1050767,1050767,1,real_landslide_event,Manipur,25.0672,93.4093,2011-05-22,25.0_93.0,0.09819316118955612,0.029072393922746215,0.1799968405406424,0.10242079855098159,0,0
1050644,1050644,1,real_landslide_event,Assam,25.0888,92.8551,2011-05-24,25.0_92.5,0.41334134340286255,0.27312837278762225,0.387938134583386,0.3581359502579569,0,1
1054637,1054637,1,real_landslide_event,Manipur,25.1555,93.8474,2011-05-31,25.0_93.5,0.7208735346794128,0.815329642799631,0.5589970027398224,0.6984000600729554,1,1
1051014,1051014,1,real_landslide_event,Manipur,24.8286,93.5935,2011-05-31,24.5_93.5,0.08514908701181412,0.017796715478404262,0.2570811072120142,0.12000896990074421,0,0
1050836,1050836,1,real_landslide_event,Manipur,24.95138801,93.52811839,2011-05-31,24.5_93.5,0.365719199180603,0.13785852750523492,0.3515045345051192,0.2850274203969857,0,0
938357,938357,1,real_landslide_event,Sikkim,27.4885,88.4451,2011-06-17,27.0_88.0,0.21654361486434937,0.32389197781999224,0.39771033479847884,0.31271530916094015,0,1
938257,938257,1,real_landslide_event,Sikkim,27.28329478,88.23595536,2011-06-23,27.0_88.0,0.5001906156539917,0.34826129501801595,0.46055669579936087,0.4363362021571229,0,1
938245,938245,1,real_landslide_event,Sikkim,27.34711035,88.17392386,2011-06-23,27.0_88.0,0.28787681460380554,0.39838374396155135,0.35809235868467953,0.34811763908334553,0,1
938267,938267,1,real_landslide_event,Sikkim,27.2879,88.2579,2011-06-23,27.0_88.0,0.7539327144622803,0.6103966995235786,0.7819159506357419,0.7154151215405337,1,1
1057681,1057681,1,real_landslide_event,Manipur,25.03561729,94.0144205,2011-06-28,25.0_94.0,0.7293422222137451,0.6389674014108798,0.7278526114915251,0.6987207450387167,1,1
1050759,1050759,1,real_landslide_event,Assam,25.5125,93.3613,2011-06-29,25.5_93.0,0.07913375645875931,0.482128197123391,0.27541870360266313,0.27889355239493785,0,0
1051914,1051914,1,real_landslide_event,Manipur,24.79489226,93.69953963,2011-07-05,24.5_93.5,0.6134555339813232,0.707425613795386,0.7290017320061021,0.683294293260937,1,1
1057027,1057027,1,real_landslide_event,Manipur,24.8063,93.9482,2011-07-06,24.5_93.5,0.9475923776626587,0.9893687404319462,0.7776352971475452,0.9048654717473834,1,1
1057840,1057840,1,real_landslide_event,Manipur,25.4191,94.1079,2011-07-07,25.0_94.0,0.8578621745109558,0.8682858137858948,0.5205228023414765,0.7488902635461091,1,1
938369,938369,1,real_landslide_event,Sikkim,27.1141,88.4658,2011-07-20,27.0_88.0,0.94783616065979,0.9442689719788814,0.7392590876807043,0.8771214067731252,1,1
1057024,1057024,1,real_landslide_event,Manipur,24.7992,93.948,2011-07-22,24.5_93.5,0.9528151154518127,0.9877399792109315,0.8906208549544782,0.9437253165390741,1,1
1057913,1057913,1,real_landslide_event,Manipur,24.3527,94.3429,2011-07-22,24.0_94.0,0.4266817271709442,0.5003642437000804,0.3708844037674801,0.4326434582128349,0,1
1050672,1050672,1,real_landslide_event,Assam,26.5836,93.0038,2011-07-24,26.5_93.0,0.14706192910671234,0.07373604138900415,0.3237070214039277,0.18150166396654807,0,0
1056334,1056334,1,real_landslide_event,Manipur,24.6869,93.9157,2011-07-25,24.5_93.5,0.0816584974527359,0.01925276757910916,0.3268203204302627,0.1425771951540359,0,0
1057841,1057841,1,real_landslide_event,Manipur,25.4192,94.108,2011-07-29,25.0_94.0,0.6486762762069702,0.39321243769272013,0.6621209666380169,0.5680032268459024,1,1
938256,938256,1,real_landslide_event,Sikkim,27.13862165,88.22551799,2011-08-23,27.0_88.0,0.5025621652603149,0.5102848089829566,0.4985887236911681,0.5038118993114798,1,1
938431,938431,1,real_landslide_event,Sikkim,27.7344,88.633,2011-08-25,27.5_88.5,0.02122443914413452,0.01615816126219915,0.1653438216048915,0.06757547400374173,0,0
1050700,1050700,1,real_landslide_event,Manipur,24.808,93.117,2011-09-06,24.5_93.0,0.8130098581314087,0.9554321623709746,0.7711437782808658,0.8465285995944164,1,1
1048397,1048397,1,real_landslide_event,Assam,26.1548,91.7351,2011-09-23,26.0_91.5,0.7263715863227844,0.836642348965663,0.7250646642432139,0.7626928665105538,1,1
1048398,1048398,1,real_landslide_event,Assam,26.1475,91.7356,2012-06-02,26.0_91.5,0.7045120000839233,0.8822263288751506,0.7783330161639177,0.7883571150409973,1,1
938404,938404,1,real_landslide_event,Sikkim,27.7167,88.5577,2012-06-03,27.5_88.5,0.7169554233551025,0.8147249296423402,0.6530527199803576,0.7282443576592668,1,1
1050674,1050674,1,real_landslide_event,Assam,25.1775,93.0123,2012-06-03,25.0_93.0,0.9459638595581055,0.9872131158225077,0.7506373320933436,0.8946047691579856,1,1
1050708,1050708,1,real_landslide_event,Assam,25.3056,93.1265,2012-06-03,25.0_93.0,0.9083566069602966,0.9676682704232734,0.730209913895226,0.8687449304262653,1,1
1050652,1050652,1,real_landslide_event,Assam,25.1175,92.8573,2012-06-03,25.0_92.5,0.8907114267349243,0.9700425802060082,0.80614604478519,0.8889666839087075,1,1
938452,938452,1,real_landslide_event,Sikkim,27.26801207,88.73536786,2012-06-07,27.0_88.5,0.36831921339035034,0.294364322444871,0.2735188273780954,0.3120674544044389,0,1
938430,938430,1,real_landslide_event,Sikkim,27.7565,88.632,2012-06-07,27.5_88.5,0.016111988574266434,0.009634664139479766,0.13122584011016028,0.052324164274635494,0,0
938436,938436,1,real_landslide_event,Sikkim,27.1748,88.6458,2012-06-07,27.0_88.5,0.5639301538467407,0.7010672565288995,0.5928317333625839,0.6192763812460748,1,1
1050898,1050898,1,real_landslide_event,Manipur,24.8142,93.5444,2012-06-10,24.5_93.5,0.8537057042121887,0.8477476825067716,0.6711845011705397,0.7908792959631666,1,1
938414,938414,1,real_landslide_event,Sikkim,27.339,88.6065,2012-06-14,27.0_88.5,0.9370876550674438,0.9694100664742411,0.7828570952019994,0.8964516055812282,1,1
1048396,1048396,1,real_landslide_event,Assam,26.149,91.7351,2012-06-20,26.0_91.5,0.5294249653816223,0.7225249360624099,0.6796075175887433,0.6438524730109251,1,1
1048382,1048382,1,real_landslide_event,Assam,26.1226,91.7162,2012-06-22,26.0_91.5,0.7649529576301575,0.920623433891276,0.7533548952175754,0.8129770955796696,1,1
1048404,1048404,1,real_landslide_event,Assam,26.10899001,91.74722978,2012-06-22,26.0_91.5,0.7411808967590332,0.7996504286813859,0.6190378777144948,0.7199564010516379,1,1
1048399,1048399,1,real_landslide_event,Assam,26.1049,91.7369,2012-06-25,26.0_91.5,0.5500612854957581,0.6476322640709435,0.5572162060005781,0.5849699185224265,1,1
1048402,1048402,1,real_landslide_event,Assam,26.13041734,91.74561624,2012-06-25,26.0_91.5,0.5536746978759766,0.6865889612587124,0.565651462301267,0.6019717071453187,1,1
1050675,1050675,1,real_landslide_event,Assam,25.16270441,93.01486436,2012-06-26,25.0_93.0,0.9211063981056213,0.9426298011429687,0.7501787899323027,0.8713049963936309,1,1
1048390,1048390,1,real_landslide_event,Assam,26.16833375,91.72831667,2012-06-26,26.0_91.5,0.7696405053138733,0.8778503624901614,0.7206268031337022,0.7893725569792457,1,1
1048379,1048379,1,real_landslide_event,Assam,26.13088435,91.71073619,2012-06-27,26.0_91.5,0.803534984588623,0.7167330366447612,0.5840242210147649,0.7014307474160497,1,1
1050631,1050631,1,real_landslide_event,Assam,26.35735036,92.82954074,2012-06-30,26.0_92.5,0.1713540107011795,0.0947140871948133,0.3605681906786912,0.20887876285822804,0,0
938393,938393,1,real_landslide_event,Sikkim,27.74367525,88.52635367,2012-07-11,27.5_88.5,0.3819449543952942,0.3405537865126209,0.20164288751097756,0.3080472094729642,0,1
1050664,1050664,1,real_landslide_event,Mizoram,23.66555038,92.92747832,2012-07-21,23.5_92.5,0.5621660351753235,0.7521413516588146,0.3833525063680467,0.5658866310673949,1,1
938329,938329,1,real_landslide_event,Sikkim,27.28709076,88.38035955,2012-09-01,27.0_88.0,0.21212515234947205,0.16013136396485575,0.43573566711509043,0.26933072780980605,0,0
1057115,1057115,1,real_landslide_event,Manipur,24.65145617,93.95748186,2012-09-14,24.5_93.5,0.8990442752838135,0.9596328662082557,0.7141546382008737,0.857610593230981,1,1
938325,938325,1,real_landslide_event,Sikkim,27.1675,88.3651,2012-09-16,27.0_88.0,0.9616255760192871,0.9758731811062556,0.9131423662838265,0.9502137078031231,1,1
938412,938412,1,real_landslide_event,Sikkim,27.6558,88.605,2012-09-19,27.5_88.5,0.9696081876754761,0.9815178137109889,0.8223789828561785,0.9245016614142146,1,1
938401,938401,1,real_landslide_event,Sikkim,27.8385,88.556,2012-09-19,27.5_88.5,0.2672773599624634,0.3607585158152703,0.3339099804304235,0.3206486187360524,0,1
938394,938394,1,real_landslide_event,Sikkim,27.74367525,88.52635367,2012-09-19,27.5_88.5,0.4064387381076813,0.4113942407662192,0.2771520594794723,0.3649950127844576,0,1
938410,938410,1,real_landslide_event,Sikkim,27.65532317,88.59440471,2012-09-19,27.5_88.5,0.4286692440509796,0.3976879384231852,0.44300813306904085,0.4231217718477353,0,1
1050544,1050544,1,real_landslide_event,Mizoram,23.7788134,92.54085299,2012-10-11,23.5_92.5,0.12726812064647675,0.148639144843729,0.24950555718063133,0.17513760755694566,0,0
1050577,1050577,1,real_landslide_event,Mizoram,24.02940241,92.66984764,2012-10-11,24.0_92.5,0.2617775797843933,0.22163740852036132,0.47210192521854966,0.3185056378411014,0,1
1050525,1050525,1,real_landslide_event,Mizoram,23.7705,92.5217,2012-11-11,23.5_92.5,0.9034651517868042,0.9145644044111003,0.7880390566884501,0.8686895376287849,1,1
938377,938377,1,real_landslide_event,Sikkim,27.57153591,88.47287208,2013-04-14,27.5_88.0,0.3355908691883087,0.24543913772305018,0.4509270513436933,0.3439856860850174,0,1
1050580,1050580,1,real_landslide_event,Mizoram,24.2315,92.6755,2013-05-07,24.0_92.5,0.9812964797019958,0.9966926091085179,0.7132931345980124,0.8970940744695087,1,1
1048344,1048344,1,real_landslide_event,Tripura,24.0896,91.4663,2013-05-08,24.0_91.0,0.83171147108078,0.9106322002643903,0.6321873128765838,0.791510328073918,1,1
1048341,1048341,1,real_landslide_event,Tripura,23.87643891,91.39718144,2013-05-08,23.5_91.0,0.5226444602012634,0.2664969776811275,0.5590990000942475,0.44941347932554615,0,1
1050660,1050660,1,real_landslide_event,Mizoram,23.83655634,92.88807365,2013-05-10,23.5_92.5,0.12687468528747559,0.040741089777541824,0.12093502271822823,0.09618359926108189,0,0
1050594,1050594,1,real_landslide_event,Mizoram,23.7281,92.7175,2013-05-11,23.5_92.5,0.9888103008270264,0.9976606667610766,0.7902873024671804,0.9255860900184277,1,1
1048381,1048381,1,real_landslide_event,Assam,26.1662,91.7138,2013-05-11,26.0_91.5,0.8314391374588013,0.8472834350872561,0.7738299397389681,0.8175175040950085,1,1
1048368,1048368,1,real_landslide_event,Assam,26.1016,91.6906,2013-05-11,26.0_91.5,0.8377049565315247,0.9361083789485879,0.6552851143801134,0.809699483286742,1,1
1048413,1048413,1,real_landslide_event,Assam,26.1771,91.7599,2013-05-11,26.0_91.5,0.771124005317688,0.8929411676068976,0.7085045130712573,0.7908565619986142,1,1
1050783,1050783,1,real_landslide_event,Manipur,24.9926,93.4946,2013-05-12,24.5_93.0,0.6141475439071655,0.613939593912977,0.5805678327010224,0.6028849901737217,1,1
938449,938449,1,real_landslide_event,Sikkim,27.3721,88.708,2013-06-08,27.0_88.5,0.9925988912582397,0.9970041921914405,0.9216365631229534,0.9704132155242112,1,1
938453,938453,1,real_landslide_event,Sikkim,27.3765,88.7628,2013-06-27,27.0_88.5,0.9724938273429871,0.9784659954678748,0.745826462824592,0.8989287618784846,1,1
1057781,1057781,1,real_landslide_event,Manipur,25.318,94.0441,2013-08-09,25.0_94.0,0.6334785223007202,0.7292215744077742,0.501955048856032,0.6215517151881754,1,1
1057887,1057887,1,real_landslide_event,Manipur,25.3833,94.1884,2013-08-15,25.0_94.0,0.7999929189682007,0.9132324082152955,0.4447232303838964,0.7193161858557975,1,1
1050773,1050773,1,real_landslide_event,Manipur,24.7625,93.4341,2013-08-17,24.5_93.0,0.9616873264312744,0.9694389676536095,0.7712590228809405,0.9007951056552748,1,1
938247,938247,1,real_landslide_event,Sikkim,27.34711035,88.17392386,2013-09-01,27.0_88.0,0.4659854769706726,0.4934936737683091,0.4199370765531539,0.4598054090973785,0,1
1050798,1050798,1,real_landslide_event,Manipur,24.9829,93.5063,2013-09-01,24.5_93.5,0.17502577602863312,0.10263906336125928,0.4519277108064473,0.2431975167321132,0,0
1050780,1050780,1,real_landslide_event,Manipur,24.9037,93.487,2013-09-01,24.5_93.0,0.9055997133255005,0.9833043878059758,0.7877336228369165,0.8922125746561309,1,1
938260,938260,1,real_landslide_event,Sikkim,27.3425,88.2426,2013-09-01,27.0_88.0,0.833763837814331,0.8131485299398229,0.6835117680596505,0.7768080452712681,1,1
938450,938450,1,real_landslide_event,Sikkim,27.3736,88.7323,2013-09-07,27.0_88.5,0.8987525105476379,0.9333238186707568,0.685383510579074,0.8391532799324896,1,1
938437,938437,1,real_landslide_event,Sikkim,27.6047,88.6463,2013-09-08,27.5_88.5,0.9847666621208191,0.9959465855211301,0.8811463671993129,0.9539532049470875,1,1
1048555,1048555,1,real_landslide_event,Assam,26.13140438,91.93086808,2013-10-06,26.0_91.5,0.1479402482509613,0.10640693309456856,0.321134908554108,0.19182736329987926,0,0
1048374,1048374,1,real_landslide_event,Assam,26.1665,91.7049,2013-10-06,26.0_91.5,0.6799120903015137,0.7793242627189055,0.5542135660630583,0.6711499730278258,1,1
1048492,1048492,1,real_landslide_event,Assam,26.1309,91.8383,2013-10-06,26.0_91.5,0.4748893976211548,0.5718294271302872,0.5625289200956627,0.536415914949035,1,1
1057980,1057980,1,real_landslide_event,Manipur,25.426,94.6024,2013-10-13,25.0_94.5,0.15362495183944702,0.13134370059687253,0.2692170991519541,0.18472858386275784,0,0
1050217,1050217,1,real_landslide_event,Assam,24.8669,92.3576,2014-05-09,24.5_92.0,0.8383566737174988,0.9444541789816078,0.834773407285702,0.8725280866616029,1,1
1050273,1050273,1,real_landslide_event,Assam,24.58041329,92.37948378,2014-05-10,24.5_92.0,0.1931094527244568,0.02743604524968467,0.25896590698470345,0.15983713498628163,0,0
938395,938395,1,real_landslide_event,Sikkim,27.74367525,88.52635367,2014-06-24,27.5_88.5,0.5008295774459839,0.6709469491397724,0.3023144991979044,0.4913636752612202,0,1
1048416,1048416,1,real_landslide_event,Assam,26.1407,91.7645,2014-06-26,26.0_91.5,0.6156789660453796,0.6572900840241332,0.7423622000571487,0.6717770833755538,1,1
1048421,1048421,1,real_landslide_event,Assam,26.16343122,91.76898556,2014-06-26,26.0_91.5,0.7118250131607056,0.8303902358755728,0.7483790895064256,0.7635314461809014,1,1
1048440,1048440,1,real_landslide_event,Assam,26.1844,91.7896,2014-06-26,26.0_91.5,0.546836793422699,0.5470461127102004,0.7240132399222726,0.6059653820183907,1,1
1048422,1048422,1,real_landslide_event,Assam,26.1619,91.7697,2014-06-27,26.0_91.5,0.7863878607749939,0.8840359427072336,0.7871394655145584,0.8191877563322619,1,1
1048417,1048417,1,real_landslide_event,Assam,26.1964,91.7652,2014-06-28,26.0_91.5,0.29162466526031494,0.4089380775876067,0.5319398077382983,0.41083418352873996,0,1
1050601,1050601,1,real_landslide_event,Mizoram,23.73719685,92.72342008,2014-07-14,23.5_92.5,0.8997014760971069,0.9416031123032701,0.6423161046240918,0.8278735643414895,1,1
1050612,1050612,1,real_landslide_event,Mizoram,23.7327,92.7463,2014-07-14,23.5_92.5,0.9739130139350891,0.9904125143501132,0.815052153724862,0.9264592273366881,1,1
1050649,1050649,1,real_landslide_event,Assam,24.81395989,92.85687296,2014-07-27,24.5_92.5,0.40888357162475586,0.2707039072176798,0.4943686519697253,0.3913187102707203,0,1
1048384,1048384,1,real_landslide_event,Tripura,23.0137,91.7174,2014-08-14,23.0_91.5,0.9847570061683655,0.9818863101891718,0.8524364507346348,0.9396932556973908,1,1
1048357,1048357,1,real_landslide_event,Tripura,23.19818874,91.58174838,2014-08-14,23.0_91.5,0.25954028964042664,0.08885939912159754,0.3713029710651254,0.23990088660904987,0,0
1048376,1048376,1,real_landslide_event,Assam,26.1044,91.7082,2014-09-22,26.0_91.5,0.7826041579246521,0.9077839665137577,0.6385298635076925,0.7763059959820341,1,1
1048375,1048375,1,real_landslide_event,Assam,26.1295,91.7056,2014-09-22,26.0_91.5,0.7768064737319946,0.9421514491335164,0.6289142043307303,0.7826240423987473,1,1
1048444,1048444,1,real_landslide_event,Assam,26.15146273,91.79753177,2014-09-22,26.0_91.5,0.7922219038009644,0.8548903546494808,0.7328910553194525,0.7933344379232992,1,1
1048409,1048409,1,real_landslide_event,Assam,26.1314,91.7548,2014-09-22,26.0_91.5,0.6970416903495789,0.6698152280903307,0.5533629675635829,0.6400732953344975,1,1
1048448,1048448,1,real_landslide_event,Assam,26.1985,91.7998,2014-09-22,26.0_91.5,0.8547239899635315,0.9463950539099845,0.7914367871340581,0.8641852770025246,1,1
1048491,1048491,1,real_landslide_event,Assam,26.1324,91.8342,2014-09-22,26.0_91.5,0.8713334798812866,0.9514660046533513,0.7803867797364366,0.8677287547570248,1,1
1048479,1048479,1,real_landslide_event,Assam,26.159,91.8178,2014-09-22,26.0_91.5,0.6866024732589722,0.8171754316924545,0.7743872732268329,0.7593883927260864,1,1
1048431,1048431,1,real_landslide_event,Assam,26.1097,91.7747,2014-09-22,26.0_91.5,0.48209115862846375,0.39014576122570316,0.5255046441994634,0.46591385468454344,0,1
1048367,1048367,1,real_landslide_event,Assam,26.1001,91.6849,2014-09-22,26.0_91.5,0.7426666021347046,0.7789754678610658,0.5978722527004445,0.7065047742320717,1,1
1048429,1048429,1,real_landslide_event,Assam,26.11117064,91.77318437,2014-09-23,26.0_91.5,0.8342270851135254,0.8605815342618455,0.7553310525209503,0.8167132239654404,1,1
1048411,1048411,1,real_landslide_event,Assam,26.13146397,91.75782228,2014-09-23,26.0_91.5,0.8901791572570801,0.9401779328113644,0.7969963467023076,0.8757844789235841,1,1
1050362,1050362,1,real_landslide_event,Assam,25.0318,92.4584,2015-03-19,25.0_92.0,0.7493430972099304,0.7368193257492882,0.5858407504270203,0.6906677244620796,1,1
1050609,1050609,1,real_landslide_event,Mizoram,23.7131,92.7362,2015-06-19,23.5_92.5,0.4333561360836029,0.7084521598376565,0.4898909951669442,0.5438997636960679,1,1
1051726,1051726,1,real_landslide_event,Manipur,25.16,93.686,2015-06-19,25.0_93.5,0.8565367460250854,0.8603683103727767,0.7780446960247143,0.8316499174741921,1,1
1050650,1050650,1,real_landslide_event,Assam,24.81395989,92.85687296,2015-07-21,24.5_92.5,0.30066534876823425,0.2524468441828398,0.4039195029459028,0.3190105652989923,0,1
1057821,1057821,1,real_landslide_event,Manipur,25.3908,94.0926,2015-07-22,25.0_94.0,0.9009319543838501,0.8097484492326151,0.7492709045421467,0.8199837693862039,1,1
1057376,1057376,1,real_landslide_event,Manipur,25.4538,93.9827,2015-07-22,25.0_93.5,0.5189052224159241,0.6971055110711744,0.7434633518486344,0.6531580284452443,1,1
1050671,1050671,1,real_landslide_event,Assam,24.7979,92.9974,2015-07-22,24.5_92.5,0.06348876655101776,0.0365689523773467,0.20992793447595057,0.10332855113477168,0,0
1057795,1057795,1,real_landslide_event,Manipur,25.4477,94.0489,2015-07-22,25.0_94.0,0.6868314743041992,0.8546151704966563,0.8007146694213799,0.7807204380740784,1,1
1057403,1057403,1,real_landslide_event,Manipur,25.5007,93.9854,2015-07-22,25.5_93.5,0.9656401872634888,0.9961594951051266,0.885317089093989,0.9490389238208682,1,1
1055274,1055274,1,real_landslide_event,Manipur,25.5098,93.8794,2015-07-22,25.5_93.5,0.9402467608451843,0.9748884015446396,0.8439408406605116,0.9196920010167785,1,1
1050805,1050805,1,real_landslide_event,Manipur,24.9818,93.5142,2015-07-24,24.5_93.5,0.7130184769630432,0.7063022559682837,0.6434500976506097,0.6875902768606456,1,1
1048518,1048518,1,real_landslide_event,Assam,26.1062,91.8717,2015-07-25,26.0_91.5,0.33871227502822876,0.13205219869144255,0.34473980279141225,0.27183475883702785,0,0
1057918,1057918,1,real_landslide_event,Manipur,24.819,94.3551,2015-07-31,24.5_94.0,0.8980355262756348,0.9705964392515162,0.7447013899220811,0.8711111184830772,1,1
1057912,1057912,1,real_landslide_event,Manipur,25.0634,94.3415,2015-07-31,25.0_94.0,0.7077684998512268,0.9437324380189438,0.7071373375547594,0.7862127584749766,1,1
1057368,1057368,1,real_landslide_event,Manipur,24.004,93.9815,2015-08-01,24.0_93.5,0.5555597543716431,0.5885486314993225,0.416050788072275,0.5200530579810801,1,1
1057951,1057951,1,real_landslide_event,Manipur,24.9111,94.4759,2015-08-01,24.5_94.0,0.9545349478721619,0.9623540710980779,0.7769957874047555,0.8979616021249984,1,1
1057769,1057769,1,real_landslide_event,Manipur,24.1077,94.0396,2015-08-01,24.0_94.0,0.9568663239479065,0.9785184318077017,0.7145359335073627,0.8833068964209904,1,1
1057839,1057839,1,real_landslide_event,Manipur,24.1419,94.1078,2015-08-01,24.0_94.0,0.8893806338310242,0.8773628457938706,0.7014761890300284,0.8227398895516411,1,1
1057829,1057829,1,real_landslide_event,Manipur,24.1988,94.1016,2015-08-01,24.0_94.0,0.8084918260574341,0.7030354136024535,0.7459792979311141,0.7525021791970006,1,1
1057940,1057940,1,real_landslide_event,Manipur,25.1941,94.4481,2015-08-01,25.0_94.0,0.7939885258674622,0.8971662639635579,0.6468545174415765,0.7793364357575322,1,1
1057825,1057825,1,real_landslide_event,Manipur,24.416,94.0984,2015-08-01,24.0_94.0,0.8092530369758606,0.7832055962901472,0.616470181272522,0.7363096048461766,1,1
1057865,1057865,1,real_landslide_event,Manipur,23.899,94.1434,2015-08-01,23.5_94.0,0.11593901365995407,0.06337624395440525,0.38540461348817573,0.18823995703417837,0,0
1057888,1057888,1,real_landslide_event,Manipur,24.4265,94.1913,2015-08-01,24.0_94.0,0.8781325817108154,0.9208969881759416,0.7273536374116629,0.84212773576614,1,1
1057893,1057893,1,real_landslide_event,Manipur,24.954,94.2156,2015-08-01,24.5_94.0,0.9797357320785522,0.9874615648702592,0.9127827721874443,0.9599933563787518,1,1
1057815,1057815,1,real_landslide_event,Manipur,24.4072,94.0644,2015-08-01,24.0_94.0,0.9457905292510986,0.9393456407059256,0.7608369345297737,0.8819910348289327,1,1
1057810,1057810,1,real_landslide_event,Manipur,23.9939,94.0573,2015-08-01,23.5_94.0,0.2876894474029541,0.2022633493320059,0.40074635376844775,0.29689971683446925,0,0
1057780,1057780,1,real_landslide_event,Manipur,24.30097079,94.04356075,2015-08-01,24.0_94.0,0.46677881479263306,0.5844257413005146,0.42196408027516197,0.49105621212276995,0,1
1057923,1057923,1,real_landslide_event,Manipur,25.1122,94.3591,2015-08-01,25.0_94.0,0.9800727367401123,0.9912000689070094,0.9110430174478379,0.9607719410316532,1,1
1057820,1057820,1,real_landslide_event,Manipur,23.9278,94.0906,2015-08-01,23.5_94.0,0.10979023575782776,0.050739572149395444,0.3719449472084161,0.17749158503854642,0,0
1050841,1050841,1,real_landslide_event,Manipur,24.7016,93.5291,2015-08-11,24.5_93.5,0.6736971139907837,0.6424969646771808,0.5502250435019732,0.6221397073899793,1,1
1050762,1050762,1,real_landslide_event,Manipur,25.1019,93.3729,2015-08-11,25.0_93.0,0.9605735540390015,0.97446264705573,0.8103937068484467,0.915143302647726,1,1
1050771,1050771,1,real_landslide_event,Manipur,24.7459,93.4251,2015-08-11,24.5_93.0,0.9773263335227966,0.9920757897861124,0.8791778234326659,0.9495266489138583,1,1
1048527,1048527,1,real_landslide_event,Assam,26.1028,91.8806,2015-08-22,26.0_91.5,0.6723437309265137,0.8144914700961056,0.6008593432691742,0.6958981814305978,1,1
1050683,1050683,1,real_landslide_event,Mizoram,23.8447,93.0514,2015-08-26,23.5_93.0,0.9487801194190979,0.9828581366990069,0.7722268482068051,0.9012883681083034,1,1
1050618,1050618,1,real_landslide_event,Mizoram,23.3572,92.7878,2015-08-26,23.0_92.5,0.7158923745155334,0.8716100842551047,0.7231067434223498,0.7702030673976626,1,1
1050578,1050578,1,real_landslide_event,Mizoram,24.042,92.6724,2015-08-27,24.0_92.5,0.92874675989151,0.9808152655307627,0.8644831046669079,0.9246817100297268,1,1
1050677,1050677,1,real_landslide_event,Mizoram,23.6866,93.017,2015-08-27,23.5_93.0,0.8824000954627991,0.8887558112051095,0.7796453302628693,0.850267078976926,1,1
1050606,1050606,1,real_landslide_event,Mizoram,23.7269,92.7265,2015-08-27,23.5_92.5,0.9573506712913513,0.9658444053900465,0.7877457201176791,0.903646932266359,1,1
1050624,1050624,1,real_landslide_event,Mizoram,23.4495,92.8112,2015-08-28,23.0_92.5,0.33868929743766785,0.31261446958125844,0.25826344696288417,0.3031890713272702,0,1
1048364,1048364,1,real_landslide_event,Assam,26.1868,91.6739,2015-09-01,26.0_91.5,0.5259575843811035,0.42747395596896026,0.4851302304972883,0.4795205902824507,0,1
1048385,1048385,1,real_landslide_event,Assam,26.49349035,91.72137514,2015-09-01,26.0_91.5,0.3843931257724762,0.3145053037941941,0.3056384213917322,0.3348456169861342,0,1
1048363,1048363,1,real_landslide_event,Assam,26.18654344,91.67187135,2015-09-01,26.0_91.5,0.4606713652610779,0.3897658786078608,0.4228404770434011,0.4244259069707799,0,1
1050597,1050597,1,real_landslide_event,Mizoram,23.7348,92.7187,2015-09-14,23.5_92.5,0.7654565572738647,0.8351354381785446,0.7990926505374174,0.7998948819966089,1,1
1050596,1050596,1,real_landslide_event,Mizoram,23.7313,92.7187,2015-09-14,23.5_92.5,0.9398664832115173,0.9890610906894481,0.8596837244076373,0.9295370994362009,1,1
1048373,1048373,1,real_landslide_event,Assam,26.1666,91.7042,2015-09-23,26.0_91.5,0.8822217583656311,0.967402254123428,0.8352952317799116,0.8949730814229903,1,1
1050120,1050120,1,real_landslide_event,Assam,24.59448017,92.29672017,2016-05-18,24.5_92.0,0.2886408567428589,0.16306581541896478,0.448681977513799,0.30012954989187424,0,1
1050474,1050474,1,real_landslide_event,Assam,24.4638,92.4943,2016-05-18,24.0_92.0,0.8540122509002686,0.8154239604811185,0.6160316964200288,0.7618226359338053,1,1
1050501,1050501,1,real_landslide_event,Assam,24.5308,92.5121,2016-05-18,24.5_92.5,0.8070985078811646,0.7571162426622934,0.7005277001476553,0.754914150230371,1,1
1050604,1050604,1,real_landslide_event,Assam,24.5202,92.7239,2016-05-18,24.5_92.5,0.7959772348403931,0.8203534283883297,0.6252264945505916,0.7471857192597714,1,1
1050605,1050605,1,real_landslide_event,Assam,24.5204,92.7264,2016-05-18,24.5_92.5,0.889030396938324,0.9543039932054045,0.7040265637559862,0.8491203179665715,1,1
1050608,1050608,1,real_landslide_event,Assam,24.52029991,92.72826503,2016-05-18,24.5_92.5,0.8945112824440002,0.9576886715285858,0.7034780468076612,0.8518926669267491,1,1
1050541,1050541,1,real_landslide_event,Assam,24.52848466,92.54040606,2016-05-18,24.5_92.5,0.948881983757019,0.9550293412648154,0.7637295501835897,0.8892136250684747,1,1
1050561,1050561,1,real_landslide_event,Assam,24.49649775,92.58903387,2016-05-19,24.0_92.5,0.5066615343093872,0.3301292479693568,0.49490834712041665,0.4438997097997202,0,1
1050602,1050602,1,real_landslide_event,Mizoram,23.73719685,92.72342008,2016-05-21,23.5_92.5,0.9525063037872314,0.9789190297577719,0.5969065114965026,0.8427772816805019,1,1
1048435,1048435,1,real_landslide_event,Assam,26.1961,91.7825,2016-06-22,26.0_91.5,0.6390848159790039,0.8034442356031957,0.5366417961991627,0.6597236159271208,1,1
1048437,1048437,1,real_landslide_event,Assam,26.19531698,91.7837856,2016-06-22,26.0_91.5,0.8425256013870239,0.9212571072853964,0.7758374410290534,0.8465400499004913,1,1
1048340,1048340,1,real_landslide_event,Assam,25.9611,91.3681,2016-07-07,25.5_91.0,0.6511710286140442,0.762044826567494,0.4445298474812477,0.6192485675542619,1,1
1048473,1048473,1,real_landslide_event,Assam,26.10993404,91.81498746,2016-07-07,26.0_91.5,0.6245858073234558,0.6433990048010648,0.742005164163892,0.6699966587628042,1,1
1057911,1057911,1,real_landslide_event,Manipur,25.0118,94.3136,2016-07-07,25.0_94.0,0.5399166345596313,0.498381008363666,0.6054156606123311,0.5479044345118761,1,1
938407,938407,1,real_landslide_event,Sikkim,27.26265369,88.56249089,2016-07-09,27.0_88.5,0.9581215381622314,0.9901138385860642,0.7928766872947305,0.9137040213476754,1,1
1048423,1048423,1,real_landslide_event,Assam,26.1768,91.7702,2016-07-14,26.0_91.5,0.6666326522827148,0.6823001936718122,0.6184265711169008,0.6557864723571426,1,1
1048467,1048467,1,real_landslide_event,Assam,26.1963,91.8074,2016-07-14,26.0_91.5,0.887486457824707,0.9625008939533077,0.6341162589559257,0.8280345369113135,1,1
1048557,1048557,1,real_landslide_event,Assam,26.13140438,91.93086808,2016-07-14,26.0_91.5,0.18538063764572144,0.21807074563190154,0.4200515522425736,0.2745009785067322,0,0
1048458,1048458,1,real_landslide_event,Assam,26.1966,91.802,2016-07-20,26.0_91.5,0.7268165349960327,0.7340304727045668,0.562896734403619,0.6745812473680729,1,1
1048430,1048430,1,real_landslide_event,Assam,26.19043105,91.77439654,2016-07-20,26.0_91.5,0.8729686737060547,0.9167585028028978,0.6008283156838153,0.7968518307309226,1,1
1057863,1057863,1,real_landslide_event,Manipur,25.48,94.1383,2016-07-25,25.0_94.0,0.9819473028182983,0.9909289005171279,0.864264678093794,0.9457136271430734,1,1
1050761,1050761,1,real_landslide_event,Mizoram,23.55290361,93.37126263,2016-07-28,23.5_93.0,0.6638404130935669,0.8497072533278955,0.5082105912525002,0.6739194192246543,1,1
1050763,1050763,1,real_landslide_event,Mizoram,23.5397,93.3783,2016-07-28,23.5_93.0,0.9790670275688171,0.9841800151321974,0.813597542433452,0.9256148617114889,1,1
938250,938250,1,real_landslide_event,Sikkim,27.34883031,88.18678352,2016-07-30,27.0_88.0,0.6329972743988037,0.5949424828322367,0.4016609108225297,0.5432002226845234,1,1
938383,938383,1,real_landslide_event,Sikkim,27.593,88.492,2016-08-16,27.5_88.0,0.020961308851838112,0.009987102880846383,0.21348834778345235,0.08147891983871229,0,0
1050651,1050651,1,real_landslide_event,Assam,24.81395989,92.85687296,2016-08-31,24.5_92.5,0.48719272017478943,0.22275132152838953,0.4468902298476628,0.3856114238502806,0,1
1050626,1050626,1,real_landslide_event,Assam,24.768609,92.821182,2016-09-01,24.5_92.5,0.7109697461128235,0.9690863330873364,0.6871206168236336,0.7890588986745978,1,1
1050633,1050633,1,real_landslide_event,Mizoram,23.61045606,92.83182797,2016-09-17,23.5_92.5,0.2557351291179657,0.08360382813480031,0.27754067528872783,0.20562654418049794,0,0
938303,938303,1,real_landslide_event,Sikkim,27.2676,88.2891,2016-10-12,27.0_88.0,0.8689262270927429,0.8412498906953328,0.7208401600308233,0.8103387592729664,1,1
938327,938327,1,real_landslide_event,Sikkim,27.1695,88.3664,2016-10-15,27.0_88.0,0.5902140140533447,0.48310270546908435,0.6298783989341841,0.5677317061522044,1,1
938398,938398,1,real_landslide_event,Sikkim,27.172,88.5292,2016-10-15,27.0_88.5,0.7779155969619751,0.8577535619550909,0.6356765314901605,0.7571152301357422,1,1
1052234,1052234,1,real_landslide_event,Manipur,24.79591421,93.72386429,2017-03-30,24.5_93.5,0.9740304946899414,0.9901932097998802,0.8750807050483822,0.9464348031794012,1,1
1050744,1050744,1,real_landslide_event,Assam,25.195355,93.172758,2017-04-04,25.0_93.0,0.7085872292518616,0.8339657219861032,0.5434630092217961,0.695338653486587,1,1
1050718,1050718,1,real_landslide_event,Assam,25.481623,93.141692,2017-04-04,25.0_93.0,0.6977414488792419,0.6453430813080901,0.5243948883019744,0.6224931394964355,1,1
1050682,1050682,1,real_landslide_event,Assam,25.132228,93.04681,2017-04-04,25.0_93.0,0.6098278760910034,0.8366679986164786,0.4580041832337926,0.6348333526470916,1,1
1050642,1050642,1,real_landslide_event,Assam,25.118398,92.853913,2017-04-04,25.0_92.5,0.9601063132286072,0.97568107324756,0.8426587273597539,0.9261487046119736,1,1
1050702,1050702,1,real_landslide_event,Assam,25.181453,93.118105,2017-04-04,25.0_93.0,0.984115481376648,0.9970963160756503,0.890029408294779,0.9570804019156923,1,1
1048497,1048497,1,real_landslide_event,Assam,26.16066111,91.85294885,2017-04-05,26.0_91.5,0.697211742401123,0.8119711860884965,0.5969814012714006,0.7020547765870067,1,1
1050579,1050579,1,real_landslide_event,Mizoram,24.0135808,92.67420963,2017-04-25,24.0_92.5,0.916171669960022,0.9802342395481948,0.5677101078549772,0.8213720057877314,1,1
1050588,1050588,1,real_landslide_event,Assam,25.61919207,92.7094701,2017-04-29,25.5_92.5,0.31655052304267883,0.20840032361814426,0.3109047537440725,0.2786185334682985,0,0
1050720,1050720,1,real_landslide_event,Assam,26.06838073,93.14761961,2017-04-29,26.0_93.0,0.08276944607496262,0.054724341036341675,0.23227069379336546,0.12325482696822325,0,0
938411,938411,1,real_landslide_event,Sikkim,27.54295099,88.59676956,2017-05-26,27.5_88.5,0.9766592383384705,0.9931701326442534,0.8306304256014337,0.933486598861386,1,1
1050593,1050593,1,real_landslide_event,Mizoram,23.73941422,92.71505961,2017-06-01,23.5_92.5,0.9270292520523071,0.9731175923821908,0.7033051596100371,0.8678173346815116,1,1
1050197,1050197,1,real_landslide_event,Assam,24.74751503,92.34889194,2017-06-02,24.5_92.0,0.35856372117996216,0.2949303178051577,0.4399567732394835,0.3644836040748678,0,1
1048532,1048532,1,real_landslide_event,Tripura,23.86469956,91.8949662,2017-06-03,23.5_91.5,0.2412252426147461,0.26918248372067316,0.2513545861571457,0.25392077083085496,0,0
1048504,1048504,1,real_landslide_event,Tripura,23.82994813,91.85896802,2017-06-03,23.5_91.5,0.18891827762126923,0.09731579703714487,0.3091549950613357,0.1984630232399166,0,0
1048488,1048488,1,real_landslide_event,Tripura,24.19467451,91.82931979,2017-06-03,24.0_91.5,0.8111873269081116,0.8784691642806638,0.5762217842755878,0.755292758488121,1,1
1050666,1050666,1,real_landslide_event,Assam,25.15246863,92.94670614,2017-06-04,25.0_92.5,0.14313051104545593,0.03465341405368784,0.29270392845355214,0.1568292845175653,0,0
1057261,1057261,1,real_landslide_event,Manipur,25.14429782,93.97198129,2017-06-05,25.0_93.5,0.795071005821228,0.6114319571689243,0.6281038330052467,0.6782022653317997,1,1
1050403,1050403,1,real_landslide_event,Mizoram,22.90813548,92.47207294,2017-06-09,22.5_92.0,0.6069061160087585,0.7579293127160199,0.5321736653612681,0.6323363646953489,1,1
1050613,1050613,1,real_landslide_event,Mizoram,23.73354779,92.74744512,2017-06-10,23.5_92.5,0.8393424153327942,0.9391123177286508,0.5913870301518483,0.789947254404431,1,1
1050629,1050629,1,real_landslide_event,Mizoram,23.5705445,92.82885714,2017-06-10,23.5_92.5,0.11241937428712845,0.14145661083848576,0.37991802687200094,0.2112646706658717,0,0
1050603,1050603,1,real_landslide_event,Mizoram,23.73719685,92.72342008,2017-06-10,23.5_92.5,0.856043815612793,0.9470128204017767,0.5620604765403974,0.7883723708516556,1,1
1050643,1050643,1,real_landslide_event,Mizoram,23.33501164,92.85410625,2017-06-12,23.0_92.5,0.8410546779632568,0.8338792713759277,0.7098967860503416,0.7949435784631754,1,1
1057926,1057926,1,real_landslide_event,Manipur,25.11956675,94.36416626,2017-06-12,25.0_94.0,0.9808578491210938,0.9945669322087285,0.9398485370208611,0.9717577727835612,1,1
1050599,1050599,1,real_landslide_event,Mizoram,22.97431823,92.72197716,2017-06-14,22.5_92.5,0.9173058867454529,0.9797300299989902,0.6567770557796334,0.8512709908413588,1,1
1050678,1050678,1,real_landslide_event,Mizoram,23.65637182,93.02746602,2017-06-17,23.5_93.0,0.8625823259353638,0.8925342274466073,0.7377539329260133,0.8309568287693282,1,1
1050617,1050617,1,real_landslide_event,Assam,26.96437841,92.78260587,2017-06-18,26.5_92.5,0.7878506779670715,0.8211859014207632,0.6816539275471292,0.7635635023116546,1,1
1050724,1050724,1,real_landslide_event,Manipur,24.32420539,93.15020652,2017-06-26,24.0_93.0,0.7498717308044434,0.7474021903090318,0.8044110276606188,0.7672283162580312,1,1
1050751,1050751,1,real_landslide_event,Manipur,24.21988831,93.20266204,2017-06-26,24.0_93.0,0.9714728593826294,0.9950276073164843,0.9086621500359701,0.9583875389116946,1,1
1050748,1050748,1,real_landslide_event,Manipur,24.30415689,93.18182448,2017-06-27,24.0_93.0,0.9647923707962036,0.991801748257493,0.9093809052511809,0.9553250081016258,1,1
1056702,1056702,1,real_landslide_event,Manipur,25.06657276,93.9310888,2017-06-30,25.0_93.5,0.40696805715560913,0.4743390759080185,0.5833363023973512,0.488214478486993,0,1
1057890,1057890,1,real_landslide_event,Manipur,24.95178179,94.20340026,2017-07-01,24.5_94.0,0.8728591799736023,0.8849667425760293,0.6503304366656728,0.8027187864051015,1,1
1048525,1048525,1,real_landslide_event,Assam,26.20023757,91.87974492,2017-07-03,26.0_91.5,0.3675825297832489,0.3839347498190932,0.301559016325502,0.35102543197594804,0,1
1048541,1048541,1,real_landslide_event,Assam,26.22247247,91.92053028,2017-07-03,26.0_91.5,0.17033368349075317,0.086210080470435,0.3173133673439731,0.19128571043505374,0,0
1048506,1048506,1,real_landslide_event,Assam,26.10430759,91.86227824,2017-07-03,26.0_91.5,0.5229941606521606,0.4823424600748808,0.5260156557220551,0.5104507588163655,1,1
1048519,1048519,1,real_landslide_event,Assam,26.20450454,91.87202793,2017-07-03,26.0_91.5,0.3253887891769409,0.15664244921443662,0.44699505780899007,0.3096754320667892,0,1
1048545,1048545,1,real_landslide_event,Assam,26.22817592,91.92448438,2017-07-03,26.0_91.5,0.1303277164697647,0.04226229937320819,0.28238842951466,0.15165948178587763,0,0
1057856,1057856,1,real_landslide_event,Manipur,25.4976444,94.12901274,2017-07-04,25.0_94.0,0.9270898103713989,0.9167374094923976,0.7148766300525163,0.8529012833054376,1,1
1048460,1048460,1,real_landslide_event,Assam,26.10973183,91.80317334,2017-07-06,26.0_91.5,0.5951544046401978,0.7711111130653509,0.6571557209037944,0.6744737462031143,1,1
1057907,1057907,1,real_landslide_event,Manipur,25.06466676,94.27420555,2017-07-08,25.0_94.0,0.03494139015674591,0.02676800082436877,0.26778260246691205,0.10983066448267557,0,0
1050713,1050713,1,real_landslide_event,Assam,26.56636244,93.13195098,2017-07-09,26.5_93.0,0.48389750719070435,0.7210703506549182,0.5518157852949668,0.5855945477135297,1,1
1050808,1050808,1,real_landslide_event,Manipur,24.82767572,93.51825,2017-07-09,24.5_93.5,0.8011826872825623,0.9689602524821417,0.6564595615084883,0.8088675004243974,1,1
1050753,1050753,1,real_landslide_event,Manipur,24.27173018,93.28039349,2017-07-09,24.0_93.0,0.9264917373657227,0.835581875510051,0.7026741832009975,0.821582598692257,1,1
1055884,1055884,1,real_landslide_event,Manipur,24.83507319,93.89896294,2017-07-09,24.5_93.5,0.5470126271247864,0.454050288965121,0.440810008862501,0.4806243083174695,0,1
1054667,1054667,1,real_landslide_event,Assam,26.93567947,93.84867836,2017-07-10,26.5_93.5,0.2614933252334595,0.20863326120283554,0.37032158847663627,0.2801493916376438,0,0
1052013,1052013,1,real_landslide_event,Manipur,24.37169581,93.70684171,2017-07-10,24.0_93.5,0.9734232425689697,0.9927019797318907,0.8889691417060569,0.9516981213356391,1,1
1055056,1055056,1,real_landslide_event,Assam,26.95147008,93.86686394,2017-07-10,26.5_93.5,0.6278555393218994,0.648584018960182,0.6199484233651676,0.6321293272157497,1,1
1048428,1048428,1,real_landslide_event,Assam,26.19037705,91.77306002,2017-07-10,26.0_91.5,0.6478610038757324,0.8813231283433781,0.7094461930964256,0.7462101084385121,1,1
1048443,1048443,1,real_landslide_event,Assam,26.14547804,91.79364785,2017-07-10,26.0_91.5,0.34274056553840637,0.2939420346065474,0.4967651693263135,0.37781592315708906,0,1
1057775,1057775,1,real_landslide_event,Manipur,25.20164854,94.04130978,2017-07-14,25.0_94.0,0.08745735883712769,0.04636047746415951,0.23251732052555185,0.12211171894227968,0,0
1050573,1050573,1,real_landslide_event,Mizoram,23.83291945,92.63125938,2017-08-26,23.5_92.5,0.6069211363792419,0.4233830064219569,0.6116829391788684,0.5473290273266892,1,1
1057698,1057698,1,real_landslide_event,Manipur,25.26049558,94.01914123,2017-08-26,25.0_94.0,0.599238932132721,0.6541571240136748,0.4669214328045872,0.5734391629836609,1,1
938258,938258,1,real_landslide_event,Sikkim,27.28329478,88.23595536,2017-09-20,27.0_88.0,0.3411969840526581,0.33321679228461015,0.3941764919273086,0.35619675608819223,0,1
938330,938330,1,real_landslide_event,Sikkim,27.28709076,88.38035955,2017-09-20,27.0_88.0,0.20413874089717865,0.24077516423487497,0.41038790667000113,0.28510060393401826,0,0
1050788,1050788,1,real_landslide_event,Manipur,24.938948,93.496837,2017-09-21,24.5_93.0,0.9509110450744629,0.9791849810987775,0.9036469015645122,0.9445809759125842,1,1
1057697,1057697,1,real_landslide_event,Manipur,24.981195,94.018619,2017-09-29,24.5_94.0,0.9818029403686523,0.9743393982295456,0.7125851662945727,0.889575834964257,1,1
1051127,1051127,1,real_landslide_event,Manipur,24.86388954,93.62191829,2018-05-10,24.5_93.5,0.9304956197738647,0.9446202621015612,0.7875861179960981,0.8875673332905082,1,1
1050615,1050615,1,real_landslide_event,Mizoram,23.73672831,92.7516868,2018-05-12,23.5_92.5,0.6524257063865662,0.6851721089896767,0.494907101779025,0.6108349723850893,1,1
1048345,1048345,1,real_landslide_event,Tripura,24.02515388,91.49747518,2018-05-18,24.0_91.0,0.5819497108459473,0.5493793294052303,0.4967615035067476,0.5426968479193084,1,1
1048347,1048347,1,real_landslide_event,Tripura,23.79260297,91.53090192,2018-05-20,23.5_91.5,0.5152286291122437,0.5672817845313887,0.45121255404401306,0.5112409892292151,1,1
1048360,1048360,1,real_landslide_event,Tripura,23.71701896,91.61577214,2018-05-20,23.5_91.5,0.42185887694358826,0.6810199388879593,0.3969712965870987,0.4999500374728821,0,1
938409,938409,1,real_landslide_event,Sikkim,27.23279809,88.59292517,2018-05-26,27.0_88.5,0.6599219441413879,0.7020528457431054,0.654185826210713,0.672053538698402,1,1
1050791,1050791,1,real_landslide_event,Manipur,24.98793655,93.49870413,2018-06-03,24.5_93.0,0.5364883542060852,0.44660865677352346,0.4878752891640778,0.4903241000478955,0,1
1050616,1050616,1,real_landslide_event,Mizoram,22.87370331,92.7581259,2018-06-05,22.5_92.5,0.736584484577179,0.7373380454534405,0.6388477182195731,0.7042567494167308,1,1
938386,938386,1,real_landslide_event,Sikkim,27.45377772,88.52426486,2018-09-14,27.0_88.5,0.8813852667808533,0.9748714265133352,0.6745165527497181,0.8435910820146355,1,1
938402,938402,1,real_landslide_event,Sikkim,27.71646253,88.55668313,2018-09-14,27.5_88.5,0.8859431147575378,0.9467497305701141,0.7360037445115085,0.8562321966130536,1,1
938400,938400,1,real_landslide_event,Sikkim,27.49532869,88.5364844,2018-09-14,27.0_88.5,0.8290481567382812,0.8429396608680615,0.8395588838038427,0.8371822338033952,1,1
938420,938420,1,real_landslide_event,Sikkim,27.3313961,88.6138098,2018-09-15,27.0_88.5,0.9858437776565552,0.9951958161726001,0.8421357067481624,0.9410584335257726,1,1
938385,938385,1,real_landslide_event,Sikkim,27.54043014,88.49888236,2018-09-15,27.5_88.0,0.5014498233795166,0.3373210513786234,0.44026989336963446,0.42634692270925817,0,1
938429,938429,1,real_landslide_event,Sikkim,27.54255403,88.62957834,2018-09-17,27.5_88.5,0.9857274889945984,0.9928293729277944,0.8312545748861693,0.9366038122695207,1,1
1050715,1050715,1,real_landslide_event,Assam,25.19640994,93.13430585,2018-12-18,25.0_93.0,0.032721590250730515,0.010654215199546157,0.21722758212040139,0.0868677958568927,0,0
1050610,1050610,1,real_landslide_event,Mizoram,23.74253,92.73868,2021-06-12,23.5_92.5,0.9583920240402222,0.9956907595397283,0.7516552027289978,0.9019126621029828,1,1
BG_0001,1048547,0,matched_pseudo_absence,Assam,26.73160475933328,94.35249548602104,2004-07-15,26.5_94.0,0.05600002035498619,0.011842055059006885,0.2856546586112399,0.11783224467507765,0,0
BG_0002,1048389,0,matched_pseudo_absence,Assam,26.074443020648907,91.08021471117132,2004-07-15,26.0_91.0,0.22588704526424408,0.3637367955400722,0.2767075914906312,0.28877714409831584,0,0
BG_0003,1048386,0,matched_pseudo_absence,Assam,26.22626917638928,93.80533817323608,2004-07-15,26.0_93.5,0.06756825745105743,0.05097066376570114,0.29452977590909774,0.13768956570861876,0,0
BG_0004,1050630,0,matched_pseudo_absence,Assam,26.39626717226049,91.09160596119044,2004-07-15,26.0_91.0,0.2645687758922577,0.2704700310358067,0.34511150446452155,0.29338343713086196,0,0
BG_0005,1050635,0,matched_pseudo_absence,Mizoram,23.74242823900069,93.2072276337944,2004-07-29,23.5_93.0,0.3681690990924835,0.2633407942569915,0.36127365690259866,0.33092785008402453,0,1
BG_0006,938324,0,matched_pseudo_absence,Sikkim,27.180949665961982,88.09756023583462,2004-09-02,27.0_88.0,0.7629257440567017,0.8029865706771036,0.4759083135588442,0.6806068760975498,1,1
BG_0007,1048548,0,matched_pseudo_absence,Assam,26.935001186721536,94.79899006875554,2004-10-07,26.5_94.5,0.1101563423871994,0.08896934333360228,0.2417200260876352,0.1469485706028123,0,0
BG_0008,1048377,0,matched_pseudo_absence,Assam,26.253496769829923,92.09062865100056,2004-10-08,26.0_92.0,0.6384757161140442,0.4031047042339658,0.5180120445192965,0.5198641549557688,1,1
BG_0009,1050658,0,matched_pseudo_absence,Mizoram,23.537003359726715,93.2350407982325,2005-08-01,23.5_93.0,0.954440176486969,0.9646409937779973,0.6978913082853762,0.8723241595167809,1,1
BG_0010,1048549,0,matched_pseudo_absence,Assam,26.47245725899581,93.79365367986004,2005-08-19,26.0_93.5,0.1783493310213089,0.0768794132619894,0.25557333996382575,0.170267361415708,0,0
BG_0011,1048378,0,matched_pseudo_absence,Assam,26.76196049829377,93.218067234653,2005-08-24,26.5_93.0,0.5624522566795349,0.6913209198871269,0.46492853517268257,0.5729005705797815,1,1
BG_0012,1048550,0,matched_pseudo_absence,Assam,27.11245476550876,95.02473417732853,2005-08-24,27.0_95.0,0.19453053176403046,0.07939706856860622,0.30231970784605633,0.19208243605956432,0,0
BG_0013,1048387,0,matched_pseudo_absence,Assam,25.14393922691182,93.2459878330718,2005-08-24,25.0_93.0,0.07128444314002991,0.026942769266270768,0.21441934486666403,0.10421551909098824,0,0
BG_0014,938387,0,matched_pseudo_absence,Sikkim,28.021683724068893,88.54350132683378,2005-09-25,28.0_88.5,0.009888067841529846,0.0047701263355378835,0.05357147109613882,0.022743221757735518,0,0
BG_0015,1050584,0,matched_pseudo_absence,Assam,26.542701486541,90.39149472707574,2006-06-12,26.5_90.0,0.1979851871728897,0.0832954413379932,0.4078173176600019,0.22969931539029495,0,0
BG_0016,1049243,0,matched_pseudo_absence,Tripura,23.54537092468172,91.22479232546311,2006-06-13,23.5_91.0,0.5404309630393982,0.393428338053406,0.6244989779612969,0.5194527596847004,1,1
BG_0017,938444,0,matched_pseudo_absence,Sikkim,27.75211674320412,88.255394309017,2006-08-03,27.5_88.0,0.025820091366767883,0.019281294714020254,0.14689470093736556,0.06399869567271789,0,0
BG_0018,938422,0,matched_pseudo_absence,Sikkim,27.53572047251125,88.11461153892144,2007-04-11,27.5_88.0,0.04541435092687607,0.032499012740118544,0.2301533077478436,0.10268889047161274,0,0
BG_0019,938415,0,matched_pseudo_absence,Sikkim,27.99302877454333,88.84092995487359,2007-05-23,27.5_88.5,0.0377621166408062,0.00938625317853151,0.11433333333333334,0.05382723438422368,0,0
BG_0020,938390,0,matched_pseudo_absence,Sikkim,27.75000489883242,88.28406313501387,2007-06-27,27.5_88.0,0.016355294734239578,0.0050387490951665425,0.14319883030043046,0.054864291376612195,0,0
BG_0021,1048380,0,matched_pseudo_absence,Assam,27.325950841439408,95.25140284947352,2007-07-13,27.0_95.0,0.9470382332801819,0.9034220672147724,0.8285685084833889,0.8930096029927811,1,1
BG_0022,938328,0,matched_pseudo_absence,Sikkim,27.14023960879499,88.29228610888872,2007-07-16,27.0_88.0,0.884457528591156,0.9737755266697263,0.8162448779355816,0.8914926443988214,1,1
BG_0023,1048446,0,matched_pseudo_absence,Assam,27.76810283106171,95.246901833597,2007-07-19,27.5_95.0,0.14191937446594238,0.11125555407228825,0.23195341653438728,0.1617094483575393,0,0
BG_0024,1048441,0,matched_pseudo_absence,Assam,26.00017250564627,90.2398617480472,2007-07-19,26.0_90.0,0.09767092764377594,0.05620353458068965,0.21208159301852428,0.1219853517476633,0,0
BG_0025,1050662,0,matched_pseudo_absence,Mizoram,23.9035870513082,92.33858205591376,2007-07-30,23.5_92.0,0.1383296102285385,0.10705573911621165,0.27622084425180193,0.1738687311988507,0,0
BG_0026,1050668,0,matched_pseudo_absence,Mizoram,22.272434202605208,93.1600754185129,2007-07-30,22.0_93.0,0.5672813057899475,0.5201495222520335,0.5568025251546038,0.5480777843988617,1,1
BG_0027,938236,0,matched_pseudo_absence,Sikkim,27.656449304426417,88.44439804631892,2007-08-02,27.5_88.0,0.6127675175666809,0.6165793451442637,0.6069065392300201,0.6120844673136548,1,1
BG_0028,1050913,0,matched_pseudo_absence,Manipur,24.22660019214865,93.72121956543327,2007-08-26,24.0_93.5,0.568119466304779,0.6850909517098489,0.6084465981494955,0.6205523387213745,1,1
BG_0029,1050834,0,matched_pseudo_absence,Manipur,25.18976344237939,93.9273040698278,2007-08-26,25.0_93.5,0.47212088108062744,0.5684770675787116,0.4758200785289896,0.5054726757294429,1,1
BG_0030,1050634,0,matched_pseudo_absence,Assam,26.12131288752809,92.4670349958996,2007-08-26,26.0_92.0,0.4591655731201172,0.22185199810118167,0.37394684978530424,0.35165480700220103,0,1
BG_0031,1057207,0,matched_pseudo_absence,Manipur,24.24225070264117,93.3787632456438,2007-08-31,24.0_93.0,0.06977429240942001,0.051715126696712174,0.2481130561878463,0.12320082509799284,0,0
BG_0032,938381,0,matched_pseudo_absence,Sikkim,27.78151856196336,88.22926331893291,2007-09-07,27.5_88.0,0.015068424865603447,0.0037246837703429603,0.0885191168071896,0.03577074181437867,0,0
BG_0033,1057438,0,matched_pseudo_absence,Manipur,24.894404722836555,94.63026311699991,2007-09-08,24.5_94.5,0.36125460267066956,0.38576746564481096,0.7080656339957276,0.48502923410373605,0,1
BG_0034,938319,0,matched_pseudo_absence,Sikkim,27.9028805400544,88.44203038871244,2007-09-09,27.5_88.0,0.950115442276001,0.9748722067249553,0.6465959333138993,0.8571945274382852,1,1
BG_0035,1057853,0,matched_pseudo_absence,Manipur,24.63417211960548,93.14247210166457,2007-09-09,24.5_93.0,0.24790671467781067,0.10170223618363135,0.27839678017493846,0.2093352436787935,0,0
BG_0036,1057817,0,matched_pseudo_absence,Manipur,24.70104365347782,93.7220014124364,2007-09-10,24.5_93.5,0.809043288230896,0.9250191832284813,0.5024298556632826,0.7454974423742199,1,1
BG_0037,938445,0,matched_pseudo_absence,Sikkim,27.786122326967984,88.67450723572448,2007-09-10,27.5_88.5,0.12294901907444,0.1067481358577317,0.19327811721873803,0.14099175738363656,0,0
BG_0038,938423,0,matched_pseudo_absence,Sikkim,27.43553567001521,88.37851776259298,2007-09-10,27.0_88.0,0.0514075830578804,0.03563636173825597,0.22636883286267395,0.1044709258862701,0,0
BG_0039,1057807,0,matched_pseudo_absence,Manipur,24.66681900644272,93.30796346022856,2007-09-11,24.5_93.0,0.2827777862548828,0.12110148966834866,0.3645529818364151,0.2561440859198822,0,0
BG_0040,938382,0,matched_pseudo_absence,Sikkim,27.371772779455053,88.39598072285604,2007-09-11,27.0_88.0,0.055514976382255554,0.03481074747918402,0.22056796753000305,0.10363123046381421,0,0
BG_0041,1048449,0,matched_pseudo_absence,Assam,24.9560298280019,92.76745533281624,2007-09-13,24.5_92.5,0.9301095604896545,0.9523267823810565,0.6054340928628648,0.8292901452445253,1,1
BG_0042,1048551,0,matched_pseudo_absence,Assam,25.75861193311601,92.57388146032218,2007-09-15,25.5_92.5,0.17895516753196716,0.17638958768339258,0.3317793620419447,0.22904137241910147,0,0
BG_0043,1050607,0,matched_pseudo_absence,Assam,27.954013772670336,95.74806352094106,2007-09-16,27.5_95.5,0.2430521845817566,0.3084176998076138,0.3246947324172491,0.29205487226887317,0,0
BG_0044,938298,0,matched_pseudo_absence,Sikkim,27.390833895835065,88.15382055281145,2007-09-18,27.0_88.0,0.0646078810095787,0.08165856441505234,0.33801200362549355,0.16142614968337488,0,0
BG_0045,1050582,0,matched_pseudo_absence,Mizoram,24.14125796116664,92.84995073650757,2007-09-29,24.0_92.5,0.024807993322610855,0.015198146713895024,0.17480926685639597,0.07160513563096728,0,0
BG_0046,1057849,0,matched_pseudo_absence,Manipur,24.178318223739403,93.11263168803112,2007-10-19,24.0_93.0,0.0544959157705307,0.01974694602483325,0.17477678762360022,0.08300654980632138,0,0
BG_0047,1050772,0,matched_pseudo_absence,Manipur,24.91788128317036,93.71427718730608,2007-10-21,24.5_93.5,0.12001051008701324,0.03813093582528428,0.2809962644079947,0.14637923677343076,0,0
BG_0048,1048552,0,matched_pseudo_absence,Assam,27.508530678807443,95.26494039985565,2008-04-13,27.5_95.0,0.4779159426689148,0.39858610983948145,0.5619873402567416,0.47949646425504594,0,1
BG_0049,1057337,0,matched_pseudo_absence,Manipur,24.12612346150217,93.62610470789711,2008-06-09,24.0_93.5,0.15046966075897217,0.356746173435207,0.249842800959894,0.25235287838469106,0,0
BG_0050,1057861,0,matched_pseudo_absence,Assam,26.258034003400244,90.37498174857276,2008-06-14,26.0_90.0,0.04106450080871582,0.009108696628436807,0.18420138561662863,0.07812486101792708,0,0
BG_0051,1057827,0,matched_pseudo_absence,Assam,26.45596081474761,91.41961929987178,2008-06-15,26.0_91.0,0.08243273198604584,0.056189297875965404,0.2860934047981439,0.14157181155338505,0,0
BG_0052,1054158,0,matched_pseudo_absence,Manipur,24.21135545586331,94.24366745204112,2008-06-19,24.0_94.0,0.4883832335472107,0.4005689303921037,0.32028765801666237,0.40307994065199226,0,1
BG_0053,1048553,0,matched_pseudo_absence,Assam,27.437317552858698,94.72944138778692,2008-06-19,27.0_94.5,0.9259875416755676,0.9580795603995212,0.8434749317645562,0.9091806779465483,1,1
BG_0054,1048400,0,matched_pseudo_absence,Tripura,24.34359684837752,92.0719957640357,2008-07-15,24.0_92.0,0.03029615990817547,0.006918295754998272,0.14135735840780042,0.05952393802365805,0,0
BG_0055,1057562,0,matched_pseudo_absence,Assam,26.51668056159096,92.26657362323752,2008-08-14,26.5_92.0,0.12489539384841919,0.062207438339193795,0.25149511531028335,0.1461993158326321,0,0
BG_0056,938418,0,matched_pseudo_absence,Sikkim,28.004465472003755,88.74857915898255,2008-08-28,28.0_88.5,0.26846441626548767,0.22248201097054604,0.2451669821251887,0.24537113645374078,0,0
BG_0057,1057851,0,matched_pseudo_absence,Assam,27.450209812723067,94.76806947848928,2008-10-29,27.0_94.5,0.42021670937538147,0.3654846060373321,0.36411656053256264,0.38327262531509204,0,1
BG_0058,1048329,0,matched_pseudo_absence,Assam,27.4292275713388,95.20998003331552,2008-10-29,27.0_95.0,0.3959619104862213,0.3339631996547756,0.44095388042632655,0.39029299685577445,0,1
BG_0059,938396,0,matched_pseudo_absence,Sikkim,27.93642901062441,88.21514549695229,2009-07-01,27.5_88.0,0.040661703795194626,0.008339748379289311,0.12123804285301304,0.05674649834249899,0,0
BG_0060,938237,0,matched_pseudo_absence,Sikkim,27.39973656000564,88.43081677280614,2009-08-19,27.0_88.0,0.16762109100818634,0.10820689823387582,0.2245397349570745,0.1667892413997122,0,0
BG_0061,938364,0,matched_pseudo_absence,Sikkim,27.318302845376724,88.73459252984676,2009-08-20,27.0_88.5,0.1754094511270523,0.20260540412604666,0.2558399982622599,0.21128495117178628,0,0
BG_0062,938239,0,matched_pseudo_absence,Sikkim,27.282132265300003,88.0349255791242,2009-08-20,27.0_88.0,0.3727033734321594,0.14968645303689437,0.32874324665058696,0.2837110243732136,0,0
BG_0063,1050739,0,matched_pseudo_absence,Assam,26.09771493372308,93.52934435024572,2009-08-20,26.0_93.5,0.08869537711143494,0.06248360625085706,0.2910766870398429,0.14741855680071161,0,0
BG_0064,938397,0,matched_pseudo_absence,Sikkim,27.68455867459603,88.3627181129377,2009-08-20,27.5_88.0,0.3072158396244049,0.16366998309375105,0.352050365078641,0.2743120625989323,0,0
BG_0065,1050792,0,matched_pseudo_absence,Manipur,25.15045529444168,93.42242166200732,2009-08-20,25.0_93.0,0.05098332464694977,0.018402183034504662,0.30549705074030986,0.12496085280725477,0,0
BG_0066,938454,0,matched_pseudo_absence,Sikkim,27.834466453431112,88.5016726079687,2009-08-26,27.5_88.5,0.0321652814745903,0.036627247428376246,0.15352749874379323,0.07410667588225327,0,0
BG_0067,1050706,0,matched_pseudo_absence,Assam,26.7083205293855,94.3871174046437,2009-08-27,26.5_94.0,0.27222201228141785,0.40595070322275695,0.2881050451694263,0.32209258689120035,0,1
BG_0068,1057936,0,matched_pseudo_absence,Manipur,24.39115860950149,94.24746786252034,2009-08-30,24.0_94.0,0.1356300711631775,0.14232703443567715,0.2907893294261693,0.18958214500834134,0,0
BG_0069,938419,0,matched_pseudo_absence,Sikkim,27.50804359563403,88.29389141728005,2009-09-17,27.5_88.0,0.05766212195158005,0.0441187640743149,0.21664434636466334,0.10614174413018611,0,0
BG_0070,1050598,0,matched_pseudo_absence,Mizoram,22.70398767431841,92.73149479420992,2009-10-05,22.5_92.5,0.3520575165748596,0.14401865394688104,0.28792575152182154,0.26133397401452074,0,0
BG_0071,1050600,0,matched_pseudo_absence,Mizoram,23.025958512493823,92.40706749513711,2009-10-06,23.0_92.0,0.15010055899620056,0.30315554180523774,0.31976983973239353,0.25767531351127726,0,0
BG_0072,1056342,0,matched_pseudo_absence,Manipur,25.091960290145742,94.6388668389186,2010-03-27,25.0_94.5,0.007525282446295023,0.0038863574225006733,0.23360493230007837,0.08167219072295802,0,0
BG_0073,1050647,0,matched_pseudo_absence,Assam,26.237758802577364,91.6003583146702,2010-04-01,26.0_91.5,0.4057517647743225,0.38538826663728937,0.5584042175374386,0.4498480829830169,0,1
BG_0074,1050679,0,matched_pseudo_absence,Assam,26.360671837454184,92.41514231798033,2010-04-01,26.0_92.0,0.19709554314613342,0.1690574615935624,0.4026390939161823,0.2562640328852927,0,0
BG_0075,938416,0,matched_pseudo_absence,Sikkim,27.867743067268773,88.75551683447571,2010-04-17,27.5_88.5,0.004084066487848759,0.001059356934794093,0.08159920634920635,0.028914209923949732,0,0
BG_0076,938417,0,matched_pseudo_absence,Sikkim,27.578088563424835,88.2354631074933,2010-04-17,27.5_88.0,0.04495202749967575,0.05825159935898777,0.18116157250653953,0.09478839978840102,0,0
BG_0077,1048279,0,matched_pseudo_absence,Assam,26.55159691970212,92.3175290863292,2010-04-18,26.5_92.0,0.12996110320091248,0.06624477100408804,0.2402899416235945,0.14549860527619832,0,0
BG_0078,1048419,0,matched_pseudo_absence,Assam,27.089620266555155,94.44408100137568,2010-04-20,27.0_94.0,0.09509759396314621,0.08156023004201778,0.24233647584023943,0.13966476661513447,0,0
BG_0079,1048414,0,matched_pseudo_absence,Assam,25.13032357111863,92.69815486766186,2010-04-20,25.0_92.5,0.08566653728485107,0.011883068782264338,0.2811673654443796,0.12623899050383167,0,0
BG_0080,1050648,0,matched_pseudo_absence,Assam,26.58188090909644,91.26095436076476,2010-04-24,26.5_91.0,0.09565459191799164,0.021664198452888795,0.29486389408976954,0.13739422815354999,0,0
BG_0081,938433,0,matched_pseudo_absence,Sikkim,27.6265355551446,88.70781665597707,2010-05-31,27.5_88.5,0.1965554654598236,0.2668688779409501,0.31017901699003625,0.2578677867969366,0,0
BG_0082,1050277,0,matched_pseudo_absence,Assam,26.797765467040296,91.15998489457428,2010-06-03,26.5_91.0,0.019741857424378395,0.0037240883849660815,0.18279147839920912,0.06875247473618452,0,0
BG_0083,1050289,0,matched_pseudo_absence,Assam,26.217331550502525,92.27429553217588,2010-06-03,26.0_92.0,0.16802452504634857,0.43900111929306324,0.3314097568139002,0.31281180038443734,0,1
BG_0084,1048412,0,matched_pseudo_absence,Tripura,23.26773200714715,91.64124396378844,2010-06-03,23.0_91.5,0.18551594018936157,0.10252628395205081,0.32139534199618736,0.2031458553791999,0,0
BG_0085,1050796,0,matched_pseudo_absence,Manipur,25.25605875339666,94.49048994958554,2010-06-07,25.0_94.0,0.37354403734207153,0.3255463542806002,0.41689635807107234,0.37199558323124804,0,1
BG_0086,1048325,0,matched_pseudo_absence,Assam,27.792959202284816,95.09169238677588,2010-06-09,27.5_95.0,0.24656787514686584,0.09697872107994202,0.36180015528316933,0.23511558383665906,0,0
BG_0087,1050741,0,matched_pseudo_absence,Assam,26.449911584432304,93.14970993590435,2010-06-15,26.0_93.0,0.10615286976099014,0.09735437474718343,0.29207456954599526,0.1651939380180563,0,0
BG_0088,1050621,0,matched_pseudo_absence,Assam,24.24755795605224,92.45272769369288,2010-06-16,24.0_92.0,0.06933078169822693,0.020188817475883164,0.21124210672780724,0.10025390196730577,0,0
BG_0089,938438,0,matched_pseudo_absence,Sikkim,27.792185446613125,88.31823110531914,2010-07-21,27.5_88.0,0.07742252200841904,0.047746425008609636,0.1547131343689873,0.093294027128672,0,0
BG_0090,938405,0,matched_pseudo_absence,Sikkim,27.213390151384647,88.43724232880848,2010-07-21,27.0_88.0,0.9223437905311584,0.9652253845066041,0.7436018836318934,0.877057019556552,1,1
BG_0091,1050620,0,matched_pseudo_absence,Assam,26.300868293490385,92.18848668851426,2010-07-25,26.0_92.0,0.7913434505462646,0.7700604653694862,0.6413809497925399,0.7342616219027636,1,1
BG_0092,1050795,0,matched_pseudo_absence,Manipur,24.691142673314378,93.21125438564005,2010-07-29,24.5_93.0,0.15715789794921875,0.1515097719492528,0.32868185277952794,0.2124498408926665,0,0
BG_0093,1057952,0,matched_pseudo_absence,Manipur,24.537606641199822,93.0597137660904,2010-07-29,24.5_93.0,0.16120032966136932,0.26020202890246824,0.30052176745757225,0.24064137534046992,0,0
BG_0094,1057833,0,matched_pseudo_absence,Manipur,24.440463522544214,93.34602188487096,2010-07-29,24.0_93.0,0.0447373241186142,0.048673824338505055,0.26042188571391073,0.11794434472367665,0,0
BG_0095,1054555,0,matched_pseudo_absence,Manipur,24.53764819043452,94.3210524246647,2010-07-31,24.5_94.0,0.03215582296252251,0.009406641682472764,0.14735662802214852,0.06297303088904793,0,0
BG_0096,1050835,0,matched_pseudo_absence,Manipur,25.37935982658731,94.30469476643856,2010-08-01,25.0_94.0,0.7574452757835388,0.503144123209357,0.6018459351580142,0.6208117780503034,1,1
BG_0097,1050591,0,matched_pseudo_absence,Mizoram,23.956816339810302,93.02364726184844,2010-08-06,23.5_93.0,0.9462929964065552,0.9685339078050601,0.7925004193558599,0.9024424411891584,1,1
BG_0098,1050669,0,matched_pseudo_absence,Mizoram,23.88715463536132,93.02554652164426,2010-08-12,23.5_93.0,0.6008982062339783,0.39678317310468325,0.6077085024352132,0.5351299605912916,1,1
BG_0099,1057953,0,matched_pseudo_absence,Manipur,24.116151354566984,93.0066578412365,2010-08-15,24.0_93.0,0.04131900519132614,0.009533631249069962,0.1912864212530694,0.08071301923115516,0,0
BG_0100,1050786,0,matched_pseudo_absence,Manipur,24.238062865382908,93.97107908406348,2010-08-19,24.0_93.5,0.7260217666625977,0.7239266911138657,0.6375722215352586,0.6958402264372406,1,1
BG_0101,938326,0,matched_pseudo_absence,Sikkim,27.884282610637943,88.64765967677508,2010-08-20,27.5_88.5,0.00903923250734806,0.0015441768416025747,0.05304543409806567,0.021209614482338768,0,0
BG_0102,1051132,0,matched_pseudo_absence,Manipur,24.961705507187425,93.26818694665414,2010-08-24,24.5_93.0,0.06401321291923523,0.016321167488590492,0.17659977315458744,0.08564471785413773,0,0
BG_0103,938384,0,matched_pseudo_absence,Sikkim,27.19964747160188,88.69159795421072,2010-08-26,27.0_88.5,0.9564431309700012,0.9650798668993193,0.78235248690565,0.9012918282583234,1,1
BG_0104,1057859,0,matched_pseudo_absence,Manipur,25.09201483354823,93.5239659170768,2010-08-27,25.0_93.5,0.17951731383800507,0.22095346110817302,0.2563903167880699,0.21895369724474933,0,0
BG_0105,1050770,0,matched_pseudo_absence,Manipur,24.998874264219296,94.1957687693676,2010-08-27,24.5_94.0,0.28931736946105957,0.3654762389425969,0.4582554319922604,0.371016346798639,0,1
BG_0106,938421,0,matched_pseudo_absence,Sikkim,27.70956070319701,88.78441248710774,2010-08-27,27.5_88.5,0.016230029985308647,0.015249008363087155,0.19105763470116804,0.07417889101652128,0,0
BG_0107,938451,0,matched_pseudo_absence,Sikkim,27.4438276688714,88.72306850229607,2010-09-04,27.0_88.5,0.34817424416542053,0.47549739727156887,0.4021346205841094,0.40860208734036624,0,1
BG_0108,1052259,0,matched_pseudo_absence,Assam,25.444972702736088,92.89585892212897,2010-09-10,25.0_92.5,0.6507826447486877,0.8030338429960534,0.588325418262102,0.6807139686689477,1,1
BG_0109,1050589,0,matched_pseudo_absence,Mizoram,24.062852041460225,93.2588274632164,2010-09-13,24.0_93.0,0.5147682428359985,0.32077649685384496,0.46166317195276746,0.43240263721420363,0,1
BG_0110,1050665,0,matched_pseudo_absence,Mizoram,24.07930363180985,93.00647853499316,2010-09-13,24.0_93.0,0.7367202043533325,0.9433281899861441,0.5084136449000168,0.7294873464131645,1,1
BG_0111,1050659,0,matched_pseudo_absence,Mizoram,23.06476497695733,93.0910587199796,2010-09-13,23.0_93.0,0.5615969300270081,0.5392850285182423,0.46033366989760954,0.5204052094809534,1,1
BG_0112,1050638,0,matched_pseudo_absence,Mizoram,24.026391156639143,92.57545842871968,2010-09-13,24.0_92.5,0.05135331302881241,0.020957029164138493,0.1952146810925443,0.08917500776183174,0,0
BG_0113,1050611,0,matched_pseudo_absence,Mizoram,23.188635442220303,92.89160492248368,2010-09-13,23.0_92.5,0.254648894071579,0.24209341541524954,0.3900926538551428,0.2956116544473238,0,0
BG_0114,1050685,0,matched_pseudo_absence,Mizoram,23.82727879428117,92.77061545266312,2010-09-13,23.5_92.5,0.5053068399429321,0.5576510843610788,0.40598975673170645,0.4896492270119059,0,1
BG_0115,1050590,0,matched_pseudo_absence,Mizoram,24.13866051412099,92.57346919624378,2010-09-13,24.0_92.5,0.13438789546489716,0.05979015505663476,0.2558589751445329,0.15001234188868826,0,0
BG_0116,1050592,0,matched_pseudo_absence,Mizoram,23.515877557802387,92.8049717735965,2010-09-13,23.5_92.5,0.17286576330661774,0.08295814806458277,0.2688492381930372,0.1748910498547459,0,0
BG_0117,1050585,0,matched_pseudo_absence,Mizoram,23.99964384529446,92.50710593183707,2010-09-16,23.5_92.5,0.7259954214096069,0.7358118695398226,0.5195534016007175,0.6604535641833823,1,1
BG_0118,1050707,0,matched_pseudo_absence,Manipur,24.34644491880453,94.21452058375252,2010-09-16,24.0_94.0,0.16828373074531555,0.04368211142629758,0.241406164568711,0.15112400224677472,0,0
BG_0119,1057862,0,matched_pseudo_absence,Manipur,25.2422471831668,93.8373211983724,2010-10-08,25.0_93.5,0.4492993652820587,0.421904745527657,0.3961929828054937,0.4224656978717365,0,1
BG_0120,1057706,0,matched_pseudo_absence,Manipur,25.033562493975268,94.1957597628088,2010-10-08,25.0_94.0,0.6986076235771179,0.830778520453861,0.767854732411078,0.765746958814019,1,1
BG_0121,1050768,0,matched_pseudo_absence,Manipur,25.306878224693683,93.84130153178518,2010-10-08,25.0_93.5,0.014550551772117615,0.003374071775649124,0.22328164225167607,0.08040208859981428,0,0
BG_0122,1056279,0,matched_pseudo_absence,Manipur,24.24481417167792,93.13559281519716,2010-10-08,24.0_93.0,0.019474996253848076,0.0047809847938382515,0.25269838418491936,0.0923181217442019,0,0
BG_0123,1055067,0,matched_pseudo_absence,Manipur,24.712635493673,94.00227967429156,2010-10-09,24.5_94.0,0.6894470453262329,0.8169944153636665,0.5706027007707487,0.6923480538202159,1,1
BG_0124,1050673,0,matched_pseudo_absence,Assam,25.768186172634497,93.0535928355548,2010-10-09,25.5_93.0,0.5155717730522156,0.34172516481177234,0.6208619535438513,0.49271963046927975,0,1
BG_0125,1050721,0,matched_pseudo_absence,Assam,26.915261559774915,92.75833967591277,2010-10-09,26.5_92.5,0.27287495136260986,0.10823609010325759,0.4807834879934823,0.2872981764864499,0,0
BG_0126,1057864,0,matched_pseudo_absence,Manipur,24.01975518681486,93.47258849183646,2010-10-09,24.0_93.0,0.09505851566791534,0.07503930564334423,0.2832697334850567,0.15112251826543874,0,0
BG_0127,1050670,0,matched_pseudo_absence,Assam,25.825581846862995,92.66480545332004,2010-10-09,25.5_92.5,0.4095458388328552,0.3367150176061095,0.3431495298643405,0.3631367954344351,0,1
BG_0128,1057788,0,matched_pseudo_absence,Manipur,24.577765785551424,94.42907453407616,2010-10-09,24.5_94.0,0.6768613457679749,0.43246722289979717,0.4281119333469093,0.5124801673382271,1,1
BG_0129,1050272,0,matched_pseudo_absence,Assam,26.55037086488575,90.16674075052042,2011-05-04,26.5_90.0,0.7053235769271851,0.5835636970690082,0.5538345297049505,0.6142406012337146,1,1
BG_0130,1050767,0,matched_pseudo_absence,Manipur,24.110231164455808,93.0656118950107,2011-05-22,24.0_93.0,0.040242962539196014,0.017258875927515176,0.16184720364148864,0.07311634736939994,0,0
BG_0131,1050644,0,matched_pseudo_absence,Assam,25.3015479528674,93.25528627021843,2011-05-24,25.0_93.0,0.3527122735977173,0.5207152780455074,0.36980476218198477,0.4144107712750698,0,1
BG_0132,1054637,0,matched_pseudo_absence,Manipur,24.959977011795885,94.32675414679152,2011-05-31,24.5_94.0,0.06502068787813187,0.04437396520525226,0.13320958519930565,0.08086807942756326,0,0
BG_0133,1051014,0,matched_pseudo_absence,Manipur,24.96613607148811,94.0723093123072,2011-05-31,24.5_94.0,0.849940299987793,0.948699051681051,0.7863031007507982,0.8616474841398807,1,1
BG_0134,1050836,0,matched_pseudo_absence,Manipur,24.22516323454964,93.33915162057464,2011-05-31,24.0_93.0,0.046122077852487564,0.020918607408329418,0.17224108239946034,0.07976058922009244,0,0
BG_0135,938357,0,matched_pseudo_absence,Sikkim,27.82137523664565,88.22334415646974,2011-06-17,27.5_88.0,0.01969735510647297,0.005045207788662252,0.11573157428996493,0.046824712395033385,0,0
BG_0136,938257,0,matched_pseudo_absence,Sikkim,28.049062362464568,88.63670694907516,2011-06-23,28.0_88.5,0.806830883026123,0.933588747492891,0.5082159093994377,0.7495451799728173,1,1
BG_0137,938245,0,matched_pseudo_absence,Sikkim,27.735426254507377,88.72777659602669,2011-06-23,27.5_88.5,0.16185741126537323,0.1347286915284058,0.25263605003176814,0.18307405094184906,0,0
BG_0138,938267,0,matched_pseudo_absence,Sikkim,28.059302436872148,88.612950259452,2011-06-23,28.0_88.5,0.8438703417778015,0.8893312735264736,0.5250856468661598,0.7527624207234783,1,1
BG_0139,1057681,0,matched_pseudo_absence,Manipur,24.84517941221417,93.7247697290388,2011-06-28,24.5_93.5,0.08285727351903915,0.08911133541794272,0.22098266208381062,0.13098375700693085,0,0
BG_0140,1050759,0,matched_pseudo_absence,Assam,26.81994853387081,94.05048156967447,2011-06-29,26.5_94.0,0.11005555838346481,0.023299436335015102,0.35697790917138106,0.16344430129662033,0,0
BG_0141,1051914,0,matched_pseudo_absence,Manipur,23.98242032769076,93.84657771320413,2011-07-05,23.5_93.5,0.024507932364940643,0.005729019635646049,0.19752406447493517,0.07592033882517395,0,0
BG_0142,1057027,0,matched_pseudo_absence,Manipur,24.298297853695185,93.54235403435337,2011-07-06,24.0_93.5,0.04785241559147835,0.03137466116113411,0.25426190516477193,0.11116299397246147,0,0
BG_0143,1057840,0,matched_pseudo_absence,Manipur,24.33388323033592,94.163243177605,2011-07-07,24.0_94.0,0.1002129316329956,0.025734150768797016,0.2165854640748555,0.11417751549221604,0,0
BG_0144,938369,0,matched_pseudo_absence,Sikkim,27.76318618635594,88.44006271135518,2011-07-20,27.5_88.0,0.1646376997232437,0.049118261507184055,0.35101525606577677,0.18825707243206816,0,0
BG_0145,1057024,0,matched_pseudo_absence,Manipur,24.00249760478468,93.84290621177436,2011-07-22,24.0_93.5,0.093708835542202,0.0574636282916862,0.29623227653971934,0.1491349134578692,0,0
BG_0146,1057913,0,matched_pseudo_absence,Manipur,24.45247690454448,93.58784286262484,2011-07-22,24.0_93.5,0.4058241844177246,0.4174722711688919,0.4765713962455458,0.4332892839440541,0,1
BG_0147,1050672,0,matched_pseudo_absence,Assam,26.796706385166907,91.78269056353616,2011-07-24,26.5_91.5,0.22581231594085693,0.29819385298403084,0.24506341473929144,0.25635652788805974,0,0
BG_0148,1056334,0,matched_pseudo_absence,Manipur,24.417545654882225,93.7774394634178,2011-07-25,24.0_93.5,0.6684947609901428,0.7287143622594725,0.5422082560902018,0.6464724597799391,1,1
BG_0149,1057841,0,matched_pseudo_absence,Manipur,25.055418623820827,94.72359337552746,2011-07-29,25.0_94.5,0.11504290252923965,0.032826783570617864,0.3087573764851489,0.1522090208616688,0,0
BG_0150,938256,0,matched_pseudo_absence,Sikkim,27.459124259346687,88.18354667035143,2011-08-23,27.0_88.0,0.030184060335159302,0.006927294970516739,0.1697170375234736,0.06894279760971656,0,0
BG_0151,938431,0,matched_pseudo_absence,Sikkim,27.73579433895211,88.69932059377882,2011-08-25,27.5_88.5,0.012025193311274052,0.013847928541437725,0.1443003941891613,0.05672450534729103,0,0
BG_0152,1050700,0,matched_pseudo_absence,Manipur,25.130871186035627,93.74779338449986,2011-09-06,25.0_93.5,0.03902197256684303,0.017593797106557955,0.2051565158521581,0.0872574285085197,0,0
BG_0153,1048397,0,matched_pseudo_absence,Assam,26.248888142878908,90.69942219721528,2011-09-23,26.0_90.5,0.02415260300040245,0.01761974120465268,0.192070913145288,0.07794775245011439,0,0
BG_0154,1048398,0,matched_pseudo_absence,Assam,24.586759737389897,92.61457398114706,2012-06-02,24.5_92.5,0.2673191726207733,0.19223108776058634,0.2973783582471969,0.2523095395428522,0,0
BG_0155,938404,0,matched_pseudo_absence,Sikkim,27.602477272715443,88.76795620556504,2012-06-03,27.5_88.5,0.19023743271827698,0.40050875984623385,0.2491129306801795,0.27995304108156344,0,0
BG_0156,1050674,0,matched_pseudo_absence,Assam,25.60741753218399,93.18214480871484,2012-06-03,25.5_93.0,0.08374479413032532,0.04967169093006491,0.27440810220864087,0.13594152908967702,0,0
BG_0157,1050708,0,matched_pseudo_absence,Assam,27.450067545155218,95.25522201777991,2012-06-03,27.0_95.0,0.7365135550498962,0.6490227850491459,0.5681550923486052,0.6512304774825491,1,1
BG_0158,1050652,0,matched_pseudo_absence,Assam,24.70615079243555,92.79272712626,2012-06-03,24.5_92.5,0.6956880688667297,0.66584944923344,0.6252975426774433,0.6622783535925376,1,1
BG_0159,938452,0,matched_pseudo_absence,Sikkim,27.64976050069439,88.51388142035276,2012-06-07,27.5_88.5,0.02278713881969452,0.03137925731557486,0.22735711416493515,0.09384117010006816,0,0
BG_0160,938430,0,matched_pseudo_absence,Sikkim,27.417143510208103,88.42632089858496,2012-06-07,27.0_88.0,0.4764658510684967,0.5802151974643985,0.43794654227365554,0.4982091969355169,0,1
BG_0161,938436,0,matched_pseudo_absence,Sikkim,27.811450014327864,88.18451666475251,2012-06-07,27.5_88.0,0.022882988676428795,0.021144563163514537,0.207358659195085,0.08379540367834278,0,0
BG_0162,1050898,0,matched_pseudo_absence,Manipur,24.267057994000364,93.98496740697944,2012-06-10,24.0_93.5,0.6277564764022827,0.8561084576033549,0.4371768014131598,0.6403472451395992,1,1
BG_0163,938414,0,matched_pseudo_absence,Sikkim,27.819561813037208,88.68867799440928,2012-06-14,27.5_88.5,0.18720252811908722,0.16789878484594187,0.3246082149587296,0.2265698426412529,0,0
BG_0164,1048396,0,matched_pseudo_absence,Assam,26.062691036956487,89.93253581779355,2012-06-20,26.0_89.5,0.07961052656173706,0.02918886530397314,0.17616622744673155,0.09498853977081391,0,0
BG_0165,1048382,0,matched_pseudo_absence,Assam,25.88870862150068,93.0221811819059,2012-06-22,25.5_93.0,0.050379473716020584,0.009671313197485373,0.15072214205457932,0.07025764298936175,0,0
BG_0166,1048404,0,matched_pseudo_absence,Assam,26.79298966014766,91.83803121630469,2012-06-22,26.5_91.5,0.19000406563282013,0.2894294631630612,0.407404820823475,0.2956127832064521,0,0
BG_0167,1048399,0,matched_pseudo_absence,Assam,27.43209997672512,95.0846994951408,2012-06-25,27.0_95.0,0.6368186473846436,0.7000587410194224,0.7842124973173852,0.7070299619071504,1,1
BG_0168,1048402,0,matched_pseudo_absence,Assam,27.048795547678584,94.24030612115097,2012-06-25,27.0_94.0,0.10396535694599152,0.17069952522463083,0.28737937487778464,0.18734808568280234,0,0
BG_0169,1050675,0,matched_pseudo_absence,Assam,26.55694964632381,90.130965206435,2012-06-26,26.5_90.0,0.1515575796365738,0.08343054687729842,0.30933218617502223,0.1814401042296315,0,0
BG_0170,1048390,0,matched_pseudo_absence,Assam,26.566870926587686,90.32068198552425,2012-06-26,26.5_90.0,0.3353588879108429,0.22181249023348726,0.4064037351348759,0.32119170442640205,0,1
BG_0171,1048379,0,matched_pseudo_absence,Assam,26.173436867240905,90.61848383033544,2012-06-27,26.0_90.5,0.6991996765136719,0.6523350228408027,0.5079556304094045,0.619830109921293,1,1
BG_0172,1050631,0,matched_pseudo_absence,Assam,26.3897702028578,91.8822932108542,2012-06-30,26.0_91.5,0.6654239892959595,0.4990053016409692,0.5792379528047433,0.5812224145805573,1,1
BG_0173,938393,0,matched_pseudo_absence,Sikkim,27.483171608118624,88.19409538785574,2012-07-11,27.0_88.0,0.11487749218940735,0.027995933588960808,0.24824054611399352,0.13037132396412054,0,0
BG_0174,1050664,0,matched_pseudo_absence,Mizoram,22.55318341034111,92.826787472787,2012-07-21,22.5_92.5,0.04394621029496193,0.03359079171325381,0.2333331431754432,0.10362338172788632,0,0
BG_0175,938329,0,matched_pseudo_absence,Sikkim,27.67337238842374,88.26233510858971,2012-09-01,27.5_88.0,0.027827570214867592,0.00505272150910067,0.16518165635752288,0.06602064936049705,0,0
BG_0176,1057115,0,matched_pseudo_absence,Manipur,25.217159659545224,94.18722626870534,2012-09-14,25.0_94.0,0.2674582004547119,0.22313682419492395,0.3151009240036417,0.2685653162177592,0,0
BG_0177,938325,0,matched_pseudo_absence,Sikkim,27.9178256658008,88.27295573803258,2012-09-16,27.5_88.0,0.07740939408540726,0.03358453061306132,0.15667431529008097,0.08922274666284985,0,0
BG_0178,938412,0,matched_pseudo_absence,Sikkim,27.83603894973124,88.62798427952181,2012-09-19,27.5_88.5,0.011188287287950516,0.004957919470498253,0.08561397124633797,0.03392005933492891,0,0
BG_0179,938401,0,matched_pseudo_absence,Sikkim,27.959255433243342,88.6111355393025,2012-09-19,27.5_88.5,0.010712040588259697,0.0013640018912929807,0.08799398420336797,0.03335667556097355,0,0
BG_0180,938394,0,matched_pseudo_absence,Sikkim,28.02754060552233,88.58308884452249,2012-09-19,28.0_88.5,0.08612491935491562,0.06495090489264525,0.1325160127402455,0.09453061232926879,0,0
BG_0181,938410,0,matched_pseudo_absence,Sikkim,27.68769213022747,88.41315462716798,2012-09-19,27.5_88.0,0.19220004975795746,0.060281260773460986,0.44833906979700305,0.23360679344280713,0,0
BG_0182,1050544,0,matched_pseudo_absence,Mizoram,24.29804176678693,92.88297216349704,2012-10-11,24.0_92.5,0.058032240718603134,0.016128828320209954,0.19553734030243294,0.08989946978041534,0,0
BG_0183,1050577,0,matched_pseudo_absence,Mizoram,23.184379154788395,93.2294807959908,2012-10-11,23.0_93.0,0.4646015763282776,0.3724917573963711,0.5391052714929166,0.45873286840585514,0,1
BG_0184,1050525,0,matched_pseudo_absence,Mizoram,23.867355496047285,93.2080168392735,2012-11-11,23.5_93.0,0.8563423156738281,0.84188222681324,0.6580086414751486,0.7854110613207389,1,1
BG_0185,938377,0,matched_pseudo_absence,Sikkim,27.90924297429654,88.34511006028679,2013-04-14,27.5_88.0,0.15672221779823303,0.11468457271111494,0.2761619964814662,0.18252292899693803,0,0
BG_0186,1050580,0,matched_pseudo_absence,Mizoram,23.67712385377633,92.7932707094394,2013-05-07,23.5_92.5,0.4020446538925171,0.34735005513926015,0.25122935669994495,0.3335413552439073,0,1
BG_0187,1048344,0,matched_pseudo_absence,Tripura,23.8677343922001,91.94457574174952,2013-05-08,23.5_91.5,0.04971039667725563,0.022784073024692292,0.3219875248495808,0.13149399818384291,0,0
BG_0188,1048341,0,matched_pseudo_absence,Tripura,24.38371014310428,92.12370734207175,2013-05-08,24.0_92.0,0.9289171099662781,0.9744494514843486,0.6129170077153047,0.8387611897219771,1,1
BG_0189,1050660,0,matched_pseudo_absence,Mizoram,22.994609332952336,92.61332161708764,2013-05-10,22.5_92.5,0.638178825378418,0.7167428026063648,0.34579690313740735,0.5669061770407301,1,1
BG_0190,1050594,0,matched_pseudo_absence,Mizoram,23.21218411004549,92.61588579603816,2013-05-11,23.0_92.5,0.18792282044887543,0.08966192039017291,0.2401330075661268,0.17257258280172505,0,0
BG_0191,1048381,0,matched_pseudo_absence,Assam,26.98642659046624,93.93552450930136,2013-05-11,26.5_93.5,0.3607604205608368,0.4412737765327226,0.5503447275859024,0.4507929748931539,0,1
BG_0192,1048368,0,matched_pseudo_absence,Assam,24.516018917527614,92.32033174596292,2013-05-11,24.5_92.0,0.2267916053533554,0.1548937888431505,0.3665596611021822,0.24941501843289604,0,0
BG_0193,1048413,0,matched_pseudo_absence,Assam,25.7014977151918,92.79087365512174,2013-05-11,25.5_92.5,0.8027341365814209,0.829870669646254,0.4959955764777019,0.7095334609017923,1,1
BG_0194,1050783,0,matched_pseudo_absence,Manipur,24.657096039778395,93.62788397150052,2013-05-12,24.5_93.5,0.18770793080329895,0.38707416748985757,0.3743017160265795,0.316361271439912,0,1
BG_0195,938449,0,matched_pseudo_absence,Sikkim,27.49728314149345,88.33867154454254,2013-06-08,27.0_88.0,0.12691771984100342,0.043080814548038096,0.23556852834357841,0.1351890209108733,0,0
BG_0196,938453,0,matched_pseudo_absence,Sikkim,27.207651589119635,88.18556495644621,2013-06-27,27.0_88.0,0.19918175041675568,0.10385047559029953,0.2856750920232276,0.19623577267676096,0,0
BG_0197,1057781,0,matched_pseudo_absence,Manipur,24.678165470318525,94.4750567066873,2013-08-09,24.5_94.0,0.1521490067243576,0.14046100184110413,0.3161877129030867,0.2029325738228495,0,0
BG_0198,1057887,0,matched_pseudo_absence,Manipur,25.02575797860144,94.1463657546519,2013-08-15,25.0_94.0,0.8003882765769958,0.8054059374936346,0.5947499774407846,0.733514730503805,1,1
BG_0199,1050773,0,matched_pseudo_absence,Manipur,24.234320524788654,93.33803294235148,2013-08-17,24.0_93.0,0.4927124083042145,0.3340254013419234,0.39921711468805965,0.4086516414447325,0,1
BG_0200,938247,0,matched_pseudo_absence,Sikkim,27.41923626271408,88.22919710573251,2013-09-01,27.0_88.0,0.22392752766609192,0.07636607774674126,0.34884307196450176,0.21637889245911165,0,0
BG_0201,1050798,0,matched_pseudo_absence,Manipur,24.810832575363065,94.28643540499738,2013-09-01,24.5_94.0,0.03235887363553047,0.012870580685150847,0.1719196847594654,0.0723830463600489,0,0
BG_0202,1050780,0,matched_pseudo_absence,Manipur,24.718185231218456,94.29343844776,2013-09-01,24.5_94.0,0.010624420829117298,0.001140869957965074,0.1601808749535218,0.05731538858020139,0,0
BG_0203,938260,0,matched_pseudo_absence,Sikkim,27.618074912025744,88.71888118067086,2013-09-01,27.5_88.5,0.26101529598236084,0.5646896353989858,0.26427664156118474,0.36332719098084376,0,1
BG_0204,938450,0,matched_pseudo_absence,Sikkim,27.60821069982224,88.11234650666478,2013-09-07,27.5_88.0,0.22926068305969238,0.1509545844958426,0.41457604689196564,0.2649304381491669,0,0
BG_0205,938437,0,matched_pseudo_absence,Sikkim,27.989316118399586,88.72360493853138,2013-09-08,27.5_88.5,0.02698281593620777,0.022261183250799205,0.0955825934264068,0.04827553087113793,0,0
BG_0206,1048555,0,matched_pseudo_absence,Assam,25.89298289714468,92.99374568602651,2013-10-06,25.5_92.5,0.10871358215808868,0.062380224789723576,0.2267221844776475,0.13260533047515324,0,0
BG_0207,1048374,0,matched_pseudo_absence,Assam,25.67657331281544,92.72537456670906,2013-10-06,25.5_92.5,0.28934043645858765,0.18677625139969686,0.39531420845058013,0.2904769654362882,0,0
BG_0208,1048492,0,matched_pseudo_absence,Assam,26.46926019588729,90.20913174218929,2013-10-06,26.0_90.0,0.08977720141410828,0.07076686496159482,0.16071195710215816,0.10708534115928708,0,0
BG_0209,1057980,0,matched_pseudo_absence,Manipur,24.344116490235542,93.0870317525508,2013-10-13,24.0_93.0,0.02879718877375126,0.02517676708110807,0.22588970258085203,0.09328788614523713,0,0
BG_0210,1050217,0,matched_pseudo_absence,Assam,26.23936665358692,93.69912722827463,2014-05-09,26.0_93.5,0.08798766136169434,0.04336803087850516,0.177155556278363,0.10283708283952082,0,0
BG_0211,1050273,0,matched_pseudo_absence,Assam,25.876387018541383,93.05128574313204,2014-05-10,25.5_93.0,0.22272954881191254,0.2840789152220595,0.4187452893703602,0.3085179178014441,0,1
BG_0212,938395,0,matched_pseudo_absence,Sikkim,27.974426115596284,88.64975813734323,2014-06-24,27.5_88.5,0.052101969718933105,0.008250584032892049,0.12807504574849488,0.06280919983344001,0,0
BG_0213,1048416,0,matched_pseudo_absence,Assam,25.012586675944803,92.5520584839688,2014-06-26,25.0_92.5,0.16830022633075714,0.03863135729147047,0.24646493384639517,0.15113217248954092,0,0
BG_0214,1048421,0,matched_pseudo_absence,Assam,24.5009238388417,92.32731521457444,2014-06-26,24.5_92.0,0.17646224796772003,0.10416546185535903,0.30282886259848824,0.19448552414052242,0,0
BG_0215,1048440,0,matched_pseudo_absence,Assam,26.68714704176504,92.39540029548192,2014-06-26,26.5_92.0,0.4332456588745117,0.4480145861602176,0.39434870078984174,0.4252029819415237,0,1
BG_0216,1048422,0,matched_pseudo_absence,Assam,26.29010800728956,93.40457993587911,2014-06-27,26.0_93.0,0.03438425064086914,0.010454906694470285,0.20936450966153755,0.08473455566562565,0,0
BG_0217,1048417,0,matched_pseudo_absence,Assam,26.68803935817568,91.93305173058113,2014-06-28,26.5_91.5,0.1695386916399002,0.11340616228614646,0.2851492801839875,0.1893647113700114,0,0
BG_0218,1050601,0,matched_pseudo_absence,Mizoram,22.84844877183769,92.9649982990129,2014-07-14,22.5_92.5,0.15607456862926483,0.06677538118480852,0.30764067901611125,0.17683020961006155,0,0
BG_0219,1050612,0,matched_pseudo_absence,Mizoram,22.51974345219015,93.0314211438648,2014-07-14,22.5_93.0,0.9377129077911377,0.9456434947466522,0.7674036079330345,0.8835866701569414,1,1
BG_0220,1050649,0,matched_pseudo_absence,Assam,27.317494935816686,95.56965193792624,2014-07-27,27.0_95.5,0.722874641418457,0.6770325948802113,0.426849431494726,0.6089188892644648,1,1
BG_0221,1048384,0,matched_pseudo_absence,Tripura,23.22576755132243,91.4658815038142,2014-08-14,23.0_91.0,0.19245804846286774,0.11149936071882877,0.40638806686489565,0.23678182534886405,0,0
BG_0222,1048357,0,matched_pseudo_absence,Tripura,23.838762464757743,92.1781006061786,2014-08-14,23.5_92.0,0.014992156066000462,0.0072082394679687896,0.1304793489723541,0.05089324816877445,0,0
BG_0223,1048376,0,matched_pseudo_absence,Assam,26.5058521630086,90.6933035469236,2014-09-22,26.5_90.5,0.9027155637741089,0.95740412690594,0.7190966179273562,0.8597387695358018,1,1
BG_0224,1048375,0,matched_pseudo_absence,Assam,25.998911608227832,93.88151116482386,2014-09-22,25.5_93.5,0.33792009949684143,0.41852186633103294,0.4460536826462072,0.4008318828246939,0,1
BG_0225,1048444,0,matched_pseudo_absence,Assam,26.43484781523455,92.19634231072696,2014-09-22,26.0_92.0,0.045168373733758926,0.01610276022452497,0.18682932435465774,0.08270015277098054,0,0
BG_0226,1048409,0,matched_pseudo_absence,Assam,27.22828281991648,94.96471640152512,2014-09-22,27.0_94.5,0.16107897460460663,0.06761767292320565,0.4252649179530188,0.21798718849361035,0,0
BG_0227,1048448,0,matched_pseudo_absence,Assam,27.442715519106432,95.51959231113668,2014-09-22,27.0_95.5,0.6220396757125854,0.5989107040844817,0.6204749533913326,0.6138084443961332,1,1
BG_0228,1048491,0,matched_pseudo_absence,Assam,26.335415797353555,93.33692730162652,2014-09-22,26.0_93.0,0.13558267056941986,0.08833968252005184,0.3260888335792861,0.18333706222291926,0,0
BG_0229,1048479,0,matched_pseudo_absence,Assam,26.14580800428415,93.41978517881658,2014-09-22,26.0_93.0,0.0435805507004261,0.035076885156010346,0.22319315527779846,0.10061686371141164,0,0
BG_0230,1048431,0,matched_pseudo_absence,Assam,26.094110584938,90.7610629053801,2014-09-22,26.0_90.5,0.4302986264228821,0.46768600367381863,0.5162432576593516,0.47140929591868413,0,1
BG_0231,1048367,0,matched_pseudo_absence,Assam,26.09207317183287,90.41915699177828,2014-09-22,26.0_90.0,0.34620341658592224,0.21249756483501506,0.36048504348330856,0.30639534163474863,0,1
BG_0232,1048429,0,matched_pseudo_absence,Assam,27.27717721244681,94.29504082773803,2014-09-23,27.0_94.0,0.16957181692123413,0.06642892393639294,0.2550295340023438,0.16367675828665695,0,0
BG_0233,1048411,0,matched_pseudo_absence,Assam,27.050618635018363,94.46608026546636,2014-09-23,27.0_94.0,0.024244192987680435,0.01131048902742855,0.2394610178424999,0.09167189995253629,0,0
BG_0234,1050362,0,matched_pseudo_absence,Assam,26.57281757019824,93.2657267308044,2015-03-19,26.5_93.0,0.7740622758865356,0.8953935440010015,0.6830231393550018,0.7841596530808462,1,1
BG_0235,1050609,0,matched_pseudo_absence,Mizoram,22.3306560773743,92.99661090199533,2015-06-19,22.0_92.5,0.09524697065353394,0.05914771010666988,0.24447371479834681,0.1329561318528502,0,0
BG_0236,1051726,0,matched_pseudo_absence,Manipur,24.34348012513681,93.50775564831608,2015-06-19,24.0_93.5,0.34543436765670776,0.46512524431328606,0.4893847088424218,0.43331477360413856,0,1
BG_0237,1050650,0,matched_pseudo_absence,Assam,25.910890582898112,92.90285442771548,2015-07-21,25.5_92.5,0.3526996076107025,0.14746932241457317,0.39834050329389775,0.2995031444397245,0,0
BG_0238,1057821,0,matched_pseudo_absence,Manipur,25.30480540639589,93.9539526306467,2015-07-22,25.0_93.5,0.10833748430013657,0.05787304757649033,0.3415341136891337,0.16924821518858688,0,0
BG_0239,1057376,0,matched_pseudo_absence,Manipur,25.044594307617214,94.40725270497548,2015-07-22,25.0_94.0,0.7851554155349731,0.8972387672013888,0.5329894205514494,0.7384612010959372,1,1
BG_0240,1050671,0,matched_pseudo_absence,Assam,26.875874811291123,91.86884695527986,2015-07-22,26.5_91.5,0.17391814291477203,0.21837502882049104,0.2286895115578661,0.20699422776437637,0,0
BG_0241,1057795,0,matched_pseudo_absence,Manipur,24.15365780882785,93.86565676958612,2015-07-22,24.0_93.5,0.6274250745773315,0.5168911849756745,0.4802358301973372,0.5415173632501143,1,1
BG_0242,1057403,0,matched_pseudo_absence,Manipur,24.64664001131817,93.41004010325578,2015-07-22,24.5_93.0,0.11134166270494461,0.12708421683094978,0.3407472771457818,0.1930577188938921,0,0
BG_0243,1055274,0,matched_pseudo_absence,Manipur,24.525984944347016,93.25214322625956,2015-07-22,24.5_93.0,0.167893648147583,0.126289109467996,0.28498361719881726,0.19305545827146542,0,0
BG_0244,1050805,0,matched_pseudo_absence,Manipur,24.592752248139217,93.47240198263474,2015-07-24,24.5_93.0,0.5580114722251892,0.4992147699557842,0.5478231702371198,0.5350164708060311,1,1
BG_0245,1048518,0,matched_pseudo_absence,Assam,26.429328411088413,91.83680474454177,2015-07-25,26.0_91.5,0.07597452402114868,0.03242234539725128,0.2712662682775338,0.1265543792319779,0,0
BG_0246,1057918,0,matched_pseudo_absence,Manipur,24.36109016536987,94.17406165201707,2015-07-31,24.0_94.0,0.4539598524570465,0.4208852701270209,0.5359238416119484,0.47025632139867196,0,1
BG_0247,1057912,0,matched_pseudo_absence,Manipur,24.91614733734401,93.561941693517,2015-07-31,24.5_93.5,0.5896064639091492,0.8038324266566735,0.47858339933778277,0.6240074299678685,1,1
BG_0248,1057368,0,matched_pseudo_absence,Manipur,24.48317198695572,93.22141842632068,2015-08-01,24.0_93.0,0.09756291657686234,0.025679600149945133,0.3000398371934491,0.14109411797341886,0,0
BG_0249,1057951,0,matched_pseudo_absence,Manipur,25.13129861246513,94.68735998578823,2015-08-01,25.0_94.5,0.17133763432502747,0.11261498051923347,0.2823575962529348,0.1887700703657319,0,0
BG_0250,1057769,0,matched_pseudo_absence,Manipur,24.9390151368065,93.66590096893168,2015-08-01,24.5_93.5,0.10173524171113968,0.08991940324537656,0.2185317140910738,0.1367287863491967,0,0
BG_0251,1057839,0,matched_pseudo_absence,Manipur,25.07857325326139,94.41322965203044,2015-08-01,25.0_94.0,0.12203574180603027,0.06465492481164092,0.2434722735533822,0.14338764672368445,0,0
BG_0252,1057829,0,matched_pseudo_absence,Manipur,24.811404772808217,94.18654311951931,2015-08-01,24.5_94.0,0.4834107756614685,0.3133177704148812,0.49676561232338534,0.43116471946657836,0,1
BG_0253,1057940,0,matched_pseudo_absence,Manipur,24.61996108142638,94.11665916973736,2015-08-01,24.5_94.0,0.3622145652770996,0.36781142916573695,0.45151650545026106,0.3938474999643659,0,1
BG_0254,1057825,0,matched_pseudo_absence,Manipur,24.50692308155893,93.6124453731808,2015-08-01,24.5_93.5,0.01685206964612007,0.005046948853429634,0.17487668692272368,0.06559190180742445,0,0
BG_0255,1057865,0,matched_pseudo_absence,Manipur,25.47557315669677,94.45214618508216,2015-08-01,25.0_94.0,0.11973728239536285,0.10795762139733742,0.2577884139735126,0.16182777258873762,0,0
BG_0256,1057888,0,matched_pseudo_absence,Manipur,24.45890126309209,93.03747072461516,2015-08-01,24.0_93.0,0.136485755443573,0.05344919851356705,0.2744803986427813,0.1548051175333071,0,0
BG_0257,1057893,0,matched_pseudo_absence,Manipur,24.13448927010708,93.63886593859048,2015-08-01,24.0_93.5,0.3628692626953125,0.20471660961991034,0.29767364182908407,0.2884198380481023,0,0
BG_0258,1057815,0,matched_pseudo_absence,Manipur,25.266288786266475,94.44544909492596,2015-08-01,25.0_94.0,0.545289158821106,0.7451945101002608,0.4350650605708547,0.5751829098307405,1,1
BG_0259,1057810,0,matched_pseudo_absence,Manipur,24.596635912982503,93.74700797653004,2015-08-01,24.5_93.5,0.5491563677787781,0.7076430079883956,0.4896549949853681,0.582151456917514,1,1
BG_0260,1057780,0,matched_pseudo_absence,Manipur,24.27443370097582,94.170484171936,2015-08-01,24.0_94.0,0.17087683081626892,0.16617215199548635,0.24945853067601803,0.19550250449592443,0,0
BG_0261,1057923,0,matched_pseudo_absence,Manipur,24.362541898618908,93.75858498765464,2015-08-01,24.0_93.5,0.20115073025226593,0.10432392063190339,0.26784502422587675,0.19110655837001533,0,0
BG_0262,1057820,0,matched_pseudo_absence,Manipur,24.667403476541807,94.29853252605372,2015-08-01,24.5_94.0,0.5129440426826477,0.7524733067164892,0.39935835874839015,0.5549252360491758,1,1
BG_0263,1050841,0,matched_pseudo_absence,Manipur,24.4081595251864,93.91792768027072,2015-08-11,24.0_93.5,0.6488932967185974,0.637164301381815,0.5025684084235639,0.5962086688413254,1,1
BG_0264,1050762,0,matched_pseudo_absence,Manipur,24.704744629583,94.40513780957414,2015-08-11,24.5_94.0,0.35468411445617676,0.5653484708345068,0.28830985259227504,0.40278081262765286,0,1
BG_0265,1050771,0,matched_pseudo_absence,Manipur,24.356674801724623,93.78959976041972,2015-08-11,24.0_93.5,0.2105616331100464,0.308004562795212,0.3396451315700587,0.2860704424917723,0,0
BG_0266,1048527,0,matched_pseudo_absence,Assam,26.15922109860999,92.1117224295734,2015-08-22,26.0_92.0,0.41088271141052246,0.3193401934716335,0.40311524501995666,0.3777793833007042,0,1
BG_0267,1050683,0,matched_pseudo_absence,Mizoram,23.59546607688925,92.55177999314128,2015-08-26,23.5_92.5,0.02391861192882061,0.022025909533260904,0.1751510608846919,0.07369852744892447,0,0
BG_0268,1050618,0,matched_pseudo_absence,Mizoram,23.37193253871399,93.28776788208066,2015-08-26,23.0_93.0,0.8110578060150146,0.8332621060026604,0.7564954231054023,0.8002717783743591,1,1
BG_0269,1050578,0,matched_pseudo_absence,Mizoram,24.12364218187452,92.37794222926604,2015-08-27,24.0_92.0,0.17689985036849976,0.06080184830527797,0.20605909189781904,0.14792026352386559,0,0
BG_0270,1050677,0,matched_pseudo_absence,Mizoram,24.382994155711508,92.77285375377738,2015-08-27,24.0_92.5,0.18053334951400757,0.16782598755727007,0.30036640657475633,0.216241914548678,0,0
BG_0271,1050606,0,matched_pseudo_absence,Mizoram,23.10511957581938,92.51880194626597,2015-08-27,23.0_92.5,0.03540902957320213,0.023182439940780765,0.12944785630999855,0.06267977527466048,0,0
BG_0272,1050624,0,matched_pseudo_absence,Mizoram,23.98299790687944,93.02343097631766,2015-08-28,23.5_93.0,0.2996528446674347,0.21330000788594997,0.31880523177864506,0.2772526947773432,0,0
BG_0273,1048364,0,matched_pseudo_absence,Assam,24.561414895989834,92.58718490683394,2015-09-01,24.5_92.5,0.8018144965171814,0.8260057706618745,0.6323306232745926,0.7533836301512161,1,1
BG_0274,1048385,0,matched_pseudo_absence,Assam,26.112874734024352,89.80246020594117,2015-09-01,26.0_89.5,0.7325273752212524,0.8535514771491568,0.6465647617319458,0.7442145380341184,1,1
BG_0275,1048363,0,matched_pseudo_absence,Assam,26.49423648245945,92.41103954769414,2015-09-01,26.0_92.0,0.30940762162208557,0.21236637269887476,0.356297402247841,0.29269046552293376,0,0
BG_0276,1050597,0,matched_pseudo_absence,Mizoram,23.01595106489595,92.5406490577373,2015-09-14,23.0_92.5,0.05069398134946823,0.02279644413711808,0.22299482105766377,0.09882841551475002,0,0
BG_0277,1050596,0,matched_pseudo_absence,Mizoram,22.16206489626773,93.04042473778304,2015-09-14,22.0_93.0,0.058648522943258286,0.05076952967995518,0.14012334780362934,0.0831804668089476,0,0
BG_0278,1048373,0,matched_pseudo_absence,Assam,26.082007860246108,93.02286591872308,2015-09-23,26.0_93.0,0.046447377651929855,0.03658374283804376,0.2654477440346899,0.11615962150822118,0,0
BG_0279,1050120,0,matched_pseudo_absence,Assam,25.93936185364052,92.16594918742302,2016-05-18,25.5_92.0,0.32938435673713684,0.26895048578436886,0.306134759940801,0.30148986748743556,0,1
BG_0280,1050474,0,matched_pseudo_absence,Assam,26.54581163621021,94.33018756742985,2016-05-18,26.5_94.0,0.11143389344215393,0.027914970428186393,0.24591862325803931,0.12842249570945988,0,0
BG_0281,1050501,0,matched_pseudo_absence,Assam,26.955923677793034,94.57385732650908,2016-05-18,26.5_94.5,0.175831139087677,0.18329182147852985,0.3956076496182206,0.25157687006147583,0,0
BG_0282,1050604,0,matched_pseudo_absence,Assam,26.803286194895552,92.63463740869734,2016-05-18,26.5_92.5,0.07441306114196777,0.06895582686909867,0.19038059279861083,0.11124982693655909,0,0
BG_0283,1050605,0,matched_pseudo_absence,Assam,25.1077803260968,93.13011029492374,2016-05-18,25.0_93.0,0.08028311282396317,0.029464486943978435,0.4221792719907178,0.17730895725288645,0,0
BG_0284,1050608,0,matched_pseudo_absence,Assam,25.368190345547426,93.1455524699499,2016-05-18,25.0_93.0,0.765785276889801,0.6658349578350377,0.5777309698697798,0.6697837348648729,1,1
BG_0285,1050541,0,matched_pseudo_absence,Assam,26.67108221430697,90.20457203557152,2016-05-18,26.5_90.0,0.028027409687638283,0.03815497437563143,0.210882330252316,0.09235490477186191,0,0
BG_0286,1050561,0,matched_pseudo_absence,Assam,26.447491639270027,91.63540436297905,2016-05-19,26.0_91.5,0.49431851506233215,0.40507929876505644,0.46471878270041617,0.45470553217593496,0,1
BG_0287,1050602,0,matched_pseudo_absence,Mizoram,22.050453843273225,92.67152577426548,2016-05-21,22.0_92.5,0.5206661224365234,0.335276469240989,0.328652001560979,0.3948648644128305,0,1
BG_0288,1048435,0,matched_pseudo_absence,Assam,26.58130983253997,90.17280080960484,2016-06-22,26.5_90.0,0.12450812011957169,0.059602021706947755,0.32823325438494916,0.17078113207048953,0,0
BG_0289,1048437,0,matched_pseudo_absence,Assam,26.46648142059043,90.60085125327032,2016-06-22,26.0_90.5,0.10683266818523407,0.1518510680454764,0.2114290844369604,0.1567042735558903,0,0
BG_0290,1048340,0,matched_pseudo_absence,Assam,26.456977184490352,93.2831225344648,2016-07-07,26.0_93.0,0.1038636565208435,0.05224600481371456,0.3052035074684431,0.15377105626766704,0,0
BG_0291,1048473,0,matched_pseudo_absence,Assam,26.166892117808715,93.32531655388736,2016-07-07,26.0_93.0,0.018795758485794067,0.0043694323735342724,0.22587523645521235,0.08301347577151356,0,0
BG_0292,1057911,0,matched_pseudo_absence,Manipur,25.0403620899617,93.67668094573358,2016-07-07,25.0_93.5,0.8925468921661377,0.8461742721390829,0.6923920466097638,0.8103710703049948,1,1
BG_0293,938407,0,matched_pseudo_absence,Sikkim,27.198509578839666,88.23978715808354,2016-07-09,27.0_88.0,0.4532119929790497,0.3566174092124961,0.34358176007588964,0.38447038742247847,0,1
BG_0294,1048423,0,matched_pseudo_absence,Assam,26.290438983967192,92.14404468641672,2016-07-14,26.0_92.0,0.4068388342857361,0.17491433564510767,0.4860137175108831,0.355922295813909,0,1
BG_0295,1048467,0,matched_pseudo_absence,Assam,24.60659328090889,92.8025840882946,2016-07-14,24.5_92.5,0.15543153882026672,0.09526003013522454,0.18465723756424568,0.14511626883991233,0,0
BG_0296,1048557,0,matched_pseudo_absence,Assam,26.751662669773435,90.25336765939856,2016-07-14,26.5_90.0,0.0722506120800972,0.009694481245145289,0.18107714879611156,0.08767408070711802,0,0
BG_0297,1048458,0,matched_pseudo_absence,Assam,26.26109381665828,89.86469574068377,2016-07-20,26.0_89.5,0.05010529235005379,0.010823763741448231,0.2186272381772216,0.09318543142290787,0,0
BG_0298,1048430,0,matched_pseudo_absence,Assam,26.48326275577616,93.18455783162504,2016-07-20,26.0_93.0,0.6115232706069946,0.5814056772293893,0.5645431400727139,0.5858240293030326,1,1
BG_0299,1057863,0,matched_pseudo_absence,Manipur,24.407830165003816,93.12346126143896,2016-07-25,24.0_93.0,0.06540420651435852,0.07451045166856957,0.23363799255388243,0.12451755024560351,0,0
BG_0300,1050761,0,matched_pseudo_absence,Mizoram,23.925678671806413,92.8768910881524,2016-07-28,23.5_92.5,0.2988015413284302,0.30218683485388004,0.19290000280957972,0.26462945966396334,0,0
BG_0301,1050763,0,matched_pseudo_absence,Mizoram,23.59845781441231,93.40364455149444,2016-07-28,23.5_93.0,0.9739339351654053,0.9916960330557045,0.843639595503567,0.9364231879082255,1,1
BG_0302,938250,0,matched_pseudo_absence,Sikkim,27.793200391101387,88.42145192291542,2016-07-30,27.5_88.0,0.04460921138525009,0.002912809200141358,0.13602158267270073,0.06118120108603073,0,0
BG_0303,938383,0,matched_pseudo_absence,Sikkim,27.750891104147875,88.72091748134918,2016-08-16,27.5_88.5,0.24486051499843597,0.2998461938223097,0.3262999187330013,0.29033554251791566,0,0
BG_0304,1050651,0,matched_pseudo_absence,Assam,27.380674023826018,95.35379906751731,2016-08-31,27.0_95.0,0.6203761696815491,0.6034899785126431,0.6589028911870974,0.6275896797937631,1,1
BG_0305,1050626,0,matched_pseudo_absence,Assam,26.571892382199245,91.28222200831657,2016-09-01,26.5_91.0,0.49461284279823303,0.26934719989753525,0.40521153351827377,0.389723858738014,0,1
BG_0306,1050633,0,matched_pseudo_absence,Mizoram,22.264123334737263,92.90654429766592,2016-09-17,22.0_92.5,0.4158075451850891,0.1687804418561169,0.29214442226797926,0.2922441364363951,0,0
BG_0307,938303,0,matched_pseudo_absence,Sikkim,27.639316180020685,88.28803422062064,2016-10-12,27.5_88.0,0.055452268570661545,0.05322476665671171,0.2118328914329051,0.10683664222009277,0,0
BG_0308,938327,0,matched_pseudo_absence,Sikkim,27.835728718934696,88.61072874245421,2016-10-15,27.5_88.5,0.0070022898726165295,0.003003922327809137,0.09282276158656841,0.03427632459566469,0,0
BG_0309,938398,0,matched_pseudo_absence,Sikkim,27.96365572583834,88.56213622391095,2016-10-15,27.5_88.5,0.08886674791574478,0.021399954068000042,0.14519832962604387,0.08515501053659624,0,0
BG_0310,1052234,0,matched_pseudo_absence,Manipur,25.36692739189463,93.97045537842654,2017-03-30,25.0_93.5,0.13693556189537048,0.03599970744493895,0.23252606995034958,0.135153779763553,0,0
BG_0311,1050744,0,matched_pseudo_absence,Assam,26.348346810236364,93.75206304840052,2017-04-04,26.0_93.5,0.8776581883430481,0.8371920656419828,0.5685956294549583,0.7611486278133297,1,1
BG_0312,1050718,0,matched_pseudo_absence,Assam,26.58698096148023,92.33108860724616,2017-04-04,26.5_92.0,0.2622620165348053,0.32400442898360304,0.3219487856040041,0.30273841037413746,0,1
BG_0313,1050682,0,matched_pseudo_absence,Assam,26.54161980271854,92.84579377839032,2017-04-04,26.5_92.5,0.19963903725147247,0.11081861846275248,0.37588254756160033,0.2287800677586084,0,0
BG_0314,1050642,0,matched_pseudo_absence,Assam,25.99350158687292,92.4765479886545,2017-04-04,25.5_92.0,0.6874523162841797,0.802359273305983,0.43578889537180354,0.6418668283206554,1,1
BG_0315,1050702,0,matched_pseudo_absence,Assam,26.462981142084946,90.98786015944232,2017-04-04,26.0_90.5,0.17068582773208618,0.07618955197950412,0.3252698893874798,0.19071508969969,0,0
BG_0316,1048497,0,matched_pseudo_absence,Assam,27.437604373314947,94.33814172842524,2017-04-05,27.0_94.0,0.2496998906135559,0.22689545194847272,0.445741672159582,0.3074456715738702,0,1
BG_0317,1050579,0,matched_pseudo_absence,Mizoram,23.39027810596018,92.6939235760304,2017-04-25,23.0_92.5,0.03145436570048332,0.005282362800415391,0.2495695562627337,0.09543542825454414,0,0
BG_0318,1050588,0,matched_pseudo_absence,Assam,26.496414418908792,92.12611372278376,2017-04-29,26.0_92.0,0.3135766088962555,0.37446351616541185,0.5868281141679554,0.42495607974320765,0,1
BG_0319,1050720,0,matched_pseudo_absence,Assam,25.33560342654713,93.3491099018863,2017-04-29,25.0_93.0,0.48462679982185364,0.3590474732853311,0.3870222587201832,0.4102321772757893,0,1
BG_0320,938411,0,matched_pseudo_absence,Sikkim,27.602361870653528,88.70537559602869,2017-05-26,27.5_88.5,0.134574756026268,0.08095032365296051,0.25163235042201015,0.15571914336707957,0,0
BG_0321,1050593,0,matched_pseudo_absence,Mizoram,23.22801311858899,92.86395372276594,2017-06-01,23.0_92.5,0.17262324690818787,0.04484983642117613,0.2367151096858466,0.15139606433840355,0,0
BG_0322,1050197,0,matched_pseudo_absence,Assam,25.941094561158405,93.8329883659199,2017-06-02,25.5_93.5,0.5012322068214417,0.5828145603735566,0.44004778428954455,0.5080315171615143,1,1
BG_0323,1048532,0,matched_pseudo_absence,Tripura,24.152540087256348,92.0097985232053,2017-06-03,24.0_92.0,0.2053147703409195,0.09065560370561238,0.32096081656458564,0.20564373020370583,0,0
BG_0324,1048504,0,matched_pseudo_absence,Tripura,23.57549184540994,91.58232315311056,2017-06-03,23.5_91.5,0.27033931016921997,0.18861577806682125,0.5286257045372461,0.3291935975910958,0,1
BG_0325,1048488,0,matched_pseudo_absence,Tripura,24.13841614414567,92.25977896912492,2017-06-03,24.0_92.0,0.6397334933280945,0.5344793278952242,0.4419989171628012,0.5387372461287067,1,1
BG_0326,1050666,0,matched_pseudo_absence,Assam,26.088891587874336,90.95648460301014,2017-06-04,26.0_90.5,0.355511873960495,0.23743393993566358,0.32196742579321647,0.30497107989645833,0,1
BG_0327,1057261,0,matched_pseudo_absence,Manipur,24.45197929560469,93.21362625159657,2017-06-05,24.0_93.0,0.33233582973480225,0.2680166885575579,0.3466866741126057,0.3156797308016553,0,1
BG_0328,1050403,0,matched_pseudo_absence,Mizoram,23.120240300459628,92.81562712931552,2017-06-09,23.0_92.5,0.16335918009281158,0.04709238348337402,0.2627239940691499,0.1577251858817785,0,0
BG_0329,1050613,0,matched_pseudo_absence,Mizoram,23.271219164153987,92.97189743656116,2017-06-10,23.0_92.5,0.08149964362382889,0.030001563442279045,0.17756663917109383,0.09635594874573393,0,0
BG_0330,1050629,0,matched_pseudo_absence,Mizoram,23.522937726364745,92.64371765264823,2017-06-10,23.5_92.5,0.8820640444755554,0.939647066178508,0.6546912867246456,0.825467465792903,1,1
BG_0331,1050603,0,matched_pseudo_absence,Mizoram,23.769778126164617,92.88472625040464,2017-06-10,23.5_92.5,0.7365454435348511,0.8825727438957248,0.6203115684976982,0.7464765853094247,1,1
BG_0332,1050643,0,matched_pseudo_absence,Mizoram,24.045869749900664,92.61049187044006,2017-06-12,24.0_92.5,0.09598183631896973,0.06773840599441887,0.29290012574764057,0.1522067893536764,0,0
BG_0333,1057926,0,matched_pseudo_absence,Manipur,25.085432623508044,93.62403020636611,2017-06-12,25.0_93.5,0.7581720948219299,0.6919321763771626,0.6768422031097396,0.7089821581029442,1,1
BG_0334,1050599,0,matched_pseudo_absence,Mizoram,23.81256718564816,93.19653836970886,2017-06-14,23.5_93.0,0.9606685638427734,0.9628174651850849,0.7268388428970328,0.8834416239749637,1,1
BG_0335,1050678,0,matched_pseudo_absence,Mizoram,23.94373270179324,93.18020474802368,2017-06-17,23.5_93.0,0.432361364364624,0.3224489037889933,0.35711740255276986,0.37064255690212905,0,1
BG_0336,1050617,0,matched_pseudo_absence,Assam,26.90304645668128,93.34877724749543,2017-06-18,26.5_93.0,0.641822874546051,0.8714401534340289,0.34395487447181083,0.6190726341506302,1,1
BG_0337,1050724,0,matched_pseudo_absence,Manipur,24.149852895960542,94.00577069732272,2017-06-26,24.0_94.0,0.4185103476047516,0.5694891691689302,0.3277053381185662,0.4385682849640827,0,1
BG_0338,1050751,0,matched_pseudo_absence,Manipur,24.984920175941784,94.0864989960672,2017-06-26,24.5_94.0,0.4129863977432251,0.20986314500430756,0.5138566647266003,0.3789020691580443,0,1
BG_0339,1050748,0,matched_pseudo_absence,Manipur,25.27349111754129,93.69858019218206,2017-06-27,25.0_93.5,0.2997724413871765,0.14461383589646146,0.39015301446438205,0.2781797639160067,0,0
BG_0340,1056702,0,matched_pseudo_absence,Manipur,25.063907182872484,93.54719388804156,2017-06-30,25.0_93.5,0.259940505027771,0.24406074760874416,0.20888252809523936,0.23762792691058485,0,0
BG_0341,1057890,0,matched_pseudo_absence,Manipur,24.41612440825542,93.90278690167432,2017-07-01,24.0_93.5,0.17295585572719574,0.10786465013006878,0.22593827316429446,0.1689195930071863,0,0
BG_0342,1048525,0,matched_pseudo_absence,Assam,26.901222561253995,94.57694367682228,2017-07-03,26.5_94.5,0.2879341244697571,0.21809008919462775,0.35982950326715296,0.288617905643846,0,0
BG_0343,1048541,0,matched_pseudo_absence,Assam,26.79532427008361,93.76378743880966,2017-07-03,26.5_93.5,0.07756093889474869,0.07485785490587932,0.1902589064616664,0.11422590008743146,0,0
BG_0344,1048506,0,matched_pseudo_absence,Assam,26.27668525665923,91.25640074806908,2017-07-03,26.0_91.0,0.7270351052284241,0.7514278552880593,0.7384590116269781,0.7389739907144871,1,1
BG_0345,1048519,0,matched_pseudo_absence,Assam,27.274986696087364,95.89241186564328,2017-07-03,27.0_95.5,0.15374945104122162,0.18101772869068225,0.33315954592376207,0.22264224188522197,0,0
BG_0346,1048545,0,matched_pseudo_absence,Assam,24.911235876021777,92.7259897515081,2017-07-03,24.5_92.5,0.03285142779350281,0.007992084613324048,0.17280228103461964,0.07121526448048217,0,0
BG_0347,1057856,0,matched_pseudo_absence,Manipur,24.08806433065854,94.20562763718053,2017-07-04,24.0_94.0,0.08244755119085312,0.010006386877793658,0.21505009642118328,0.10250134482994334,0,0
BG_0348,1048460,0,matched_pseudo_absence,Assam,26.38692743029392,93.58917547860648,2017-07-06,26.0_93.5,0.5352474451065063,0.6190229611738901,0.4114997948694159,0.5219234003832708,1,1
BG_0349,1057907,0,matched_pseudo_absence,Manipur,25.018768667923272,93.9126589934873,2017-07-08,25.0_93.5,0.32709670066833496,0.10828932986503713,0.3961169736901607,0.27716766807451093,0,0
BG_0350,1050713,0,matched_pseudo_absence,Assam,26.613470541375136,91.72811837984986,2017-07-09,26.5_91.5,0.13507123291492462,0.18128450624184345,0.2532796762186893,0.18987847179181913,0,0
BG_0351,1050808,0,matched_pseudo_absence,Manipur,24.753760957028017,93.67483674446645,2017-07-09,24.5_93.5,0.07674174010753632,0.026384320229437035,0.28739685154363287,0.13017430396020208,0,0
BG_0352,1050753,0,matched_pseudo_absence,Manipur,24.191305393870568,93.80084941183988,2017-07-09,24.0_93.5,0.7513213157653809,0.880150829772165,0.56364969016831,0.7317072785686186,1,1
BG_0353,1055884,0,matched_pseudo_absence,Manipur,24.13494851508521,93.17035489030415,2017-07-09,24.0_93.0,0.7882885336875916,0.8440796184557599,0.7097589997073142,0.7807090506168884,1,1
BG_0354,1054667,0,matched_pseudo_absence,Assam,27.57669417503316,95.10874502985756,2017-07-10,27.5_95.0,0.24013471603393555,0.18277585096844143,0.36087965176686737,0.26126340625641475,0,0
BG_0355,1052013,0,matched_pseudo_absence,Manipur,24.790747280330187,94.43772216643907,2017-07-10,24.5_94.0,0.016588758677244186,0.0022718162727127338,0.10743108527281166,0.042097220074256196,0,0
BG_0356,1055056,0,matched_pseudo_absence,Assam,26.703055958209504,90.24671374586654,2017-07-10,26.5_90.0,0.032170820981264114,0.011387738197732858,0.22705578712147623,0.09020478210015774,0,0
BG_0357,1048428,0,matched_pseudo_absence,Assam,26.24273436107187,92.32640503274337,2017-07-10,26.0_92.0,0.04162154346704483,0.009440986415743405,0.22024289763735855,0.0904351425067156,0,0
BG_0358,1048443,0,matched_pseudo_absence,Assam,26.197796472464933,92.67384903184374,2017-07-10,26.0_92.5,0.04019298031926155,0.03028934249330361,0.19415792543335003,0.08821341608197174,0,0
BG_0359,1057775,0,matched_pseudo_absence,Manipur,24.23889395088713,94.14871777639236,2017-07-14,24.0_94.0,0.5418872833251953,0.6228547705375221,0.569509180866297,0.5780837449096715,1,1
BG_0360,1050573,0,matched_pseudo_absence,Mizoram,23.88846104661544,92.54878730619497,2017-08-26,23.5_92.5,0.03567807376384735,0.028583272535085618,0.19324580611814474,0.08583571747235924,0,0
BG_0361,1057698,0,matched_pseudo_absence,Manipur,25.141125121574472,93.76310782634602,2017-08-26,25.0_93.5,0.07303648442029953,0.11478548873250956,0.26194135046181244,0.1499211078715405,0,0
BG_0362,938258,0,matched_pseudo_absence,Sikkim,27.680480062103182,88.4717839910091,2017-09-20,27.5_88.0,0.016989514231681824,0.0036121092724738183,0.12048686133603866,0.04702949494673143,0,0
BG_0363,938330,0,matched_pseudo_absence,Sikkim,27.423797426516945,88.14933752978543,2017-09-20,27.0_88.0,0.17015929520130157,0.10620989867158223,0.24921446790249993,0.17519455392512792,0,0
BG_0364,1050788,0,matched_pseudo_absence,Manipur,24.048965965814563,93.89367544717092,2017-09-21,24.0_93.5,0.11303199827671051,0.09031494009415279,0.3894890778897539,0.19761200542020574,0,0
BG_0365,1057697,0,matched_pseudo_absence,Manipur,24.916906077915023,93.33491770115046,2017-09-29,24.5_93.0,0.055038806051015854,0.019810045420334522,0.21083341199911534,0.09522742115682191,0,0
BG_0366,1051127,0,matched_pseudo_absence,Manipur,24.67577664163224,94.40525882953014,2018-05-10,24.5_94.0,0.949415922164917,0.950053593768195,0.7132912890216976,0.8709202683182699,1,1
BG_0367,1050615,0,matched_pseudo_absence,Mizoram,23.11974987004149,92.8622119710119,2018-05-12,23.0_92.5,0.028398651629686356,0.012131618417242718,0.24938953643092718,0.09663993549261875,0,0
BG_0368,1048345,0,matched_pseudo_absence,Tripura,23.673653442603403,91.21794586963264,2018-05-18,23.5_91.0,0.6650879979133606,0.6408262027379492,0.6443188071462049,0.6500776692658382,1,1
BG_0369,1048347,0,matched_pseudo_absence,Tripura,24.088085624025634,92.10367963502938,2018-05-20,24.0_92.0,0.33075371384620667,0.10908131734871986,0.3801760667446885,0.27333703264653836,0,0
BG_0370,1048360,0,matched_pseudo_absence,Tripura,23.85780837753273,92.03142989004688,2018-05-20,23.5_92.0,0.15614819526672363,0.031167525066322102,0.3004783679931297,0.16259802944205848,0,0
BG_0371,938409,0,matched_pseudo_absence,Sikkim,27.88645916562333,88.38418056513244,2018-05-26,27.5_88.0,0.17522719502449036,0.08230574150726977,0.17526911783608856,0.14426735145594957,0,0
BG_0372,1050791,0,matched_pseudo_absence,Manipur,25.51848640510125,94.51335592382767,2018-06-03,25.5_94.5,0.42042797803878784,0.3615325838398556,0.3373769039792894,0.3731124886193109,0,1
BG_0373,1050616,0,matched_pseudo_absence,Mizoram,22.838447619656623,93.02764493505114,2018-06-05,22.5_93.0,0.10607032477855682,0.05835531726749194,0.20513315660561018,0.12318626621721966,0,0
BG_0374,938386,0,matched_pseudo_absence,Sikkim,27.643283640797573,88.1752878115428,2018-09-14,27.5_88.0,0.03845107927918434,0.015458735910053383,0.16903624424586064,0.07431535314503279,0,0
BG_0375,938402,0,matched_pseudo_absence,Sikkim,27.84331150183029,88.49295991541865,2018-09-14,27.5_88.0,0.16411758959293365,0.08064963455799329,0.2709030522914485,0.1718900921474585,0,0
BG_0376,938400,0,matched_pseudo_absence,Sikkim,27.94353791690872,88.49576252246484,2018-09-14,27.5_88.0,0.03580586612224579,0.006787080968368819,0.14469615602355523,0.06242970103805662,0,0
BG_0377,938420,0,matched_pseudo_absence,Sikkim,27.44273199452474,88.2378834818042,2018-09-15,27.0_88.0,0.23201777040958405,0.5251657531861912,0.362463380394171,0.37321563466331537,0,1
BG_0378,938385,0,matched_pseudo_absence,Sikkim,27.519427877562293,88.74740633680099,2018-09-15,27.5_88.5,0.025935038924217224,0.011801840123202584,0.14253816164027946,0.06009168022923309,0,0
BG_0379,938429,0,matched_pseudo_absence,Sikkim,28.00692166031143,88.708034062364,2018-09-17,28.0_88.5,0.0759747251868248,0.14040268779505677,0.1445245256424566,0.12030064620811272,0,0
BG_0380,1050715,0,matched_pseudo_absence,Assam,26.833573861722023,93.47611186331372,2018-12-18,26.5_93.0,0.04819917678833008,0.036667237601885116,0.23015135460504316,0.10500592299841945,0,0
BG_0381,1050610,0,matched_pseudo_absence,Mizoram,23.85182788493253,92.31436468713656,2021-06-12,23.5_92.0,0.03742441162467003,0.01704273703119341,0.14104783615077077,0.0651716616022114,0,0
