event_id,state,district_or_region,locality,latitude,longitude,location_precision,location_accuracy_m,event_date,year,month,monsoon_phase,landslide_type,trigger_factor,record_type,reliability_score,fatalities,is_fatal,severity_class,injuries,description,source_url,data_source
1048547,Assam,Assam,Guwahati,26.13140438,91.93086808,Medium (2-25km),15925,2004-07-15,2004,7,Monsoon (Jun-Sep),ND,rainfall (T),event,9,5,1,Moderate (3-5),,The incident occurred around 0200 hours following incessant rains which flooded Guwahati. Unauthorized residential colonies bore the brunt of the landslides. At least eight houses were destroyed in the landslide,http://www.webindia123.com/news/m_details.asp?newscode=61739&catcode=ENG3&subcatcode=,UGLC
1048389,Assam,Assam,Santipur,26.16833375,91.72831667,High (<2km),362,2004-07-15,2004,7,Monsoon (Jun-Sep),ND,rainfall (T),event,5,1,1,Minor (1-2),,ND,http://www.rediff.com/news/2004/jul/15assam.htm,UGLC
1048386,Assam,Assam,Fatasil Ambari,26.16175948,91.72188533,High (<2km),796,2004-07-15,2004,7,Monsoon (Jun-Sep),ND,rainfall (T),event,7,3,1,Moderate (3-5),,The incident occurred around 0200 hours following incessant rains which flooded Guwahati. Unauthorized residential colonies bore the brunt of the landslides.,http://www.webindia123.com/news/m_details.asp?newscode=61739&catcode=ENG3&subcatcode=,UGLC
1050630,Assam,Assam,Assam,26.35735036,92.82954074,Low (>25km),158023,2004-07-15,2004,7,Monsoon (Jun-Sep),ND,rainfall (T),event,9,5,1,Moderate (3-5),,Reported death toll from 103-106 is now 15,http://www.indianexpress.com/full_story.php?content_id=51141,UGLC
1050635,Mizoram,Mizoram,Mizoram,23.30680933,92.83619313,Low (>25km),82247,2004-07-29,2004,7,Monsoon (Jun-Sep),ND,rainfall (T),event,9,7,1,Severe (5+),,"Seven persons, including four women and 10-month-old infant, were killed and four injured when their vehicle skidded off the road and rolled down into 300 metres-deep gorge near Serkhan village, about 45 kilometres from here, police said on Thursday.  Th","http://www.hindustantimes.com/news/181_915665,000900030003.htm",UGLC
938324,Sikkim,Sikkim,Namchi,27.16551929,88.36456702,High (<2km),1454,2004-09-02,2004,9,Monsoon (Jun-Sep),ND,rainfall (T),event,9,5,1,Moderate (3-5),,"""""GFLD"", locality: 'Namchi',"" description: """"""""Five persons were killed in landslides triggered by heavy rains in Sikkim's south district"","" a senior police officer said.""""""""""""","http://www.hindustantimes.com/news/181_985927"",000900030011.htm",UGLC
1048548,Assam,Assam,Guwahati,26.13140438,91.93086808,Medium (2-25km),15925,2004-10-07,2004,10,Post-monsoon (Oct-Nov),ND,rainfall (T),event,9,7,1,Severe (5+),,"""""GFLD"", locality: 'Guwahati',"" description: 'Seven people were buried to death Thursday in a massive landslide here following the rains. """"""""At least six people were feared killed in a landslide at Jyotikuchi hillock near Kalapahari"","" under Dispur Police Station early today as rains continued in Assam'""""",http://www.keralanext.com/news/?id=53975,UGLC
1048377,Assam,Assam,Dhirenpara,26.13088435,91.71073619,High (<2km),1844,2004-10-08,2004,10,Post-monsoon (Oct-Nov),ND,rainfall (T),event,9,6,1,Severe (5+),,Landslides killed six persons and injured two at Dhirenpara in Fatashil Ambari,http://www.123bharath.com/news/index.php?action=fullnews&id=27038,UGLC
1050658,Mizoram,Mizoram,Aizawl,23.83655634,92.88807365,Low (>25km),33154,2005-08-01,2005,8,Monsoon (Jun-Sep),ND,rainfall (T),event,9,1,1,Minor (1-2),,"Zuangtui locality, Aizawl",http://www.newkerala.com/news.php?action=fullnews&id=10909,UGLC
1048549,Assam,Assam,Guwahati,26.13140438,91.93086808,Medium (2-25km),15925,2005-08-19,2005,8,Monsoon (Jun-Sep),ND,rainfall (T),event,9,2,1,Minor (1-2),,At least two people were killed and four injured in Guwahati in a landslide in the wee hours on Friday.  Landslides are a common phenomenon during monsoon season when heavy rains lash the region.  Local administration said that they had already warned th,ND,UGLC
1048378,Assam,Assam,Dhirenpara,26.13088435,91.71073619,High (<2km),1844,2005-08-24,2005,8,Monsoon (Jun-Sep),ND,rainfall (T),event,9,5,1,Moderate (3-5),,"The body of a one-year-old child was found at Dhirenpara this morning. The child’s mother was trapped in the rubble until reports last came in. “We found the body of infant Rahul Ali, while his mother, Anifa Begum, is believed to be still under the d",http://www.telegraphindia.com/1050826/asp/northeast/story_5157079.asp,UGLC
1048550,Assam,Assam,Guwahati,26.13140438,91.93086808,Medium (2-25km),15925,2005-08-24,2005,8,Monsoon (Jun-Sep),ND,rainfall (T),event,9,4,1,Moderate (3-5),,"At least five persons, four children and a woman, were killed in landslide at three different places of Guwahati on Wednesday.  Police said heavy rain in the city since Wednesday evening caused the landslide at the Fatashil Ambari, Maligaon and Santipur",http://timesofindia.indiatimes.com/articleshow/1210299.cms,UGLC
1048387,Assam,Assam,Fatasil Ambari,26.16175948,91.72188533,High (<2km),796,2005-08-24,2005,8,Monsoon (Jun-Sep),ND,rainfall (T),event,7,3,1,Moderate (3-5),,"At least five persons, four children and a woman, were killed in landslide at three different places of Guwahati on Wednesday.  Police said heavy rain in the city since Wednesday evening caused the landslide at the Fatashil Ambari, Maligaon and Santipur",http://timesofindia.indiatimes.com/articleshow/1210299.cms,UGLC
938387,Sikkim,Sikkim,Dikchu,27.40133744,88.52441984,High (<2km),351,2005-09-25,2005,9,Monsoon (Jun-Sep),ND,rainfall (T),event,5,3,1,Moderate (3-5),,"""""GFLD"", locality: 'Dikchu',"" description: """"""""Fifteen people have been killed in landslides and an avalanche in India's rain-lashed mountainous state of Sikkim"", local police said.  Seven members of a family died on Sunday when a landslide engulfed their house in the hillside village of Manzing,"" 100""""""""""""",http://www.abc.net.au/news/newsitems/200509/s1469741.htm,UGLC
1050584,Assam,Assam,Chandranathpur,24.96518283,92.69340028,High (<2km),1097,2006-06-12,2006,6,Monsoon (Jun-Sep),ND,rainfall (T),event,9,3,1,Moderate (3-5),,"In Assam, three women were killed Monday night in a landslide in Chandranathpur village in the southern Cachar district, about 310 km from the state’s main city of Guwahati.  ‘Three women died and eight more were seriously injured in the incident whe",http://indiaenews.com/2006-06/11235-floods-landslides-northeast-75000-displaced.htm,UGLC
1049243,Tripura,Tripura,CHURAIBARI,24.42795641,92.23424031,Medium (2-25km),2043,2006-06-13,2006,6,Monsoon (Jun-Sep),ND,rainfall (T),event,9,5,1,Moderate (3-5),,"Flash floods and mudslides triggered by heavy monsoon rains in the northeast killed eight people and displaced some 75,000 in Assam and Tripura, officials said Tuesday.  A Tripura government spokesman said five people, including three children, were kil",http://indiaenews.com/2006-06/11235-floods-landslides-northeast-75000-displaced.htm,UGLC
938444,Sikkim,Sikkim,East Sikkim,27.29288574,88.67133148,Medium (2-25km),17358,2006-08-03,2006,8,Monsoon (Jun-Sep),ND,rainfall (T),event,9,1,1,Minor (1-2),,"Rongli subdivision in East Sikkim has been cut off from the rest of the state following landslides triggered by heavy rainfall that lashed the area last night, claiming the life of a five-year-old girl besides destroying many houses in the sub-division.T",http://www.thestatesman.net/page.arcview.php?clid=10&id=152557&usrsess=1,UGLC
938422,Sikkim,Sikkim,"Sikkim, 13 km north of Gangtok",27.4459,88.6193,Medium (2-25km),5000,2007-04-11,2007,4,Pre-monsoon (Apr-May),earth slide,rainfall (T),report,9,0,0,No fatalities,0.0,"WebIndia123.com' '1000 tourists stranded, more than 180 vehicles stranded, 150 m stretch of road was covered, occurred at 2:00 local time",http://news.webindia123.com/news/ar_showdetails.asp?id=704100915&cat=&n_date=20070410,UGLC
938415,Sikkim,Sikkim,"Pangthang, on road b/t Gangtok and North Sikkim",27.3383,88.6069,Low (>25km),50000,2007-05-23,2007,5,Pre-monsoon (Apr-May),earth slide,rainfall (T),report,9,0,0,No fatalities,0.0,Sikkim times.com' 'along highway,http://www.thestatesman.net/page.arcview.php?clid=10&id=184730&usrsess=1,UGLC
938390,Sikkim,Sikkim,North Sikkim,27.74367525,88.52635367,Low (>25km),36744,2007-06-27,2007,6,Monsoon (Jun-Sep),ND,rainfall (T),event,9,2,1,Minor (1-2),,Two people were killed and several injured in a landslide that occurred around 12: 30 a.m. at Takchi Bojoghari village under Kabi Tingda area in North Sikkim about 8 km from Gangtok. The landslide also left the nearby houses in danger.  The dead were ide,http://www.thestatesman.net/page.news.php?clid=10&theme=&usrsess=1&id=161007,UGLC
1048380,Assam,Assam,Garchuk,26.10481582,91.7127005,High (<2km),955,2007-07-13,2007,7,Monsoon (Jun-Sep),ND,rainfall (T),event,7,2,1,Minor (1-2),,A woman Rita Das and her 8-month-old son Arpan Das were killed in a landslide caused by the massive cloudburst today afternoon. They were killed when sliding landmass covered them near their Katahbari residence under Garchuk police outpost in the city at,http://www.assamtribune.com/scripts/details.asp?id=jul1407/at012,UGLC
938328,Sikkim,Sikkim,Bardang near Singtam,27.1499,88.38,Medium (2-25km),25000,2007-07-16,2007,7,Monsoon (Jun-Sep),mudslide,rainfall (T),report,9,0,0,No fatalities,0.0,thestatesman.net' 'closest to predicted location of Gauhati (336.70 km),http://www.thestatesman.net/page.news.php?clid=10&theme=&usrsess=1&id=162949,UGLC
1048446,Assam,Assam,Guwahati,26.1699,91.7986,Medium (2-25km),25000,2007-07-19,2007,7,Monsoon (Jun-Sep),earth slide,rainfall (T),report,9,6,1,Severe (5+),0.0,Saharas Samay' 'closest to predicted location of Gauhati (167.34 km),http://www.saharasamay.com/samayhtml/articles.aspx?newsid=80536,UGLC
1048441,Assam,Assam,Ganesh Nagar,26.19758217,91.79057805,High (<2km),897,2007-07-19,2007,7,Monsoon (Jun-Sep),ND,rainfall (T),event,7,7,1,Severe (5+),,"At least six persons were killed when their house was buried in a landslide in the Ganesh Nagar area here today.  The six persons belonging to the same family were sleeping when the landslide, caused by torrential rain in the early hours, buried their ho",http://www.hindu.com/thehindu/holnus/004200707191540.htm,UGLC
1050662,Mizoram,Mizoram,Lawngtlai,22.533,92.899,Medium (2-25km),25000,2007-07-30,2007,7,Monsoon (Jun-Sep),earth slide,rainfall (T),report,9,0,0,No fatalities,0.0,Red Cross - Field reports' 'road networks disrupted,https://www-secure.ifrc.org/dmis/prepare/view_report.asp?ReportID=2987,UGLC
1050668,Mizoram,Mizoram,Saiha,22.479,92.967,Medium (2-25km),25000,2007-07-30,2007,7,Monsoon (Jun-Sep),earth slide,rainfall (T),report,9,0,0,No fatalities,0.0,Red Cross - Field reports' 'road networks disrupted,https://www-secure.ifrc.org/dmis/prepare/view_report.asp?ReportID=2987,UGLC
938236,Sikkim,Sikkim,DENTAM,27.25638429,88.13612339,High (<2km),1011,2007-08-02,2007,8,Monsoon (Jun-Sep),ND,rainfall (T),event,9,3,1,Moderate (3-5),,"Three members of a family - a mother and her two children – were killed today when their house collapsed in a landslide in West Sikkim.\nThe landslide took place in the early hours today at Dantam, DIG (range) Mr Akshay Sachdeva said.  Kumar Pradhan, hi",http://www.thestatesman.net/page.news.php?clid=1&theme=&usrsess=1&id=164902,UGLC
1050913,Manipur,Manipur,Tamenglong,24.9667,93.55,Medium (2-25km),5000,2007-08-26,2007,8,Monsoon (Jun-Sep),mudslide,rainfall (T),report,9,1,1,Minor (1-2),0.0,"kanglaonline.com' 'man killed along road cut, many events in this area affecting people and livestock, occurred at 5:30 pm",http://www.kanglaonline.com/index.php?template=headline&newsid=39058&typeid=1,UGLC
1050834,Manipur,Manipur,Tamenglong,24.95138801,93.52811839,Low (>25km),36550,2007-08-26,2007,8,Monsoon (Jun-Sep),ND,rainfall (T),event,9,1,1,Minor (1-2),,Continuing mudslides in Tamenglong claimed one life while another was rescued by the people on Sunday even as many persons were left homeless yesterday.  Fresh mudslides occurred at different parts of the district as uninterrupted rain since the last thr,http://www.kanglaonline.com/index.php?template=headline&newsid=39058&typeid=1,UGLC
1050634,Assam,Assam,Shillong Road at Kuliang in the Jaintia Hills,25.2946,92.8339,,-99999,2007-08-26,2007,8,Monsoon (Jun-Sep),earth slide,rainfall (T),report,10,0,0,No fatalities,0.0,Telegraph India' 'Telegraph India,http://www.telegraphindia.com/1070830/asp/northeast/story_8253906.asp,UGLC
1057207,Manipur,Manipur,"Velnal village, Tamei sub-division and Toribari village (3 kilometer toward Tamei from Kangpokpi)",25.1333,93.9667,Medium (2-25km),25000,2007-08-31,2007,8,Monsoon (Jun-Sep),earth slide,rainfall (T),report,9,0,0,No fatalities,0.0,"kanglaonline.com' 'multiple events occurring over 3 days, isolated 70 villages along IT roadway",http://www.kanglaonline.com/index.php?template=headline&newsid=39138&typeid=2,UGLC
938381,Sikkim,Sikkim,"National Highway 31A between Rangpo and Tarkhola, in East Sikkim",27.201,88.4883,Medium (2-25km),25000,2007-09-07,2007,9,Monsoon (Jun-Sep),earth slide,rainfall (T),report,9,0,0,No fatalities,0.0,thestatesman.net' 'over 18 places along road disrupted traffic and blocked areas,http://www.thestatesman.net/page.news.php?clid=10&id=169368&usrsess=1,UGLC
1057438,Manipur,Manipur,"Lower Shajouba village near Tadubi along NH 39, Manipur",25.0604,93.9877,Low (>25km),50000,2007-09-08,2007,9,Monsoon (Jun-Sep),earth slide,rainfall (T),report,9,0,0,No fatalities,0.0,"kanglaonline.com' 'occurred along NH 39, unsure of exact location",http://www.kanglaonline.com/index.php?template=headline&newsid=39218&typeid=2,UGLC
938319,Sikkim,Sikkim,Hingdam village in South Sikkim,27.1667,88.35,Low (>25km),50000,2007-09-09,2007,9,Monsoon (Jun-Sep),earth slide,rainfall (T),report,9,1,1,Minor (1-2),0.0,"Sikkim times.com' 'many people displaced, houses damaged",http://sikkimnews.blogspot.com/,UGLC
1057853,Manipur,Manipur,"Mao in Manipur, Phipema and Chunikhudima in Nagaland",25.4993,94.1192,Medium (2-25km),25000,2007-09-09,2007,9,Monsoon (Jun-Sep),earth slide,rainfall (T),report,9,0,0,No fatalities,0.0,"kanglaonline.com' 'along NH 39, multiple heavy events, blocked traffic significantly",http://www.kanglaonline.com/index.php?template=headline&newsid=39229&typeid=2,UGLC
1057817,Manipur,Manipur,Wamkhu village along the Tengnoupal-Joupi road in Chandel district,24.2451,94.0691,Medium (2-25km),25000,2007-09-10,2007,9,Monsoon (Jun-Sep),earth slide,rainfall (T),report,9,0,0,No fatalities,0.0,"e-Pao.net' '50 meter stretch on road, timing is unknown but it blocked traffic",http://www.e-pao.net/GP.asp?src=Snipp7..120907.sep07,UGLC
938445,Sikkim,Sikkim,East Sikkim,27.29288574,88.67133148,Medium (2-25km),17358,2007-09-10,2007,9,Monsoon (Jun-Sep),ND,rainfall (T),event,9,1,1,Minor (1-2),,Heavy rain last night triggered landslides that led to the death of one person in Sikkim.  Seventeen-year-old Sapna Rai died while her sister Rupa sustained multiple injuries on her face when a landslide struck their house at Rhodong village near Rhey in,http://www.telegraphindia.com/1070911/asp/siliguri/story_8300563.asp,UGLC
938423,Sikkim,Sikkim,Rhodong village near Rhey in East Sikkim,27.3425,88.6236,Medium (2-25km),10000,2007-09-10,2007,9,Monsoon (Jun-Sep),earth slide,rainfall (T),report,9,0,0,No fatalities,0.0,"Telegraph India' 'destroyed a house, killed 1 and injured 1",http://www.telegraphindia.com/1070911/asp/siliguri/story_8300563.asp,UGLC
1057807,Manipur,Manipur,"NH-39 at Imphal-Moreh section, Lokchao largest event",24.4279,94.0564,Low (>25km),50000,2007-09-11,2007,9,Monsoon (Jun-Sep),earth slide,rainfall (T),report,9,3,1,Moderate (3-5),0.0,"kanglaonline.com' 'multiple landslides (6 locations) along NH 39, blocked traffic",http://www.kanglaonline.com/index.php?template=headline&newsid=39255&typeid=1,UGLC
938382,Sikkim,Sikkim,"National Highway 31A, between Singtam and Rangpo",27.2084,88.4909,Medium (2-25km),5000,2007-09-11,2007,9,Monsoon (Jun-Sep),debris flow,rainfall (T),report,9,0,0,No fatalities,0.0,"thestatesman.net' 'occurred in afternoon, slide was 40 m long, disrupted traffic",http://www.thestatesman.net/page.news.php?clid=10&theme=&usrsess=1&id=169578,UGLC
1048449,Assam,Assam,Guwahati,26.1833,91.8,Medium (2-25km),10000,2007-09-13,2007,9,Monsoon (Jun-Sep),earth slide,rainfall (T),report,9,0,0,No fatalities,0.0,"Saharas Samay' 'landslide hit house and buried a family, occurred at 3am",http://www.saharasamay.com/samayhtml/articles.aspx?newsid=84791,UGLC
1048551,Assam,Assam,Guwahati,26.13140438,91.93086808,Medium (2-25km),15925,2007-09-15,2007,9,Monsoon (Jun-Sep),ND,rainfall (T),event,9,3,1,Moderate (3-5),,"Three people were killed and four wounded Saturday in landslides triggered by heavy rains in Assam, taking the death toll in floods and mudslides since July to 77, officials said.  A police official said three houses in Guwahati were demolished when a hi",http://www.newkerala.com/oct.php?action=fullnews&id=493,UGLC
1050607,Assam,Assam,Bilaipur,24.52029991,92.72826503,High (<2km),412,2007-09-16,2007,9,Monsoon (Jun-Sep),ND,rainfall (T),event,5,3,1,Moderate (3-5),,"Floods gave Assam no respite today with the rain-fed Brahmaputra and Barak remaining in spate and the death count touching 52, as many as 28 of them in the Barak Valley alone. Three children of a family were buried in a landslide at Bilaipur village of H",http://www.telegraphindia.com/1070917/asp/northeast/story_8324620.asp,UGLC
938298,Sikkim,Sikkim,Geyzing-Jorethang road and Naya Bazar-Legship road,27.2872,88.2816,Low (>25km),50000,2007-09-18,2007,9,Monsoon (Jun-Sep),earth slide,rainfall (T),report,9,0,0,No fatalities,0.0,thestatesman.net' 'along multiple roads in province,http://www.thestatesman.net/page.arcview.php?clid=10&id=198313&usrsess=1,UGLC
1050582,Mizoram,Mizoram,"National Highway, 45 Aizwal (Mizoram)",24.1293,92.6921,Low (>25km),50000,2007-09-29,2007,9,Monsoon (Jun-Sep),earth slide,rainfall (T),report,9,0,0,No fatalities,0.0,"Newkerala' 'unsure of exact day, landslides blocked road somewhere in province",http://www.newkerala.com/oct.php?action=fullnews&id=7498,UGLC
1057849,Manipur,Manipur,"Maram-Purul Road, Karong Assembly Constituency of Senapati district, Manipur",25.4379,94.1162,Low (>25km),50000,2007-10-19,2007,10,Post-monsoon (Oct-Nov),earth slide,rainfall (T),report,9,0,0,No fatalities,0.0,"e-Pao.net' 'occurred at 3 places along road (23 km), unsure of exact date within past 5 days",http://www.e-pao.net/GP.asp?src=5..211007.oct07,UGLC
1050772,Manipur,Manipur,National Highway 53 at Nungba in Tamenglong district of Manipur,24.75,93.4333,Medium (2-25km),25000,2007-10-21,2007,10,Post-monsoon (Oct-Nov),earth slide,rainfall (T),report,9,0,0,No fatalities,0.0,Hmar.net' 'blocked road,http://hmar.net/?p=1870,UGLC
1048552,Assam,Assam,Guwahati,26.13140438,91.93086808,Medium (2-25km),15925,2008-04-13,2008,4,Pre-monsoon (Apr-May),ND,rainfall (T),event,9,3,1,Moderate (3-5),,Three members of a family including a six-month pregnant woman were killed while several houses were damaged when a powerful storm followed by landslide hit city’s Bongali Basti area in Ramsali Hills near Kharghuli under Latasil Police station in the w,http://www.assamtribune.com/scripts/details.asp?id=apr1608/at05,UGLC
1057337,Manipur,Manipur,"near Kuloor church, in Manipur along National Highway",24.6596,93.9784,,-99999,2008-06-09,2008,6,Monsoon (Jun-Sep),earth slide,rainfall (T),report,10,0,0,No fatalities,0.0,"daijiworld' 'difficult to determine location, heavy rains throughout Manipur state","http://www.daijiworld.com/news/news_disp.asp?n_id=47500&n_tit=Mangalore:+Monsoon+Continues+to+Strike;+Landslide,+Houses+Collapse",UGLC
1057861,Assam,Assam,Lakhimpur,27.1743511,94.13502058,Low (>25km),30654,2008-06-14,2008,6,Monsoon (Jun-Sep),ND,rainfall (T),event,9,1,1,Minor (1-2),,"At least 14 people were killed and 30 injured in a series of landslides in Arunachal Pradesh on Saturday following incessant rain.  There were seven deaths reported from Naharlagun, six from Itanagar, and one in Banderdewa.  Papumpare deputy commissioner",http://sify.com/news/fullstory.php?id=14694665,UGLC
1057827,Assam,Assam,"Lakhimpur district, Bihpuria, Assam",27.2298,94.0989,Medium (2-25km),25000,2008-06-15,2008,6,Monsoon (Jun-Sep),earth slide,rainfall (T),report,9,17,1,Severe (5+),0.0,"Telegraph India' 'heavy flooding and landslides in Assam and Arunachal Pradesh, difficult to determine if casualties were from flooding or landslides",http://www.telegraphindia.com/1080616/jsp/northeast/story_9416169.jsp,UGLC
1054158,Manipur,Manipur,"Namkaoluang village, Tamenglong-Sangrung (Khongsang) road, NH-53, Manipur",24.9336,93.8275,Medium (2-25km),25000,2008-06-19,2008,6,Monsoon (Jun-Sep),mudslide,rainfall (T),report,9,0,0,No fatalities,0.0,kanglaonline' 'mudslide 30-40 feet long,http://www.kanglaonline.com/index.php?template=headline&newsid=42473&typeid=2,UGLC
1048553,Assam,Assam,Guwahati,26.13140438,91.93086808,Medium (2-25km),15925,2008-06-19,2008,6,Monsoon (Jun-Sep),ND,rainfall (T),event,9,1,1,Minor (1-2),,The weatherman today warned of heavy to very heavy rain in the city and the rest of the region in the next 48 hours as the residents of Guwahati grappled in waist-deep water at many places following last night’s cloudburst.  The Met office attributed t,http://www.telegraphindia.com/1080621/jsp/northeast/story_9441137.jsp,UGLC
1048400,Tripura,Tripura,Tripura,23.74450253,91.74176515,Low (>25km),57912,2008-07-15,2008,7,Monsoon (Jun-Sep),ND,rainfall (T),event,9,1,1,Minor (1-2),,"At least one person was killed and three others injured in landslides triggered by heavy monsoon rains in Tripura Tuesday. “Samra (Bhill) Munda,45, died on the spot when a mound of earth slipped on his house early Tuesday, while he was sleeping with h",http://www.thaindian.com/newsportal/uncategorized/one-killed-as-heavy-rain-triggers-landlsides-in-tripura_10071881.html,UGLC
1057562,Assam,Assam,"Kimin-Ziro road in Papum Pare district, road between Doimukh and Sagalee, Doimukh-Hoj road; Arunachal Pradesh",27.163,94.0,Low (>25km),50000,2008-08-14,2008,8,Monsoon (Jun-Sep),earth slide,rainfall (T),report,9,0,0,No fatalities,0.0,morungexpress' 'landslides triggered in various parts of Arunachal Pradesh,http://www.morungexpress.com/regional/1615.html,UGLC
938418,Sikkim,Sikkim,"Ranka, Sikkim and Louing road",27.337,88.609,Medium (2-25km),25000,2008-08-28,2008,8,Monsoon (Jun-Sep),earth slide,rainfall (T),report,9,0,0,No fatalities,0.0,"beacononline.wordpress' 'most affected villages of block level are Pabing, Changram, Doksing and Thami Dara",http://beacononline.wordpress.com/2008/08/31/landslide-victims-being-compensated/,UGLC
1057851,Assam,Assam,North Lakhimpur,27.2333,94.1167,Low (>25km),50000,2008-10-29,2008,10,Post-monsoon (Oct-Nov),earth slide,rainfall (T),report,9,0,0,No fatalities,0.0,"rttnews' 'flooding and landslides, Floods and landslides caused by heavy rains over the last three days have killed at least seven people and displaced thousands more in the northeastern states of India",http://www.rttnews.com/ArticleView.aspx?Id=758386&SMap=1,UGLC
1048329,Assam,Assam,"Kamrup, and Sonitpur, Assam",26.3333,91.25,Low (>25km),50000,2008-10-29,2008,10,Post-monsoon (Oct-Nov),earth slide,rainfall (T),report,9,7,1,Severe (5+),0.0,"in.reuters' 'flooding and landslides, Floods and landslides caused by heavy rains over the last three days have killed at least seven people and displaced thousands more in the northeastern states of India",http://in.reuters.com/article/topNews/idINIndia-36198420081029,UGLC
938396,Sikkim,Sikkim,"4th Mile, Lower Mangshila in North Sikkim",27.478,88.527,High (<2km),1000,2009-07-01,2009,7,Monsoon (Jun-Sep),earth slide,rainfall (T),report,7,0,0,No fatalities,0.0,Telegraph India' 'Landslides triggered by heavy rains hit an iron bridge on the North Sikkim Highway over Bar Khola at 4th Mile at around 5:40 am.,https://www.telegraphindia.com/1090707/jsp/siliguri/story_11202557.jsp,UGLC
938237,Sikkim,Sikkim,"Sombaria, West Sikkim",27.2644,88.1365,Medium (2-25km),10000,2009-08-19,2009,8,Monsoon (Jun-Sep),earth slide,rainfall (T),report,9,2,1,Minor (1-2),0.0,"beacononline.wordpress' 'Two persons were killed and 10 others were injured following a series of landslides and flashfloods triggered by incessant rains in Sombaria and Daramdin in west Sikkim since last night. According to the SDO, Soreng, Mr Bhim Thatal, Puspa Mani Pradhan an",http://beacononline.wordpress.com/2009/08/21/sikkim-landslides-disturb-power-lines-link-roads/,UGLC
938364,Sikkim,Sikkim,"Melli Chalisey, Sikkim",27.1344,88.4575,Medium (2-25km),5000,2009-08-20,2009,8,Monsoon (Jun-Sep),earth slide,rainfall (T),report,9,0,0,No fatalities,0.0,"beacononline.wordpress' 'Minor landslides have also occurred at Melli Chalisey where one kachha house belonging to Khem Bahadur Ghataney has been affected. According to the residents, the house belonging to Khem Bahadur, which has been tilting is likely to affect other nearby ho",http://beacononline.wordpress.com/2009/08/21/sikkim-landslides-disturb-power-lines-link-roads/,UGLC
938239,Sikkim,Sikkim,Sombaria and Daramdin area,27.13798514,88.15516991,Medium (2-25km),2338,2009-08-20,2009,8,Monsoon (Jun-Sep),ND,rainfall (T),event,9,2,1,Minor (1-2),,Two persons were killed and ten others injured in flash flood and landslides due to incessant rains in west Sikkim today.\n\nPuspa Pradhan and Sameer Subba were killed and ten others were injured when a pile of boulders and mudslides fell on their houses d,http://www.ptinews.com/news/240261_2-killed-in-landslides-in-West-Sikkim,UGLC
1050739,Assam,Assam,Lumding-Badarpur section in North Cachar Hills district,25.5215,93.1645,Medium (2-25km),25000,2009-08-20,2009,8,Monsoon (Jun-Sep),earth slide,rainfall (T),report,9,0,0,No fatalities,0.0,"prokerala' 'The rail services between rest of India and southern Assam, Tripura, Mizoram and Manipur have been suspended since Aug 20 following extensive landslides on the Lumding-Badarpur section in North Cachar Hills district",http://www.prokerala.com/news/articles/a75292.html,UGLC
938397,Sikkim,Sikkim,"NH31A, Mile 27 near Rambi",27.1761,88.5287,Medium (2-25km),25000,2009-08-20,2009,8,Monsoon (Jun-Sep),mudslide,rainfall (T),report,9,0,0,No fatalities,0.0,"beacononline.wordpress' 'Vehicles ply on 27 Mile, a landslide-affected stretch of NH31A, after fresh mudslide on Monday. The rain-triggered landslides and cave-ins have reduced the highway to a potholed and slushy track at numerous places, leading to frequent traffic jams and in",http://beacononline.wordpress.com/2009/08/25/kalimpong-highway-doom-for-hill-economy/,UGLC
1050792,Manipur,Manipur,"Tamei, Tamenglong district on Imphal-Tamenglong (IT) road",24.9925,93.5,Medium (2-25km),10000,2009-08-20,2009,8,Monsoon (Jun-Sep),earth slide,rainfall (T),report,9,0,0,No fatalities,0.0,"kanglaonline' 'Landslides on the Imphal-Tamenglong (IT) road have put the people of Tamei, Tamenglong district in difficult times as the stock of essential supplies required for daily use are running short and the concerned department of the state government is not doi",http://www.kanglaonline.com/index.php?template=headline&newsid=48686&typeid=2,UGLC
938454,Sikkim,Sikkim,"17th Mile towards Tsomgo Lake, near Kyongsala, Sikkim",27.3746,88.7648,Medium (2-25km),25000,2009-08-26,2009,8,Monsoon (Jun-Sep),earth slide,rainfall (T),report,9,0,0,No fatalities,0.0,beacononline.wordpress' 'A major landslide at 17th Mile towards Tsomgo Lake has become a major factor of disappointment for the tourists visiting Sikkim. Almost all the tourists visiting Sikkim have expressed dissatisfaction for losing their chance to visit the famous high altit,http://beacononline.wordpress.com/2009/08/28/sikkim-landslides-at-17th-mile-%E2%80%93-the-bane-of-tourism/,UGLC
1050706,Assam,Assam,between Mahur and Phaiding railway stations on Barail hills (Mahur and Barail hills located),25.1718,93.123,Medium (2-25km),10000,2009-08-27,2009,8,Monsoon (Jun-Sep),earth slide,rainfall (T),report,9,0,0,No fatalities,0.0,"prokerala' 'The landslides, triggered by torrential rains, took place between Mahur and Phaiding railway stations. The landslides and rock slips damaged the tracks extensively. A 100-metre stretch of track between Mahur and Phaiding had gone under the mud and soil t",http://www.prokerala.com/news/articles/a75292.html,UGLC
1057936,Manipur,Manipur,"Road stretch from Gammom to Chamu village, under Kamjong block, Ukhrul district, Manipur",24.8628,94.4182,Low (>25km),50000,2009-08-30,2009,8,Monsoon (Jun-Sep),earth slide,rainfall (T),report,9,0,0,No fatalities,0.0,"e-pao.net' 'Following heavy landslide on the road stretch from Gammom to Chamu village, under Kamjong block, Ukhrul district, several villages have been cut off from the outside world for the last seven days. Eight villages are situated along the 8 km stretch of roa",http://e-pao.net/GP.asp?src=9..070909.sep09,UGLC
938419,Sikkim,Sikkim,"4th Mile on road between Rongli, Rhenock and Rangpo in East Sikkim.",27.1954,88.6115,Medium (2-25km),5000,2009-09-17,2009,9,Monsoon (Jun-Sep),earth slide,rainfall (T),report,9,0,0,No fatalities,0.0,"sikkimnews.blogspot' 'A massive landslide that occurred in the morning of September 17 at 4th Mile has completely disrupted the traffic movement between Rongli, Rhenock and Rangpo in East Sikkim. The entire stretch has been washed away by the landslide creating trouble for th",http://sikkimnews.blogspot.com/2009/09/landslides-at-4th-mile-disrupts-traffic.html,UGLC
1050598,Mizoram,Mizoram,"Chhinga Veng, Aizawl",23.73478778,92.72124394,Medium (2-25km),5000,2009-10-05,2009,10,Post-monsoon (Oct-Nov),earth slide,rainfall (T),report,9,3,1,Moderate (3-5),0.0,"ptinews' 'Three persons, including a five-year-old girl, were killed and ten others injured when a massive landslide triggered by rains swept away a building at Chhinga Veng locality here, police said. Besides a five-year-old girl, her grandmother and a 23-year-ol",http://www.ptinews.com/news/316483_Three-killed--ten-injured-in-Mizoram-landslide,UGLC
1050600,Mizoram,Mizoram,AIZAWL,23.73719685,92.72342008,Medium (2-25km),7696,2009-10-06,2009,10,Post-monsoon (Oct-Nov),ND,rainfall (T),event,9,3,1,Moderate (3-5),,"Aizawl, Oct 6 (PTI) Three persons, including a five-year-old girl, were killed and ten others injured when a massive landslide triggered by rains swept away a building at Chhinga Veng locality here, police said.\n\nBesides a five-year-old girl, her grandmo",http://www.ptinews.com/news/316483_Three-killed--ten-injured-in-Mizoram-landslide,UGLC
1056342,Manipur,Manipur,"LangthAbal Khoupum, Imphal, Manipur",24.7339,93.9161,Medium (2-25km),5000,2010-03-27,2010,3,Dry season (Dec-Mar),mudslide,rainfall (T),report,9,0,0,No fatalities,0.0,"news.oneindia' 'Pre-monsoon rains and a heavy storm  have created havoc in Manipur state.  Sudden sporadic downpours accompanied by heavy storm, which struck late on Saturday (March 27), left a trail of mass destruction in both the valley and hilly areas, as several roo",http://news.oneindia.in/2010/03/29/rainsstorm-cause-havoc-inmanipur.html,UGLC
1050647,Assam,Assam,Cachar,24.81395989,92.85687296,Low (>25km),34718,2010-04-01,2010,4,Pre-monsoon (Apr-May),ND,rainfall (T),event,9,3,1,Moderate (3-5),,"""""GFLD"", locality: 'Cachar',"" description: """"""""Three children in the age group of two to seven years were killed while their parents seriously injured when their house collapsed due to the impact of torrential rain in Assam's Cachar district.\nThe incident took place at Paglanala forest village near D""""""""""""",http://www.centralchronicle.com/viewnews.asp?articleID=31495,UGLC
1050679,Assam,Assam,"Paglanala village, Dholai Block, near Dwarbandh locality of the district, Cachar district (could only find district) 45 km from Silchar, Assam",25.1553,93.028,Medium (2-25km),25000,2010-04-01,2010,4,Pre-monsoon (Apr-May),earth slide,rainfall (T),report,9,3,1,Moderate (3-5),0.0,"en.apa' 'The latest disaster has come from Assam where three children aged 7, 5 and 2 were crushed to death after the side of a mountain slid onto their house in Cachar, wiping it out. Their parents, Deepak and Supriti Roy, who survived the catastrophe were serio",http://en.apa.az/news.php?id=119178,UGLC
938416,Sikkim,Sikkim,"Natl. Highway 31-A at Pani House(?), Gangtok",27.3341,88.6083,Medium (2-25km),5000,2010-04-17,2010,4,Pre-monsoon (Apr-May),earth slide,rainfall (T),report,9,0,0,No fatalities,0.0,"voiceofsikkim.com' 'Much ahead of the Monsoon, Gangtok is already reeling under the ipact of incessant rains and resultant landslides.  The Gangtok traffic came to a stand still when a major landslide hit the road at Pani House this afternoon. The highway was blocked for se",http://voiceofsikkim.com/2010/04/18/rains-trigger-major-landslide-at-pani-house/,UGLC
938417,Sikkim,Sikkim,"Nam Nang, Gangtok",27.322,88.6087,High (<2km),1000,2010-04-17,2010,4,Pre-monsoon (Apr-May),earth slide,rainfall (T),report,7,0,0,No fatalities,0.0,"voiceofsikkim.com' 'On the same day, another minor landslide was reported at Nam-Nang.",http://voiceofsikkim.com/2010/04/18/rains-trigger-major-landslide-at-pani-house/,UGLC
1048279,Assam,Assam,Gauripur,26.10159837,90.02789028,Low (>25km),29753,2010-04-18,2010,4,Pre-monsoon (Apr-May),ND,rainfall (T),event,9,1,1,Minor (1-2),,"Rain and thundersqualls claimed six lives in lower Assam and disrupted life in the Barak Valley, uprooting trees and snapping electricity lines, as neighbouring Manipur prepared for a possible flood.\n\nBahrul Islam,25, of Basbari village and Tilak Roy, 3",http://www.telegraphindia.com/1100422/jsp/northeast/story_12364583.jsp,UGLC
1048419,Assam,Assam,"Raj Bhavan Guwahati, Assam",26.1978,91.7665,High (<2km),0,2010-04-20,2010,4,Pre-monsoon (Apr-May),earth slide,rainfall (T),report,1,0,0,No fatalities,0.0,"assamtribune' 'GUWAHATI, April 20 – Civic woes of Guwahatians is continuing to unfold its murkier side with incessant downpour today forcing district administration to engage National Disaster Response Force (NDRF) to facilitate movement of residents of low-lying are",http://www.assamtribune.com/scripts/detailsnew.asp?id=apr2110/at06,UGLC
1048414,Assam,Assam,"Kharghuli, Guwahati, Assam",26.1965,91.763,High (<2km),1000,2010-04-20,2010,4,Pre-monsoon (Apr-May),earth slide,rainfall (T),report,7,0,0,No fatalities,0.0,"assamtribune' 'GUWAHATI, April 20 – Civic woes of Guwahatians is continuing to unfold its murkier side with incessant downpour today forcing district administration to engage National Disaster Response Force (NDRF) to facilitate movement of residents of low-lying are",http://www.assamtribune.com/scripts/detailsnew.asp?id=apr2110/at06,UGLC
1050648,Assam,Assam,Cachar,24.81395989,92.85687296,Low (>25km),34718,2010-04-24,2010,4,Pre-monsoon (Apr-May),ND,rainfall (T),event,9,3,1,Moderate (3-5),,"The State Government today reviewed the damages caused by the devastating storm on April 24 and according to reports received from various districts, at least 21 persons lost their lives and thousands were rendered homeless.\n\nOfficial sources said that a",http://www.assamtribune.com/scripts/detailsnew.asp?id=apr2710/at095,UGLC
938433,Sikkim,Sikkim,"North Sikkiim Highway, periphery of Gangtok, Sikkim East district",27.3543,88.6428,Medium (2-25km),5000,2010-05-31,2010,5,Pre-monsoon (Apr-May),earth slide,rainfall (T),report,9,0,0,No fatalities,0.0,sify.com' 'Over 500 tourists were stranded in the periphery of Gangtok since Monday night following multiple landslides triggered by heavy rainfall in Sikkim.  Sikkim Deputy Inspector General of Police S. Rao said the landslides occurred in the Sikkim East district,http://sify.com/news/500-tourists-stranded-in-Sikkim-due-to-landslides-news-National-kgca4ibdgfd.html,UGLC
1050277,Assam,Assam,Rongpur village under Bhairabhnagar panchayat in Karimganj district,24.6005,92.3814,Medium (2-25km),25000,2010-06-03,2010,6,Monsoon (Jun-Sep),earth slide,rainfall (T),report,9,2,1,Minor (1-2),0.0,Telegraph India' 'Two died and five others were injured yesterday around 5am when their bamboo huts were crushed in a mudslide on the foothills at Rongpur village under Bhairabhnagar panchayat in Karimganj district.  Sources in Karimganj police station today said the dead,http://www.telegraphindia.com/1100605/jsp/northeast/story_12529386.jsp,UGLC
1050289,Assam,Assam,Rongpur,24.28898101,92.38885624,High (<2km),878,2010-06-03,2010,6,Monsoon (Jun-Sep),ND,rainfall (T),event,7,2,1,Minor (1-2),,Two died and five others were injured yesterday around 5am when their bamboo huts were crushed in a mudslide on the foothills at Rongpur village under Bhairabhnagar panchayat in Karimganj district.\n\nSources in Karimganj police station today said the dead,http://www.telegraphindia.com/1100604/jsp/northeast/story_12525492.jsp,UGLC
1048412,Tripura,Tripura,"atharamura hills, Highway 44, Tripura",23.8986,91.7599,Medium (2-25km),5000,2010-06-03,2010,6,Monsoon (Jun-Sep),earth slide,rainfall (T),report,9,0,0,No fatalities,0.0,"Telegraph India' 'Heavy rainfall across Tripura with the onset of monsoon has created serious transportation problems, intensified by landslides along National Highway 44, and disruption of power supply.  The monsoon hit the state on Wednesday, nearly a week early, and ti",http://www.telegraphindia.com/1100605/jsp/northeast/story_12529386.jsp,UGLC
1050796,Manipur,Manipur,"Irang(?) and Barak(?) and Makru(?) on highway 53 between Imphal and Jiribam, Manipur",24.7543,93.5039,Low (>25km),50000,2010-06-07,2010,6,Monsoon (Jun-Sep),earth slide,rainfall (T),report,9,0,0,No fatalities,0.0,"e-pao.net' 'The Ministerial team led by Works Minister K Rajit, along with 450 loaded trucks carrying different commodities, arrived at Imphal after over-coming landslides in different parts of the National Highway 53 .  The team returned after inspecting the condit",http://e-pao.net/GP.asp?src=3..100610.jun10,UGLC
1048325,Assam,Assam,"Ishok Chingphu(?), Bishnupur, Assam",25.8833,91.2,Low (>25km),50000,2010-06-09,2010,6,Monsoon (Jun-Sep),earth slide,rainfall (T),report,9,0,0,No fatalities,0.0,"e-pao.net' 'Imphal, June 09 2010: Three houses were damaged in mudslide from the hill at Ishok Chingphu in Bishnupur district today causing damaged to properties worth around Rs 2 lakh.  The collapsed houses belonged to Pukhrambam Rame son of Chaoba, Huidrom Shamu a",http://e-pao.net/GP.asp?src=Snipp3..100610.jun10,UGLC
1050741,Assam,Assam,"rails between Mahur and Wadringdisa(?), Assam",25.2269,93.1658,Medium (2-25km),25000,2010-06-15,2010,6,Monsoon (Jun-Sep),earth slide,rainfall (T),report,9,0,0,No fatalities,0.0,"""""COOLR_R"", locality: 'rails between Mahur and Wadringdisa(?), Assam',"" description: 'ptinews' """"""""Train services in central Assam's North Cachar Hills district have been disrupted due to heavy landslides and a three-day railway blockade called by a students organisation today.  The landslide and blockade affected the Agartala Special"", Cachar Express,""""""""""""""",http://www.ptinews.com/news/721800_Landslides--blockade-hit-trains-services-in-NC-Hills,UGLC
1050621,Assam,Assam,"rails between Jatinga and Longrangjao(?), Assam",25.0633,92.8025,Medium (2-25km),25000,2010-06-16,2010,6,Monsoon (Jun-Sep),earth slide,rainfall (T),report,9,0,0,No fatalities,0.0,"""""COOLR_R"", locality: 'rails between Jatinga and Longrangjao(?), Assam',"" description: 'ptinews' """"""""Train services in central Assam's North Cachar Hills district have been disrupted due to heavy landslides and a three-day railway blockade called by a students organisation today.  The landslide and blockade affected the Agartala Special"", Cachar Express,""""""""""""""",http://www.ptinews.com/news/721800_Landslides--blockade-hit-trains-services-in-NC-Hills,UGLC
938438,Sikkim,Sikkim,"Zang(?), east Sikkim",27.5509,88.6475,,-99999,2010-07-21,2010,7,Monsoon (Jun-Sep),earth slide,rainfall (T),report,10,0,0,No fatalities,0.0,"himalnews.wordpress' 'Gangtok, July 21: Five houses were destroyed by landslides triggered by incessant rain at Zang in East Sikkim early this morning. Nobody was hurt as families living in these houses could escape just before the slides struck.",http://himalnews.wordpress.com/2010/07/22/natural-disasters-landslides-destroy-houses/,UGLC
938405,Sikkim,Sikkim,"Singtam-Mangan rd, Sikkim",27.3773,88.559,Medium (2-25km),25000,2010-07-21,2010,7,Monsoon (Jun-Sep),earth slide,rainfall (T),report,9,0,0,No fatalities,0.0,kuenselonline' 'Five houses were destroyed by landslides triggered by incessant rain at Zang in East Sikkim early this morning. Nobody was hurt as families living in these houses could escape just before the slides struck.  The mud slides also blocked the Singtam-Mangan,http://www.kuenselonline.com/modules.php?name=News&file=article&sid=16186,UGLC
1050620,Assam,Assam,"road between Halfong and Redzol(?) or Silchar, Assam",25.0477,92.801,Medium (2-25km),25000,2010-07-25,2010,7,Monsoon (Jun-Sep),earth slide,rainfall (T),report,9,0,0,No fatalities,0.0,Telegraph India' 'Landslides coupled with lack of maintenance have cut off road link between Haflong and Silchar.  The situation became worse after a few spells of heavy rainfall during the past week.,http://www.telegraphindia.com/1100727/jsp/northeast/story_12728199.jsp,UGLC
1050795,Manipur,Manipur,"Highway 53 at Tupul, Tamenglong district",24.9786,93.5027,Medium (2-25km),10000,2010-07-29,2010,7,Monsoon (Jun-Sep),earth slide,rainfall (T),report,9,0,0,No fatalities,0.0,"gsi.gov' 'As per media report a landslide triggered by rains occurred on 29th July, 2010 on the National Highway 53 at Tupul area in Tamenglong district. The landslide disturbed the connection of Manipur with Silchar.","http://www.portal.gsi.gov.in/portal/page?_pageid=127,875814&_dad=portal&_schema=PORTAL",UGLC
1057952,Manipur,Manipur,"Chingai-Kuingai(Quingai) route (16 kms), Chingai subdivision, Ukhrul district, Manipur",25.3098633,94.48214677,Medium (2-25km),25000,2010-07-29,2010,7,Monsoon (Jun-Sep),earth slide,rainfall (T),report,9,0,0,No fatalities,0.0,"E-Pao' 'Since the Chingai-Quingai road has been sunk due to landslides at various points following heavy rainfall that occured twice during the past 20 days, nearly 5,000 villagers of five villages in the sub-division are facing the alarming possibility of starv",http://www.e-pao.net/GP.asp?src=28..210810.aug10,UGLC
1057833,Manipur,Manipur,"Maram area in Senapati district, National Highway 39",25.4196,94.1054,Medium (2-25km),5000,2010-07-29,2010,7,Monsoon (Jun-Sep),earth slide,rainfall (T),report,9,0,0,No fatalities,0.0,assamtribune' 'Manipur’s National Highway 39 has been cut off from the rest of the region after a heavy landslide at Maram area in Senapati district. The Imphal-Mao section of the NH-39 has been cut off due to landslide at Maram bazaar following heavy rainfall in the,http://www.assamtribune.com/scripts/detailsnew.asp?id=jul3110/oth05,UGLC
1054555,Manipur,Manipur,Dimapur-Imphal highway (NH 39) near Manipur,24.9356,93.8443,Medium (2-25km),25000,2010-07-31,2010,7,Monsoon (Jun-Sep),earth slide,rainfall (T),report,9,0,0,No fatalities,0.0,youtube' 'Heavy rains triggered a landslide along NH 30 near Imphal. The landslide blocked a 100 ft stretch of road and trucks and cars were stranded on either side. The landslide occurred in the morning. There has been significant deforestation in the area.,http://www.youtube.com/watch?v=jHTtW2WaJGw,UGLC
1050835,Manipur,Manipur,Tamenglong,24.95138801,93.52811839,Low (>25km),36550,2010-08-01,2010,8,Monsoon (Jun-Sep),ND,rainfall (T),event,9,1,1,Minor (1-2),,"A girl died, two others injured and another escaped when a retaining wall and heaps of firewood fell down upon them while they were playing around 2.30 pm today in Tamenglong district headquarter.\n\nThe victim has been identified as six and half years old",http://www.e-pao.net/GP.asp?src=3..020810.aug10,UGLC
1050591,Mizoram,Mizoram,"Dawrpui Vengthar cemetary, Aizwal, Mizoram",23.7365,92.7146,High (<2km),1000,2010-08-06,2010,8,Monsoon (Jun-Sep),earth slide,rainfall (T),report,7,0,0,No fatalities,0.0,"gsi.gov' 'As per PTI report a massive landslide triggered by heavy rains on 6th August 2010 at the cemetery of Dawrpui Vengthar locality, Aizwal has swept away number of tombs.","http://www.portal.gsi.gov.in/portal/page?_pageid=127,875814&_dad=portal&_schema=PORTAL",UGLC
1050669,Mizoram,Mizoram,NEW VERVEK,24.17638911,92.97979352,Medium (2-25km),3013,2010-08-12,2010,8,Monsoon (Jun-Sep),ND,rainfall (T),event,9,1,1,Minor (1-2),,"The funeral of a 53-year-old man, who was missing, was done today without his body after villagers found intestines suspected to belong to him.Lalhunpuia went missing while returning to New Vervek from the nearby Lungsum hamlet on Thursday, Aizawl distri",http://ibnlive.in.com/generalnewsfeed/news/man-suspected-to-be-killed-in-landslides/233387.html,UGLC
1057953,Manipur,Manipur,"Chingai-Kuingai(Quingai) route (16 kms), Chingai subdivision, Ukhrul district, Manipur",25.31006064,94.48265093,Medium (2-25km),25000,2010-08-15,2010,8,Monsoon (Jun-Sep),earth slide,rainfall (T),report,9,0,0,No fatalities,0.0,"e-pao' 'Since the Chingai-Quingai road has been sunk due to landslides at various points following heavy rainfall that occured twice during the past 20 days, nearly 5,000 villagers of five villages in the sub-division are facing the alarming possibility of starv",http://www.e-pao.net/GP.asp?src=28..210810.aug10,UGLC
1050786,Manipur,Manipur,"2 km from Khongsang village(?), road between Tamenglong and Imphal or Nungba, Manipur",24.8961,93.4957,Medium (2-25km),5000,2010-08-19,2010,8,Monsoon (Jun-Sep),mudslide,rainfall (T),report,9,0,0,No fatalities,0.0,"e-pao.net' 'Imphal, August 20 2010:   At the same time, another landslide had occurred yesterday near Kisima between Mao Gate and Kohima which virtually cut off the Nagaland capital from the rest of the country.  Meanwhile, our Tamenglong correspondent, Daniel Kamei",http://e-pao.net/GP.asp?src=21..210810.aug10,UGLC
938326,Sikkim,Sikkim,"many locations around Namchi, Sikkim",27.167,88.3652,Medium (2-25km),10000,2010-08-20,2010,8,Monsoon (Jun-Sep),complex,rainfall (T),report,9,0,0,No fatalities,0.0,"thehimalayanbeacon.com' 'Posted by Barun Roy on August 21st, 2010  Namchi: The heavy down pour last two days resulted in much damages at two Gram Panchayat units Lingee-Sokpay and Payoung-Kaw under Yangyany Block Administrative Centre. Kubernath Timshina, Panchayat President of",http://thehimalayanbeacon.com/magazine/2010/08/21/sikkim-landslides-heavy-toll-2-gpus-completely-cut/,UGLC
1051132,Manipur,Manipur,NH-53 at K Sinam village,24.8029,93.6228,Medium (2-25km),5000,2010-08-24,2010,8,Monsoon (Jun-Sep),earth slide,rainfall (T),report,9,0,0,No fatalities,0.0,India News' 'Trucks and buses were stranded until evening.,http://www.indiaid.com/blog/_archives/2010/8/25/4613332.html,UGLC
938384,Sikkim,Sikkim,"NH-31A at Topakhani tunnel(?) and fruit preservation factory(?) and Chisopani bridge(?), near Singtam and Gangtok and Rangpo, Sikkim",27.2319,88.497,Medium (2-25km),10000,2010-08-26,2010,8,Monsoon (Jun-Sep),earth slide,rainfall (T),report,9,0,0,No fatalities,0.0,"thehimalayanbeacon.com' 'Gangtok, Aug. 27: Seven landslides struck a 15km stretch of NH31A and crippled traffic on Sikkim’s only road link with the rest of the country after heavy rain lashed the Himalayan state last night. A 31-year-old woman was washed away in one of the fla",http://thehimalayanbeacon.com/magazine/2010/08/28/sikkim-landslides-cut-sikkim-link-woman-disappears-swirling-flash-flood/,UGLC
1057859,Manipur,Manipur,"NH-39 at Ekai village(?), 2 km for Tadubi, Manipur",25.4786,94.1327,Medium (2-25km),5000,2010-08-27,2010,8,Monsoon (Jun-Sep),earth slide,rainfall (T),report,9,0,0,No fatalities,0.0,"e-pao' 'Imphal, August 27 2010: The state was cut off from the rest of the country as landslides triggered by torrential rains blocked both NH-39 and 53.The disturbances on the highways are amidst the extended 25-day economic blockade imposed by UNC which entere",http://www.e-pao.net/GP.asp?src=27..280810.aug10,UGLC
1050770,Manipur,Manipur,"NH-53 at Nungba police station, Kambirong(?), Manipur",24.7505,93.4221,Medium (2-25km),5000,2010-08-27,2010,8,Monsoon (Jun-Sep),earth slide,rainfall (T),report,9,0,0,No fatalities,0.0,"e-pao' 'Imphal, August 27 2010: The state was cut off from the rest of the country as landslides triggered by torrential rains blocked both NH-39 and 53.The disturbances on the highways are amidst the extended 25-day economic blockade imposed by UNC which entere",http://www.e-pao.net/GP.asp?src=27..280810.aug10,UGLC
938421,Sikkim,Sikkim,"Daragaon(?), Gangtok city, Sikkim",27.3392,88.6188,Medium (2-25km),5000,2010-08-27,2010,8,Monsoon (Jun-Sep),earth slide,rainfall (T),report,9,0,0,No fatalities,0.0,"thehindu' 'Gangtok, August 28, 2010  Heavy rains triggering landslides has affected large parts of Sikkim in which one person was killed and many houses were damaged, officials said today.   In the State capital Gangtok, a massive landslide in the residential area",http://www.thehindu.com/news/states/other-states/article600333.ece,UGLC
938451,Sikkim,Sikkim,"17th mile(?), Jawaharlal Nehru Marg hwy, between Gangtok and Nathu La, Sikkim",27.3702,88.7334,Medium (2-25km),10000,2010-09-04,2010,9,Monsoon (Jun-Sep),earth slide,rainfall (T),report,9,0,0,No fatalities,0.0,"news.oneindia' 'Gangtok, Sep.4 (ANI): Incessant rains in the last few weeks have caused extensive landslides in Sikkim, as on Saturday, vehicular traffic on the road connecting Gangtok with Nathu La located along the India-China border came to a standstill due to landsl",http://news.oneindia.in/2010/09/04/strategicroad-link-cut-off-due-to-landslide-insikkim.html,UGLC
1052259,Assam,Assam,"districts Lakhimpur, Dhemaji, Golaghat, and Sonitpur, Assam province",27.0011,93.7273,,-99999,2010-09-10,2010,9,Monsoon (Jun-Sep),earth slide,rainfall (T),report,10,0,0,No fatalities,0.0,"timesofindia.indiatimes' 'Sep 10,2010, 09.40pm IST  NEW DELHI: Thirteen people were killed as heavy monsoon rains wracked havoc in north and east India, triggering landslides and inundating lakhs of acres of farmland on Friday.  At least eight people were buried alive under the",http://timesofindia.indiatimes.com/india/13-killed-as-rains-wrack-havoc-in-north-and-eastern-India-/articleshow/6532367.cms,UGLC
1050589,Mizoram,Mizoram,"road to Kanan Veng from Hunthar Veng, Mizoram",23.73504471,92.71060943,High (<2km),1000,2010-09-13,2010,9,Monsoon (Jun-Sep),earth slide,rainfall (T),report,7,0,0,No fatalities,0.0,"Mizoram Express' 'In Hunthar Veng, the kitchen side of H. Lalchhanhima’s house was damaged by a landslide while the road to Kanan Veng was blocked by a landslide.",http://mizoramexpress.com/index.php/2010/09/mizoram-landslides-kill-one-woman/,UGLC
1050665,Mizoram,Mizoram,"near Tuivawl(?), Aizawl-Champhai rd, Aizawl district, Mizoram",23.591,92.9296,Medium (2-25km),25000,2010-09-13,2010,9,Monsoon (Jun-Sep),earth slide,rainfall (T),report,9,0,0,No fatalities,0.0,"Mizoram Express' 'Sep 15, 2010  AIZAWL: Aizawl-Champhai road also was blocked by landslides in two places near Tuivawl and Tuichang.  ZONET Champhai Corr. said, the road block near Tuivawl was cleared while men are still at work till in the afternoon to clear the road blo",http://mizoramexpress.com/index.php/2010/09/mizoram-landslides-kill-one-woman/,UGLC
1050659,Mizoram,Mizoram,Aizawl,23.83655634,92.88807365,Low (>25km),33154,2010-09-13,2010,9,Monsoon (Jun-Sep),ND,rainfall (T),event,9,1,1,Minor (1-2),,A 30-year-old woman was killed at Tuikual locality here today after a landslide buried her alive near a traditional water source.The unmarried woman was fetching water with her friend when the landslide hit her as she could not walk fast due to problem i,http://ibnlive.in.com/generalnewsfeed/news/landslide-kills-mizoram-woman/317088.html,UGLC
1050638,Mizoram,Mizoram,"Hual(Hu) village(?), Lunglei-Lawngtlai rd, Mizoram",22.7176,92.8416,Medium (2-25km),25000,2010-09-13,2010,9,Monsoon (Jun-Sep),earth slide,rainfall (T),report,9,0,0,No fatalities,0.0,"Mizoram Express' 'Sep 15, 2010  AIZAWL: Lunglei-Lawngtlai road was also blocked by a heavy landslide at =hual\\hu village this afternoon. The landslide also washed away the house of Vanlallawma. Luckily all the family members managed to run out of the house before the hous",http://mizoramexpress.com/index.php/2010/09/mizoram-landslides-kill-one-woman/,UGLC
1050611,Mizoram,Mizoram,"road to Muanna Godown, Zuangtui, Mizoram",23.75406693,92.74128531,High (<2km),1000,2010-09-13,2010,9,Monsoon (Jun-Sep),earth slide,rainfall (T),report,7,0,0,No fatalities,0.0,Mizoram Express' 'The heavy rain also caused landslides in several places blocking the road. The approach road to Muanna Godown in Zuangtui was blocked by a landslide since this morning.  It is expected to be restored this evening.,http://mizoramexpress.com/index.php/2010/09/mizoram-landslides-kill-one-woman/,UGLC
1050685,Mizoram,Mizoram,"near Tuichang(?) on Tuichang river, Aizawl-Champhai rd, Mizoram",23.3439,93.0748,Medium (2-25km),25000,2010-09-13,2010,9,Monsoon (Jun-Sep),earth slide,rainfall (T),report,9,0,0,No fatalities,0.0,"Mizoram Express' 'Sep 15, 2010  AIZAWL: Aizawl-Champhai road also was blocked by landslides in two places near Tuivawl and Tuichang.  ZONET Champhai Corr. said, the road block near Tuivawl was cleared while men are still at work till in the afternoon to clear the road blo",http://mizoramexpress.com/index.php/2010/09/mizoram-landslides-kill-one-woman/,UGLC
1050590,Mizoram,Mizoram,"Hunthar Veng, Mizoram",23.74182634,92.7141905,High (<2km),1000,2010-09-13,2010,9,Monsoon (Jun-Sep),earth slide,rainfall (T),report,7,0,0,No fatalities,0.0,"Mizoram Express' 'In Hunthar Veng, the kitchen side of H. Lalchhanhima’s house was damaged by a landslide while the road to Kanan Veng was blocked by a landslide.",http://mizoramexpress.com/index.php/2010/09/mizoram-landslides-kill-one-woman/,UGLC
1050592,Mizoram,Mizoram,,23.72988966,92.71495623,High (<2km),1000,2010-09-13,2010,9,Monsoon (Jun-Sep),earth slide,rainfall (T),report,7,1,1,Minor (1-2),0.0,"""""COOLR_R"","" locality: """"""""Tuikual 'C'"", Aizawl,"" Mizoram"""""""""", description: 'Mizoram Express' 'Landslide triggered by heavy rain in Tuikual ‘C’ on Monday killed a woman, R. Laltanpuii.  According to Aizawl Police sources, the landslide buried the woman while she was collecting water with her friend. Luckily,"" her friend who was nearby her escap'""""",http://mizoramexpress.com/index.php/2010/09/mizoram-landslides-kill-one-woman/,UGLC
1050585,Mizoram,Mizoram,"Aizawl-Lengpui rd 3km from Aizawl, Mizoram, Manipur",23.7527,92.694,Medium (2-25km),5000,2010-09-16,2010,9,Monsoon (Jun-Sep),earth slide,rainfall (T),report,9,0,0,No fatalities,0.0,"mizoramexpress.com' 'Sep 19, 2010  Meanwhile, Aizawl-Lengpui road remained blocked for the third day because of massive landslide about 3 km away from Lengpui. According to information received from the Engineer in charge, intermittent rainfall and falling of rocks hampered",http://mizoramexpress.com/index.php/2010/09/landslide-hits-aizawl-1-house-destroyed/,UGLC
1050707,Manipur,Manipur,"Taithu village, Churanchandpur district, Mizoram, Manipur",24.3069,93.125,Medium (2-25km),5000,2010-09-16,2010,9,Monsoon (Jun-Sep),earth slide,rainfall (T),report,9,0,0,No fatalities,0.0,"mizoramexpress.com' 'Sep 16, 2010  Rengkai: Landslide struck Taithu village in Churachandpur district of Manipur at around 3.00 AM on Thursday morning and sources said at least 22 people were inside the two houses that were completely destroyed. The village lies in a landsli",http://mizoramexpress.com/index.php/2010/09/landslide-hits-taithu-village-22-people-escape-death/,UGLC
1057862,Manipur,Manipur,"Sahong, Tabu and Pani village under Tadubi police station of Senapati district, NH-39",25.4769,94.1351,Medium (2-25km),5000,2010-10-08,2010,10,Post-monsoon (Oct-Nov),mudslide,rainfall (T),report,9,0,0,No fatalities,0.0,"e-pao.net' 'Unable to negotiate muddy steep portions on NH-39, over 200 Imphal bound freight trucks including inter-state passenger buses coming from Dimapur side were stranded at Mao area, official reports received here said. A report from Mao police, confirming th",http://e-pao.net/GP.asp?src=23..111010.oct10,UGLC
1057706,Manipur,Manipur,"Bungte Chiru village(?), Senapati district, Manipur",25.2745,94.0212,Medium (2-25km),5000,2010-10-08,2010,10,Post-monsoon (Oct-Nov),earth slide,rainfall (T),report,9,0,0,No fatalities,0.0,e-pao.net' 'According to a delayed report reaching here atleast six houses have been damaged in landslides that occurred unexpectedly in the morning of October 8 at Bungte Chiru village under Saitu Assembly Constituency of Senapati district.  The report said that ou,http://e-pao.net/GP.asp?src=6..111010.oct10,UGLC
1050768,Manipur,Manipur,"Nungba, Tamenglong, Manipur",24.7679,93.4108,Medium (2-25km),25000,2010-10-08,2010,10,Post-monsoon (Oct-Nov),earth slide,rainfall (T),report,9,0,0,No fatalities,0.0,"assamtribune' 'The traffic along the 220 km Imphal-Jiribam section of the National Highway 53 has also been disturbed due to landslide at Nungba in Tamenglong district. Owing to the landslide, over 200 loaded trucks heading towards Imphal from Jiribam was stranded, pol",http://www.assamtribune.com/scripts/detailsnew.asp?id=oct1110/oth05,UGLC
1056279,Manipur,Manipur,"Tharon(?) and Langol Tarung villages, Thangmeiband constituency, Imphal, Manipur",24.837,93.9128,Medium (2-25km),5000,2010-10-08,2010,10,Post-monsoon (Oct-Nov),earth slide,rainfall (T),report,9,0,0,No fatalities,0.0,"e-pao.net' 'On the other hand, landslides that occurred along the Langol foothill range following incessant rainfall during the last few days had affected residents of Tharon and Langol Tarung villages.  A team of Thangmeiband Assembly Constituency Development Forum",http://e-pao.net/GP.asp?src=6..111010.oct10,UGLC
1055067,Manipur,Manipur,"NH-39 near Khongnem(?) village, between Imphal and Dimapur, Manipur",25.5265,93.8673,Low (>25km),50000,2010-10-09,2010,10,Post-monsoon (Oct-Nov),earth slide,rainfall (T),report,9,0,0,No fatalities,0.0,e-pao' 'Landslide has also been reported at a spot near Khongnem village while there are at least three landslides at Karong area.,http://www.e-pao.net/GP.asp?src=5..101010.oct10,UGLC
1050673,Assam,Assam,"Haflong, Assam",25.1796,93.0083,Medium (2-25km),5000,2010-10-09,2010,10,Post-monsoon (Oct-Nov),mudslide,rainfall (T),report,9,1,1,Minor (1-2),0.0,"""""COOLR_R"", locality: 'Haflong, Assam',"" description: 'dnaindia' """"""""One person has died and both road and railway links between Assam's North Cachar Hills district and the rest of the country has been completely cut-off following continuous heavy rainfall for the last two days"","" official sources said here today.  One pers""""""""""""",http://www.dnaindia.com/india/report_one-dead-road-and-rail-communication-disrupted-due-to-rains-in-assam_1450237,UGLC
1050721,Assam,Assam,"between Mahur and Maigrandisa(?) or Lumding, Assam",25.4749,93.1477,Low (>25km),50000,2010-10-09,2010,10,Post-monsoon (Oct-Nov),earth slide,rainfall (T),report,9,0,0,No fatalities,0.0,"dnaindia' 'Meanwhile, rail communication has been disrupted with landslides affecting railway tracks at 28 places between Mahur and Maigrandisa in the Lumding-Silchar section with 40metres of track completely washed away.  NF railways have suspended rail services i",http://www.dnaindia.com/india/report_one-dead-road-and-rail-communication-disrupted-due-to-rains-in-assam_1450237,UGLC
1057864,Manipur,Manipur,"NH-39 at Tobio village(?), 7 km form Tadubi, Manipur",25.4788,94.1399,Medium (2-25km),10000,2010-10-09,2010,10,Post-monsoon (Oct-Nov),earth slide,rainfall (T),report,9,0,0,No fatalities,0.0,"e-pao' 'Owing to landslides, triggered by incessant rainfall, at various points along the National highway vehicular movement on the ImphalDimapur section has come to a grinding halt today.  An informed source said that a massive landslide had washed away substa",http://www.e-pao.net/GP.asp?src=5..101010.oct10,UGLC
1050670,Assam,Assam,"road between Haflong and Lanka, Assam",25.5242,92.9914,Low (>25km),50000,2010-10-09,2010,10,Post-monsoon (Oct-Nov),earth slide,rainfall (T),report,9,0,0,No fatalities,0.0,"dnaindia' 'Road communication, too, has been disrupted in the district with the road connecting Haflong and Lanka severely damaged, sources said.",http://www.dnaindia.com/india/report_one-dead-road-and-rail-communication-disrupted-due-to-rains-in-assam_1450237,UGLC
1057788,Manipur,Manipur,"NH-39 in Karong area, Manipur",25.3179,94.0462,Medium (2-25km),5000,2010-10-09,2010,10,Post-monsoon (Oct-Nov),earth slide,rainfall (T),report,9,0,0,No fatalities,0.0,e-pao' 'Landslide has also been reported at a spot near Khongnem village while there are at least three landslides at Karong area.,http://www.e-pao.net/GP.asp?src=5..101010.oct10,UGLC
1050272,Assam,Assam,Karimganj,24.58041329,92.37948378,Medium (2-25km),24155,2011-05-04,2011,5,Pre-monsoon (Apr-May),ND,rainfall (T),event,9,2,1,Minor (1-2),,"""""GFLD"", locality: 'Karimganj',"" description: """"""""Two members of a family were killed and two others critically injured when their house collapsed after a landslide in Assam's Karimganj district today"","" official sources said here.The mud house collapsed at Rajnagar area early this morning due to a landsl""""""""""""",http://ibnlive.in.com/generalnewsfeed/news/two-dead-two-critically-injured-in-landslide/671763.html,UGLC
1050767,Manipur,Manipur,"Kaiphundai(?)-Tousem(in Assam) road, Tamenglong district, Manipur",25.0672,93.4093,Medium (2-25km),25000,2011-05-22,2011,5,Pre-monsoon (Apr-May),earth slide,rainfall (T),report,9,0,0,No fatalities,0.0,"e-pao' 'May 23 2011: Heavy rainfall caused landslides at three different places along Kaiphundai-Tousem road, the only lifeline of the villagers of restive Tousem Sub-Division of Tamenglong district.  The landslides occurred between New Mandeu and Mandeu village",http://www.e-pao.net/GP.asp?src=15..240511.may11,UGLC
1050644,Assam,Assam,"Silchar-Haflong rd., at Reko(Rekha )(?), near Harangajao, Barail Hills, Assam",25.0888,92.8551,Medium (2-25km),10000,2011-05-24,2011,5,Pre-monsoon (Apr-May),complex,rainfall (T),report,9,0,0,No fatalities,0.0,"articles.timesofindia' 'May 27,2011, 12.15pm IST  SILCHAR: Traffic movement on the Silchar-Haflong Road (NH-54) has been hit following heavy landslide in a 200-metre area on the highway. The situation is expected to remain the same for the next two months.  According to report",http://articles.timesofindia.indiatimes.com/2011-05-27/guwahati/29591193_1_dima-hasao-landslide-traffic-movement,UGLC
1054637,Manipur,Manipur,"Roads between Tamei(Tamma?), Kangpokpi and Chalwa, Manipur",25.1555,93.8474,Medium (2-25km),25000,2011-05-31,2011,5,Pre-monsoon (Apr-May),earth slide,rainfall (T),report,9,0,0,No fatalities,0.0,"e-pao.net' 'June 01 2011: The denizens of Tamei subdivision while using the IT Road from Kangpokpi to Tamei stretch take immense risk as landslides have begun to occur as the rainy season begins.  As recent as on Tuesday, the flooding streams between Tamei and Chalw",http://e-pao.net/GP.asp?src=7..020611.jun11,UGLC
1051014,Manipur,Manipur,"Gaoilung(Gadailong) village(?), Ward 4(?), Tamenglong, Manipur",24.8286,93.5935,Low (>25km),50000,2011-05-31,2011,5,Pre-monsoon (Apr-May),earth slide,rainfall (T),report,9,2,1,Minor (1-2),0.0,"kanglaonline.com' 'June 1, 2011  A major landslide at Tamenglong has reportedly claimed two lives yesterday. According to a source, two members of a family, a brother and a sister were killed in a massive landslide at the Gaoilung village, Tamenlong ward No. 4 yesterday af",http://kanglaonline.com/2011/06/two-children-claimed-by-landslide-at-tamenglong/,UGLC
1050836,Manipur,Manipur,Tamenglong,24.95138801,93.52811839,Low (>25km),36550,2011-05-31,2011,5,Pre-monsoon (Apr-May),ND,rainfall (T),event,9,2,1,Minor (1-2),,"A major landslide at Tamenglong has reportedly claimed two lives yesterday.\nAccording to a source, two members of a family, a brother and a sister were killed in a massive landslide at the Gaoilung village, Tamenlong ward No. 4 yesterday afternoon at aro",http://kanglaonline.com/2011/06/two-children-claimed-by-landslide-at-tamenglong/,UGLC
938357,Sikkim,Sikkim,"National HWY 31A, Birik (cut off Sikkim)",27.4885,88.4451,,-99999,2011-06-17,2011,6,Monsoon (Jun-Sep),mudslide,rainfall (T),report,10,0,0,No fatalities,0.0,"Telegraph India' 'The rain also triggered mudslides at two places on National Highway 31A, Sikkim’s only road link, holding up nearly 500 vehicles for five hours.",http://www.telegraphindia.com/1110618/jsp/northeast/story_14127559.jsp,UGLC
938257,Sikkim,Sikkim,YANGTHANG,27.28329478,88.23595536,High (<2km),1407,2011-06-23,2011,6,Monsoon (Jun-Sep),ND,rainfall (T),event,9,14,1,Severe (5+),,Sixteen people perished in three separate landslides which hit villages surrounding the West Sikkim district headquarters at Gyalshing. All three landslides took place at around 11.30 pm last night. Fourteen people were buried alive when rolling debris f,http://www.assamtribune.com/scripts/detailsnew.asp?id=jun2511/oth05,UGLC
938245,Sikkim,Sikkim,West Sikkim,27.34711035,88.17392386,Medium (2-25km),19242,2011-06-23,2011,6,Monsoon (Jun-Sep),ND,rainfall (T),event,9,1,1,Minor (1-2),,Sixteen people perished in three separate landslides which hit villages surrounding the West Sikkim district headquarters at Gyalshing. All three landslides took place at around 11.30 pm last night. Fourteen people were buried alive when rolling debris f,http://www.assamtribune.com/scripts/detailsnew.asp?id=jun2511/oth07,UGLC
938267,Sikkim,Sikkim,Villages surrounding the West Sikkim district of,27.2879,88.2579,Medium (2-25km),5000,2011-06-23,2011,6,Monsoon (Jun-Sep),earth slide,rainfall (T),report,9,16,1,Severe (5+),0.0,assamtribune' 'June 24 – Sixteen people perished in three separate landslides which hit villages surrounding the West Sikkim district headquarters at Gyalshing. All three landslides took place at around 11.30 pm last night. Fourteen people were buried alive when roll,http://www.assamtribune.com/scripts/detailsnew.asp?id=jun2511/oth05,UGLC
1057681,Manipur,Manipur,"Ikou-Gangpijang road, near: Ikou, Saikul, and Gangpijang; Imphal India",25.03561729,94.0144205,Medium (2-25km),25000,2011-06-28,2011,6,Monsoon (Jun-Sep),earth slide,rainfall (T),report,9,0,0,No fatalities,0.0,"E-PAO' 'June 28 2011: Ikou-Gangpijang road, development work of which was left incomplete following some disputes in awarding the contract, has been disconnected following landslide.  Consequent upon the landslide, passenger buses travelling from Imphal could no",http://e-pao.net/GP.asp?src=7..290611.jun11,UGLC
1050759,Assam,Assam,"Portions of NH 39, Connectin Manipur with Assam via Nagaland",25.5125,93.3613,,-99999,2011-06-29,2011,6,Monsoon (Jun-Sep),earth slide,rainfall (T),report,10,0,0,No fatalities,0.0,"articles.timesofindia' 'Heavy downpour in the past few days threatens to cut off Nagaland and neighbouring Manipur from the rest of the country. Continuing heavy showers have caused landslides and led to the sinking of a portion of NH 39, creating immense hardship to the people",http://articles.timesofindia.indiatimes.com/2011-06-30/guwahati/29720982_1_heavy-rains-highway,UGLC
1051914,Manipur,Manipur,NH53 30 to 40 km from Imphal,24.79489226,93.69953963,Medium (2-25km),2110,2011-07-05,2011,7,Monsoon (Jun-Sep),ND,rainfall (T),event,9,6,1,Severe (5+),,Six security personnel were killed and 10 injured Wednesday when mounds of earth caved in when the vehicle they were travelling in was trying to cross a stretch of road hit by a massive landslide in Manipur. A police spokesperson said the incident took p,http://www.hindustantimes.com/Six-security-personnel-killed-in-Manipur-mudslide/Article1-718112.aspx,UGLC
1057027,Manipur,Manipur,"National Highway 53, Sinam Khul (near Kotlen; ~25 km from Imphal)",24.8063,93.9482,Low (>25km),50000,2011-07-06,2011,7,Monsoon (Jun-Sep),earth slide,rainfall (T),report,9,6,1,Severe (5+),0.0,"e-pao.net' 'Imphal, July 06 2011: In a tragic incident of nature taking toll on human, a massive landslides along NH 53 today killed six personnel of Indian Reserved Battalion (IRB) and Manipur Rifles even as seven personnel were critically injured.  According to po",http://e-pao.net/GP.asp?src=16..070711.jul11,UGLC
1057840,Manipur,Manipur,Maram (80 km north of Imphal),25.4191,94.1079,Medium (2-25km),5000,2011-07-07,2011,7,Monsoon (Jun-Sep),earth slide,rainfall (T),report,9,0,0,No fatalities,0.0,"e-pao' 'Imphal, July 07 2011: More than 100 stranded loaded trucks are waiting their turn to drive down towards Imphal at the landslide hit Maram bazar, 80km north of Imphal, while an equal number of empty trucks lining up on the other side of the NH 39, to move",http://www.e-pao.net/GP.asp?src=8..080711.jul11,UGLC
938369,Sikkim,Sikkim,,27.1141,88.4658,Medium (2-25km),25000,2011-07-20,2011,7,Monsoon (Jun-Sep),earth slide,rainfall (T),report,9,0,0,No fatalities,0.0,"""""COOLR_R"","" locality: """"""""National Highway 31A in West Bengal's Darjeeling district"""""""""","" description: 'twocircles.net' """"""""Siliguri : The road link between Siliguri and Sikkim was snapped for about six hours Wednesday after heavy overnight rains triggered a landslide on National Highway 31A in West Bengal's Darjeeling district"","" police said.  Hundreds of vehicles remained sta""""""""""""",http://twocircles.net/2011jul20/landslide_snaps_siligurisikkim_highway_link.html,UGLC
1057024,Manipur,Manipur,Heibok Hills,24.7992,93.948,,-99999,2011-07-22,2011,7,Monsoon (Jun-Sep),earth slide,rainfall (T),report,10,0,0,No fatalities,0.0,"e-pao.net' 'Mudslide alarm at Heibok hills Source: The Sangai Express  Imphal, July 22 2011: Following heavy mudslide on the western side of Heibok hills, people of Hiyangthang Tarahei Konjil are caught in a panicky situation.  Apprehension hangs heavy among the peo",http://e-pao.net/GP.asp?src=4..230711.jul11,UGLC
1057913,Manipur,Manipur,Manipur,24.3527,94.3429,Medium (2-25km),10000,2011-07-22,2011,7,Monsoon (Jun-Sep),earth slide,rainfall (T),report,9,0,0,No fatalities,0.0,"e-pao.net' 'PWD officials reject Moreh office collapse report Source: The Sangai Express  Moreh, July 26 2011: There is no question of caving in of the main building of Mini-Secretariat at Moreh and preparations are on for inauguration of the office building at the",http://e-pao.net/GP.asp?src=6..270711.jul11,UGLC
1050672,Assam,Assam,NH 37,26.5836,93.0038,Low (>25km),50000,2011-07-24,2011,7,Monsoon (Jun-Sep),earth slide,rainfall (T),report,9,0,0,No fatalities,0.0,"e-pao.net' 'Mudslide blocks Imphal-Jiri Road Source: Hueiyen News Service  Imphal, July 24 2011: Apart from vast land agricultural areas of the state submerged under water, the incessant rain in the past few days has began to take its toll to the people of the state",http://e-pao.net/GP.asp?src=17..250711.jul11,UGLC
1056334,Manipur,Manipur,Manipur,24.6869,93.9157,Low (>25km),50000,2011-07-25,2011,7,Monsoon (Jun-Sep),earth slide,rainfall (T),report,9,0,0,No fatalities,0.0,"assamtribune' 'Manipur road links restored Sobhapati Samom  IMPHAL, July 29 – Road links to Manipur, which remained cut off from the rest of the country since the last three days following heavy landslides on the National Highways, has been re-opened on Thursday.  Ho",http://www.assamtribune.com/scripts/detailsnew.asp?id=jul3011/oth05,UGLC
1057841,Manipur,Manipur,"Maram, Manipur",25.4192,94.108,Medium (2-25km),10000,2011-07-29,2011,7,Monsoon (Jun-Sep),earth slide,rainfall (T),report,9,0,0,No fatalities,0.0,"kanglaonline.com' 'IMPHAL July 29: Several external factors are severely hindering the progress of road repair works being undertaken at the landslide affected area of Maram in Senapati and other developmental works being undertaken along the National Highway, stated works",http://kanglaonline.com/2011/07/works-minister-visits-landslide-hit-maram-stretch-of-nh2/,UGLC
938256,Sikkim,Sikkim,"Samathang, Sikkim",27.13862165,88.22551799,Medium (2-25km),10000,2011-08-23,2011,8,Monsoon (Jun-Sep),earth slide,rainfall (T),report,9,5,1,Moderate (3-5),0.0,"IBN' 'Five persons including two minors were killed in two separate landslides incident in West Sikkim district, official sources said today. A cloud burst triggered a massive landslide at Samathang village, near Malbasey in West Sikkim in which three members",http://ibnlive.in.com/generalnewsfeed/news/five-killed-in-landslides-in-sikkim/801295.html,UGLC
938431,Sikkim,Sikkim,"Hee-Khola, Sikkim",27.7344,88.633,Medium (2-25km),10000,2011-08-25,2011,8,Monsoon (Jun-Sep),earth slide,rainfall (T),report,9,2,1,Minor (1-2),0.0,"ibnlive.in' 'Five persons including two minors were killed in two separate landslides incident in West Sikkim district, official sources said today. A cloud burst triggered a massive landslide at Samathang village, near Malbasey in West Sikkim in which three members",http://ibnlive.in.com/generalnewsfeed/news/five-killed-in-landslides-in-sikkim/801295.html,UGLC
1050700,Manipur,Manipur,NH 37 at Awang Khul\xa0,24.808,93.117,High (<2km),1000,2011-09-06,2011,9,Monsoon (Jun-Sep),earth slide,rainfall (T),report,7,3,1,Moderate (3-5),0.0,e-pao.net' 'A massive landslide along the NH 37 at Awang Khul has cut off Imphal and Jiribam,http://e-pao.net/GP.asp?src=Snipp8..080911.sep11,UGLC
1048397,Assam,Assam,"Maighuli, Guwahati, Meghalaya",26.1548,91.7351,,-99999,2011-09-23,2011,9,Monsoon (Jun-Sep),earth slide,rainfall (T),report,10,4,1,Moderate (3-5),0.0,"nbtvlive' 'Four persons today got buried alive and 10 others were injured in a landslide at Maighuli, along the Assam-Meghalaya border, police said. Incessant rains triggered the landslip along the hills of Maighuli on the Meghalaya side of the border, Kamrup (metr","http://www.nbtvlive.com/latest-news-4 die, 10 injured in landslide along assam-meghalaya border-crime-23-sep-2011-guwahati-press trust of india-54889.html",UGLC
1048398,Assam,Assam,"Guwahati, Assam",26.1475,91.7356,Medium (2-25km),5000,2012-06-02,2012,6,Monsoon (Jun-Sep),earth slide,rainfall (T),report,9,0,0,No fatalities,0.0,"""""COOLR_R"", locality: 'Guwahati, Assam',"" description: 'ibnlive.in' 'South Assam\'s Barrak valley has been cut off from the rest of the country due to heavy landslides. Northeast Frontier Railway sources said heavy rain have caused landslide in five places between Haranjao and Mailongdifa railway stations. A """"""""small"""""""" track'""""",http://ibnlive.in.com/generalnewsfeed/news/barrak-valley-cut-off-due-to-heavy-landslides/1007155.html,UGLC
938404,Sikkim,Sikkim,"lachen, Sikkim",27.7167,88.5577,Medium (2-25km),5000,2012-06-03,2012,6,Monsoon (Jun-Sep),earth slide,rainfall (T),report,9,0,0,No fatalities,0.0,"Telegraph India' 'Around 65 vehicles carrying 400 tourists were left stranded at Lachen-Lachung last night, after heavy landslides triggered by torrential rain hit the picturesque North Sikkim. Sources in the tourism department said some of the cars started from Lachung a",http://www.telegraphindia.com/1120605/jsp/siliguri/story_15570407.jsp#.UN9-FOSx_K0,UGLC
1050674,Assam,Assam,"between Haflong and  Bagetar, Assam",25.1775,93.0123,Medium (2-25km),5000,2012-06-03,2012,6,Monsoon (Jun-Sep),earth slide,rainfall (T),report,9,0,0,No fatalities,0.0,articles.timesofindia' 'Torrential rain in the Barail Hill range for the past many days triggered landslides at least five places along the Lumding-Silchar section of Northeast Frontier Railway (NFR) early on Sunday. Authorities have suspended and regulated services of all the,http://articles.timesofindia.indiatimes.com/2012-06-04/guwahati/32030359_1_barail-hill-harangajao-landslides,UGLC
1050708,Assam,Assam,"between Maibang and Daotohaja, Assam",25.3056,93.1265,Medium (2-25km),5000,2012-06-03,2012,6,Monsoon (Jun-Sep),earth slide,rainfall (T),report,9,0,0,No fatalities,0.0,articles.timesofindia' 'Torrential rain in the Barail Hill range for the past many days triggered landslides at least five places along the Lumding-Silchar section of Northeast Frontier Railway (NFR) early on Sunday. Authorities have suspended and regulated services of all the,http://articles.timesofindia.indiatimes.com/2012-06-04/guwahati/32030359_1_barail-hill-harangajao-landslides,UGLC
1050652,Assam,Assam,"\xa0between Harangajao and Mailongdisa, Assa,",25.1175,92.8573,Medium (2-25km),5000,2012-06-03,2012,6,Monsoon (Jun-Sep),earth slide,rainfall (T),report,9,0,0,No fatalities,0.0,articles.timesofindia' 'Torrential rain in the Barail Hill range for the past many days triggered landslides at least five places along the Lumding-Silchar section of Northeast Frontier Railway (NFR) early on Sunday. Authorities have suspended and regulated services of all the,http://articles.timesofindia.indiatimes.com/2012-06-04/guwahati/32030359_1_barail-hill-harangajao-landslides,UGLC
938452,Sikkim,Sikkim,ROLEP,27.26801207,88.73536786,High (<2km),1444,2012-06-07,2012,6,Monsoon (Jun-Sep),ND,rainfall (T),event,9,7,1,Severe (5+),,"Monsoons showed no mercy to the residents of Rolep, East Sikkim who lost their lives in a landslide triggered by the overnight torrential rain.\n\nThe landslide which occurred between 4:30- 5 a.m. yesterday morning totally burying 2 houses belonging to Min",http://isikkim.com/2012-06-sikkim-landslide-at-rolep-claims-seven-lives-08-1/,UGLC
938430,Sikkim,Sikkim,"Nathang Maong, Sikkim",27.7565,88.632,Medium (2-25km),25000,2012-06-07,2012,6,Monsoon (Jun-Sep),earth slide,rainfall (T),report,9,7,1,Severe (5+),0.0,"thehimalayantimes' 'As many as seven Nepali-speaking people have been killed in the landslide induced by downpour at Nathang Maong region in Sikkim on Thursday night. The deceased have been identified as Tika Rai, Dil Man Rai, Madi Maya Rai, Mahendra Rai, Neha Rai, Chandra",http://www.thehimalayantimes.com/fullNews.php?headline=Landslide+kills+7+Nepali-speaking+people+in+Sikkim&NewsID=335265,UGLC
938436,Sikkim,Sikkim,"Rolep, South Sikkim( Mapping to Rhenock 12 miles from Rolep)",27.1748,88.6458,Medium (2-25km),25000,2012-06-07,2012,6,Monsoon (Jun-Sep),earth slide,rainfall (T),report,9,7,1,Severe (5+),0.0,"Telegraph India' 'Seven persons, three of them children, were killed when landslides struck a village in East Sikkim after a spate of rain lashed the area last night. Four members of a family were also among those wiped out in the early morning strikes.",http://www.telegraphindia.com/1120608/jsp/siliguri/story_15584321.jsp#.UN_I7eSx_K0com,UGLC
1050898,Manipur,Manipur,"Imphal-Jiribam section of NH-37 , Manipur",24.8142,93.5444,Low (>25km),50000,2012-06-10,2012,6,Monsoon (Jun-Sep),earth slide,rainfall (T),report,9,0,0,No fatalities,0.0,thehindu' 'Normal vehicular movement along Imphal-Jiribam section of NH-37 (former NH-53) has been disturbed Friday due to landslides at various places along the stretch of the highway in Tamenglong district.\xa0 Heavy rains in Tamenglong district of the state in the,http://www.thehindu.com/news/national/article3537166.ece,UGLC
938414,Sikkim,Sikkim,"Tathangchen, Gangtok, Sikkim",27.339,88.6065,Medium (2-25km),5000,2012-06-14,2012,6,Monsoon (Jun-Sep),earth slide,rainfall (T),report,9,0,0,No fatalities,0.0,"isikkim.com' 'The continuous rainfall triggered a landslide on\xa0Thursday\xa0 morning at 4 am near Kamala Gas agency at Tathangchen, Gangtok.\xa0 Though no casualties were reported but the landslide has posed threat to some of the residence. Immediately after the occurrenc",http://isikkim.com/2012-06-sikkim-landslide-at-tathangchen-poses-threat-to-residents-15-5/,UGLC
1048396,Assam,Assam,"Lalunggaon, Guwahati,  Assam",26.149,91.7351,High (<2km),1000,2012-06-20,2012,6,Monsoon (Jun-Sep),earth slide,rainfall (T),report,7,0,0,No fatalities,0.0,"twocircles.net' 'A man and his two minor sons were killed after their house here collapsed following a landslide Friday, police said. The accident took place in Lalunggaon area.Police said that incessant rains in the area since Thursday evening led to the landslide.",http://twocircles.net/2012jun22/landslide_kills_three_assam.html,UGLC
1048382,Assam,Assam,Lalunggaon near Gorchuk area,26.1226,91.7162,Medium (2-25km),5000,2012-06-22,2012,6,Monsoon (Jun-Sep),earth slide,rainfall (T),report,9,3,1,Moderate (3-5),0.0,"thesop.org' 'On June 22, three people including two children of a family were killed in a landslide incident at Lalunggaon near Gorchuk area in the city.Thousands of families live at the bottom of 18 hills in the city. These families have allegedly encroached on the",http://thesop.org/story/20120701/woman-killed-in-guwahati-by-landslide.html,UGLC
1048404,Assam,Assam,Lokhra,26.10899001,91.74722978,High (<2km),1064,2012-06-22,2012,6,Monsoon (Jun-Sep),ND,rainfall (T),event,9,3,1,Moderate (3-5),,"Three persons, including two children, died when their house collapsed in a landslide following heavy rains in Lokhra area of Guwahati today.\n\nThe family of one Sisoram Choudhury of Lalunggaon was trapped inside their house after it collapsed in the land",http://www.ndtv.com/article/cities/three-killed-in-landslide-234855,UGLC
1048399,Assam,Assam,"Sonaighuli area near Kahilipara, Guwahati City, Assam",26.1049,91.7369,High (<2km),1000,2012-06-25,2012,6,Monsoon (Jun-Sep),earth slide,rainfall (T),report,7,1,1,Minor (1-2),0.0,"thesop.org' 'A woman was killed and a man injured in landslide in Guwahati city on Monday evening, June 25, police said. The incident took place at Sonaighuli area near Kahilipara in the city on Monday evening, when a woman was hit by a rock during landslide after he",http://thesop.org/story/20120701/woman-killed-in-guwahati-by-landslide.html,UGLC
1048402,Assam,Assam,Sonaighuli,26.13041734,91.74561624,High (<2km),734,2012-06-25,2012,6,Monsoon (Jun-Sep),ND,rainfall (T),event,7,1,1,Minor (1-2),,"""""GFLD"", locality: 'Sonaighuli',"" description: 'One woman was feared dead while another person was seriously injured as incessant rains since Sunday triggered landslides Monday in Assam\'s main city Guwahati.\n\nThe accident occurred at Sonaighuli locality under Kahilipara area of the city.\n\n""""""""Landslide c'""""",http://twocircles.net/2012jun25/landslide_kills_one_guwahati.html,UGLC
1050675,Assam,Assam,Haflong 5 km buffer,25.16270441,93.01486436,Medium (2-25km),5011,2012-06-26,2012,6,Monsoon (Jun-Sep),ND,rainfall (T),event,9,2,1,Minor (1-2),,"""""GFLD"", locality: 'Haflong 5 km buffer',"" description: """"""""Heavy landslides triggered by torrential rain in Assam's Dima Hasao ditrict and in Meghalaya on Tuesday claimed two lives and injured four"", besides cutting off southern Assam, Tripura,"" Mizoram and parts of Manipur from the rest of the country.\n\nA landsli""""""""""""",http://articles.timesofindia.indiatimes.com/2012-06-26/guwahati/32423841_1_landslides-assam-s-dima-hasao-barail-hills,UGLC
1048390,Assam,Assam,Santipur,26.16833375,91.72831667,High (<2km),362,2012-06-26,2012,6,Monsoon (Jun-Sep),ND,rainfall (T),event,5,1,1,Minor (1-2),,"One person was killed and three others injured due to a landslide in Santipur hillside. Chandradhar Thakuria (57), who was at his residence, was crushed to death in Santipur on Tuesday morning. While two persons were injured at Nijaranagar in Kahilipara,",http://timesofindia.indiatimes.com/city/guwahati/Rain-landslides-leave-Guwahati-at-deep-end/articleshow/14417906.cms,UGLC
1048379,Assam,Assam,Dhirenpara,26.13088435,91.71073619,High (<2km),1844,2012-06-27,2012,6,Monsoon (Jun-Sep),ND,rainfall (T),event,9,3,1,Moderate (3-5),,"Three members of a family, including two minor girls, were killed in a landslide triggered by incessant rains in Guwahati early on Wednesday, police said.\n\nThe incident took place at Dhirenpara locality in Guwahati.\n\nThe deceased were identified as Marzi",http://www.thedailystar.net/newDesign/news-details.php?nid=239916,UGLC
1050631,Assam,Assam,Assam,26.35735036,92.82954074,Low (>25km),158023,2012-06-30,2012,6,Monsoon (Jun-Sep),ND,rainfall (T),event,9,6,1,Severe (5+),,"With the current spell of floods and landslides claiming 77 lives in Assam, Prime Minister Manmohan Singh and UPA Chairperson Sonia Gandhi are scheduled to visit the affected areas on Monday.\n\nAn official on Sunday said that 61 people died in floods and",http://www.asianage.com/india/77-dead-assam-floods-landslide-pm-sonia-visit-monday-893,UGLC
938393,Sikkim,Sikkim,North Sikkim,27.74367525,88.52635367,Low (>25km),36744,2012-07-11,2012,7,Monsoon (Jun-Sep),ND,rainfall (T),event,9,2,1,Minor (1-2),,Landslide claims two in North Sikkim,http://ibnlive.in.com/generalnewsfeed/news/landslide-claims-two-in-north-sikkim/1021418.html,UGLC
1050664,Mizoram,Mizoram,KEIFANG,23.66555038,92.92747832,Medium (2-25km),3166,2012-07-21,2012,7,Monsoon (Jun-Sep),ND,rainfall (T),event,9,18,1,Severe (5+),,A government official in India says 18 people are dead after a bus fell into a deep gorge after being hit by hurtling boulders during a landslide in the mountainous northeast. Another 17 people are injured.\n\nArunachal Pradesh state Transport Minister Zor,http://www.kansascity.com/2012/07/21/3715893/18-die-as-bus-plunges-into-gorge.html,UGLC
938329,Sikkim,Sikkim,South Sikkim,27.28709076,88.38035955,Medium (2-25km),15262,2012-09-01,2012,9,Monsoon (Jun-Sep),ND,rainfall (T),event,9,5,1,Moderate (3-5),,"Five persons were killed when debris from a landslide fell on their house at Mangchek in Namlung-Ralong village in south district, officials said today. The debris fell on the house on Saturday night killing four family members and a guest. While the bo",http://ibnlive.in.com/generalnewsfeed/news/five-killed-in-landslide/1056517.html,UGLC
1057115,Manipur,Manipur,Thoubal Moijing Chingya Leikai area,24.65145617,93.95748186,High (<2km),1926,2012-09-14,2012,9,Monsoon (Jun-Sep),ND,rainfall (T),event,9,1,1,Minor (1-2),,"A woman was buried to death when the roof of her house collapsed following a landslide in Thoubal Moijing Chingya Leikai in the wee hours of today.\n\nThe deceased woman has been identified as Thambalmacha Begum (42), w/o Md Gayajuddin of Thoubal Moijing C",http://e-pao.net/GP.asp?src=22..150912.sep12,UGLC
938325,Sikkim,Sikkim,"Namchi to Phongla, Namchi to Melli ,Namchi to Sumbuk",27.1675,88.3651,Medium (2-25km),5000,2012-09-16,2012,9,Monsoon (Jun-Sep),earth slide,rainfall (T),report,9,0,0,No fatalities,0.0,"business-standard' 'Landslides caused by heavy rainfall has blocked several roads in the South district of Sikkim, official sources said today. The road from Namchi to Phongla, Namchi to Melli and Namchi to Sumbuk were blocked due to landslides, as were the roads from Phong",http://www.business-standard.com/generalnews/news/landslides-block-several-roads-in-south-sikkim-district/57119/,UGLC
938412,Sikkim,Sikkim,"\xa0Chungthang and Pegong. Houses, between Rangma and Chungthang",27.6558,88.605,Medium (2-25km),10000,2012-09-19,2012,9,Monsoon (Jun-Sep),earth slide,rainfall (T),report,9,0,0,No fatalities,0.0,"Hindustan Times' 'At least twenty one bodies, including those of the Indo-Tibetan Border Police (ITBP) and the Border Roads Organisation (BRO) personnel, have so far been found while eight persons are still missing due to flash flood and landslides in remote areas of Nort",http://www.hindustantimes.com/india/flash-floods-and-landslides-kill-21-in-sikkim/story-4FYliiSqiH1MnwaoLBIUnO.html,UGLC
938401,Sikkim,Sikkim,"North Skkimm Hwy between, Chungthang and Mangan, North Skimm (9 landslides)",27.8385,88.556,Medium (2-25km),10000,2012-09-19,2012,9,Monsoon (Jun-Sep),earth slide,rainfall (T),report,9,20,1,Severe (5+),0.0,"Hindustan Times' 'At least twenty one bodies, including those of the Indo-Tibetan Border Police (ITBP) and the Border Roads Organisation (BRO) personnel, have so far been found while eight persons are still missing due to flash flood and landslides in remote areas of Nort",http://www.hindustantimes.com/india/flash-floods-and-landslides-kill-21-in-sikkim/story-4FYliiSqiH1MnwaoLBIUnO.html,UGLC
938394,Sikkim,Sikkim,North Sikkim n.a. ( 302),27.74367525,88.52635367,Low (>25km),36744,2012-09-19,2012,9,Monsoon (Jun-Sep),ND,rainfall (T),event,9,4,1,Moderate (3-5),,"One more body has been found by rescuers in the Rangma Range where 12 GREF personnel, including their family members, were killed in the September 21 landslide following heavy rains.\n\nWith the recovery of the body, which has been identified as that of Ra",http://news.outlookindia.com/items.aspx?artid=776577,UGLC
938410,Sikkim,Sikkim,Teesta valley between Chungthan and Lachen,27.65532317,88.59440471,Medium (2-25km),7282,2012-09-19,2012,9,Monsoon (Jun-Sep),ND,rainfall (T),event,9,3,1,Moderate (3-5),,"One more body has been found by rescuers in the Rangma Range where 12 GREF personnel, including their family members, were killed in the September 21 landslide following heavy rains.\n\nWith the recovery of the body, which has been identified as that of Ra",http://news.outlookindia.com/items.aspx?artid=776578,UGLC
1050544,Mizoram,Mizoram,Dapchhuah ot Rawpuichhip,23.7788134,92.54085299,High (<2km),1795,2012-10-11,2012,10,Post-monsoon (Oct-Nov),ND,rainfall (T),event,9,3,1,Moderate (3-5),,Four persons died in landslides across Mizoram yesterday.\n\nThe road between Dapchhuah and Rawpuichhip was blocked yesterday due to a landslide from the upper part of the road and swept away a JCB with the operator and two others yesterday around 12 noon.,http://www.mizonews.net/mizoramnews/four-killed-in-landslides-across-mizoram/,UGLC
1050577,Mizoram,Mizoram,KAWNPUI N.,24.02940241,92.66984764,Medium (2-25km),5715,2012-10-11,2012,10,Post-monsoon (Oct-Nov),ND,rainfall (T),event,9,1,1,Minor (1-2),,"Four persons died in landslides across Mizoram yesterday.  In another incident on Thursday at Kawnpui, a JCB was swept away by a landslide and driver Ramdinthara (24) of Champhai Tlangsam was killed.",http://www.mizonews.net/mizoramnews/four-killed-in-landslides-across-mizoram/,UGLC
1050525,Mizoram,Mizoram,"Dapchhuah, Mamit, Mizoram",23.7705,92.5217,Medium (2-25km),5000,2012-11-11,2012,11,Post-monsoon (Oct-Nov),earth slide,rainfall (T),report,9,4,1,Moderate (3-5),0.0,"assamtribune' 'Four people were killed and several places remained inaccessible due to road blockade caused by landslides since\xa0yesterday\xa0as heavy rains lashed Mizoram since\xa0Wednesday\xa0night,\xa0police\xa0said. The driver and operator of an excavator and the driver of a",http://www.assamtribune.com/scripts/detailsnew.asp?id=oct1312/oth06,UGLC
938377,Sikkim,Sikkim,Sikkim,27.57153591,88.47287208,Low (>25km),47483,2013-04-14,2013,4,Pre-monsoon (Apr-May),ND,rainfall (T),event,9,1,1,Minor (1-2),,"A software engineer from Calcutta was killed when a car carrying seven TCS employees skidded off a road near Gangtok this evening and rolled down an incline.\n\nThe techies, all in their twenties, had reached Gangtok yesterday and headed to Nathu-la, Baba",http://www.telegraphindia.com/1130415/jsp/frontpage/story_16786956.jsp,UGLC
1050580,Mizoram,Mizoram,"Kolasib, Saiha, Mizoram,",24.2315,92.6755,Low (>25km),50000,2013-05-07,2013,5,Pre-monsoon (Apr-May),mudslide,rainfall (T),report,9,0,0,No fatalities,0.0,"www.thehindu.com' 'A large number of villages in Mizoram have become inaccessible after landslides, triggered by heavy and incessant pre-monsoon rains that have been lashing the state since Saturday, have blocked the roads, official sources said on Wednesday. The landslide",http://www.thehindu.com/news/national/other-states/landslides-after-heavy-premonsoon-rain-in-mizoram/article4695784.ece,UGLC
1048344,Tripura,Tripura,"Purba Simna, Tripura",24.0896,91.4663,Medium (2-25km),5000,2013-05-08,2013,5,Pre-monsoon (Apr-May),earth slide,rainfall (T),report,9,1,1,Minor (1-2),0.0,www.upi.com' 'A large landslide in western Tripura killed at least two people Wednesday night.,http://www.upi.com/Top_News/World-News/2013/05/09/Cyclonic-storms-kill-seven-in-India/UPI-39151368107292/,UGLC
1048341,Tripura,Tripura,Agartala,23.87643891,91.39718144,Medium (2-25km),17979,2013-05-08,2013,5,Pre-monsoon (Apr-May),ND,rainfall (T),event,9,2,1,Minor (1-2),,"""""GFLD"", locality: 'Agartala', description: 'Cyclonic storms accompanied by lightning and rain continued to create havoc in Tripura for the fifth day on Thursday, killing seven people, including five women and injuring 20 others,"" an official said here.\n\n""""""""Sixty-year-old Ramani Debbarma and her 17-ye'""""",http://www.assamtribune.com/scripts/detailsnew.asp?id=may0913/at045,UGLC
1050660,Mizoram,Mizoram,Aizawl,23.83655634,92.88807365,Low (>25km),33154,2013-05-10,2013,5,Pre-monsoon (Apr-May),ND,rainfall (T),event,9,17,1,Severe (5+),,"10 persons were killed and seven missing in a massive landslide triggered by a cyclonic storm and heavy pre-monsoon rainfall that swept away nine houses in Laipuitlang area here early this morning.\n\n10 bodies, including five of women, have been recovered",http://news.outlookindia.com/items.aspx?artid=797845,UGLC
1050594,Mizoram,Mizoram,"Laipuitland , Aizawl, Mizoram",23.7281,92.7175,Medium (2-25km),25000,2013-05-11,2013,5,Pre-monsoon (Apr-May),earth slide,rainfall (T),report,9,15,1,Severe (5+),0.0,articles.timesofindia.indiatimes.com' 'Landslides triggered by a cyclonic storm and heavy pre-monsoon rain claimed at least 10 lives and swept away nine houses in the northern part of Aizawl on Saturday morning. Seven more people are missing.,http://articles.timesofindia.indiatimes.com/2013-05-12/guwahati/39203177_1_young-mizo-association-aizawl-rescue-work,UGLC
1048381,Assam,Assam,"Nursery, North Guwahati, Guwahati, Assam,",26.1662,91.7138,Low (>25km),50000,2013-05-11,2013,5,Pre-monsoon (Apr-May),earth slide,rainfall (T),report,9,0,0,No fatalities,0.0,"articles.timesofindia.indiatimes.com' 'Landslides occurred in the Nursery area and Maligaon in Nilachal Hills, Sarania Hills and Boragaon on Saturday, alarming hill residents, whose number has crossed two lakh in Guwahati, said sources. Junu Chakraborty (50) was injured in the Nursery area af",http://articles.timesofindia.indiatimes.com/2013-05-12/guwahati/39203561_1_artificial-floods-guwahati-municipal-corporation-gs-road,UGLC
1048368,Assam,Assam,"Boragaon, North Guwahati, Guwahati, Assam,",26.1016,91.6906,Medium (2-25km),5000,2013-05-11,2013,5,Pre-monsoon (Apr-May),earth slide,rainfall (T),report,9,0,0,No fatalities,0.0,"articles.timesofindia.indiatimes.com' 'Landslides occurred in the Nursery area and Maligaon in Nilachal Hills, Sarania Hills and Boragaon on Saturday, alarming hill residents, whose number has crossed two lakh in Guwahati, said sources. Junu Chakraborty (50) was injured in the Nursery area af",http://articles.timesofindia.indiatimes.com/2013-05-12/guwahati/39203561_1_artificial-floods-guwahati-municipal-corporation-gs-road,UGLC
1048413,Assam,Assam,"Sarania Hills, North Guwahati, Guwahati, Assam,",26.1771,91.7599,Medium (2-25km),5000,2013-05-11,2013,5,Pre-monsoon (Apr-May),earth slide,rainfall (T),report,9,0,0,No fatalities,1.0,"articles.timesofindia.indiatimes.com' 'Landslides occurred in the Nursery area and Maligaon in Nilachal Hills, Sarania Hills and Boragaon on Saturday, alarming hill residents, whose number has crossed two lakh in Guwahati, said sources. Junu Chakraborty (50) was injured in the Nursery area af",http://articles.timesofindia.indiatimes.com/2013-05-12/guwahati/39203561_1_artificial-floods-guwahati-municipal-corporation-gs-road,UGLC
1050783,Manipur,Manipur,"Khongsang, Tamenglong, Manipur,",24.9926,93.4946,Medium (2-25km),25000,2013-05-12,2013,5,Pre-monsoon (Apr-May),mudslide,rainfall (T),report,9,0,0,No fatalities,0.0,"www.e-pao.net' 'With unprecedented heavy pre-monsoon rains making the condition of Tamenglong- Khongsang road to turn from bad to worse, one goods laden truck (Registration no.MN01-7681) has been washed away in the mudslides occurring at various points of the road which",http://www.e-pao.net/GP.asp?src=23..130513.may13,UGLC
938449,Sikkim,Sikkim,"15 Km From Gangtok, Himalayans",27.3721,88.708,Medium (2-25km),25000,2013-06-08,2013,6,Monsoon (Jun-Sep),earth slide,rainfall (T),report,9,0,0,No fatalities,0.0,"""""COOLR_R"", locality: '15 Km From Gangtok, Himalayans', description: 'www.business-standard.com' 'Hundreds of tourists were stranded near Gangtok,"" following a landslide. """"""""We faced many problems there was nothing to protect us (from cold). The person"", who slept in the vehicle in night,"" might fall sick. Military persons gave food to everybody to eat. L'""""",http://www.business-standard.com/article/news-ani/tourists-stranded-due-to-landslide-in-gangtok-113060900319_1.html,UGLC
938453,Sikkim,Sikkim,"Near Changu Lake, 15Km Away From Nathu La, On India-China Border In Eastern Sikkim",27.3765,88.7628,High (<2km),1000,2013-06-27,2013,6,Monsoon (Jun-Sep),earth slide,rainfall (T),report,7,0,0,No fatalities,0.0,"www.indiatvnews.com' 'The Mountain Black Cat Division of the Indian Army has rescued 230 tourists last night when they were stranded near Changu Lake (13300 ft height) , 15 km away from Nathu La, on India-China border in eastern Sikkim. Heavy rain and landslides in this area",http://www.indiatvnews.com/news/india/sikkim-landslide-army-rescues-tourists-stranded-near-nathu-la-24315.html,UGLC
1057781,Manipur,Manipur,"Senapati, Manipur",25.318,94.0441,Low (>25km),50000,2013-08-09,2013,8,Monsoon (Jun-Sep),earth slide,rainfall (T),report,9,0,0,No fatalities,0.0,"e-pao.net' 'The heavy downpour in Senapati during the past weeks has caused landslides and flood like situation in low land areas in many parts of the district. Besides the National Highway, State highway and Inter Village Roads were badly affected by the downpour.",http://e-pao.net/GP.asp?src=Snipp8..230813.aug13,UGLC
1057887,Manipur,Manipur,"Koide Government High School, Senapati, Manipur",25.3833,94.1884,Medium (2-25km),5000,2013-08-15,2013,8,Monsoon (Jun-Sep),earth slide,rainfall (T),report,9,0,0,No fatalities,0.0,"e-pao.net' 'The heavy downpour in Senapati during the past weeks has caused landslides and flood like situation in low land areas in many parts of the district. Besides the National Highway, State highway and Inter Village Roads were badly affected by the downpour.",http://e-pao.net/GP.asp?src=Snipp8..230813.aug13,UGLC
1050773,Manipur,Manipur,The Imphal-Jiribam Section Of Nh-37 In Tamenglong District,24.7625,93.4341,Medium (2-25km),10000,2013-08-17,2013,8,Monsoon (Jun-Sep),earth slide,rainfall (T),report,9,0,0,No fatalities,0.0,www.nagalandpost.com' 'Over 700 Imphal-bound freight trucks were Sunday stranded between Rengpan and Khambirong on the stretch of the Imphal-Jiribam section of NH-37 in Tamenglong district after the road was totally blocked by a landslide triggered by continuous heavy rainfall,http://www.nagalandpost.com/ChannelNews/Regional/RegionalNews.aspx?news=TkVXUzEwMDA0MzUxNQ%3D%3D-zy3k3F6024s%3D,UGLC
938247,Sikkim,Sikkim,West Sikkim,27.34711035,88.17392386,Medium (2-25km),19242,2013-09-01,2013,9,Monsoon (Jun-Sep),ND,rainfall (T),event,9,5,1,Moderate (3-5),,Four members of a family and a guest were killed when a landslide hot their woodent house in Tamabung in West Sikkim last night. The house was completely destroyed in the landslide that was caused by continuous rain,http://kalimpongonlinenews.blogspot.co.uk/2013/09/landslide-kills-4-of-family.html,UGLC
1050798,Manipur,Manipur,"Tamenglong, Manipur",24.9829,93.5063,Medium (2-25km),5000,2013-09-01,2013,9,Monsoon (Jun-Sep),mudslide,rainfall (T),report,9,0,0,No fatalities,0.0,e-pao.net' 'The incessant rains have caused mudslides causing great havoc in different parts of Tamenglong district. Many people have also lost their properties in the mudslides at Tamenglong town areas. One major mudslide was occurred at Tamenglong ward No.IV near,http://e-pao.net/GP.asp?src=24..050913.sep13,UGLC
1050780,Manipur,Manipur,"Tamenglong- Khongsang Road, Manipur",24.9037,93.487,Medium (2-25km),25000,2013-09-01,2013,9,Monsoon (Jun-Sep),mudslide,rainfall (T),report,9,0,0,No fatalities,0.0,e-pao.net' 'Mudslides also occurred along Tamenglong- Khongsang road at many spots.,http://e-pao.net/GP.asp?src=24..050913.sep13,UGLC
938260,Sikkim,Sikkim,Tamabong Village In Sikkim State,27.3425,88.2426,Low (>25km),50000,2013-09-01,2013,9,Monsoon (Jun-Sep),earth slide,rainfall (T),report,9,5,1,Moderate (3-5),0.0,"sciencythoughts.blogspot.com' 'A family of five were all killed by a landslide that struck their home in Tamabong village in Sikkim State, northeast India, on the evening of Sunday 1 September 2013. The incident reportedly happened following heavy rains; landslides are a common proble",http://sciencythoughts.blogspot.com/2013/09/family-of-five-killed-by-landslide-in.html,UGLC
938450,Sikkim,Sikkim,14 Milestone Of J N Marg Near Kyangnosola (East Sikkim),27.3736,88.7323,Medium (2-25km),25000,2013-09-07,2013,9,Monsoon (Jun-Sep),earth slide,rainfall (T),report,9,0,0,No fatalities,0.0,"articles.timesofindia.indiatimes.com' 'The Army launched massive rescue operations in east and north Sikkim since Saturday and rescued 40 stranded tourists and several injured workers of an engineering firm caught in landslides. While the tourists were on their way to Nathu La, the engineerin",http://articles.timesofindia.indiatimes.com/2013-09-10/india/41936154_1_east-and-north-sikkim-chungthang-gangtok,UGLC
938437,Sikkim,Sikkim,"Chungthang, Sikkim",27.6047,88.6463,Low (>25km),50000,2013-09-08,2013,9,Monsoon (Jun-Sep),rock fall,rainfall (T),report,9,1,1,Minor (1-2),2.0,"""""COOLR_R"", locality: 'Chungthang, Sikkim',"" description: 'articles.timesofindia.indiatimes.com' '""""""""On Monday"", workers of Southern Engineering Works (SEW) Ltd,"" Chungthang (North Sikkim) were brought to Army Field Hospital with multiple injuries sustained after a landslide struck they were working in a light mechanical workshop near the project site. H'""""",http://articles.timesofindia.indiatimes.com/2013-09-10/india/41936154_1_east-and-north-sikkim-chungthang-gangtok,UGLC
1048555,Assam,Assam,Guwahati,26.13140438,91.93086808,Medium (2-25km),15925,2013-10-06,2013,10,Post-monsoon (Oct-Nov),ND,rainfall (T),event,9,1,1,Minor (1-2),,"An elderly man has been killed by a rockfall in Guwahati, Assam, on Sunday 6 October 2013.  Bahadur Gurung,80, was sitting at the foot of a slope when he was hit by a rock that had been dislodged following heavy rains. The city has suffered 70 mm of rai",http://sciencythoughts.blogspot.co.uk/2013/10/elderly-man-killed-by-rockfall-in.html,UGLC
1048374,Assam,Assam,"Nilachal Hill, Guwahati, Assam",26.1665,91.7049,Medium (2-25km),5000,2013-10-06,2013,10,Post-monsoon (Oct-Nov),earth slide,rainfall (T),report,9,0,0,No fatalities,0.0,articles.timesofindia.indiatimes.com' 'Heavy downpour in the last 24 hours paralyzed life in Guwahati and a landslide triggered by the rain claimed the life of an elderly person in the city on Sunday. The rain also dampened the spirit of Durga Puja shopping in the city. Kamrup (Metro) additio,http://articles.timesofindia.indiatimes.com/2013-10-07/guwahati/42793381_1_anil-nagar-heavy-rain-nabin-nagar,UGLC
1048492,Assam,Assam,"Batahguli, Guwahati, Assam",26.1309,91.8383,Medium (2-25km),5000,2013-10-06,2013,10,Post-monsoon (Oct-Nov),earth slide,rainfall (T),report,9,1,1,Minor (1-2),0.0,articles.timesofindia.indiatimes.com' 'Heavy downpour in the last 24 hours paralyzed life in Guwahati and a landslide triggered by the rain claimed the life of an elderly person in the city on Sunday. The rain also dampened the spirit of Durga Puja shopping in the city. Kamrup (Metro) additio,http://articles.timesofindia.indiatimes.com/2013-10-07/guwahati/42793381_1_anil-nagar-heavy-rain-nabin-nagar,UGLC
1057980,Manipur,Manipur,"Tusom, Manipur",25.426,94.6024,Medium (2-25km),5000,2013-10-13,2013,10,Post-monsoon (Oct-Nov),mudslide,rainfall (T),report,9,0,0,No fatalities,0.0,www.indiatvnews.com' 'Heavy rains have been lashing Tusom village of Ukhrul in Manipur for the past three days which resulted in a massive landslide here. Ukhrul district of Manipur lies close to the Indo-Myanmar border. Villagers immediately evacuated the area fearing volcan,http://www.indiatvnews.com/news/india/people-in-manipur-evacuate-due-to-landslides-volcanic-eruption-fear-baseless-29544.html,UGLC
1050217,Assam,Assam,"Satgarakul Village, Karimganj, Assam State",24.8669,92.3576,High (<2km),1000,2014-05-09,2014,5,Pre-monsoon (Apr-May),earth slide,rainfall (T),report,7,7,1,Severe (5+),0.0,"Sciency Thoughts' 'Seven members of a single family have been killed by a landslide that struck their home in the village of Satkoragool in the Karimganj District of Assam State, India, overnight between Friday 9 May and Saturday 10 May/2014. Nobody witnessed the incident,",http://sciencythoughts.blogspot.com/2014/05/seven-members-of-one-family-killed-by.html,UGLC
1050273,Assam,Assam,Karimganj,24.58041329,92.37948378,Medium (2-25km),24155,2014-05-10,2014,5,Pre-monsoon (Apr-May),ND,rainfall (T),event,9,7,1,Severe (5+),,"Seven members of a single family have been killed by a landslide that struck their home in the village of Satkoragool in the Karimganj District of Assam State, India, overnight between Friday 9 May and Saturday 10 May 2014. Nobody witnessed the incident,",http://sciencythoughts.blogspot.co.uk/2014/05/seven-members-of-one-family-killed-by.html,UGLC
938395,Sikkim,Sikkim,North Sikkim,27.74367525,88.52635367,Low (>25km),36744,2014-06-24,2014,6,Monsoon (Jun-Sep),ND,rainfall (T),event,9,3,1,Moderate (3-5),,Three teachers of Tanek Primary School in North Sikkim were crushed to death when the car they were travelling in was caught in a crash of boulders at Dhamala Bhir under Ramthang-Tanek GPU of Kabi-Lungchok constituency on the North Sikkim Highway. The te,http://sikkimnow.blogspot.co.uk/2014/06/3-teachers-from-tanek-school-killed-in.html,UGLC
1048416,Assam,Assam,Narakasur,26.1407,91.7645,Medium (2-25km),5000,2014-06-26,2014,6,Monsoon (Jun-Sep),earth slide,rainfall (T),report,9,3,1,Moderate (3-5),0.0,"Two Circles' 'At least eight people, including three members of a family, were killed here due to landslides and flash floods triggered by incessant rain since Thursday night, officials said Friday. Four persons were killed due to landslides in two places while anothe",http://twocircles.net/2014jun27/8_killed_assam_landslides_electrocution.html#.U70ydPldU1L,UGLC
1048421,Assam,Assam,Bhangagarh,26.16343122,91.76898556,High (<2km),424,2014-06-26,2014,6,Monsoon (Jun-Sep),ND,rainfall (T),event,5,4,1,Moderate (3-5),,"The other casualties were three members of a family, including two women, who were killed in a landslide which hit their tin-roofed house in Bhangagarh area, the sources said.",http://www.dnaindia.com/india/report-six-die-of-electrocution-and-landslide-after-rains-in-guwahati-1998172,UGLC
1048440,Assam,Assam,Bamunimaidam,26.1844,91.7896,Medium (2-25km),5000,2014-06-26,2014,6,Monsoon (Jun-Sep),earth slide,rainfall (T),report,9,1,1,Minor (1-2),0.0,"Two Circles' 'At least eight people, including three members of a family, were killed here due to landslides and flash floods triggered by incessant rain since Thursday night, officials said Friday. Four persons were killed due to landslides in two places while anothe",http://twocircles.net/2014jun27/8_killed_assam_landslides_electrocution.html#.U70ydPldU1L,UGLC
1048422,Assam,Assam,"Bhangagarh, Assam",26.1619,91.7697,High (<2km),0,2014-06-27,2014,6,Monsoon (Jun-Sep),earth slide,rainfall (T),report,1,3,1,Moderate (3-5),0.0,"Assam Times' 'Over 50 people had a narrow escape in Guwahati when 13 houses collapsed in landslide on Saturday. The incident took place in the morning at Kharghuli hilltop where 13 houses were damaged in landslide. The people inside the houses, who were remaining aler",http://www.assamtimes.org/node/11181,UGLC
1048417,Assam,Assam,"Kharghuli Hills, Assam",26.1964,91.7652,High (<2km),0,2014-06-28,2014,6,Monsoon (Jun-Sep),earth slide,rainfall (T),report,1,0,0,No fatalities,0.0,"Assam Times' 'Over 50 people had a narrow escape in Guwahati when 13 houses collapsed in landslide on Saturday. The incident took place in the morning at Kharghuli hilltop where 13 houses were damaged in landslide. The people inside the houses, who were remaining aler",http://www.assamtimes.org/node/11181,UGLC
1050601,Mizoram,Mizoram,AIZAWL,23.73719685,92.72342008,Medium (2-25km),7696,2014-07-14,2014,7,Monsoon (Jun-Sep),ND,rainfall (T),event,9,1,1,Minor (1-2),,"The State Disaster Response Force and volunteers from Falkland locality and other places continued their operation to search the body of a 30-year-old woman, swept away by a massive landslide last evening near Aizawl, despite inclement weather.\n\nSix pers",http://www.business-standard.com/article/pti-stories/rescue-operations-for-woman-swept-away-by-landslide-continue-114071500831_1.html,UGLC
1050612,Mizoram,Mizoram,"Zembabawk, Aizawl",23.7327,92.7463,Medium (2-25km),5000,2014-07-14,2014,7,Monsoon (Jun-Sep),earth slide,rainfall (T),report,9,1,1,Minor (1-2),2.0,"Business Standard' 'The State Disaster Response Force and volunteers from Falkland locality and other places continued their operation to search the body of a 30-year-old woman, swept away by a massive landslide last evening near Aizawl, despite inclement weather. Six perso",http://www.business-standard.com/article/pti-stories/rescue-operations-for-woman-swept-away-by-landslide-continue-114071500831_1.html,UGLC
1050649,Assam,Assam,Cachar,24.81395989,92.85687296,Low (>25km),34718,2014-07-27,2014,7,Monsoon (Jun-Sep),ND,rainfall (T),event,9,5,1,Moderate (3-5),,"""""GFLD"", locality: 'Cachar',"" description: """"""""A heavy landslide killed five workers in the remote Kangpung village of Assam's Cachar district. Though the incident occurred on Monday"","" police said three bodies were found on Wednesday.\n\n Sources said the workers had been engaged in cutting trees along""""""""""""",http://timesofindia.indiatimes.com/City/Guwahati/Landslide-kills-5-in-Cachar/articleshow/39350464.cms,UGLC
1048384,Tripura,Tripura,Sabroom,23.0137,91.7174,Medium (2-25km),5000,2014-08-14,2014,8,Monsoon (Jun-Sep),mudslide,rainfall (T),report,9,3,1,Moderate (3-5),0.0,"New Indian Express' 'A woman and her two children were killed when a landslide buried their house in Tripura, police said here Friday.",http://www.newindianexpress.com/nation/Landslide-Kills-Three-in-Tripura/2014/08/15/article2381042.ece,UGLC
1048357,Tripura,Tripura,South Tripura,23.19818874,91.58174838,Medium (2-25km),22029,2014-08-14,2014,8,Monsoon (Jun-Sep),ND,rainfall (T),event,9,3,1,Moderate (3-5),,"The Tripura victims, a 32-year-old tribal woman and her two minor children, were sleeping when their house was buried in a landslide following heavy rains in South Tripura. Police said the incident occurred in a remote hamlet called Shankartilla, under M",http://timesofindia.indiatimes.com/City/Guwahati/Landslides-kill-4-in-Tripura-Arunachal/articleshow/40287315.cms,UGLC
1048376,Assam,Assam,Garchuk,26.1044,91.7082,Medium (2-25km),5000,2014-09-22,2014,9,Monsoon (Jun-Sep),earth slide,rainfall (T),report,9,0,0,No fatalities,0.0,Assam Tribune' 'another road in Garchuk was also blocked due to landslide.,http://www.assamtribune.com/scripts/detailsnew.asp?id=sep2414/at051,UGLC
1048375,Assam,Assam,Dhirenpara,26.1295,91.7056,Medium (2-25km),5000,2014-09-22,2014,9,Monsoon (Jun-Sep),earth slide,rainfall (T),report,9,0,0,No fatalities,0.0,"Assam Tribune' 'On the other hand, several incidents of landslides were reported from Dhirenpara, Koinadhara, Gorhchuk, Noonmati and Pamohi.",http://www.assamtribune.com/scripts/detailsnew.asp?id=sep2414/at051,UGLC
1048444,Assam,Assam,Lichubagan,26.15146273,91.79753177,High (<2km),405,2014-09-22,2014,9,Monsoon (Jun-Sep),ND,rainfall (T),event,5,1,1,Minor (1-2),,"Incessant rainfall and landslides claimed two lives in Guwahati and brought public life to a grinding halt today. A 71-year-old woman died due to landslide in Hengerabari-Lichubagan area,",http://www.assamtribune.com/scripts/detailsnew.asp?id=sep2314/at050,UGLC
1048409,Assam,Assam,Dakhingaon,26.1314,91.7548,High (<2km),1000,2014-09-22,2014,9,Monsoon (Jun-Sep),earth slide,rainfall (T),report,7,0,0,No fatalities,0.0,"Assam Tribune' 'Flash flood and landslides continued to cause devastation in Guwahati for the second day today with the death toll due to landslip rising to four. Two persons died in two separate incidents of landslides in Lalmati and Dakhingaon, whereas a woman was inj",http://www.assamtribune.com/scripts/detailsnew.asp?id=sep2414/at051,UGLC
1048448,Assam,Assam,Noonmati,26.1985,91.7998,Medium (2-25km),5000,2014-09-22,2014,9,Monsoon (Jun-Sep),earth slide,rainfall (T),report,9,0,0,No fatalities,0.0,"Assam Tribune' 'On the other hand, several incidents of landslides were reported from Dhirenpara, Koinadhara, Gorhchuk, Noonmati and Pamohi.",http://www.assamtribune.com/scripts/detailsnew.asp?id=sep2414/at051,UGLC
1048491,Assam,Assam,Batahghuli,26.1324,91.8342,Medium (2-25km),5000,2014-09-22,2014,9,Monsoon (Jun-Sep),earth slide,rainfall (T),report,9,0,0,No fatalities,1.0,"Assam Tribune' 'Flash flood and landslides continued to cause devastation in Guwahati for the second day today with the death toll due to landslip rising to four. Two persons died in two separate incidents of landslides in Lalmati and Dakhingaon, whereas a woman was inj",http://www.assamtribune.com/scripts/detailsnew.asp?id=sep2414/at051,UGLC
1048479,Assam,Assam,VIP Road,26.159,91.8178,Medium (2-25km),5000,2014-09-22,2014,9,Monsoon (Jun-Sep),earth slide,rainfall (T),report,9,0,0,No fatalities,0.0,Assam Tribune' 'A portion of VIP Road was blocked due to landslide,http://www.assamtribune.com/scripts/detailsnew.asp?id=sep2414/at051,UGLC
1048431,Assam,Assam,Lalmati,26.1097,91.7747,Medium (2-25km),5000,2014-09-22,2014,9,Monsoon (Jun-Sep),earth slide,rainfall (T),report,9,1,1,Minor (1-2),0.0,"Assam Tribune' 'Flash flood and landslides continued to cause devastation in Guwahati for the second day today with the death toll due to landslip rising to four. Two persons died in two separate incidents of landslides in Lalmati and Dakhingaon, whereas a woman was inj",http://www.assamtribune.com/scripts/detailsnew.asp?id=sep2414/at051,UGLC
1048367,Assam,Assam,Pamohi,26.1001,91.6849,Medium (2-25km),5000,2014-09-22,2014,9,Monsoon (Jun-Sep),earth slide,rainfall (T),report,9,0,0,No fatalities,0.0,"Assam Tribune' 'On the other hand, several incidents of landslides were reported from Dhirenpara, Koinadhara, Gorhchuk, Noonmati and Pamohi.",http://www.assamtribune.com/scripts/detailsnew.asp?id=sep2414/at051,UGLC
1048429,Assam,Assam,Lalmati,26.11117064,91.77318437,High (<2km),830,2014-09-23,2014,9,Monsoon (Jun-Sep),ND,rainfall (T),event,7,1,1,Minor (1-2),,"Flash flood and landslides continued to cause devastation in Guwahati for the second day today with the death toll due to landslip rising to four. Two persons died in two separate incidents of landslides in Lalmati and Dakhingaon, whereas a woman was inj",http://www.assamtribune.com/scripts/detailsnew.asp?id=sep2414/at051,UGLC
1048411,Assam,Assam,DakhinGaon,26.13146397,91.75782228,High (<2km),561,2014-09-23,2014,9,Monsoon (Jun-Sep),ND,rainfall (T),event,7,1,1,Minor (1-2),,"Flash flood and landslides continued to cause devastation in Guwahati for the second day today with the death toll due to landslip rising to four. Two persons died in two separate incidents of landslides in Lalmati and Dakhingaon, whereas a woman was inj",http://www.assamtribune.com/scripts/detailsnew.asp?id=sep2414/at051,UGLC
1050362,Assam,Assam,Ratacherra,25.0318,92.4584,Medium (2-25km),5000,2015-03-19,2015,3,Dry season (Dec-Mar),earth slide,rainfall (T),report,9,0,0,No fatalities,0.0,"International Business Times' 'Minor landslides were also reported in Tongseng, Ratacherra and Dona areas.",http://www.ibtimes.co.in/meghalaya-massive-landslide-east-jaintia-hills-flash-floods-shillong-hit-normal-life-643439,UGLC
1050609,Mizoram,Mizoram,"Muanna locality, Mizoram",23.7131,92.7362,Low (>25km),50000,2015-06-19,2015,6,Monsoon (Jun-Sep),earth slide,rainfall (T),report,9,0,0,No fatalities,0.0,The Statesmen' 'At least 27 graves of a cemetery were damaged in rain-triggered landslide,http://www.thestatesman.com/news/northeast/27-graves-damaged-in-mizoram-landslide/70263.html,UGLC
1051726,Manipur,Manipur,"amei to Kangpokpi via Imphal road, 0.5 km from Tamei, Tamenglang District",25.16,93.686,High (<2km),1000,2015-06-19,2015,6,Monsoon (Jun-Sep),earth slide,rainfall (T),report,7,0,0,No fatalities,0.0,E-Pao' 'Tamei to Kangpokpi via Imphal road remained cut off for the last few days due to huge landslides near a diesel oil pump located some half a kilometer from Tamei Headquarters.  Contractor engaged under NEC road construction at Tamei has been clearing the,http://e-pao.net/GP.asp?src=34..200615.jun15,UGLC
1050650,Assam,Assam,Silchar,24.81395989,92.85687296,Low (>25km),34718,2015-07-21,2015,7,Monsoon (Jun-Sep),ND,rainfall (T),event,9,5,1,Moderate (3-5),,"Four children and their mother have been killed in a landslide at Lakhipur area of Silchar in southern Assam.\n\nIncessant rain triggered the landslide in the area last night, with mud, rock and debris rolling off and burying the house of the victims. A w",http://news.webindia123.com/news/Articles/India/20150722/2647396.html,UGLC
1057821,Manipur,Manipur,NH-2 between Senapati and Mao,25.3908,94.0926,Medium (2-25km),10000,2015-07-22,2015,7,Monsoon (Jun-Sep),earth slide,rainfall (T),report,9,0,0,No fatalities,0.0,"The Sangai Express' 'Reports from other locations also say that minor landslides, potholes, water-logging have been spotted along the NH-2 stretch between Senapati and Mao.",http://www.thesangaiexpress.com/page/items/54212/massive-landslide-along-maram-peren-road-downpour-creates-havoc-in-different-parts,UGLC
1057376,Manipur,Manipur,22 kms to 30 kms between Sangkungmai and Willong,25.4538,93.9827,Medium (2-25km),5000,2015-07-22,2015,7,Monsoon (Jun-Sep),earth slide,rainfall (T),report,9,0,0,No fatalities,0.0,"The Sangai Express' 'Torrential rain in the last many days has created havoc in many places of Senapati district. According to sources, vehicular and human movements have been completely halted. Removal of trees and loose soil are expected to take many weeks before normal mo",http://www.thesangaiexpress.com/page/items/54212/massive-landslide-along-maram-peren-road-downpour-creates-havoc-in-different-parts,UGLC
1050671,Assam,Assam,Lakhipur,24.7979,92.9974,Medium (2-25km),5000,2015-07-22,2015,7,Monsoon (Jun-Sep),earth slide,rainfall (T),report,9,5,1,Moderate (3-5),0.0,Assam Times' 'Five persons of a family were buried alive when a huge hillock collapsed on their house in Cachar district on Wednesday. The incident took place in the wee hours at Lakhipur are when a huge hillock slipped into the house where Zubeda Khatun along with he,http://www.assamtimes.org/node/14309,UGLC
1057795,Manipur,Manipur,"15 kms from Maram, National Highway-102/A (Maram Peren road)",25.4477,94.0489,High (<2km),1000,2015-07-22,2015,7,Monsoon (Jun-Sep),earth slide,rainfall (T),report,7,0,0,No fatalities,0.0,The Sangai Express' 'Reports collected from different areas of the district said that massive landslide along the newly christened National Highway-102/A (Maram Peren road) has totally cut off villages in Willong and Yangkhullen circle. Sources specified of major landslides,http://www.thesangaiexpress.com/page/items/54212/massive-landslide-along-maram-peren-road-downpour-creates-havoc-in-different-parts,UGLC
1057403,Manipur,Manipur,Willong-Yangkhullen stretch,25.5007,93.9854,Medium (2-25km),5000,2015-07-22,2015,7,Monsoon (Jun-Sep),earth slide,rainfall (T),report,9,0,0,No fatalities,0.0,The Sangai Express' 'Torrential rain in the last many days has created havoc in many places of Senapati district.  Reports collected from different areas of the district said that massive landslide along the newly christened National Highway-102/A (Maram Peren road) has tota,http://www.thesangaiexpress.com/page/items/54212/massive-landslide-along-maram-peren-road-downpour-creates-havoc-in-different-parts,UGLC
1055274,Manipur,Manipur,Yangkhullen-Tamphung road till Nagaland border,25.5098,93.8794,Medium (2-25km),10000,2015-07-22,2015,7,Monsoon (Jun-Sep),earth slide,rainfall (T),report,9,0,0,No fatalities,0.0,"The Sangai Express' 'Torrential rain in the last many days has created havoc in many places of Senapati district. Sources specified of major landslides in different locations including 15 kms from Maram, 22 kms to 30 kms between Sangkhumai and Willong, Willong-Yangkhullen st",http://www.thesangaiexpress.com/page/items/54212/massive-landslide-along-maram-peren-road-downpour-creates-havoc-in-different-parts,UGLC
1050805,Manipur,Manipur,Tamenglong Ward No-IV,24.9818,93.5142,Low (>25km),50000,2015-07-24,2015,7,Monsoon (Jun-Sep),mudslide,rainfall (T),report,9,0,0,No fatalities,0.0,"E-PAO' 'Due to incessant rainfalls in the last few days, a huge mudslide occurred on Friday which destroyed a garage along with a Bolero jeep and other belongings of one Namthiurai Daimei of Tamenglong Ward No-IV.",http://e-pao.net/GP.asp?src=Snipp16..250715.jul15,UGLC
1048518,Assam,Assam,ND,26.1062,91.8717,Medium (2-25km),5000,2015-07-25,2015,7,Monsoon (Jun-Sep),earth slide,rainfall (T),report,9,2,1,Minor (1-2),0.0,"ASSAM Talks' 'According to report, a huge hillock slipped into the house after heavy rain where Dinesh Bodo along with his wife and daughter lived in. This incident occurred at Tamulkuchi village of Jorabat.  Bodo’s wife Bharati Bodo and his daughter were died and o",http://www.assamtalks.com/2-killed-in-jorabat-landslide.html,UGLC
1057918,Manipur,Manipur,Phungyar road,24.819,94.3551,Medium (2-25km),10000,2015-07-31,2015,7,Monsoon (Jun-Sep),earth slide,rainfall (T),report,9,0,0,No fatalities,0.0,E-PAO' 'Massive landslide along the Phungyar road under Ukhrul District cut off Phungya Sub-Division from the rest the state on Friday.,http://e-pao.net/GP.asp?src=22..010815.aug15,UGLC
1057912,Manipur,Manipur,Naga Gate along the Ukhrul-Imphal route,25.0634,94.3415,Medium (2-25km),10000,2015-07-31,2015,7,Monsoon (Jun-Sep),mudslide,rainfall (T),report,9,0,0,No fatalities,0.0,"E-PAO' 'Reports reaching here have said that massive landslides that occurred last night at several points like New Haven, Finch Corner, Nungshang Kong and Naga Gate along the Ukhrul-Imphal route have brought vehicular movements to a standstill since early morni",http://e-pao.net/GP.asp?src=22..020815.aug15,UGLC
1057368,Manipur,Manipur,"Holenjang, Chandel district",24.004,93.9815,Medium (2-25km),10000,2015-08-01,2015,8,Monsoon (Jun-Sep),earth slide,rainfall (T),report,9,0,0,No fatalities,0.0,"India Today' 'Another village Holenjang, which is 15km away from Joumol is also hit by landslide but due to non-motorable road rescue teams were yet to reach this area till late Saturday evening.",http://indiatoday.intoday.in/story/landslide-in-manipur-near-myanmar-border-kills-21/1/455645.html,UGLC
1057951,Manipur,Manipur,between Maku village and Kamjong sub division,24.9111,94.4759,Medium (2-25km),10000,2015-08-01,2015,8,Monsoon (Jun-Sep),earth slide,rainfall (T),report,9,0,0,No fatalities,0.0,"E-PAO' 'Meanwhile, Kamjong- Ukhrul BRTF road connecting 30 villages under Kamjong block has remained cut off for the past three days following heavy landslides at various locations in between Maku village and Kamjong sub division spanning a stretch of abour 9 ki",http://e-pao.net/GP.asp?src=22..020815.aug15,UGLC
1057769,Manipur,Manipur,Joumol of Chandel district,24.1077,94.0396,Medium (2-25km),25000,2015-08-01,2015,8,Monsoon (Jun-Sep),earth slide,rainfall (T),report,9,21,1,Severe (5+),0.0,"Sangai Express' 'Joumol is a small hamlet in the remotest corner of Chandel district of Manipur. On Aug 1, the tranquillity of the village was shattered by a thunderous roar. A massive landslide during the early morning hours swept away the entire village resulting in nu",http://www.thesangaiexpress.com/page/items/55203/healing-touch-to-flood-landslide-affected-victims,UGLC
1057839,Manipur,Manipur,between Moltuk to New Songjang village,24.1419,94.1078,Medium (2-25km),5000,2015-08-01,2015,8,Monsoon (Jun-Sep),earth slide,rainfall (T),report,9,0,0,No fatalities,0.0,E-PAO' 'one landslide between Moltuk to New Songjang village,http://e-pao.net/GP.asp?src=21..020815.aug15,UGLC
1057829,Manipur,Manipur,between Chalong and Paraolon,24.1988,94.1016,Medium (2-25km),10000,2015-08-01,2015,8,Monsoon (Jun-Sep),earth slide,rainfall (T),report,9,0,0,No fatalities,0.0,E-PAO' 'Two landslides between Chalong to Paraolon,http://e-pao.net/GP.asp?src=21..020815.aug15,UGLC
1057940,Manipur,Manipur,Ukhrul NH 201-Jessami road,25.1941,94.4481,Medium (2-25km),25000,2015-08-01,2015,8,Monsoon (Jun-Sep),earth slide,rainfall (T),report,9,0,0,No fatalities,0.0,"E-PAO' 'The landslides occurred at three places between Ukhrul to Nungbi Village, following which a team of RKL inspected the sites today.",http://e-pao.net/GP.asp?src=22..020815.aug15,UGLC
1057825,Manipur,Manipur,Senam,24.416,94.0984,Medium (2-25km),5000,2015-08-01,2015,8,Monsoon (Jun-Sep),earth slide,rainfall (T),report,9,0,0,No fatalities,0.0,"E-PAO' 'At Senam and Tengnoupal, Some people of the two villages vacated their respective houses and shifted their belongings to a safer place as crack has been developed due to landslide in the village.",http://e-pao.net/GP.asp?src=1..020815.aug15,UGLC
1057865,Manipur,Manipur,"Tuitung village, Khengjoi",23.899,94.1434,Medium (2-25km),5000,2015-08-01,2015,8,Monsoon (Jun-Sep),earth slide,rainfall (T),report,9,0,0,No fatalities,0.0,"Hindustan Times' 'Several houses of Hollenjang, Wayang and Tuitung village under Khengjoi were also swept away by the landslide. The total number of casualties from these areas, if any, are not known so far.",http://www.hindustantimes.com/india/20-dead-several-houses-swept-away-in-manipur-landslide/story-KoP6OouFBWhqxSdcnLrXJN.html,UGLC
1057888,Manipur,Manipur,between Tengnoupal-Sita junction and Tengnoupal Power Sub-Station,24.4265,94.1913,Medium (2-25km),25000,2015-08-01,2015,8,Monsoon (Jun-Sep),earth slide,rainfall (T),report,9,0,0,No fatalities,0.0,E-PAO' 'In between Tengnoupal-Sita junction and Tengnoupal Power Sub-Station landslide occurred at four locations and blocked the Tengnoupal-Sangshak road,http://e-pao.net/GP.asp?src=1..020815.aug15,UGLC
1057893,Manipur,Manipur,Imphal-Ukhrul road,24.954,94.2156,Low (>25km),50000,2015-08-01,2015,8,Monsoon (Jun-Sep),earth slide,rainfall (T),report,9,0,0,No fatalities,0.0,E-PAO' 'ND,http://e-pao.net/GP.asp?src=1..020815.aug15,UGLC
1057815,Manipur,Manipur,between Bongyang and Lokchao along the Imphal-Moreh highway,24.4072,94.0644,Medium (2-25km),5000,2015-08-01,2015,8,Monsoon (Jun-Sep),earth slide,rainfall (T),report,9,0,0,No fatalities,0.0,"E-PAO' 'Meanwhile, landslides also wreaked havoc in between Bongyang and Lokchao along the Imphal-Moreh highway and Tengnoupal-Sangshak road in Chandel district.",http://e-pao.net/GP.asp?src=1..020815.aug15,UGLC
1057810,Manipur,Manipur,near S Lamphei Lamkhai and Sehlon village,23.9939,94.0573,Low (>25km),50000,2015-08-01,2015,8,Monsoon (Jun-Sep),earth slide,rainfall (T),report,9,0,0,No fatalities,0.0,E-PAO' 'landslide near S Lamphei Lamkhai and Sehlon village had taken place,http://e-pao.net/GP.asp?src=21..020815.aug15,UGLC
1057780,Manipur,Manipur,Chandel,24.30097079,94.04356075,Medium (2-25km),13621,2015-08-01,2015,8,Monsoon (Jun-Sep),ND,rainfall (T),event,9,9,1,Severe (5+),,"Twenty people were killed in a landslide triggered by heavy incessant rain at Zoumoal village in Manipur’s Chandel district today, police said. Superintendent of Police of Chandel district Herojit Singh said 20 people were killed in the landslide at th",http://indianexpress.com/article/india/india-others/floods-in-mizoram-manipur-render-several-families-homeless/,UGLC
1057923,Manipur,Manipur,Ukhrul town Circular road from Rayotang to Viewland Zone II,25.1122,94.3591,Medium (2-25km),10000,2015-08-01,2015,8,Monsoon (Jun-Sep),earth slide,rainfall (T),report,9,0,0,No fatalities,0.0,"E-PAO' 'In separate similar incidents, due to sinking of Ukhrul town Circular road from Rayotang to Viewland Zone II, a newly constructed Meitei Baptist Church building, including pastor quarter and kitchen have been destroyed, while heavy downpour that lashed t",http://e-pao.net/GP.asp?src=22..020815.aug15,UGLC
1057820,Manipur,Manipur,"Wayang, Khengjoi",23.9278,94.0906,Medium (2-25km),5000,2015-08-01,2015,8,Monsoon (Jun-Sep),earth slide,rainfall (T),report,9,0,0,No fatalities,0.0,"Hindustan Times' 'Several houses of Hollenjang, Wayang and Tuitung village under Khengjoi were also swept away by the landslide. The total number of casualties from these areas, if any, are not known so far.",http://www.hindustantimes.com/india/20-dead-several-houses-swept-away-in-manipur-landslide/story-KoP6OouFBWhqxSdcnLrXJN.html,UGLC
1050841,Manipur,Manipur,Khoupum,24.7016,93.5291,Medium (2-25km),5000,2015-08-11,2015,8,Monsoon (Jun-Sep),earth slide,rainfall (T),report,9,0,0,No fatalities,0.0,"E-PAO' 'In a press statement, ZB-AMN General Secretary Dr Gairiangmei Maringmei said due to recent incessant rain, several areas of the Zeliangrong region have experienced landslides.",http://e-pao.net/GP.asp?src=26..120815.aug15,UGLC
1050762,Manipur,Manipur,Tousem,25.1019,93.3729,Medium (2-25km),5000,2015-08-11,2015,8,Monsoon (Jun-Sep),earth slide,rainfall (T),report,9,0,0,No fatalities,0.0,"E-PAO' 'In a press statement, ZB-AMN General Secretary Dr Gairiangmei Maringmei said due to recent incessant rain, several areas of the Zeliangrong region have experienced landslides.",http://e-pao.net/GP.asp?src=26..120815.aug15,UGLC
1050771,Manipur,Manipur,Nungba,24.7459,93.4251,Medium (2-25km),10000,2015-08-11,2015,8,Monsoon (Jun-Sep),earth slide,rainfall (T),report,9,0,0,No fatalities,0.0,"E-PAO' 'In a press statement, ZB-AMN General Secretary Dr Gairiangmei Maringmei said due to recent incessant rain, several areas of the Zeliangrong region have experienced landslides.",http://e-pao.net/GP.asp?src=26..120815.aug15,UGLC
1048527,Assam,Assam,Natonal Highway in Jorabat area,26.1028,91.8806,Medium (2-25km),5000,2015-08-22,2015,8,Monsoon (Jun-Sep),earth slide,rainfall (T),report,9,0,0,No fatalities,0.0,Assam Times' 'Hundreds of vehicles have been remaining stranded on the Natonal Highway in Jorabat area where a huge hillock slipped on road the in the wee hours. It took several hours to clear the road. - See more at: http://www.assamtimes.org/node/14643#sthash.6wgmNZ,http://www.assamtimes.org/node/14643,UGLC
1050683,Mizoram,Mizoram,Phullen’s main road,23.8447,93.0514,Medium (2-25km),10000,2015-08-26,2015,8,Monsoon (Jun-Sep),mudslide,rainfall (T),report,9,0,0,No fatalities,0.0,"Indian Express' 'At least three houses have been swept away by a mudslide and several others vacated in a north-eastern Mizoram town, an official said Wednesday, the latest in several weather-related incidents that have damaged property and caused hardship in the remote",http://indianexpress.com/article/india/india-others/several-houses-swept-away-in-mudslide-in-the-mizoram-town-of-phullen/,UGLC
1050618,Mizoram,Mizoram,Sailam village,23.3572,92.7878,Medium (2-25km),5000,2015-08-26,2015,8,Monsoon (Jun-Sep),earth slide,rainfall (T),report,9,1,1,Minor (1-2),0.0,"Indian Express' 'A few casualties have been reported, including a driver in his 20s who later died in a hospital after the vehicle he was driving was buried by a landslide near Sailam village, about 75 kms south of Aizawl, this past weekend.",http://indianexpress.com/article/india/india-others/several-houses-swept-away-in-mudslide-in-the-mizoram-town-of-phullen/,UGLC
1050578,Mizoram,Mizoram,"National Highway 54, at Kawnpui town",24.042,92.6724,Medium (2-25km),10000,2015-08-27,2015,8,Monsoon (Jun-Sep),earth slide,rainfall (T),report,9,0,0,No fatalities,0.0,"Indian Express' 'National Highway 54, the state’s lifeline, has also been blocked in several places, including at Kawnpui town",http://indianexpress.com/article/india/india-others/mizoram-aizawl-houses-swept-away-graves-damaged-by-rain-and-landslide/,UGLC
1050677,Mizoram,Mizoram,the state highway which links the rest of the state to eastern Champhai district,23.6866,93.017,Low (>25km),50000,2015-08-27,2015,8,Monsoon (Jun-Sep),earth slide,rainfall (T),report,9,0,0,No fatalities,0.0,"Indian Express' 'Landslides have also blocked the state highway which links the rest of the state to eastern Champhai district, which hosts the main route to Myanmar, in several places.",http://indianexpress.com/article/india/india-others/mizoram-aizawl-houses-swept-away-graves-damaged-by-rain-and-landslide/,UGLC
1050606,Mizoram,Mizoram,three graveyards within Aizawl,23.7269,92.7265,Medium (2-25km),5000,2015-08-27,2015,8,Monsoon (Jun-Sep),earth slide,rainfall (T),report,9,0,0,No fatalities,0.0,"Indian Express' 'The landslides also damaged as many houses and dislodged, and in some cases swept away, about 160 graves in three graveyards within the city.",http://indianexpress.com/article/india/india-others/mizoram-aizawl-houses-swept-away-graves-damaged-by-rain-and-landslide/,UGLC
1050624,Mizoram,Mizoram,"Mizoram, India",23.4495,92.8112,Medium (2-25km),25000,2015-08-28,2015,8,Monsoon (Jun-Sep),earth slide,rainfall (T),report,9,0,0,No fatalities,0.0,"The Indian Express' 'A downpour was drenching the old building at 1.45am on August 28 when what seemed to be a tremor struck. Several glass panes on windows lining the western wall cracked and broke, as did parts of the concrete wall of the control room of the 132KV power su",http://indianexpress.com/article/india/india-others/mizorams-power-lifeline-on-shaky-ground-after-landslip/,UGLC
1048364,Assam,Assam,Maligaon,26.1868,91.6739,High (<2km),1000,2015-09-01,2015,9,Monsoon (Jun-Sep),rock fall,rainfall (T),report,7,2,1,Minor (1-2),0.0,"Assam Times' 'The incessant rains that lashed Guwahati and its adjoining areas are likely to result in landslide soon. Local residents in Amingaon, Thirteenth Mile, Nineth Mile, Maligaon areas fear the tragic rerun of landslide incidents in near future. The district a",http://www.assamtimes.org/node/14780,UGLC
1048385,Assam,Assam,Amingaon,26.49349035,91.72137514,Medium (2-25km),10000,2015-09-01,2015,9,Monsoon (Jun-Sep),earth slide,rainfall (T),report,9,2,1,Minor (1-2),0.0,"The New Indian Express' 'A mother and her child were killed in a landslide at Amingaon area of Kamrup (Rural) district of Assam this morning, police said.  NDRF personnel from the nearby Changsari camp rushed to the spot and recovered their bodies from under a stone.  The woman",http://www.newindianexpress.com/nation/Woman-Child-Killed-in-Assam-Landslide/2015/09/01/article3005012.ece,UGLC
1048363,Assam,Assam,Amingaon,26.18654344,91.67187135,High (<2km),1745,2015-09-01,2015,9,Monsoon (Jun-Sep),ND,rainfall (T),event,9,2,1,Minor (1-2),,"A mother and her child were killed in a landslide at Amingaon area of Kamrup (Rural) district of Assam this morning, police said.\n\nNDRF personnel from the nearby Changsari camp rushed to the spot and recovered their bodies from under a stone.\n\nThe woman",http://www.business-standard.com/article/pti-stories/woman-child-killed-in-assam-landslide-115090100379_1.html,UGLC
1050597,Mizoram,Mizoram,"Aizawl, Mizoram, India",23.7348,92.7187,Medium (2-25km),5000,2015-09-14,2015,9,Monsoon (Jun-Sep),earth slide,rainfall (T),report,9,0,0,No fatalities,0.0,"The Northeast Today' 'Landslides triggered by heavy downpour on Monday night have swept away two houses and damaged 39 graves in Aizawl. In Zemabawk neighbourhood in the eastern periphery of the city, two houses were carried away by landslide which also blocked the national h",http://thenortheasttoday.com/landslides-damage-houses-graves-in-aizawl/,UGLC
1050596,Mizoram,Mizoram,"Aizawl, Mizoram, India",23.7313,92.7187,Medium (2-25km),5000,2015-09-14,2015,9,Monsoon (Jun-Sep),earth slide,rainfall (T),report,9,0,0,No fatalities,0.0,"The Northeast Today' 'Earlier around 1:30am, landslide damaged 39 graves at Republic Veng locality in the heart of the city. The landslide also blocked internal road of the locality. With this, landslides have damaged a total of 311 graves in four localities in Aizawl.",http://thenortheasttoday.com/landslides-damage-houses-graves-in-aizawl/,UGLC
1048373,Assam,Assam,Kamakhya Temple,26.1666,91.7042,High (<2km),1000,2015-09-23,2015,9,Monsoon (Jun-Sep),earth slide,rainfall (T),report,7,0,0,No fatalities,0.0,Assam Times' 'Surface communication remains heavily disrupted atop the Nilachal Hill when a huge rock collapsed on the road leading to the historic Kamakhya temple on Wednesday.It took several hours for PWD and forest officials to clear the road after the rock along w,http://www.assamtimes.org/node/15150,UGLC
1050120,Assam,Assam,Sonakhira,24.59448017,92.29672017,High (<2km),847,2016-05-18,2016,5,Pre-monsoon (Apr-May),ND,rainfall (T),event,7,5,1,Moderate (3-5),,"Five members of a family were killed in a landslide at Sonachirra in Karimganj district in the wee hours, a police official said.\n\nThe landslip, triggered by incessant rains, buried a house on the edge of a hill killing the five people. Among the victims",http://indianexpress.com/article/india/india-news-india/at-least-10-killed-in-landslides-in-assam-rescue-operations-underway-2806810/,UGLC
1050474,Assam,Assam,"Sonachirra, Karimganj district, Assam, India",24.4638,92.4943,Medium (2-25km),10000,2016-05-18,2016,5,Pre-monsoon (Apr-May),earth slide,rainfall (T),report,9,5,1,Moderate (3-5),0.0,Indian Express' 'Estimated location. Ten people were killed in landslides in Karimganj and Hailakandi districts in Barak Valley in Assam on Wednesday following incessant rains. Five members of a family were killed in a landslide at Sonachirra in Karimganj district in the,http://indianexpress.com/article/india/india-news-india/at-least-10-killed-in-landslides-in-assam-rescue-operations-underway-2806810/,UGLC
1050501,Assam,Assam,"Ramchandi , Hailakandi District, Assam, India",24.5308,92.5121,High (<2km),1000,2016-05-18,2016,5,Pre-monsoon (Apr-May),earth slide,rainfall (T),report,7,1,1,Minor (1-2),0.0,"Indian Express' 'Ten people were killed in landslides in Karimganj and Hailakandi districts in Barak Valley in Assam on Wednesday following incessant rains. In neighbouring Hailakandi district, two incidents of landslide killed four persons at Bilaipur and a six-year old",http://indianexpress.com/article/india/india-news-india/at-least-10-killed-in-landslides-in-assam-rescue-operations-underway-2806810/,UGLC
1050604,Assam,Assam,"Bilaipur, Hailakandi district, Assam, India",24.5202,92.7239,High (<2km),1000,2016-05-18,2016,5,Pre-monsoon (Apr-May),earth slide,rainfall (T),report,7,2,1,Minor (1-2),0.0,"Indian Express' 'One of two landslides in Bilaipur triggered by the same rainfall event. Ten people were killed in landslides in Karimganj and Hailakandi districts in Barak Valley in Assam on Wednesday following incessant rains. In neighbouring Hailakandi district, two i",http://indianexpress.com/article/india/india-news-india/at-least-10-killed-in-landslides-in-assam-rescue-operations-underway-2806810/,UGLC
1050605,Assam,Assam,"Bilaipur, Hailakandi district, Assam, India",24.5204,92.7264,High (<2km),1000,2016-05-18,2016,5,Pre-monsoon (Apr-May),earth slide,rainfall (T),report,7,2,1,Minor (1-2),0.0,"Indian Express' 'One of two landslides in Bilaipur triggered by the same rainfall event. Ten people were killed in landslides in Karimganj and Hailakandi districts in Barak Valley in Assam on Wednesday following incessant rains. In neighbouring Hailakandi district, two i",http://indianexpress.com/article/india/india-news-india/at-least-10-killed-in-landslides-in-assam-rescue-operations-underway-2806810/,UGLC
1050608,Assam,Assam,Bilaipur,24.52029991,92.72826503,High (<2km),412,2016-05-18,2016,5,Pre-monsoon (Apr-May),ND,rainfall (T),event,5,4,1,Moderate (3-5),,"In neighbouring Hailakandi district, two incidents of landslide killed four persons at Bilaipur and a six-year old boy at Ramchandi area, police officials said.\n\nThe debris fell on two houses where the victims were sleeping early in the morning, they sai",http://indianexpress.com/article/india/india-news-india/at-least-10-killed-in-landslides-in-assam-rescue-operations-underway-2806810/,UGLC
1050541,Assam,Assam,Ramchandi,24.52848466,92.54040606,High (<2km),1577,2016-05-18,2016,5,Pre-monsoon (Apr-May),ND,rainfall (T),event,9,1,1,Minor (1-2),,"In neighbouring Hailakandi district, two incidents of landslide killed four persons at Bilaipur and a six-year old boy at Ramchandi area, police officials said.\n\nThe debris fell on two houses where the victims were sleeping early in the morning, they sai",http://indianexpress.com/article/india/india-news-india/at-least-10-killed-in-landslides-in-assam-rescue-operations-underway-2806810/,UGLC
1050561,Assam,Assam,Hailakandi,24.49649775,92.58903387,Medium (2-25km),20603,2016-05-19,2016,5,Pre-monsoon (Apr-May),ND,rainfall (T),event,9,1,1,Minor (1-2),,"At least 11 people were killed in landslides in Karimganj and Hailakandi districts of Barak Valley in Assam, following intermittent rains today. Five members of a family were killed in a landslide at Sonachirra in Karimganj district in the wee hours, a p",http://theindianawaaz.com/eleven-killed-in-asam-landslide/,UGLC
1050602,Mizoram,Mizoram,AIZAWL,23.73719685,92.72342008,Medium (2-25km),7696,2016-05-21,2016,5,Pre-monsoon (Apr-May),ND,rainfall (T),event,9,3,1,Moderate (3-5),,"Three persons have died after the landslide swept away their house at Zonuam in Aizawl, a senior police officer said today even as heavy downpour triggered fresh mudslides in some parts of Mizoram.\n\nWhile a 82-year-old woman succumbed to her injuries in",http://www.outlookindia.com/newswire/story/mizoram-three-die-in-landslide-fresh-mudslides-in-some-areas/940981,UGLC
1048435,Assam,Assam,"Piyali Phukan Nagar, Guwahati, India",26.1961,91.7825,Medium (2-25km),5000,2016-06-22,2016,6,Monsoon (Jun-Sep),mudslide,rainfall (T),report,9,1,1,Minor (1-2),0.0,"""""COOLR_R"", locality: 'Piyali Phukan Nagar, Guwahati, India',"" description: 'NYOOOZ' 'A woman was buried alive in Piyali Phukan Nagar in the city when the guard wall of her house collapsed after a landslide. No one else from her family was injured.The rescue official said Rukia\'s house was located just on the edge of a hill. """"""""After almost'""""",http://www.nyoooz.com/guwahati/515423/woman-killed-in-wall-collapse-after-landslide-in-guwahati,UGLC
1048437,Assam,Assam,Piyoli Phukan Nagar,26.19531698,91.7837856,High (<2km),287,2016-06-22,2016,6,Monsoon (Jun-Sep),ND,rainfall (T),event,5,1,1,Minor (1-2),,Rukija Begum (65) died following a landslide at Piyoli Phukan Nagar (hillside) in Chandmari this afternoon. An official of the State Disaster Management Authority said that the incident took place around 12. 10 pm when Begum was bathing at her residence.,http://www.assamtribune.com/scripts/detailsnew.asp?id=jun2316/city054,UGLC
1048340,Assam,Assam,"Kamrup district, Assam, India",25.9611,91.3681,Low (>25km),50000,2016-07-07,2016,7,Monsoon (Jun-Sep),earth slide,rainfall (T),report,9,2,1,Minor (1-2),2.0,Hindustan Times' 'Two persons including a minor were killed and two others injured on Thursday due to a landslide in Assam’s Kamrup district.           Police said the incident took place at 11 Mile Area under Sonapur police station in the district. “A guard wall cave,http://www.hindustantimes.com/india-news/two-killed-due-to-landslide-in-assam/story-iWPiQmWinCDc8gZotcTmFM.html,UGLC
1048473,Assam,Assam,border Assam to Meghalaya in Ganeshguri,26.10993404,91.81498746,Medium (2-25km),2718,2016-07-07,2016,7,Monsoon (Jun-Sep),ND,rainfall (T),event,9,2,1,Minor (1-2),,Two teen-aged siblings were killed in sleep when a landslide triggered by incessant early morning heavy rain on Thursday fell on their house located at a foothills area at the 11th mile in the outskirt of the along Assam-Meghalaya boundary.\nThe mother of,http://www.theshillongtimes.com/2016/07/08/two-siblings-killed-in-guwahati-landslide/,UGLC
1057911,Manipur,Manipur,"Imphal-Ukhrul sector of National Highway 102, Manipur, India",25.0118,94.3136,Medium (2-25km),25000,2016-07-07,2016,7,Monsoon (Jun-Sep),earth slide,rainfall (T),report,9,0,0,No fatalities,0.0,Eastern Mirror' 'Estimated Date. Heavy landslide along the busy Imphal-Ukhrul sector of the National Highway 102 hampered vehicular traffic along the route forcing passenger buses to stop normal services since the last four days.  However smaller-sized vehicles such as c,http://www.easternmirrornagaland.com/landslide-hampers-nh-102-traffic-restored/,UGLC
938407,Sikkim,Sikkim,Gangtok to Siliguri road,27.26265369,88.56249089,Medium (2-25km),5539,2016-07-09,2016,7,Monsoon (Jun-Sep),ND,rainfall (T),event,9,2,1,Minor (1-2),,"Some minutes before , boulder crashed on WB Maruti Van at 18 Mile Setijhora under Rambi Police Station.\nTwo Spot Dead , Driver and Front seated Passenger.\nOne lady on second seat was uninjured and fine.\n\nMore details Awaited...\n\nPics and News Shyam Prad",https://www.facebook.com/thevoiceofsikkim/posts/1090995387659956,UGLC
1048423,Assam,Assam,"Pub Sarania hill, South Sarania, Guwahati, Assam, India",26.1768,91.7702,High (<2km),1000,2016-07-14,2016,7,Monsoon (Jun-Sep),earth slide,rainfall (T),report,7,1,1,Minor (1-2),0.0,"Indian Express' 'Trigger is likely monsoon rains because the incident occurred during monsoon season.  Two persons, including a girl, were killed in landslides in Assam on Thursday. An octogenarian was killed when a sudden landslide buried his house at Pub Sarania hill,",http://indianexpress.com/article/india/india-news-india/separate-landslides-kill-two-in-assam-2913748/,UGLC
1048467,Assam,Assam,"Noonmati Nijarapar area of the city, Guwahati, Assam, India",26.1963,91.8074,Medium (2-25km),5000,2016-07-14,2016,7,Monsoon (Jun-Sep),earth slide,rainfall (T),report,9,1,1,Minor (1-2),0.0,"Indian Express' 'Trigger is most likely monsoon since this incident occurred during monsoon season.Two persons, including a girl, were killed in landslides in Assam on Thursday. In Noonmati Nijarapar area of the city, a class IV girl student was buried in another landsli",http://indianexpress.com/article/india/india-news-india/separate-landslides-kill-two-in-assam-2913748/,UGLC
1048557,Assam,Assam,Guwahati,26.13140438,91.93086808,Medium (2-25km),15925,2016-07-14,2016,7,Monsoon (Jun-Sep),ND,rainfall (T),event,9,1,1,Minor (1-2),,"In Noonmati Nijarapar area of the city, a class IV girl student was buried in another landslide which came crashing on her house.",http://indianexpress.com/article/india/india-news-india/separate-landslides-kill-two-in-assam-2913748/,UGLC
1048458,Assam,Assam,"Noonmati, Guwahati, Assam, India",26.1966,91.802,Medium (2-25km),5000,2016-07-20,2016,7,Monsoon (Jun-Sep),earth slide,rainfall (T),report,9,0,0,No fatalities,0.0,Times of India' 'This was not the only incident of landslide in the city on Wednesday as a similar episode was also reported from the Noonmati locality. Two houses were completely buried under debris. No one suffered any injury.,http://timesofindia.indiatimes.com/city/guwahati/Landslide-toll-touches-6-as-woman-buried-alive-in-Guwahati/articleshow/53314082.cms,UGLC
1048430,Assam,Assam,Chandmari,26.19043105,91.77439654,High (<2km),763,2016-07-20,2016,7,Monsoon (Jun-Sep),ND,rainfall (T),event,7,1,1,Minor (1-2),,"""""GFLD"", locality: 'Chandmari', description: 'Malati Das was busy doing household chores on Wednesday when a rain-triggered landslide came crashing down on her hillside residence in the city here,"" burying her alive. She was the sixth person to die in a landslide in the city in less than a month.\n\n""""""""S'""""",http://timesofindia.indiatimes.com/city/guwahati/Landslide-toll-touches-6-as-woman-buried-alive-in-Guwahati/articleshow/53314082.cms,UGLC
1057863,Manipur,Manipur,"Imphal-Dimapur road  in Tadubi, Senapati district, Manipur, India",25.48,94.1383,High (<2km),1000,2016-07-25,2016,7,Monsoon (Jun-Sep),earth slide,rainfall (T),report,7,0,0,No fatalities,1.0,"E-Pao' 'Continuous downpour in the past three days led to a massive mudslide along Imphal-Dimapur road (NH-2) and destroyed 6 stalls constructed at the heart of Tadubi town at around 12.30pm today, reports NNN.  An 81 year old woman identified as S Koshuni, who",http://www.e-pao.net/GP.asp?src=Snipp1..260716.jul16,UGLC
1050761,Mizoram,Mizoram,NGUR,23.55290361,93.37126263,Medium (2-25km),5012,2016-07-28,2016,7,Monsoon (Jun-Sep),ND,rainfall (T),event,9,2,1,Minor (1-2),,"A woman and her three-year-old daughter were killed and six others injured when a house was hit by a massive landslide at Ngur village at Mizoram-Myanmar border, police said today.\n\nBodies of Dawnsianmuangi (42) and her daughter were taken out from the m",http://www.outlookindia.com/newswire/story/two-killed-in-mizoram-landslide/948387,UGLC
1050763,Mizoram,Mizoram,"Ngur, near Mizoram-Myanmar border, India",23.5397,93.3783,High (<2km),1000,2016-07-28,2016,7,Monsoon (Jun-Sep),earth slide,rainfall (T),report,7,2,1,Minor (1-2),6.0,"Business Standard' 'A woman and her three-year-old daughter were killed and six others injured when a house was hit by a massive landslide at Ngur village at Mizoram-Myanmar border, police said today.   Bodies of Dawnsianmuangi (42) and her daughter were taken out from the",http://www.business-standard.com/article/pti-stories/two-killed-in-mizoram-landslide-116072900324_1.html,UGLC
938250,Sikkim,Sikkim,SINGLITAM,27.34883031,88.18678352,High (<2km),962,2016-07-30,2016,7,Monsoon (Jun-Sep),ND,rainfall (T),event,7,1,1,Minor (1-2),,"A 18-year old villager was killed when he was crushed by a boulder brought by a slide that crashed into his house. The deceased was in his bed when the slide broke out Saturday morning. The incident happened at Singlitam village, Yuksom-Tashiding constit",https://www.facebook.com/sikkimexpress/posts/945922052220474,UGLC
938383,Sikkim,Sikkim,"Dzongu, Sikkim, India",27.593,88.492,High (<2km),0,2016-08-16,2016,8,Monsoon (Jun-Sep),earth slide,rainfall (T),report,1,0,0,No fatalities,0.0,"AGU Blog' 'A major valley-blocking landslide at Dzongu in Sikkim, northern India. The landslide, which is large, has blocked the Kanaka River completely, and a lake has started to build behind it.",http://blogs.agu.org/landslideblog/2016/08/13/dzongu-1/,UGLC
1050651,Assam,Assam,Silchar,24.81395989,92.85687296,Low (>25km),34718,2016-08-31,2016,8,Monsoon (Jun-Sep),ND,rainfall (T),event,9,4,1,Moderate (3-5),,"""""GFLD"", locality: 'Silchar',"" description: """"""""Bodies of two women were found while as many members of the same family were still missing after being washed away in landslide and floods in Assam's Cachar district"", police said on Thursday.\n\nFour members of the family of Dipesh Lemrong - his wife,"" a da""""""""""""",http://www.thestatesman.com/news/northeast/2-bodies-found-2-others-missing-after-landslide-flood/162876.html,UGLC
1050626,Assam,Assam,"Silchar, Assam, India",24.768609,92.821182,Low (>25km),50000,2016-09-01,2016,9,Monsoon (Jun-Sep),earth slide,rainfall (T),report,9,4,1,Moderate (3-5),0.0,"""""COOLR_R"", locality: 'Silchar, Assam, India',"" description: 'EENADU India' """"""""Bodies of two women were found while as many members of the same family were still missing after being washed away in landslide and floods in Assam's Cachar district"", police said on Thursday. Four members of the family of Dipesh Lemrong - his wife,"" a dau""""""""""""",http://www.eenaduindia.com/states/east/assam/2016/09/01164302/2-bodies-found-2-others-missing-after-landslide-flood.vpf,UGLC
1050633,Mizoram,Mizoram,TLUNGVEL,23.61045606,92.83182797,Medium (2-25km),4007,2016-09-17,2016,9,Monsoon (Jun-Sep),ND,rainfall (T),event,9,5,1,Moderate (3-5),,"Five persons from two families, including a minor girl, were killed in a massive landslide triggered by extremely heavy rainfall today at Tlungvel village in Mizoram’s Aizawl district.\n\nHeavy rainfall between 1 AM and 2 AM swept away three houses of th",http://indianexpress.com/article/india/india-news-india/massive-landslide-in-mizoram-kills-five/,UGLC
938303,Sikkim,Sikkim,Legship,27.2676,88.2891,Medium (2-25km),10000,2016-10-12,2016,10,Post-monsoon (Oct-Nov),earth slide,rainfall (T),report,9,0,0,No fatalities,0.0,"Indian Express' 'Another landslip occurred at Legship, near the tourist spot of Pelling, in Sikkim severely affecting road traffic movement between Darjeeling and Legship, officials said.",http://indianexpress.com/article/india/india-news-india/west-bengal-rains-landslips-affect-life-in-north-of-state-3079833/,UGLC
938327,Sikkim,Sikkim,Namchi,27.1695,88.3664,Medium (2-25km),5000,2016-10-15,2016,10,Post-monsoon (Oct-Nov),earth slide,rainfall (T),report,9,0,0,No fatalities,0.0,"Hindu' 'The road on way to Peiling in Sikkim remained cut off due to landslides at Namchi and Rangpo but the Lava-Lolegaon route in Darjeeling was still working, though only for cars and the small vehicles took long detour through the second route, the officials",http://www.thehindu.com/news/national/other-states/life-remains-hit-in-darjeeling-hills/article9222389.ece,UGLC
938398,Sikkim,Sikkim,Rangpo,27.172,88.5292,Medium (2-25km),5000,2016-10-15,2016,10,Post-monsoon (Oct-Nov),earth slide,rainfall (T),report,9,0,0,No fatalities,0.0,"Hindu' 'The road on way to Peiling in Sikkim remained cut off due to landslides at Namchi and Rangpo but the Lava-Lolegaon route in Darjeeling was still working, though only for cars and the small vehicles took long detour through the second route, the officials",http://www.thehindu.com/news/national/other-states/life-remains-hit-in-darjeeling-hills/article9222389.ece,UGLC
1052234,Manipur,Manipur,"NH-37, between T. Laijang and K. Sinam villages, Tamenglong district, Manipur, 795008",24.79591421,93.72386429,Medium (2-25km),10000,2017-03-30,2017,3,Dry season (Dec-Mar),earth slide,rainfall (T),report,9,0,0,No fatalities,0.0,"Nagaland Post' 'Heavy overnight rainfall and hailstone caused a landslide on NH-37 in the Tamenglong district, between T. Laijang and K.Sinam villages. It blocked heavy vehicles on the road, but light vehicles could drive around the affected area.",http://www.nagalandpost.com/ChannelNews/Regional/RegionalNews.aspx?news=TkVXUzEwMDExMjEyMg%3D%3D,UGLC
1050744,Assam,Assam,"Phaiding, Assam, India",25.195355,93.172758,High (<2km),1000,2017-04-04,2017,4,Pre-monsoon (Apr-May),earth slide,rainfall (T),report,7,0,0,No fatalities,0.0,"DNA' 'The rains also caused landslide and landslip in several places in Dima Hasao district headquarters of Haflong and many other places like Harangajao, N Leikul, Mahur and Phaiding for the past couple of days, according to Dima Hasao district administration",http://www.dnaindia.com/india/report-all-schools-in-dima-haso-district-closed-due-to-bad-weather-2381478,UGLC
1050718,Assam,Assam,ND,25.481623,93.141692,Low (>25km),50000,2017-04-04,2017,4,Pre-monsoon (Apr-May),earth slide,rainfall (T),report,9,0,0,No fatalities,0.0,DNA' 'The National Highway 54 connecting Haflong and Lumding in the district with Silchar in Cachar district was closed in many places today due to landslides.,http://www.dnaindia.com/india/report-all-schools-in-dima-haso-district-closed-due-to-bad-weather-2381478,UGLC
1050682,Assam,Assam,"N. Leikul, Assam, India",25.132228,93.04681,High (<2km),1000,2017-04-04,2017,4,Pre-monsoon (Apr-May),earth slide,rainfall (T),report,7,0,0,No fatalities,0.0,"DNA' 'The rains also caused landslide and landslip in several places in Dima Hasao district headquarters of Haflong and many other places like Harangajao, N Leikul, Mahur and Phaiding for the past couple of days, according to Dima Hasao district administration",http://www.dnaindia.com/india/report-all-schools-in-dima-haso-district-closed-due-to-bad-weather-2381478,UGLC
1050642,Assam,Assam,"Harangajao, Assam, India",25.118398,92.853913,High (<2km),1000,2017-04-04,2017,4,Pre-monsoon (Apr-May),earth slide,rainfall (T),report,7,0,0,No fatalities,0.0,"DNA' 'The rains also caused landslide and landslip in several places in Dima Hasao district headquarters of Haflong and many other places like Harangajao, N Leikul, Mahur and Phaiding for the past couple of days, according to Dima Hasao district administration",http://www.dnaindia.com/india/report-all-schools-in-dima-haso-district-closed-due-to-bad-weather-2381478,UGLC
1050702,Assam,Assam,"Mahur, Assam, India",25.181453,93.118105,High (<2km),1000,2017-04-04,2017,4,Pre-monsoon (Apr-May),earth slide,rainfall (T),report,7,0,0,No fatalities,0.0,"DNA' 'The rains also caused landslide and landslip in several places in Dima Hasao district headquarters of Haflong and many other places like Harangajao, N Leikul, Mahur and Phaiding for the past couple of days, according to Dima Hasao district administration",http://www.dnaindia.com/india/report-all-schools-in-dima-haso-district-closed-due-to-bad-weather-2381478,UGLC
1048497,Assam,Assam,"Bonda, Guwahati, Assam, India",26.16066111,91.85294885,Medium (2-25km),5000,2017-04-05,2017,4,Pre-monsoon (Apr-May),earth slide,rainfall (T),report,9,2,1,Minor (1-2),0.0,The Echo of India' 'Two killed in Bonda neighborhood of Guwahati by landslide triggered by incessant rainfall. Article: The landslide triggered by heavy rainfall since one week here caused a huge chunk of earth to come down the hill and fall on the two labourers engaged by,http://echoofindia.com/guwahati-landslide-kills-2-labourers-guwahati-3-die-lightning-strikes-across-assam-125768,UGLC
1050579,Mizoram,Mizoram,"NH-54, North Thingdawl, Kolasib, Mizoram, 796075",24.0135808,92.67420963,Low (>25km),50000,2017-04-25,2017,4,Pre-monsoon (Apr-May),earth slide,rainfall (T),report,9,0,0,No fatalities,0.0,"""""COOLR_R"", locality: 'NH-54, North Thingdawl, Kolasib, Mizoram, 796075',"" description: 'Outlook India' 'Article: """"""""Mizoram has been cut off from the rest of the country as landslide"", triggered by heavy and incessant pre-monsoon rains, blocked the National Highway 54,"" official sources said today."""""""" Sparse on details.'""""",https://www.outlookindia.com/newsscroll/landslides-after-heavy-premonsoon-rain-in-mizoram/1035823,UGLC
1050588,Assam,Assam,"Makhim (??), West Karbi Anglong, Assam",25.61919207,92.7094701,Medium (2-25km),25000,2017-04-29,2017,4,Pre-monsoon (Apr-May),earth slide,rainfall (T),report,9,3,1,Moderate (3-5),0.0,India Blooms' 'Landslide following continuous rain kills 3 children who were working in hills,http://www.indiablooms.com/ibns_new/news-details/N/30787/assam-three-children-die-in-landslide-in-west-karbi-anglong.html,UGLC
1050720,Assam,Assam,Karbi Anglong,26.06838073,93.14761961,Low (>25km),57610,2017-04-29,2017,4,Pre-monsoon (Apr-May),ND,rainfall (T),event,9,3,1,Moderate (3-5),,"""""GFLD"", locality: 'Karbi Anglong',"" description: """"""""Guwahati"", Apr 30 (IBNS): Three children died in a massive landslide in Assam’s West Karbi Anglong district on Sunday.\n\nAccording to the reports,"" the incident took place at Makhim village under Jirikinding police station in the hill's district on Saturd""""""""""""",http://www.indiablooms.com/ibns_new/news-details/N/30787/assam-three-children-die-in-landslide-in-west-karbi-anglong.html,UGLC
938411,Sikkim,Sikkim,"Toong-Sankalang road between Saffo and Ship-Gyer, North Sikkim",27.54295099,88.59676956,Medium (2-25km),5000,2017-05-26,2017,5,Pre-monsoon (Apr-May),earth slide,rainfall (T),report,9,0,0,No fatalities,0.0,Assam Tribune' 'Large rockslide blocks rural road,http://www.assamtribune.com/scripts/detailsnew.asp?id=may2717/oth053,UGLC
1050593,Mizoram,Mizoram,"Hunthar Area, NH 54, off of Aizawl",23.73941422,92.71505961,Medium (2-25km),5000,2017-06-01,2017,6,Monsoon (Jun-Sep),earth slide,rainfall (T),report,9,0,0,No fatalities,0.0,Morung Express' 'NH 54 was blocked by rain-triggered landslides from Cyclone Mora,http://morungexpress.com/landslides-mizoram-aizawl-cut-off/,UGLC
1050197,Assam,Assam,Nilambazar,24.74751503,92.34889194,High (<2km),732,2017-06-02,2017,6,Monsoon (Jun-Sep),ND,rainfall (T),event,7,1,1,Minor (1-2),,"Natural calamities have wrecked havoc in various parts of Northeast India and Assam is no exception to it. In what may be termed as an unfortunate incident, a man lost his life in a land slide caused by heavy rainfall at Karimganj’s Nilambazar. The vic",https://thenortheasttoday.com/assam-one-dead-guwahati-silchar-trains-cancelled-due-to-landslides/,UGLC
1048532,Tripura,Tripura,Vidyamohan Chowdhury Para (???) of remote Dhalai district,23.86469956,91.8949662,Low (>25km),50000,2017-06-03,2017,6,Monsoon (Jun-Sep),earth slide,rainfall (T),report,9,3,1,Moderate (3-5),1.0,Signs of the Times' 'Incessant rain causes landslide in remote Tripura village,https://www.sott.net/article/353005-Landslide-kills-at-least-3-in-Tripura-India,UGLC
1048504,Tripura,Tripura,Kamalpur,23.82994813,91.85896802,Medium (2-25km),20668,2017-06-03,2017,6,Monsoon (Jun-Sep),ND,rainfall (T),event,9,3,1,Moderate (3-5),,"A woman and her two children were killed when a landslide buried their house in Tripura, the police said here on Sunday.\n\n“Kajal Kanya Debbarma,47, and her two minor children died on the spot when their tin-roofed house was buried in a huge mudslide a",https://thenortheasttoday.com/tripura-landslide-buries-house-killing-woman-and-2-children/,UGLC
1048488,Tripura,Tripura,Kamalpur,24.19467451,91.82931979,Medium (2-25km),10000,2017-06-03,2017,6,Monsoon (Jun-Sep),earth slide,rainfall (T),report,9,3,1,Moderate (3-5),1.0,Times of India' 'Landslide in Kamalpur in northern Tripura buries houses and kills 3,http://timesofindia.indiatimes.com/city/agartala/women-2-kids-killed-in-landslide/articleshow/58994998.cms,UGLC
1050666,Assam,Assam,Dima Hasao district,25.15246863,92.94670614,Low (>25km),50000,2017-06-04,2017,6,Monsoon (Jun-Sep),earth slide,rainfall (T),report,9,0,0,No fatalities,0.0,NELive' 'Large amounts of rain cause landslide in Barak Valley region,http://www.nelive.in/assam/news/assam-flood-landslide-disrupts-rail-connectivity-barak-valley-over-13000-affected-due,UGLC
1057261,Manipur,Manipur,"SL Veng Road, Kangpokpi, Sadar Hills West, Senapati, Manipur, 795129",25.14429782,93.97198129,Medium (2-25km),5000,2017-06-05,2017,6,Monsoon (Jun-Sep),mudslide,rainfall (T),report,9,0,0,No fatalities,0.0,The Assam Tribune' '11 houses were destroyed at Kalikhola in Kangpokpi district on June 5. Mudslide due to flooding from continuous intense rainfall.,http://www.assamtribune.com/scripts/detailsnew.asp?id=jan0118/oth051,UGLC
1050403,Mizoram,Mizoram,"Tlabung, Lungsen, Lunglei, Mizoram",22.90813548,92.47207294,Low (>25km),100000,2017-06-09,2017,6,Monsoon (Jun-Sep),earth slide,rainfall (T),report,9,10,1,Severe (5+),0.0,"Hindustan Times' 'Landslides + flash floods after heavy rain hit throughout Lunglei District, Tlabung town hard hit. Death toll is 10, article does not specify specific landslide deaths. Article: Altogether 165 buildings were destroyed and 299 houses damaged by landslide,",http://www.hindustantimes.com/india-news/12-dead-in-mizoram-landslides-flood-in-9-days/story-kgRi9Vr3dRit9uVIAOGMQK.html,UGLC
1050613,Mizoram,Mizoram,ND,23.73354779,92.74744512,High (<2km),1000,2017-06-10,2017,6,Monsoon (Jun-Sep),earth slide,rainfall (T),report,7,2,1,Minor (1-2),0.0,"Zoram Observer' 'Rain triggered landslides in Indian city of Aizawl, Mizoram",https://www.zoramobserver.com/mizoram/2-killed-in-landslide-triggered-by-heavy-rains/,UGLC
1050629,Mizoram,Mizoram,Khumtung,23.5705445,92.82885714,Medium (2-25km),7541,2017-06-10,2017,6,Monsoon (Jun-Sep),ND,rainfall (T),event,9,1,1,Minor (1-2),,"In another incident, a young man was killed in a landslide near Khumtung village in central eastern Mizoram’s Serchhip district on Saturday. The victim was identified as Maruata of Dawrpui Vengthar locality in Aizawl.\nSources said that the victim and h",http://morungexpress.com/two-killed-landslides-mizoram/,UGLC
1050603,Mizoram,Mizoram,AIZAWL,23.73719685,92.72342008,Medium (2-25km),7696,2017-06-10,2017,6,Monsoon (Jun-Sep),ND,rainfall (T),event,9,1,1,Minor (1-2),,"In a tragic incident, at least two persons were killed in landslides triggered by heavy rains at two separate locations in Mizoram on Saturday.\nSources said that a 29-year-old woman was killed when a house was swept away by massive landslide at Zemabawk",http://morungexpress.com/two-killed-landslides-mizoram/,UGLC
1050643,Mizoram,Mizoram,"Serchhip District, Mizoram, 796230",23.33501164,92.85410625,Medium (2-25km),10000,2017-06-12,2017,6,Monsoon (Jun-Sep),earth slide,rainfall (T),report,9,1,1,Minor (1-2),0.0,"Imphal Free Press' 'Landslide following rains throughout Mizoram State kills one, damages 8 houses",http://www.ifp.co.in/item/1220-mizoram-calamity-12-dead-877-houses-damaged,UGLC
1057926,Manipur,Manipur,"Khaivarentang village (??) in Ukhrul, Manipur",25.11956675,94.36416626,Low (>25km),50000,2017-06-12,2017,6,Monsoon (Jun-Sep),mudslide,rainfall (T),report,9,0,0,No fatalities,0.0,Eastern Mirror' 'Houses were washed away due to mudslides due to torrential rain,http://www.easternmirrornagaland.com/landslide-hits-khaivarentang-homesteads-sunken/,UGLC
1050599,Mizoram,Mizoram,Lunglei,22.97431823,92.72197716,Low (>25km),38070,2017-06-14,2017,6,Monsoon (Jun-Sep),ND,rainfall (T),event,9,10,1,Severe (5+),,Ten people died when a building caved in due to landslide in Lunglei district in Mizoram yesterday.,https://www.nyoooz.com/news/guwahati/839160/13-killed-in-northeast-deluge-assam-issues-flood-alert/,UGLC
1050678,Mizoram,Mizoram,"Aizawl-Champhai road, Champhai, Mizoram State, India",23.65637182,93.02746602,Medium (2-25km),5000,2017-06-17,2017,6,Monsoon (Jun-Sep),earth slide,rainfall (T),report,9,0,0,No fatalities,0.0,Zoram Observer' 'Road between Kawlkulh and Keifang cut off after landslide triggered by incessant rains (lasting weeks),https://www.zoramobserver.com/mizoram/landslides-cut-off-various-parts-of-mizoram-as-rain-continues/,UGLC
1050617,Assam,Assam,"Bhalukpong, Assam",26.96437841,92.78260587,Medium (2-25km),10000,2017-06-18,2017,6,Monsoon (Jun-Sep),earth slide,rainfall (T),report,9,0,0,No fatalities,0.0,Eastern Mirror' 'Two landslides during monsoon rains trap 70 cars and 200 people along road from Bhaulkpong 7 km towards Sessa. Army rescues commuters.,http://www.easternmirrornagaland.com/army-rescues-200-people-from-landslide-site-in-arunachal-pradesh/,UGLC
1050724,Manipur,Manipur,"NH 2, Manipur State, India",24.32420539,93.15020652,Medium (2-25km),5000,2017-06-26,2017,6,Monsoon (Jun-Sep),earth slide,rainfall (T),report,9,0,0,No fatalities,0.0,Zoram Observer' 'Landslide between villages of Damdiei and Taithu destroys road and cuts of 8 villages from the rest of Manipur state. Landslide happened during night of heavy rain.,https://www.zoramobserver.com/manipur/landslide-cuts-off-8-manipur-villages-in-pherzawl-district-for-5-days-now/,UGLC
1050751,Manipur,Manipur,"NH-2, Pherzawl District, Manipur State, India",24.21988831,93.20266204,Medium (2-25km),10000,2017-06-26,2017,6,Monsoon (Jun-Sep),earth slide,rainfall (T),report,9,0,0,No fatalities,0.0,"Zoram Observer' 'Road blocked by landslide after heavy rain, maiden journel of Pherzawl Express bus service interrupted",https://www.zoramobserver.com/manipur/landslide-cuts-off-8-manipur-villages-in-pherzawl-district-for-5-days-now/,UGLC
1050748,Manipur,Manipur,"NH 2, Manipur State, India",24.30415689,93.18182448,Medium (2-25km),5000,2017-06-27,2017,6,Monsoon (Jun-Sep),earth slide,rainfall (T),report,9,0,0,No fatalities,0.0,Zoram Observer' 'Landslide blocks another section of NH 2 between Damdiei and Pherzawl after heavy rains,https://www.zoramobserver.com/manipur/landslide-cuts-off-8-manipur-villages-in-pherzawl-district-for-5-days-now/,UGLC
1056702,Manipur,Manipur,Torrential downpour causes road-blocking lansdlide along NH-2 near Bimparao village,25.06657276,93.9310888,High (<2km),1000,2017-06-30,2017,6,Monsoon (Jun-Sep),earth slide,rainfall (T),report,7,0,0,No fatalities,0.0,E-Pao' 'http://e-pao.net/GP.asp?src=2..020717.jul17,http://e-pao.net/GP.asp?src=2..020717.jul17,UGLC
1057890,Manipur,Manipur,"NH-150, Ukhrul Central, Ukhrul, Manipur, 795142",24.95178179,94.20340026,High (<2km),1000,2017-07-01,2017,7,Monsoon (Jun-Sep),earth slide,rainfall (T),report,7,0,0,No fatalities,0.0,"The Northeast Today' 'Landslide affects 200m of Ukhrul-Imphal road near Litan police station, road sinks 6 meters. From the attached picture it appears a bus/truck was damaged.",https://thenortheasttoday.com/manipur-ukhrul-district-affected-by-landslide-along-imphal-ukhrul-highway-namthilog/,UGLC
1048525,Assam,Assam,Panikhati,26.20023757,91.87974492,High (<2km),1441,2017-07-03,2017,7,Monsoon (Jun-Sep),ND,rainfall (T),event,9,1,1,Minor (1-2),,"A  7-year-old school girl, Dipika Barman, was buried alive on her way to school on Monday morning because of a landslide that occurred near the railway line at Panikhati area in the outskirt of the city. The landslide also damaged three houses in the are",http://www.theshillongtimes.com/2017/07/03/7-year-old-girl-killed-by-landslide-at-guwahati/,UGLC
1048541,Assam,Assam,"Chandrapur, Kamrup Metropolitan, Assam",26.22247247,91.92053028,Medium (2-25km),10000,2017-07-03,2017,7,Monsoon (Jun-Sep),earth slide,rainfall (T),report,9,1,1,Minor (1-2),0.0,"Hindustan Times' 'Landslide kills one man in Chandrapur, Assam State during incessant rains that caused, floods, and landslides throughout the state.",http://www.hindustantimes.com/india-news/two-more-killed-in-assam-floods-more-than-3-5-lakh-people-affected/story-MmZHSSifUM78Jhd7l8lEzJ.html,UGLC
1048506,Assam,Assam,"Sonapur, Kamrup Metropolitan, Assam",26.10430759,91.86227824,Medium (2-25km),5000,2017-07-03,2017,7,Monsoon (Jun-Sep),earth slide,rainfall (T),report,9,0,0,No fatalities,0.0,"The Assam Tribune' 'Article very sparse on details. One of two landslides besides the one at the police station to hit Jorabat on about 7/3, following heavy rain on Sunday 7/2.",http://www.assamtribune.com/scripts/detailsnew.asp?id=jul0417/city055,UGLC
1048519,Assam,Assam,"Panikhaiti, Kamrup Metropolitan, Assam State, India",26.20450454,91.87202793,High (<2km),1000,2017-07-03,2017,7,Monsoon (Jun-Sep),earth slide,rainfall (T),report,7,1,1,Minor (1-2),0.0,"The Tribune' 'Incessant rainfall triggers landslide in Panikhaiti, landslide kills girl walking to school. Also damages three houses.",http://www.tribuneindia.com/news/nation/7-year-old-girl-killed-by-landslide-at-guwahati/431122.html,UGLC
1048545,Assam,Assam,Chandrapur,26.22817592,91.92448438,Medium (2-25km),2732,2017-07-03,2017,7,Monsoon (Jun-Sep),ND,rainfall (T),event,9,1,1,Minor (1-2),,"According to a report by the Assam State Disaster Management Authority (ASDMA), another person died at Chandrapur in the state capital due to landslide.",http://www.hindustantimes.com/india-news/two-more-killed-in-assam-floods-more-than-3-5-lakh-people-affected/story-MmZHSSifUM78Jhd7l8lEzJ.html,UGLC
1057856,Manipur,Manipur,"AH1, Mao-Maram, Senapati, Manipur, 795150",25.4976444,94.12901274,High (<2km),1000,2017-07-04,2017,7,Monsoon (Jun-Sep),earth slide,rainfall (T),report,7,0,0,No fatalities,0.0,"Imphal Free Press' 'NH-2 blocked around .5 km towards Imphal from Mao gate. Traffic movement initially restricted, then banned by district until 14:00 on 7/5. Following heavy rains.",http://www.ifp.co.in/item/1610-landslide-at-mao-gate,UGLC
1048460,Assam,Assam,"Beltola, Assam State-Meghalaya State border, India",26.10973183,91.80317334,Medium (2-25km),10000,2017-07-06,2017,7,Monsoon (Jun-Sep),earth slide,rainfall (T),report,9,0,0,No fatalities,0.0,"DY365' 'Landslide following persistent heavy rainfall crushes house, family escapes unhurt",http://dy365.in/news_details.php?aID=6427&subC=2,UGLC
1057907,Manipur,Manipur,"Ukhrul Central, Ukhrul, Manipur",25.06466676,94.27420555,Low (>25km),100000,2017-07-08,2017,7,Monsoon (Jun-Sep),earth slide,rainfall (T),report,9,0,0,No fatalities,0.0,"E-Pao' 'Incessant rains cause landslides along river. Article: huge tracts of land covering nine different major paddy field areas Hongchao, Litji, Nitrei, Rashoi, Khaying, Yakrei, Chanwoi, Napik and Mirang measuring about 12 hectares have been destroyed by land",http://e-pao.net/GP.asp?src=4..090717.jul17,UGLC
1050713,Assam,Assam,"Burapahar, Nagaon, Assam",26.56636244,93.13195098,Medium (2-25km),5000,2017-07-09,2017,7,Monsoon (Jun-Sep),earth slide,rainfall (T),report,9,0,0,No fatalities,0.0,Daily World' 'Following continuous rain. Article: landslide at National Highway 37 near Burapahar area in Nagaon district of Assam,https://dailyworld.in/nagaon-a-landslide-at-national-highway-37-near-burapahar-area-in/,UGLC
1050808,Manipur,Manipur,"NH-37, Manipur State, India",24.82767572,93.51825,Medium (2-25km),10000,2017-07-09,2017,7,Monsoon (Jun-Sep),earth slide,rainfall (T),report,9,0,0,No fatalities,0.0,Hindustan Times' 'Continuous heavy rains in Manipur State. Landslide around 35 km from Imphal destroys 60 feet of NH-37.,http://www.hindustantimes.com/india-news/manipur-heavy-rains-trigger-landslides-along-national-highways/story-84kUb5i3oGENZmSEVhJ3eO.html,UGLC
1050753,Manipur,Manipur,"Thanlon, Churachandpur, Manipur",24.27173018,93.28039349,High (<2km),1000,2017-07-09,2017,7,Monsoon (Jun-Sep),earth slide,rainfall (T),report,7,0,0,No fatalities,0.0,"Hindustan Times' 'Following continuous rain, landslide impedes vehicular movement along NH-2 near Thanlol",http://www.hindustantimes.com/india-news/manipur-heavy-rains-trigger-landslides-along-national-highways/story-84kUb5i3oGENZmSEVhJ3eO.html,UGLC
1055884,Manipur,Manipur,"Langol Laimanai, Imphal West, Manipur",24.83507319,93.89896294,Medium (2-25km),5000,2017-07-09,2017,7,Monsoon (Jun-Sep),earth slide,rainfall (T),report,9,0,0,No fatalities,0.0,Hindustan Times' 'Landslide following continuous rain damages houses in Langol Laimanai near Imphal,http://www.hindustantimes.com/india-news/manipur-heavy-rains-trigger-landslides-along-national-highways/story-84kUb5i3oGENZmSEVhJ3eO.html,UGLC
1054667,Assam,Assam,Narayanpur,26.93567947,93.84867836,High (<2km),795,2017-07-10,2017,7,Monsoon (Jun-Sep),ND,rainfall (T),event,7,2,1,Minor (1-2),,"In the worst-affected Lakhimpur, three persons were killed in the last 24 hours in drowning and landslide cases. At Nowboicha area, Kanak Gogoi (50) drowned, while a couple Krishna Bahadur Dorji (55) and Sulemaya Dorji (45) were killed in a landslide in",http://www.livemint.com/Politics/yMjBvtPX9DtNrXU73fj49H/Assam-floods-kill-seven-in-a-day-over-1255-lakh-people-aff.html,UGLC
1052013,Manipur,Manipur,"NH-150, Churachandpur, Manipur, 795133",24.37169581,93.70684171,Medium (2-25km),25000,2017-07-10,2017,7,Monsoon (Jun-Sep),earth slide,rainfall (T),report,9,0,0,No fatalities,0.0,Imphal Times' 'Landslide after heavy rains strands state medical team responding to calls in remote villages,http://www.imphaltimes.com/news/item/9009-state-medical-team-rushes-henglep-sub-division-stranded-midway-due-to-landslide,UGLC
1055056,Assam,Assam,"Narayanpur, Lakhimpur, Assam, 784164",26.95147008,93.86686394,Medium (2-25km),25000,2017-07-10,2017,7,Monsoon (Jun-Sep),earth slide,rainfall (T),report,9,2,1,Minor (1-2),0.0,Firstpost' 'Landslide during heavy rains and flooding throughout Assam State kills two,http://www.firstpost.com/india/assam-floods-death-toll-reaches-33-over-12-55-lakh-people-affected-across-20-districts-3798017.html,UGLC
1048428,Assam,Assam,"Chandmari, Guwahati, Kamrup Metropolitan, Assam, 781003",26.19037705,91.77306002,High (<2km),1000,2017-07-10,2017,7,Monsoon (Jun-Sep),earth slide,rainfall (T),report,7,0,0,No fatalities,0.0,"The Assam Tribune' 'Landslide after rains and flooding throughout Assam State damages a few houses in Chandmari, Guwahati city",http://www.assamtribune.com/scripts/detailsnew.asp?id=jul1117/city050,UGLC
1048443,Assam,Assam,"Dispur, Kamrup Metropolitan, Assam",26.14547804,91.79364785,High (<2km),1000,2017-07-10,2017,7,Monsoon (Jun-Sep),earth slide,rainfall (T),report,7,0,0,No fatalities,0.0,The Assam Tribune' 'Temporary house near Srimanta Sankar Academy damaged by landslides amid storms and flooding throughout Assam State,http://www.assamtribune.com/scripts/detailsnew.asp?id=jul1117/city050,UGLC
1057775,Manipur,Manipur,Senapati,25.20164854,94.04130978,Low (>25km),33304,2017-07-14,2017,7,Monsoon (Jun-Sep),ND,rainfall (T),event,9,2,1,Minor (1-2),,"""""GFLD"", locality: 'Senapati',"" description: """"""""A woman was killed and another is missing in a landslide in Manipur's Senapati district on Thursday afternoon"", official reports said on Friday. Four others were seriously injured.\n\nWhile officials assume that the missing woman must be dead,"" efforts are o""""""""""""",http://www.thehansindia.com/posts/index/National/2017-07-14/Landslide-kills-1-in-Manipur-injures-4/312363,UGLC
1050573,Mizoram,Mizoram,"Lengpui Village, Aizawl, Mizoram, India",23.83291945,92.63125938,Medium (2-25km),5000,2017-08-26,2017,8,Monsoon (Jun-Sep),earth slide,rainfall (T),report,9,0,0,No fatalities,0.0,"Zee News' 'At least seven buildings, including a church, collapsed in Aizawl and nearby villages due to multiple landslides triggered by heavy rains in Mizoram since Thursday, officials said on Saturday.  Many places of the state were cut off due to road blocks cau",http://zeenews.india.com/news/landslides-in-mizoram-snap-road-links-7-buildings-collapse-2036680.html,UGLC
1057698,Manipur,Manipur,"Senapati, Mao-Maram, Senapati, Manipur",25.26049558,94.01914123,Medium (2-25km),5000,2017-08-26,2017,8,Monsoon (Jun-Sep),mudslide,rainfall (T),report,9,0,0,No fatalities,0.0,The Assam Tribune' 'A massive mudslide at Chakhumei in Senapati district on August 26 last washed away 22 houses. Due to flooding from continuous intense rainfall.,http://www.assamtribune.com/scripts/detailsnew.asp?id=jan0118/oth051,UGLC
938258,Sikkim,Sikkim,YANGTHANG,27.28329478,88.23595536,High (<2km),1407,2017-09-20,2017,9,Monsoon (Jun-Sep),ND,rainfall (T),event,9,1,1,Minor (1-2),,In a similar tragedy at Khorlong a boy in his early teens was greviously injured. He was rushed to the Namthang Hospital where he died.,https://news.webindia123.com/news/articles/india/20170920/3189337.html,UGLC
938330,Sikkim,Sikkim,South Sikkim,27.28709076,88.38035955,Medium (2-25km),15262,2017-09-20,2017,9,Monsoon (Jun-Sep),ND,rainfall (T),event,9,2,1,Minor (1-2),,"The second incident occurred half an hour later at Upper Bokrong, fully damaging the house of one Rajkumar Tamang. Two women died in the collapse, police added. Search was on for more survivors.",https://news.webindia123.com/news/articles/india/20170920/3189337.html,UGLC
1050788,Manipur,Manipur,"near the Khongjaron Khunthak village, Tamei Road, Manipur, India",24.938948,93.496837,Medium (2-25km),10000,2017-09-21,2017,9,Monsoon (Jun-Sep),earth slide,rainfall (T),report,9,0,0,No fatalities,0.0,e-pao.net' 'Incessant rain in the past few days has severely hit normal life in Noney district too.  While most places in the valley districts of the state have been reported to have been affected as major rivers overflows and flooded many places in Kakching and Tho,http://e-pao.net/GP.asp?src=22..230917.sep17,UGLC
1057697,Manipur,Manipur,"6-7 km away from Saikul, near Champhai, Imphal-Saikul Rd, Manipur, India",24.981195,94.018619,Medium (2-25km),10000,2017-09-29,2017,9,Monsoon (Jun-Sep),earth slide,rainfall (T),report,9,0,0,No fatalities,0.0,"Kangla Online' 'Saikul sub-divisional HQs, has been completely cut off from the rest of the State when the only road connecting Saikul to Imphal road broke down this afternoon triggering untold misery to the people.  The road leading to Saikul Hill Town from the State c",http://kanglaonline.com/2017/09/imphal-saikul-road-breaks-down/,UGLC
1051127,Manipur,Manipur,"NH-37, Tamenglong, Manipur, 795147",24.86388954,93.62191829,Medium (2-25km),5000,2018-05-10,2018,5,Pre-monsoon (Apr-May),translational sliding,rainfall (T),report,9,0,0,No fatalities,0.0,"The Northeast Today' 'A landslide occurred in Makru area in Noney district, causing the land beneath the Imphal-Jiribam National Highway-37 to slide. Incessant rains triggered the landslide.",https://thenortheasttoday.com/manipur-vehicles-stranded-as-storm-causes-landslide-along-imphal-jiribam-nh/,UGLC
1050615,Mizoram,Mizoram,"near Zemabawk, Aizawl, Mizoram, 796017",23.73672831,92.7516868,High (<2km),1000,2018-05-12,2018,5,Pre-monsoon (Apr-May),earth slide,rainfall (T),report,7,4,1,Moderate (3-5),0.0,"The Morung Express' 'A landslide occurred at a stone quarry at 7:30am. The massive landslide killed four people, two minor girls and two others, who were working at the quarry. The landslide happened after incessant rains over the past few days. There have been reports sayin",http://morungexpress.com/4-bodies-recovered-from-mizoram-landslide/,UGLC
1048345,Tripura,Tripura,"Kambhukcherra and Belfunpara villages, West Tripura, Tripura",24.02515388,91.49747518,Medium (2-25km),5000,2018-05-18,2018,5,Pre-monsoon (Apr-May),earth slide,rainfall (T),report,9,4,1,Moderate (3-5),0.0,"Northeast Now' 'Incessant rains triggered two separate landslide incidents in neighboring villages. The first landslide hapened in Kambhukcherra village in West Tripura, killing 3 family members. In Belfungpara village, a second landslide killed one. All four are from t",https://nenow.in/north-east-news/incessant-rain-triggers-landslides-in-tripura-4-killed.html,UGLC
1048347,Tripura,Tripura,"Champabari, Jirania, Tripura, India",23.79260297,91.53090192,Medium (2-25km),5000,2018-05-20,2018,5,Pre-monsoon (Apr-May),earth slide,rainfall (T),report,9,1,1,Minor (1-2),1.0,The Times of India' 'A resident of Champabari in Jirania of West Tripura district was killed and her husband injured when their house collapsed. The landslide occurred after heavy rains.,https://timesofindia.indiatimes.com/city/agartala/tripura-landslides-trigerred-by-rain-claim-two-more-lives/articleshow/64255441.cms,UGLC
1048360,Tripura,Tripura,"Dhanlekha Kaipeng, Gomati district, Tripura, India",23.71701896,91.61577214,High (<2km),1000,2018-05-20,2018,5,Pre-monsoon (Apr-May),earth slide,rainfall (T),report,7,1,1,Minor (1-2),2.0,"The Times of India' 'Heavy rain triggered a landslide that caused the mud walls of a house in Dhanlekha Kaipeng to collapse inwards, killing the resident inside. The resident was sleeping at the time and an iron beam fell on her. Her parents were seriously injured.",https://timesofindia.indiatimes.com/city/agartala/tripura-landslides-trigerred-by-rain-claim-two-more-lives/articleshow/64255441.cms,UGLC
938409,Sikkim,Sikkim,"Road from Pakyong to Dikling and Rorathang, Pakyong, Sikkim, India",27.23279809,88.59292517,High (<2km),1000,2018-05-26,2018,5,Pre-monsoon (Apr-May),mudslide,rainfall (T),report,7,0,0,No fatalities,0.0,The Northeast Today' 'Road connectivity in Pakyong and nearby areas were disrupted due to slush and landslide during heavy downpour of Saturday night. The road from Pakyong to Dikling and Rorathang was cut-off near Bhanuturning due to slush and rainwater coming above from the,https://thenortheasttoday.com/sikkim-45-road-closure-due-to-landslide-in-pakyong-subdivision/,UGLC
1050791,Manipur,Manipur,"Namlalong Ward No. 2, Tamenglong, Manipur",24.98793655,93.49870413,High (<2km),1000,2018-06-03,2018,6,Monsoon (Jun-Sep),earth slide,rainfall (T),report,7,0,0,No fatalities,2.0,"Imphal Free Press' 'In a landslide that occurred around 1 am today morning, a house at Namlalong Tamenglong Ward No. 2 was partially destroyed and the occupants had a narrow escape. The children were thrown out from their bed by the force of landslide while they were sleepi",https://www.ifp.co.in/page/items/49621/landslide-destroys-house/,UGLC
1050616,Mizoram,Mizoram,"Lunglawn, Lunglei town, Mizoram, India",22.87370331,92.7581259,High (<2km),1000,2018-06-05,2018,6,Monsoon (Jun-Sep),mudslide,rainfall (T),report,7,10,1,Severe (5+),0.0,"NorthEast India24' 'A mudslide triggered by heavy rains swept away a two-storied semi-pucca building, killing ten persons, including two children, at Lunglawn in Lunglei town of south Mizoram around 6 pm yesterday. Continuous rainfall occurred throughout the night. The owne",http://www.northeastindia24.com/mizoram-21-killed-in-land-slide-road-accident/,UGLC
938386,Sikkim,Sikkim,"Mangshilla, North District, Sikkim, IND",27.45377772,88.52426486,Medium (2-25km),5000,2018-09-14,2018,9,Monsoon (Jun-Sep),earth slide,rainfall (T),report,9,0,0,No fatalities,0.0,Outlook India' 'Rain in north Sikkim caused a landslide in Mangshilla.,https://www.outlookindia.com/newsscroll/landslides-in-north-sikkim-road-links-snapped-at-several-places/1382941,UGLC
938402,Sikkim,Sikkim,"Lachen, North District, Sikkim",27.71646253,88.55668313,Medium (2-25km),5000,2018-09-14,2018,9,Monsoon (Jun-Sep),earth slide,rainfall (T),report,9,0,0,No fatalities,0.0,Outlook India' 'Rain in north Sikkim caused a landslide in Lachen.,https://www.outlookindia.com/newsscroll/landslides-in-north-sikkim-road-links-snapped-at-several-places/1382941,UGLC
938400,Sikkim,Sikkim,"Mangan, North District, Sikkim, IND",27.49532869,88.5364844,Medium (2-25km),5000,2018-09-14,2018,9,Monsoon (Jun-Sep),earth slide,rainfall (T),report,9,0,0,No fatalities,0.0,Outlook India' 'Rain in north Sikkim caused landslide in Mangan.,https://www.outlookindia.com/newsscroll/landslides-in-north-sikkim-road-links-snapped-at-several-places/1382941,UGLC
938420,Sikkim,Sikkim,"Gangtok, East District, Sikkim, 737101",27.3313961,88.6138098,Medium (2-25km),5000,2018-09-15,2018,9,Monsoon (Jun-Sep),earth slide,rainfall (T),report,9,0,0,No fatalities,0.0,Outlook India' 'Rain in North Sikkim caused many landslides in Gangtok including one at Ambithang that cut Gangtok off from Mangan. Multiple other landslides were reported in the area.,https://www.outlookindia.com/newsscroll/landslides-in-north-sikkim-road-links-snapped-at-several-places/1382941,UGLC
938385,Sikkim,Sikkim,"Mantam Lake, Dzongu, North District",27.54043014,88.49888236,Medium (2-25km),5000,2018-09-15,2018,9,Monsoon (Jun-Sep),earth slide,rainfall (T),report,9,0,0,No fatalities,0.0,Outlook India' 'Rain in North Sikkim caused landslides in Dzongu including a landslide near Mantam Lake that cut off areas of upper Dzongu.,https://www.outlookindia.com/newsscroll/landslides-in-north-sikkim-road-links-snapped-at-several-places/1382941,UGLC
938429,Sikkim,Sikkim,National Highway between Mangan and Chungthang.,27.54255403,88.62957834,Medium (2-25km),10000,2018-09-17,2018,9,Monsoon (Jun-Sep),earth slide,rainfall (T),report,9,0,0,No fatalities,0.0,NDTV' 'Indian Army and Air Force airlifted hundreds of people stranded in north Sikkim due to rain and several landslides along National Highway between Mangan and Chungthang.,"https://www.ndtv.com/india-news/in-sikkim-over-350-stranded-in-heavy-rain-and-landslides-rescued-1918073#:~:text=Gangtok%2C%20Sikkim%3A,landslides%20hit%20the%20hill%20state.&text=Landslides%20at%20several%20locations%20along,stretch%20between%20Mangan%2",UGLC
1050715,Assam,Assam,Railway between Phiding and Mahur station in Badarpur.,25.19640994,93.13430585,Medium (2-25km),5000,2018-12-18,2018,12,Dry season (Dec-Mar),rock fall,rainfall (T),report,9,0,0,No fatalities,0.0,Barak Bulletin' 'A rock fall occurred at noon on the railroad tracks between Phiding and Mahur stations. The route was delayed until the tracks were cleared at 2:44 pm the same day.,https://www.barakbulletin.com/en_US/track-cleared-trains-are-running-again-in-badarpur-lumding-route/,UGLC
1050610,Mizoram,Mizoram,"Thuampui, Aizawl, Mizoram",23.74253,92.73868,High (<2km),1000,2021-06-12,2021,6,Monsoon (Jun-Sep),earth slide,rainfall (T),report,7,2,1,Minor (1-2),5.0,"India Today' 'At least four members of a family, including two children below the age of five years, were killed when a massive landslide swept away their house in Mizoram’s Aizawl on Friday night. Two others sustained injuries.",https://www.indiatoday.in/india/story/massive-landslide-in-mizoram-kills-four-children-1813987-2021-06-12,UGLC
