background_id,matched_positive_event_id,state,latitude,longitude,event_date,landslide,sample_type,is_confirmed_stable,min_distance_to_known_event_km,min_distance_to_other_background_km,random_seed,dem_tile_id,elevation_m,slope_deg,aspect_deg,curvature_1_per_m,dem_pixel_x_m,dem_pixel_y_m,terrain_extraction_ok,dem_source,distance_to_road_m,distance_to_river_m,nearest_road_type,nearest_road_name,nearest_road_osm_id,nearest_waterway_type,nearest_waterway_name,nearest_waterway_osm_id,road_search_radius_m,river_search_radius_m,road_extraction_ok,river_extraction_ok,roads_rivers_extraction_ok,osm_source,osm_snapshot_timestamp,distance_method,worldcover_item_id,land_cover_code,land_cover,land_cover_source,land_cover_reference_year,land_cover_year_gap,land_cover_extraction_ok,modis_item_id,ndvi_composite_midpoint,ndvi_date_distance_days,ndvi_raw,ndvi,ndvi_pixel_reliability,ndvi_quality,ndvi_quality_ok,ndvi_source,ndvi_extraction_ok,ndvi_model_value,rainfall_24h_mm,rainfall_72h_mm,rainfall_7d_mm,rainfall_daily_values_json,rainfall_source,rainfall_extraction_ok,soil_moisture_surface_m3_m3,soil_moisture_7_28cm_m3_m3,soil_moisture_28_100cm_m3_m3,soil_moisture_0_100cm_m3_m3,soil_moisture_surface_3d_mean_m3_m3,soil_moisture_surface_7d_mean_m3_m3,soil_moisture_surface_anomaly_vs_7d,soil_moisture_surface_7d_values_json,soil_moisture_source,soil_moisture_model,soil_moisture_extraction_ok
BG_0001,1048547,Assam,26.731604759333276,94.35249548602104,2004-07-15,0,matched_background_pseudo_absence,False,53.74333061730167,inf,42,Copernicus_DSM_COG_10_N26_00_E094_00_DEM,106.68343353271484,4.659712037136962,181.64358952295288,0.0013873525154821894,27.617360397351543,30.715,True,Copernicus DEM GLO-30 via Microsoft Planetary Computer,,,,,,,,,,,False,False,False,Deferred to Stage 7B-2,,,ESA_WorldCover_10m_2021_v200_N24E093,10.0,Tree cover,ESA WorldCover 2021 v200,2021,17,True,MOD13Q1.A2004193.h26v06.061.2020196084437,2004-07-18T23:59:59.500000+00:00,3.0,3005.0,0.3005,3.0,Cloudy,False,NASA MODIS MOD13Q1/MYD13Q1 v6.1 16-day 250m,True,,,,,"{""2004-07-09"": null, ""2004-07-10"": null, ""2004-07-11"": null, ""2004-07-12"": null, ""2004-07-13"": null, ""2004-07-14"": null, ""2004-07-15"": null}",NASA POWER Daily API / PRECTOTCORR,False,0.483,0.492,0.491,0.49,0.49,0.4858571428571428,-0.002857142857142836,"{""2004-07-09"": 0.491, ""2004-07-10"": 0.467, ""2004-07-11"": 0.478, ""2004-07-12"": 0.495, ""2004-07-13"": 0.497, ""2004-07-14"": 0.49, ""2004-07-15"": 0.483}",ERA5-Land via Open-Meteo Historical Weather API,era5_land,True
BG_0002,1048389,Assam,26.074443020648907,91.08021471117132,2004-07-15,0,matched_background_pseudo_absence,False,24.3948360234096,333.98652763360974,42,Copernicus_DSM_COG_10_N26_00_E091_00_DEM,40.69154357910156,0.7107362868209827,17.00319152044119,-0.00034143200617298565,27.775073561546844,30.715,True,Copernicus DEM GLO-30 via Microsoft Planetary Computer,,,,,,,,,,,False,False,False,Deferred to Stage 7B-2,,,ESA_WorldCover_10m_2021_v200_N24E090,40.0,Cropland,ESA WorldCover 2021 v200,2021,17,True,MOD13Q1.A2004193.h25v06.061.2020196084503,2004-07-18T23:59:59.500000+00:00,3.0,,,,,False,NASA MODIS MOD13Q1/MYD13Q1 v6.1 16-day 250m,False,,,,,"{""2004-07-09"": null, ""2004-07-10"": null, ""2004-07-11"": null, ""2004-07-12"": null, ""2004-07-13"": null, ""2004-07-14"": null, ""2004-07-15"": null}",NASA POWER Daily API / PRECTOTCORR,False,0.471,0.496,0.5,0.497,0.4746666666666666,0.4801428571428571,-0.00914285714285712,"{""2004-07-09"": 0.477, ""2004-07-10"": 0.479, ""2004-07-11"": 0.484, ""2004-07-12"": 0.497, ""2004-07-13"": 0.463, ""2004-07-14"": 0.49, ""2004-07-15"": 0.471}",ERA5-Land via Open-Meteo Historical Weather API,era5_land,True
BG_0003,1048386,Assam,26.226269176389277,93.80533817323608,2004-07-15,0,matched_background_pseudo_absence,False,67.9575578142348,78.25048644882905,42,Copernicus_DSM_COG_10_N26_00_E093_00_DEM,129.68356323242188,2.716932153439465,260.3114227209718,-0.0015132197530553504,27.73896040669353,30.715,True,Copernicus DEM GLO-30 via Microsoft Planetary Computer,,,,,,,,,,,False,False,False,Deferred to Stage 7B-2,,,ESA_WorldCover_10m_2021_v200_N24E093,10.0,Tree cover,ESA WorldCover 2021 v200,2021,17,True,MOD13Q1.A2004193.h26v06.061.2020196084437,2004-07-18T23:59:59.500000+00:00,3.0,7005.0,0.7005,3.0,Cloudy,False,NASA MODIS MOD13Q1/MYD13Q1 v6.1 16-day 250m,True,,,,,"{""2004-07-09"": null, ""2004-07-10"": null, ""2004-07-11"": null, ""2004-07-12"": null, ""2004-07-13"": null, ""2004-07-14"": null, ""2004-07-15"": null}",NASA POWER Daily API / PRECTOTCORR,False,0.493,0.498,0.492,0.494,0.492,0.4847142857142857,0.008285714285714285,"{""2004-07-09"": 0.478, ""2004-07-10"": 0.468, ""2004-07-11"": 0.476, ""2004-07-12"": 0.495, ""2004-07-13"": 0.499, ""2004-07-14"": 0.484, ""2004-07-15"": 0.493}",ERA5-Land via Open-Meteo Historical Weather API,era5_land,True
BG_0004,1050630,Assam,26.39626717226049,91.09160596119044,2004-07-15,0,matched_background_pseudo_absence,False,17.26418339390434,35.80329417409514,42,Copernicus_DSM_COG_10_N26_00_E091_00_DEM,43.61613464355469,3.9904355697498635,206.45165597946269,-0.002819931972253398,27.698293794622106,30.715,True,Copernicus DEM GLO-30 via Microsoft Planetary Computer,,,,,,,,,,,False,False,False,Deferred to Stage 7B-2,,,ESA_WorldCover_10m_2021_v200_N24E090,10.0,Tree cover,ESA WorldCover 2021 v200,2021,17,True,MOD13Q1.A2004193.h25v06.061.2020196084503,2004-07-18T23:59:59.500000+00:00,3.0,,,,,False,NASA MODIS MOD13Q1/MYD13Q1 v6.1 16-day 250m,False,,,,,"{""2004-07-09"": null, ""2004-07-10"": null, ""2004-07-11"": null, ""2004-07-12"": null, ""2004-07-13"": null, ""2004-07-14"": null, ""2004-07-15"": null}",NASA POWER Daily API / PRECTOTCORR,False,0.432,0.434,0.397,0.407,0.42,0.42642857142857143,0.0055714285714285605,"{""2004-07-09"": 0.437, ""2004-07-10"": 0.437, ""2004-07-11"": 0.434, ""2004-07-12"": 0.417, ""2004-07-13"": 0.412, ""2004-07-14"": 0.416, ""2004-07-15"": 0.432}",ERA5-Land via Open-Meteo Historical Weather API,era5_land,True
BG_0005,1050635,Mizoram,23.74242823900069,93.2072276337944,2004-07-29,0,matched_background_pseudo_absence,False,19.51130927912985,282.69162796096305,42,Copernicus_DSM_COG_10_N23_00_E093_00_DEM,890.3323974609375,15.715279816203523,244.84330678461134,-0.008909322723849884,28.305110512286785,30.715,True,Copernicus DEM GLO-30 via Microsoft Planetary Computer,,,,,,,,,,,False,False,False,Deferred to Stage 7B-2,,,ESA_WorldCover_10m_2021_v200_N21E093,10.0,Tree cover,ESA WorldCover 2021 v200,2021,17,True,MYD13Q1.A2004201.h26v06.061.2020196084855,2004-07-26T23:59:59.500000+00:00,3.0,7056.0,0.7056,3.0,Cloudy,False,NASA MODIS MOD13Q1/MYD13Q1 v6.1 16-day 250m,True,,,,,"{""2004-07-23"": null, ""2004-07-24"": null, ""2004-07-25"": null, ""2004-07-26"": null, ""2004-07-27"": null, ""2004-07-28"": null, ""2004-07-29"": null}",NASA POWER Daily API / PRECTOTCORR,False,0.427,0.428,0.427,0.427,0.42366666666666664,0.4234285714285714,0.0035714285714286143,"{""2004-07-23"": 0.424, ""2004-07-24"": 0.425, ""2004-07-25"": 0.422, ""2004-07-26"": 0.422, ""2004-07-27"": 0.421, ""2004-07-28"": 0.423, ""2004-07-29"": 0.427}",ERA5-Land via Open-Meteo Historical Weather API,era5_land,True
BG_0006,938324,Sikkim,27.180949665961982,88.09756023583462,2004-09-02,0,matched_background_pseudo_absence,False,7.437024352098,309.7253866142878,42,Copernicus_DSM_COG_10_N27_00_E088_00_DEM,2496.485595703125,19.804595933162805,178.9034154002071,0.004030592373248154,27.50742881204786,30.715,True,Copernicus DEM GLO-30 via Microsoft Planetary Computer,,,,,,,,,,,False,False,False,Deferred to Stage 7B-2,,,ESA_WorldCover_10m_2021_v200_N27E087,10.0,Tree cover,ESA WorldCover 2021 v200,2021,17,True,MOD13Q1.A2004241.h25v06.061.2020200073808,2004-09-04T23:59:59.500000+00:00,2.0,688.0,0.0688,3.0,Cloudy,False,NASA MODIS MOD13Q1/MYD13Q1 v6.1 16-day 250m,True,,,,,"{""2004-08-27"": null, ""2004-08-28"": null, ""2004-08-29"": null, ""2004-08-30"": null, ""2004-08-31"": null, ""2004-09-01"": null, ""2004-09-02"": null}",NASA POWER Daily API / PRECTOTCORR,False,0.419,0.42,0.421,0.421,0.41966666666666663,0.4178571428571428,0.0011428571428571677,"{""2004-08-27"": 0.416, ""2004-08-28"": 0.414, ""2004-08-29"": 0.416, ""2004-08-30"": 0.42, ""2004-08-31"": 0.421, ""2004-09-01"": 0.419, ""2004-09-02"": 0.419}",ERA5-Land via Open-Meteo Historical Weather API,era5_land,True
BG_0007,1048548,Assam,26.935001186721536,94.79899006875554,2004-10-07,0,matched_background_pseudo_absence,False,70.93322277039965,49.74116181351471,42,Copernicus_DSM_COG_10_N26_00_E094_00_DEM,94.0473861694336,0.2592152072751968,120.97682589521332,0.0002114618528453435,27.56780977317738,30.715,True,Copernicus DEM GLO-30 via Microsoft Planetary Computer,,,,,,,,,,,False,False,False,Deferred to Stage 7B-2,,,ESA_WorldCover_10m_2021_v200_N24E093,40.0,Cropland,ESA WorldCover 2021 v200,2021,17,True,MOD13Q1.A2004273.h26v06.061.2020206215240,2004-10-06T23:59:59.500000+00:00,1.0,7778.0,0.7778,1.0,Marginal data,True,NASA MODIS MOD13Q1/MYD13Q1 v6.1 16-day 250m,True,0.7778,,,,"{""2004-10-01"": null, ""2004-10-02"": null, ""2004-10-03"": null, ""2004-10-04"": null, ""2004-10-05"": null, ""2004-10-06"": null, ""2004-10-07"": null}",NASA POWER Daily API / PRECTOTCORR,False,0.49,0.475,0.509,0.5,0.484,0.485,0.0050000000000000044,"{""2004-10-01"": 0.484, ""2004-10-02"": 0.483, ""2004-10-03"": 0.488, ""2004-10-04"": 0.488, ""2004-10-05"": 0.476, ""2004-10-06"": 0.486, ""2004-10-07"": 0.49}",ERA5-Land via Open-Meteo Historical Weather API,era5_land,True
BG_0008,1048377,Assam,26.253496769829923,92.09062865100056,2004-10-08,0,matched_background_pseudo_absence,False,16.808012268175847,100.82346937192702,42,Copernicus_DSM_COG_10_N26_00_E092_00_DEM,51.33332443237305,0.8525300752050439,297.4723987116179,-0.0011547350465610099,27.73246348527703,30.715,True,Copernicus DEM GLO-30 via Microsoft Planetary Computer,,,,,,,,,,,False,False,False,Deferred to Stage 7B-2,,,ESA_WorldCover_10m_2021_v200_N24E090,40.0,Cropland,ESA WorldCover 2021 v200,2021,17,True,MOD13Q1.A2004273.h25v06.061.2020206215624,2004-10-06T23:59:59.500000+00:00,2.0,,,,,False,NASA MODIS MOD13Q1/MYD13Q1 v6.1 16-day 250m,False,,,,,"{""2004-10-02"": null, ""2004-10-03"": null, ""2004-10-04"": null, ""2004-10-05"": null, ""2004-10-06"": null, ""2004-10-07"": null, ""2004-10-08"": null}",NASA POWER Daily API / PRECTOTCORR,False,0.473,0.493,0.486,0.486,0.47933333333333333,0.48328571428571426,-0.010285714285714287,"{""2004-10-02"": 0.489, ""2004-10-03"": 0.499, ""2004-10-04"": 0.467, ""2004-10-05"": 0.49, ""2004-10-06"": 0.482, ""2004-10-07"": 0.483, ""2004-10-08"": 0.473}",ERA5-Land via Open-Meteo Historical Weather API,era5_land,True
BG_0009,1050658,Mizoram,23.537003359726715,93.2350407982325,2005-08-01,0,matched_background_pseudo_absence,False,13.998249516480692,23.017266308326093,42,Copernicus_DSM_COG_10_N23_00_E093_00_DEM,1479.3553466796875,42.457024550290015,3.625736236217449,-0.01240715800176203,28.349566274412577,30.715,True,Copernicus DEM GLO-30 via Microsoft Planetary Computer,,,,,,,,,,,False,False,False,Deferred to Stage 7B-2,,,ESA_WorldCover_10m_2021_v200_N21E093,10.0,Tree cover,ESA WorldCover 2021 v200,2021,16,True,MOD13Q1.A2005209.h26v06.061.2020241220353,2005-08-04T23:59:59.500000+00:00,3.0,8041.0,0.8041,3.0,Cloudy,False,NASA MODIS MOD13Q1/MYD13Q1 v6.1 16-day 250m,True,,,,,"{""2005-07-26"": null, ""2005-07-27"": null, ""2005-07-28"": null, ""2005-07-29"": null, ""2005-07-30"": null, ""2005-07-31"": null, ""2005-08-01"": null}",NASA POWER Daily API / PRECTOTCORR,False,0.409,0.399,0.346,0.362,0.40599999999999997,0.40914285714285714,-0.00014285714285716677,"{""2005-07-26"": 0.414, ""2005-07-27"": 0.417, ""2005-07-28"": 0.408, ""2005-07-29"": 0.407, ""2005-07-30"": 0.407, ""2005-07-31"": 0.402, ""2005-08-01"": 0.409}",ERA5-Land via Open-Meteo Historical Weather API,era5_land,True
BG_0010,1048549,Assam,26.47245725899581,93.79365367986004,2005-08-19,0,matched_background_pseudo_absence,False,51.79722717029468,27.39965091341664,42,Copernicus_DSM_COG_10_N26_00_E093_00_DEM,110.16919708251953,1.6284715343244829,305.0056722953119,-0.004598898528668682,27.679988588567685,30.715,True,Copernicus DEM GLO-30 via Microsoft Planetary Computer,,,,,,,,,,,False,False,False,Deferred to Stage 7B-2,,,ESA_WorldCover_10m_2021_v200_N24E093,10.0,Tree cover,ESA WorldCover 2021 v200,2021,16,True,MOD13Q1.A2005225.h26v06.061.2020244144614,2005-08-20T23:59:59.500000+00:00,1.0,7091.0,0.7091000000000001,3.0,Cloudy,False,NASA MODIS MOD13Q1/MYD13Q1 v6.1 16-day 250m,True,,,,,"{""2005-08-13"": null, ""2005-08-14"": null, ""2005-08-15"": null, ""2005-08-16"": null, ""2005-08-17"": null, ""2005-08-18"": null, ""2005-08-19"": null}",NASA POWER Daily API / PRECTOTCORR,False,0.471,0.494,0.482,0.484,0.47700000000000004,0.4767142857142857,-0.005714285714285727,"{""2005-08-13"": 0.464, ""2005-08-14"": 0.476, ""2005-08-15"": 0.489, ""2005-08-16"": 0.477, ""2005-08-17"": 0.479, ""2005-08-18"": 0.481, ""2005-08-19"": 0.471}",ERA5-Land via Open-Meteo Historical Weather API,era5_land,True
BG_0011,1048378,Assam,26.761960498293774,93.218067234653,2005-08-24,0,matched_background_pseudo_absence,False,23.37243395732154,65.65305001621645,42,Copernicus_DSM_COG_10_N26_00_E093_00_DEM,92.25175476074219,5.510209456386687,294.5242921753382,-0.0053894482470054775,27.6099873335698,30.715,True,Copernicus DEM GLO-30 via Microsoft Planetary Computer,,,,,,,,,,,False,False,False,Deferred to Stage 7B-2,,,ESA_WorldCover_10m_2021_v200_N24E093,10.0,Tree cover,ESA WorldCover 2021 v200,2021,16,True,MOD13Q1.A2005225.h26v06.061.2020244144614,2005-08-20T23:59:59.500000+00:00,4.0,7085.0,0.7085,3.0,Cloudy,False,NASA MODIS MOD13Q1/MYD13Q1 v6.1 16-day 250m,True,,,,,"{""2005-08-18"": null, ""2005-08-19"": null, ""2005-08-20"": null, ""2005-08-21"": null, ""2005-08-22"": null, ""2005-08-23"": null, ""2005-08-24"": null}",NASA POWER Daily API / PRECTOTCORR,False,0.469,0.475,0.498,0.491,0.474,0.47814285714285715,-0.009142857142857175,"{""2005-08-18"": 0.483, ""2005-08-19"": 0.489, ""2005-08-20"": 0.493, ""2005-08-21"": 0.46, ""2005-08-22"": 0.484, ""2005-08-23"": 0.469, ""2005-08-24"": 0.469}",ERA5-Land via Open-Meteo Historical Weather API,era5_land,True
BG_0012,1048550,Assam,27.11245476550876,95.02473417732853,2005-08-24,0,matched_background_pseudo_absence,False,88.3046021602209,29.822204015749797,42,Copernicus_DSM_COG_10_N27_00_E095_00_DEM,106.68302154541016,1.4631419779421628,258.989690595668,0.001024294699781751,27.524295451015465,30.715,True,Copernicus DEM GLO-30 via Microsoft Planetary Computer,,,,,,,,,,,False,False,False,Deferred to Stage 7B-2,,,ESA_WorldCover_10m_2021_v200_N27E093,40.0,Cropland,ESA WorldCover 2021 v200,2021,16,True,MOD13Q1.A2005225.h26v06.061.2020244144614,2005-08-20T23:59:59.500000+00:00,4.0,7287.0,0.7287,3.0,Cloudy,False,NASA MODIS MOD13Q1/MYD13Q1 v6.1 16-day 250m,True,,,,,"{""2005-08-18"": null, ""2005-08-19"": null, ""2005-08-20"": null, ""2005-08-21"": null, ""2005-08-22"": null, ""2005-08-23"": null, ""2005-08-24"": null}",NASA POWER Daily API / PRECTOTCORR,False,0.485,0.497,0.469,0.476,0.484,0.48714285714285716,-0.0021428571428571686,"{""2005-08-18"": 0.472, ""2005-08-19"": 0.499, ""2005-08-20"": 0.489, ""2005-08-21"": 0.498, ""2005-08-22"": 0.503, ""2005-08-23"": 0.464, ""2005-08-24"": 0.485}",ERA5-Land via Open-Meteo Historical Weather API,era5_land,True
BG_0013,1048387,Assam,25.14393922691182,93.2459878330718,2005-08-24,0,matched_background_pseudo_absence,False,9.32727303890448,132.76163497798174,42,Copernicus_DSM_COG_10_N25_00_E093_00_DEM,1139.9931640625,29.33532201577474,229.36518276618335,-0.0025195608058020506,27.992132042719373,30.715,True,Copernicus DEM GLO-30 via Microsoft Planetary Computer,,,,,,,,,,,False,False,False,Deferred to Stage 7B-2,,,ESA_WorldCover_10m_2021_v200_N24E093,10.0,Tree cover,ESA WorldCover 2021 v200,2021,16,True,MOD13Q1.A2005225.h26v06.061.2020244144614,2005-08-20T23:59:59.500000+00:00,4.0,3492.0,0.3492,3.0,Cloudy,False,NASA MODIS MOD13Q1/MYD13Q1 v6.1 16-day 250m,True,,,,,"{""2005-08-18"": null, ""2005-08-19"": null, ""2005-08-20"": null, ""2005-08-21"": null, ""2005-08-22"": null, ""2005-08-23"": null, ""2005-08-24"": null}",NASA POWER Daily API / PRECTOTCORR,False,0.48,0.469,0.493,0.487,0.47833333333333333,0.4735714285714286,0.006428571428571395,"{""2005-08-18"": 0.476, ""2005-08-19"": 0.452, ""2005-08-20"": 0.473, ""2005-08-21"": 0.479, ""2005-08-22"": 0.474, ""2005-08-23"": 0.481, ""2005-08-24"": 0.48}",ERA5-Land via Open-Meteo Historical Weather API,era5_land,True
BG_0014,938387,Sikkim,28.021683724068893,88.54350132683378,2005-09-25,0,matched_background_pseudo_absence,False,20.4061061221899,103.29798520925344,42,Copernicus_DSM_COG_10_N28_00_E088_00_DEM,6036.15869140625,28.77168860046611,42.186378651509926,-0.0009692951946466289,27.29720568931679,30.715,True,Copernicus DEM GLO-30 via Microsoft Planetary Computer,,,,,,,,,,,False,False,False,Deferred to Stage 7B-2,,,ESA_WorldCover_10m_2021_v200_N27E087,70.0,Snow and ice,ESA WorldCover 2021 v200,2021,16,True,MOD13Q1.A2005257.h25v06.061.2020246174134,2005-09-21T23:59:59.500000+00:00,4.0,48.0,0.0048000000000000004,1.0,Marginal data,True,NASA MODIS MOD13Q1/MYD13Q1 v6.1 16-day 250m,True,0.0048000000000000004,,,,"{""2005-09-19"": null, ""2005-09-20"": null, ""2005-09-21"": null, ""2005-09-22"": null, ""2005-09-23"": null, ""2005-09-24"": null, ""2005-09-25"": null}",NASA POWER Daily API / PRECTOTCORR,False,0.401,0.395,0.379,0.384,0.4003333333333334,0.388,0.013000000000000012,"{""2005-09-19"": 0.374, ""2005-09-20"": 0.366, ""2005-09-21"": 0.378, ""2005-09-22"": 0.397, ""2005-09-23"": 0.401, ""2005-09-24"": 0.399, ""2005-09-25"": 0.401}",ERA5-Land via Open-Meteo Historical Weather API,era5_land,True
BG_0015,1050584,Assam,26.542701486541,90.39149472707574,2006-06-12,0,matched_background_pseudo_absence,False,60.98363309567952,71.56502613228862,42,Copernicus_DSM_COG_10_N26_00_E090_00_DEM,60.0559196472168,1.4319558614613523,137.56922142879625,0.00036840855649140946,27.66306855092714,30.715,True,Copernicus DEM GLO-30 via Microsoft Planetary Computer,,,,,,,,,,,False,False,False,Deferred to Stage 7B-2,,,ESA_WorldCover_10m_2021_v200_N24E090,40.0,Cropland,ESA WorldCover 2021 v200,2021,15,True,MYD13Q1.A2006153.h25v06.061.2020264182051,2006-06-09T23:59:59.500000+00:00,3.0,,,,,False,NASA MODIS MOD13Q1/MYD13Q1 v6.1 16-day 250m,False,,,,,"{""2006-06-06"": null, ""2006-06-07"": null, ""2006-06-08"": null, ""2006-06-09"": null, ""2006-06-10"": null, ""2006-06-11"": null, ""2006-06-12"": null}",NASA POWER Daily API / PRECTOTCORR,False,0.493,0.478,0.491,0.488,0.494,0.484,0.009000000000000008,"{""2006-06-06"": 0.484, ""2006-06-07"": 0.458, ""2006-06-08"": 0.474, ""2006-06-09"": 0.49, ""2006-06-10"": 0.497, ""2006-06-11"": 0.492, ""2006-06-12"": 0.493}",ERA5-Land via Open-Meteo Historical Weather API,era5_land,True
BG_0016,1049243,Tripura,23.545370924681716,91.22479232546311,2006-06-13,0,matched_background_pseudo_absence,False,40.78274779489789,203.11620701755083,42,Copernicus_DSM_COG_10_N23_00_E091_00_DEM,41.48066711425781,18.787037980911144,146.36872254680623,-0.0017551926136442244,28.347762575146643,30.715,True,Copernicus DEM GLO-30 via Microsoft Planetary Computer,,,,,,,,,,,False,False,False,Deferred to Stage 7B-2,,,ESA_WorldCover_10m_2021_v200_N21E090,10.0,Tree cover,ESA WorldCover 2021 v200,2021,15,True,MOD13Q1.A2006161.h25v06.061.2020265043603,2006-06-17T23:59:59.500000+00:00,4.0,,,,,False,NASA MODIS MOD13Q1/MYD13Q1 v6.1 16-day 250m,False,,,,,"{""2006-06-07"": null, ""2006-06-08"": null, ""2006-06-09"": null, ""2006-06-10"": null, ""2006-06-11"": null, ""2006-06-12"": null, ""2006-06-13"": null}",NASA POWER Daily API / PRECTOTCORR,False,0.464,0.467,0.477,0.474,0.4623333333333333,0.45942857142857146,0.00457142857142856,"{""2006-06-07"": 0.447, ""2006-06-08"": 0.463, ""2006-06-09"": 0.454, ""2006-06-10"": 0.465, ""2006-06-11"": 0.461, ""2006-06-12"": 0.462, ""2006-06-13"": 0.464}",ERA5-Land via Open-Meteo Historical Weather API,era5_land,True
BG_0017,938444,Sikkim,27.75211674320412,88.255394309017,2006-08-03,0,matched_background_pseudo_absence,False,26.681126306069118,41.23413997299801,42,Copernicus_DSM_COG_10_N27_00_E088_00_DEM,4877.38525390625,14.074718287435868,11.332271396465956,0.005843598248798737,27.365252455243812,30.715,True,Copernicus DEM GLO-30 via Microsoft Planetary Computer,,,,,,,,,,,False,False,False,Deferred to Stage 7B-2,,,ESA_WorldCover_10m_2021_v200_N27E087,70.0,Snow and ice,ESA WorldCover 2021 v200,2021,15,True,MOD13Q1.A2006209.h25v06.061.2020269052445,2006-08-04T23:59:59.500000+00:00,1.0,-147.0,-0.014700000000000001,3.0,Cloudy,False,NASA MODIS MOD13Q1/MYD13Q1 v6.1 16-day 250m,True,,,,,"{""2006-07-28"": null, ""2006-07-29"": null, ""2006-07-30"": null, ""2006-07-31"": null, ""2006-08-01"": null, ""2006-08-02"": null, ""2006-08-03"": null}",NASA POWER Daily API / PRECTOTCORR,False,0.266,0.255,0.098,0.143,0.26,0.2712857142857143,-0.0052857142857142825,"{""2006-07-28"": 0.305, ""2006-07-29"": 0.28, ""2006-07-30"": 0.269, ""2006-07-31"": 0.265, ""2006-08-01"": 0.254, ""2006-08-02"": 0.26, ""2006-08-03"": 0.266}",ERA5-Land via Open-Meteo Historical Weather API,era5_land,True
BG_0018,938422,Sikkim,27.53572047251125,88.11461153892144,2007-04-11,0,matched_background_pseudo_absence,False,21.773973178074115,27.77216702581084,42,Copernicus_DSM_COG_10_N27_00_E088_00_DEM,4514.2177734375,53.734885114104095,251.5864544103927,0.01923370117547611,27.419439110174817,30.715,True,Copernicus DEM GLO-30 via Microsoft Planetary Computer,,,,,,,,,,,False,False,False,Deferred to Stage 7B-2,,,ESA_WorldCover_10m_2021_v200_N27E087,100.0,Moss and lichen,ESA WorldCover 2021 v200,2021,14,True,MOD13Q1.A2007097.h25v06.061.2021060070410,2007-04-14T23:59:59.500000+00:00,3.0,-356.0,-0.0356,1.0,Marginal data,True,NASA MODIS MOD13Q1/MYD13Q1 v6.1 16-day 250m,True,-0.0356,,,,"{""2007-04-05"": null, ""2007-04-06"": null, ""2007-04-07"": null, ""2007-04-08"": null, ""2007-04-09"": null, ""2007-04-10"": null, ""2007-04-11"": null}",NASA POWER Daily API / PRECTOTCORR,False,0.421,0.422,0.422,0.422,0.42,0.42128571428571426,-0.00028571428571427804,"{""2007-04-05"": 0.425, ""2007-04-06"": 0.424, ""2007-04-07"": 0.423, ""2007-04-08"": 0.417, ""2007-04-09"": 0.417, ""2007-04-10"": 0.422, ""2007-04-11"": 0.421}",ERA5-Land via Open-Meteo Historical Weather API,era5_land,True
BG_0019,938415,Sikkim,27.99302877454333,88.84092995487359,2007-05-23,0,matched_background_pseudo_absence,False,32.84859557260094,29.37270362157756,42,Copernicus_DSM_COG_10_N27_00_E088_00_DEM,5613.03125,7.374804978898843,342.7025178596066,0.0016078136871520024,27.30446778305897,30.715,True,Copernicus DEM GLO-30 via Microsoft Planetary Computer,,,,,,,,,,,False,False,False,Deferred to Stage 7B-2,,,ESA_WorldCover_10m_2021_v200_N27E087,30.0,Grassland,ESA WorldCover 2021 v200,2021,14,True,MYD13Q1.A2007137.h25v06.061.2021064221353,2007-05-24T23:59:59.500000+00:00,1.0,1688.0,0.1688,1.0,Marginal data,True,NASA MODIS MOD13Q1/MYD13Q1 v6.1 16-day 250m,True,0.1688,,,,"{""2007-05-17"": null, ""2007-05-18"": null, ""2007-05-19"": null, ""2007-05-20"": null, ""2007-05-21"": null, ""2007-05-22"": null, ""2007-05-23"": null}",NASA POWER Daily API / PRECTOTCORR,False,0.304,0.282,0.242,0.255,0.30233333333333334,0.2951428571428571,0.008857142857142897,"{""2007-05-17"": 0.284, ""2007-05-18"": 0.289, ""2007-05-19"": 0.291, ""2007-05-20"": 0.295, ""2007-05-21"": 0.3, ""2007-05-22"": 0.303, ""2007-05-23"": 0.304}",ERA5-Land via Open-Meteo Historical Weather API,era5_land,True
BG_0020,938390,Sikkim,27.75000489883242,88.28406313501387,2007-06-27,0,matched_background_pseudo_absence,False,23.85398171716486,2.830921105686528,42,Copernicus_DSM_COG_10_N27_00_E088_00_DEM,4910.82763671875,23.449366320124373,357.6471950510043,-0.021766086749891222,27.365783158525694,30.715,True,Copernicus DEM GLO-30 via Microsoft Planetary Computer,,,,,,,,,,,False,False,False,Deferred to Stage 7B-2,,,ESA_WorldCover_10m_2021_v200_N27E087,100.0,Moss and lichen,ESA WorldCover 2021 v200,2021,14,True,MYD13Q1.A2007169.h25v06.061.2021067002341,2007-06-25T23:59:59.500000+00:00,2.0,1287.0,0.1287,3.0,Cloudy,False,NASA MODIS MOD13Q1/MYD13Q1 v6.1 16-day 250m,True,,,,,"{""2007-06-21"": null, ""2007-06-22"": null, ""2007-06-23"": null, ""2007-06-24"": null, ""2007-06-25"": null, ""2007-06-26"": null, ""2007-06-27"": null}",NASA POWER Daily API / PRECTOTCORR,False,0.365,0.36,0.241,0.275,0.363,0.36171428571428565,0.003285714285714336,"{""2007-06-21"": 0.36, ""2007-06-22"": 0.361, ""2007-06-23"": 0.36, ""2007-06-24"": 0.362, ""2007-06-25"": 0.362, ""2007-06-26"": 0.362, ""2007-06-27"": 0.365}",ERA5-Land via Open-Meteo Historical Weather API,era5_land,True
BG_0021,1048380,Assam,27.325950841439408,95.25140284947352,2007-07-13,0,matched_background_pseudo_absence,False,111.63868082870134,32.64862045538134,42,Copernicus_DSM_COG_10_N27_00_E095_00_DEM,115.17141723632812,7.208746983853071,35.23006664610199,0.0010876531794133688,27.47159309089404,30.715,True,Copernicus DEM GLO-30 via Microsoft Planetary Computer,,,,,,,,,,,False,False,False,Deferred to Stage 7B-2,,,ESA_WorldCover_10m_2021_v200_N27E093,10.0,Tree cover,ESA WorldCover 2021 v200,2021,14,True,MYD13Q1.A2007185.h26v06.061.2021067164325,2007-07-11T23:59:59.500000+00:00,2.0,7672.0,0.7672,3.0,Cloudy,False,NASA MODIS MOD13Q1/MYD13Q1 v6.1 16-day 250m,True,,,,,"{""2007-07-07"": null, ""2007-07-08"": null, ""2007-07-09"": null, ""2007-07-10"": null, ""2007-07-11"": null, ""2007-07-12"": null, ""2007-07-13"": null}",NASA POWER Daily API / PRECTOTCORR,False,0.48,0.483,0.506,0.499,0.47733333333333333,0.4779999999999999,0.0020000000000000573,"{""2007-07-07"": 0.464, ""2007-07-08"": 0.478, ""2007-07-09"": 0.474, ""2007-07-10"": 0.498, ""2007-07-11"": 0.471, ""2007-07-12"": 0.481, ""2007-07-13"": 0.48}",ERA5-Land via Open-Meteo Historical Weather API,era5_land,True
BG_0022,938328,Sikkim,27.14023960879499,88.29228610888872,2007-07-16,0,matched_background_pseudo_absence,False,6.423661640069302,19.78963018284848,42,Copernicus_DSM_COG_10_N27_00_E088_00_DEM,823.274658203125,36.33765384131496,304.35612736592833,-0.005049704321505838,27.51745826728427,30.715,True,Copernicus DEM GLO-30 via Microsoft Planetary Computer,,,,,,,,,,,False,False,False,Deferred to Stage 7B-2,,,ESA_WorldCover_10m_2021_v200_N27E087,10.0,Tree cover,ESA WorldCover 2021 v200,2021,14,True,MOD13Q1.A2007193.h25v06.061.2021068151559,2007-07-19T23:59:59.500000+00:00,3.0,5897.0,0.5897,3.0,Cloudy,False,NASA MODIS MOD13Q1/MYD13Q1 v6.1 16-day 250m,True,,,,,"{""2007-07-10"": null, ""2007-07-11"": null, ""2007-07-12"": null, ""2007-07-13"": null, ""2007-07-14"": null, ""2007-07-15"": null, ""2007-07-16"": null}",NASA POWER Daily API / PRECTOTCORR,False,0.422,0.421,0.42,0.42,0.4223333333333333,0.4248571428571428,-0.002857142857142836,"{""2007-07-10"": 0.427, ""2007-07-11"": 0.428, ""2007-07-12"": 0.426, ""2007-07-13"": 0.426, ""2007-07-14"": 0.427, ""2007-07-15"": 0.418, ""2007-07-16"": 0.422}",ERA5-Land via Open-Meteo Historical Weather API,era5_land,True
BG_0023,1048446,Assam,27.76810283106171,95.246901833597,2007-07-19,0,matched_background_pseudo_absence,False,126.34177993176338,49.16712848985025,42,Copernicus_DSM_COG_10_N27_00_E095_00_DEM,115.22132873535156,0.07575965239329517,246.3430673472363,0.0002813606588806227,27.361233969849888,30.715,True,Copernicus DEM GLO-30 via Microsoft Planetary Computer,,,,,,,,,,,False,False,False,Deferred to Stage 7B-2,,,ESA_WorldCover_10m_2021_v200_N27E093,40.0,Cropland,ESA WorldCover 2021 v200,2021,14,True,MOD13Q1.A2007193.h26v06.061.2021068162940,2007-07-19T23:59:59.500000+00:00,0.0,5816.0,0.5816,0.0,Good data,True,NASA MODIS MOD13Q1/MYD13Q1 v6.1 16-day 250m,True,0.5816,,,,"{""2007-07-13"": null, ""2007-07-14"": null, ""2007-07-15"": null, ""2007-07-16"": null, ""2007-07-17"": null, ""2007-07-18"": null, ""2007-07-19"": null}",NASA POWER Daily API / PRECTOTCORR,False,0.482,0.48,0.506,0.499,0.48299999999999993,0.47985714285714287,0.002142857142857113,"{""2007-07-13"": 0.49, ""2007-07-14"": 0.458, ""2007-07-15"": 0.482, ""2007-07-16"": 0.48, ""2007-07-17"": 0.482, ""2007-07-18"": 0.485, ""2007-07-19"": 0.482}",ERA5-Land via Open-Meteo Historical Weather API,era5_land,True
BG_0024,1048441,Assam,26.00017250564627,90.2398617480472,2007-07-19,0,matched_background_pseudo_absence,False,23.991633317495136,62.192293987592535,42,Copernicus_DSM_COG_10_N26_00_E090_00_DEM,29.43584632873535,0.4095874523293465,49.00244044838803,0.00029770492673635897,27.792668419033827,30.715,True,Copernicus DEM GLO-30 via Microsoft Planetary Computer,,,,,,,,,,,False,False,False,Deferred to Stage 7B-2,,,ESA_WorldCover_10m_2021_v200_N24E090,40.0,Cropland,ESA WorldCover 2021 v200,2021,14,True,MOD13Q1.A2007193.h25v06.061.2021068151559,2007-07-19T23:59:59.500000+00:00,0.0,,,,,False,NASA MODIS MOD13Q1/MYD13Q1 v6.1 16-day 250m,False,,,,,"{""2007-07-13"": null, ""2007-07-14"": null, ""2007-07-15"": null, ""2007-07-16"": null, ""2007-07-17"": null, ""2007-07-18"": null, ""2007-07-19"": null}",NASA POWER Daily API / PRECTOTCORR,False,0.424,0.427,0.424,0.425,0.4206666666666667,0.4175714285714286,0.006428571428571395,"{""2007-07-13"": 0.415, ""2007-07-14"": 0.414, ""2007-07-15"": 0.413, ""2007-07-16"": 0.419, ""2007-07-17"": 0.422, ""2007-07-18"": 0.416, ""2007-07-19"": 0.424}",ERA5-Land via Open-Meteo Historical Weather API,era5_land,True
BG_0025,1050662,Mizoram,23.903587051308197,92.33858205591376,2007-07-30,0,matched_background_pseudo_absence,False,23.788374464442445,90.1581658664478,42,Copernicus_DSM_COG_10_N23_00_E092_00_DEM,133.0164794921875,20.33971060200167,107.85930140941372,0.007109452884510878,28.26997959736223,30.715,True,Copernicus DEM GLO-30 via Microsoft Planetary Computer,,,,,,,,,,,False,False,False,Deferred to Stage 7B-2,,,ESA_WorldCover_10m_2021_v200_N21E090,10.0,Tree cover,ESA WorldCover 2021 v200,2021,14,True,MYD13Q1.A2007201.h25v06.061.2021069185331,2007-07-27T23:59:59.500000+00:00,3.0,,,,,False,NASA MODIS MOD13Q1/MYD13Q1 v6.1 16-day 250m,False,,,,,"{""2007-07-24"": null, ""2007-07-25"": null, ""2007-07-26"": null, ""2007-07-27"": null, ""2007-07-28"": null, ""2007-07-29"": null, ""2007-07-30"": null}",NASA POWER Daily API / PRECTOTCORR,False,0.401,0.402,0.416,0.412,0.40700000000000003,0.41571428571428576,-0.014714285714285735,"{""2007-07-24"": 0.422, ""2007-07-25"": 0.421, ""2007-07-26"": 0.42, ""2007-07-27"": 0.426, ""2007-07-28"": 0.416, ""2007-07-29"": 0.404, ""2007-07-30"": 0.401}",ERA5-Land via Open-Meteo Historical Weather API,era5_land,True
BG_0026,1050668,Mizoram,22.272434202605208,93.1600754185129,2007-07-30,0,matched_background_pseudo_absence,False,30.35957408126998,140.82335145872935,42,Copernicus_DSM_COG_10_N22_00_E093_00_DEM,1132.34912109375,19.44833483069361,231.5524004347545,0.0033883457399605152,28.61518241441051,30.715,True,Copernicus DEM GLO-30 via Microsoft Planetary Computer,,,,,,,,,,,False,False,False,Deferred to Stage 7B-2,,,ESA_WorldCover_10m_2021_v200_N21E093,30.0,Grassland,ESA WorldCover 2021 v200,2021,14,True,MYD13Q1.A2007201.h26v06.061.2021069193911,2007-07-27T23:59:59.500000+00:00,3.0,8643.0,0.8643000000000001,1.0,Marginal data,True,NASA MODIS MOD13Q1/MYD13Q1 v6.1 16-day 250m,True,0.8643000000000001,,,,"{""2007-07-24"": null, ""2007-07-25"": null, ""2007-07-26"": null, ""2007-07-27"": null, ""2007-07-28"": null, ""2007-07-29"": null, ""2007-07-30"": null}",NASA POWER Daily API / PRECTOTCORR,False,0.391,0.398,0.411,0.407,0.4023333333333334,0.41371428571428576,-0.022714285714285742,"{""2007-07-24"": 0.422, ""2007-07-25"": 0.419, ""2007-07-26"": 0.426, ""2007-07-27"": 0.422, ""2007-07-28"": 0.413, ""2007-07-29"": 0.403, ""2007-07-30"": 0.391}",ERA5-Land via Open-Meteo Historical Weather API,era5_land,True
BG_0027,938236,Sikkim,27.656449304426417,88.44439804631892,2007-08-02,0,matched_background_pseudo_absence,False,8.471712835743299,18.904454889812246,42,Copernicus_DSM_COG_10_N27_00_E088_00_DEM,3702.830810546875,65.79781385980384,120.81630717294087,0.004103425854568201,27.389256221862606,30.715,True,Copernicus DEM GLO-30 via Microsoft Planetary Computer,,,,,,,,,,,False,False,False,Deferred to Stage 7B-2,,,ESA_WorldCover_10m_2021_v200_N27E087,30.0,Grassland,ESA WorldCover 2021 v200,2021,14,True,MOD13Q1.A2007209.h25v06.061.2021071054213,2007-08-04T23:59:59.500000+00:00,2.0,1608.0,0.1608,3.0,Cloudy,False,NASA MODIS MOD13Q1/MYD13Q1 v6.1 16-day 250m,True,,,,,"{""2007-07-27"": null, ""2007-07-28"": null, ""2007-07-29"": null, ""2007-07-30"": null, ""2007-07-31"": null, ""2007-08-01"": null, ""2007-08-02"": null}",NASA POWER Daily API / PRECTOTCORR,False,0.431,0.43,0.372,0.388,0.43166666666666664,0.43171428571428566,-0.0007142857142856673,"{""2007-07-27"": 0.431, ""2007-07-28"": 0.432, ""2007-07-29"": 0.433, ""2007-07-30"": 0.431, ""2007-07-31"": 0.432, ""2007-08-01"": 0.432, ""2007-08-02"": 0.431}",ERA5-Land via Open-Meteo Historical Weather API,era5_land,True
BG_0028,1050913,Manipur,24.22660019214865,93.72121956543327,2007-08-26,0,matched_background_pseudo_absence,False,16.199583762158912,75.00148037125686,42,Copernicus_DSM_COG_10_N24_00_E093_00_DEM,1343.9493408203125,22.752499239161075,256.4188928053356,0.013764747016074372,28.198893039456042,30.715,True,Copernicus DEM GLO-30 via Microsoft Planetary Computer,,,,,,,,,,,False,False,False,Deferred to Stage 7B-2,,,ESA_WorldCover_10m_2021_v200_N24E093,10.0,Tree cover,ESA WorldCover 2021 v200,2021,14,True,MYD13Q1.A2007233.h26v06.061.2021073135834,2007-08-28T23:59:59.500000+00:00,2.0,5628.0,0.5628000000000001,3.0,Cloudy,False,NASA MODIS MOD13Q1/MYD13Q1 v6.1 16-day 250m,True,,,,,"{""2007-08-20"": null, ""2007-08-21"": null, ""2007-08-22"": null, ""2007-08-23"": null, ""2007-08-24"": null, ""2007-08-25"": null, ""2007-08-26"": null}",NASA POWER Daily API / PRECTOTCORR,False,0.455,0.483,0.51,0.501,0.4643333333333333,0.47414285714285714,-0.019142857142857128,"{""2007-08-20"": 0.481, ""2007-08-21"": 0.474, ""2007-08-22"": 0.494, ""2007-08-23"": 0.477, ""2007-08-24"": 0.464, ""2007-08-25"": 0.474, ""2007-08-26"": 0.455}",ERA5-Land via Open-Meteo Historical Weather API,era5_land,True
BG_0029,1050834,Manipur,25.18976344237939,93.9273040698278,2007-08-26,0,matched_background_pseudo_absence,False,6.765743753439099,68.7564464125203,42,Copernicus_DSM_COG_10_N25_00_E093_00_DEM,1926.6474609375,42.609646640511116,349.7238345326731,0.006018152525850737,27.981615009032605,30.715,True,Copernicus DEM GLO-30 via Microsoft Planetary Computer,,,,,,,,,,,False,False,False,Deferred to Stage 7B-2,,,ESA_WorldCover_10m_2021_v200_N24E093,10.0,Tree cover,ESA WorldCover 2021 v200,2021,14,True,MYD13Q1.A2007233.h26v06.061.2021073135834,2007-08-28T23:59:59.500000+00:00,2.0,2440.0,0.24400000000000002,3.0,Cloudy,False,NASA MODIS MOD13Q1/MYD13Q1 v6.1 16-day 250m,True,,,,,"{""2007-08-20"": null, ""2007-08-21"": null, ""2007-08-22"": null, ""2007-08-23"": null, ""2007-08-24"": null, ""2007-08-25"": null, ""2007-08-26"": null}",NASA POWER Daily API / PRECTOTCORR,False,0.428,0.429,0.417,0.42,0.419,0.40628571428571425,0.02171428571428574,"{""2007-08-20"": 0.392, ""2007-08-21"": 0.388, ""2007-08-22"": 0.405, ""2007-08-23"": 0.402, ""2007-08-24"": 0.411, ""2007-08-25"": 0.418, ""2007-08-26"": 0.428}",ERA5-Land via Open-Meteo Historical Weather API,era5_land,True
BG_0030,1050634,Assam,26.12131288752809,92.4670349958996,2007-08-26,0,matched_background_pseudo_absence,False,44.6772884358917,40.33196928960909,42,Copernicus_DSM_COG_10_N26_00_E092_00_DEM,277.9458312988281,9.99010235527438,1.5681405494821092,-0.0019443842781478563,27.763945959937875,30.715,True,Copernicus DEM GLO-30 via Microsoft Planetary Computer,,,,,,,,,,,False,False,False,Deferred to Stage 7B-2,,,ESA_WorldCover_10m_2021_v200_N24E090,10.0,Tree cover,ESA WorldCover 2021 v200,2021,14,True,MYD13Q1.A2007233.h26v06.061.2021073135834,2007-08-28T23:59:59.500000+00:00,2.0,9278.0,0.9278000000000001,3.0,Cloudy,False,NASA MODIS MOD13Q1/MYD13Q1 v6.1 16-day 250m,True,,,,,"{""2007-08-20"": null, ""2007-08-21"": null, ""2007-08-22"": null, ""2007-08-23"": null, ""2007-08-24"": null, ""2007-08-25"": null, ""2007-08-26"": null}",NASA POWER Daily API / PRECTOTCORR,False,0.48,0.495,0.474,0.479,0.484,0.47985714285714287,0.00014285714285711126,"{""2007-08-20"": 0.45, ""2007-08-21"": 0.49, ""2007-08-22"": 0.482, ""2007-08-23"": 0.485, ""2007-08-24"": 0.489, ""2007-08-25"": 0.483, ""2007-08-26"": 0.48}",ERA5-Land via Open-Meteo Historical Weather API,era5_land,True
BG_0031,1057207,Manipur,24.24225070264117,93.3787632456438,2007-08-31,0,matched_background_pseudo_absence,False,10.49743782689514,34.76722692506906,42,Copernicus_DSM_COG_10_N24_00_E093_00_DEM,1082.0877685546875,17.590420950988147,313.51533795755057,-0.0030593644915872225,28.195425997908963,30.715,True,Copernicus DEM GLO-30 via Microsoft Planetary Computer,,,,,,,,,,,False,False,False,Deferred to Stage 7B-2,,,ESA_WorldCover_10m_2021_v200_N24E093,10.0,Tree cover,ESA WorldCover 2021 v200,2021,14,True,MYD13Q1.A2007233.h26v06.061.2021073135834,2007-08-28T23:59:59.500000+00:00,3.0,4270.0,0.42700000000000005,3.0,Cloudy,False,NASA MODIS MOD13Q1/MYD13Q1 v6.1 16-day 250m,True,,,,,"{""2007-08-25"": null, ""2007-08-26"": null, ""2007-08-27"": null, ""2007-08-28"": null, ""2007-08-29"": null, ""2007-08-30"": null, ""2007-08-31"": null}",NASA POWER Daily API / PRECTOTCORR,False,0.418,0.418,0.424,0.422,0.421,0.42214285714285715,-0.00414285714285717,"{""2007-08-25"": 0.423, ""2007-08-26"": 0.426, ""2007-08-27"": 0.423, ""2007-08-28"": 0.42, ""2007-08-29"": 0.424, ""2007-08-30"": 0.421, ""2007-08-31"": 0.418}",ERA5-Land via Open-Meteo Historical Weather API,era5_land,True
BG_0032,938381,Sikkim,27.78151856196336,88.22926331893291,2007-09-07,0,matched_background_pseudo_absence,False,29.533481746849045,4.159194320265961,42,Copernicus_DSM_COG_10_N27_00_E088_00_DEM,5650.97412109375,25.801726855002553,60.41733489922257,-0.016477330039349748,27.35785996131858,30.715,True,Copernicus DEM GLO-30 via Microsoft Planetary Computer,,,,,,,,,,,False,False,False,Deferred to Stage 7B-2,,,ESA_WorldCover_10m_2021_v200_N27E087,70.0,Snow and ice,ESA WorldCover 2021 v200,2021,14,True,MOD13Q1.A2007241.h25v06.061.2021073195627,2007-09-05T23:59:59.500000+00:00,2.0,-128.0,-0.0128,3.0,Cloudy,False,NASA MODIS MOD13Q1/MYD13Q1 v6.1 16-day 250m,True,,,,,"{""2007-09-01"": null, ""2007-09-02"": null, ""2007-09-03"": null, ""2007-09-04"": null, ""2007-09-05"": null, ""2007-09-06"": null, ""2007-09-07"": null}",NASA POWER Daily API / PRECTOTCORR,False,0.308,0.308,0.222,0.246,0.3076666666666667,0.30357142857142855,0.004428571428571448,"{""2007-09-01"": 0.299, ""2007-09-02"": 0.301, ""2007-09-03"": 0.3, ""2007-09-04"": 0.302, ""2007-09-05"": 0.307, ""2007-09-06"": 0.308, ""2007-09-07"": 0.308}",ERA5-Land via Open-Meteo Historical Weather API,era5_land,True
BG_0033,1057438,Manipur,24.894404722836555,94.63026311699991,2007-09-08,0,matched_background_pseudo_absence,False,15.678827830759891,78.06251646956932,42,Copernicus_DSM_COG_10_N24_00_E094_00_DEM,990.4938354492188,28.314546763187558,259.1988074203642,0.000714677366174508,28.04908786054303,30.715,True,Copernicus DEM GLO-30 via Microsoft Planetary Computer,,,,,,,,,,,False,False,False,Deferred to Stage 7B-2,,,ESA_WorldCover_10m_2021_v200_N24E093,10.0,Tree cover,ESA WorldCover 2021 v200,2021,14,True,MOD13Q1.A2007241.h26v06.061.2021073193932,2007-09-05T23:59:59.500000+00:00,3.0,6359.0,0.6359,3.0,Cloudy,False,NASA MODIS MOD13Q1/MYD13Q1 v6.1 16-day 250m,True,,,,,"{""2007-09-02"": null, ""2007-09-03"": null, ""2007-09-04"": null, ""2007-09-05"": null, ""2007-09-06"": null, ""2007-09-07"": null, ""2007-09-08"": null}",NASA POWER Daily API / PRECTOTCORR,False,0.425,0.426,0.427,0.426,0.427,0.42600000000000005,-0.0010000000000000564,"{""2007-09-02"": 0.422, ""2007-09-03"": 0.423, ""2007-09-04"": 0.427, ""2007-09-05"": 0.429, ""2007-09-06"": 0.429, ""2007-09-07"": 0.427, ""2007-09-08"": 0.425}",ERA5-Land via Open-Meteo Historical Weather API,era5_land,True
BG_0034,938319,Sikkim,27.9028805400544,88.44203038871244,2007-09-09,0,matched_background_pseudo_absence,False,13.29483640905754,16.547832948058026,42,Copernicus_DSM_COG_10_N27_00_E088_00_DEM,4694.48388671875,20.33244764503262,334.762007887589,0.007418274453291272,27.32726972217876,30.715,True,Copernicus DEM GLO-30 via Microsoft Planetary Computer,,,,,,,,,,,False,False,False,Deferred to Stage 7B-2,,,ESA_WorldCover_10m_2021_v200_N27E087,60.0,Bare / sparse vegetation,ESA WorldCover 2021 v200,2021,14,True,MOD13Q1.A2007241.h25v06.061.2021073195627,2007-09-05T23:59:59.500000+00:00,4.0,2005.0,0.2005,3.0,Cloudy,False,NASA MODIS MOD13Q1/MYD13Q1 v6.1 16-day 250m,True,,,,,"{""2007-09-03"": null, ""2007-09-04"": null, ""2007-09-05"": null, ""2007-09-06"": null, ""2007-09-07"": null, ""2007-09-08"": null, ""2007-09-09"": null}",NASA POWER Daily API / PRECTOTCORR,False,0.429,0.426,0.422,0.423,0.429,0.4288571428571428,0.00014285714285716677,"{""2007-09-03"": 0.428, ""2007-09-04"": 0.429, ""2007-09-05"": 0.429, ""2007-09-06"": 0.429, ""2007-09-07"": 0.429, ""2007-09-08"": 0.429, ""2007-09-09"": 0.429}",ERA5-Land via Open-Meteo Historical Weather API,era5_land,True
BG_0035,1057853,Manipur,24.634172119605477,93.14247210166457,2007-09-09,0,matched_background_pseudo_absence,False,19.49928169715965,49.71294185798568,42,Copernicus_DSM_COG_10_N24_00_E093_00_DEM,128.09481811523438,16.66411746351696,194.8854490369209,-0.009105174918632131,28.10791875447638,30.715,True,Copernicus DEM GLO-30 via Microsoft Planetary Computer,,,,,,,,,,,False,False,False,Deferred to Stage 7B-2,,,ESA_WorldCover_10m_2021_v200_N24E093,10.0,Tree cover,ESA WorldCover 2021 v200,2021,14,True,MOD13Q1.A2007241.h26v06.061.2021073193932,2007-09-05T23:59:59.500000+00:00,4.0,8519.0,0.8519,3.0,Cloudy,False,NASA MODIS MOD13Q1/MYD13Q1 v6.1 16-day 250m,True,,,,,"{""2007-09-03"": null, ""2007-09-04"": null, ""2007-09-05"": null, ""2007-09-06"": null, ""2007-09-07"": null, ""2007-09-08"": null, ""2007-09-09"": null}",NASA POWER Daily API / PRECTOTCORR,False,0.427,0.427,0.427,0.427,0.4266666666666667,0.42628571428571427,0.0007142857142857229,"{""2007-09-03"": 0.424, ""2007-09-04"": 0.425, ""2007-09-05"": 0.426, ""2007-09-06"": 0.429, ""2007-09-07"": 0.426, ""2007-09-08"": 0.427, ""2007-09-09"": 0.427}",ERA5-Land via Open-Meteo Historical Weather API,era5_land,True
BG_0036,1057817,Manipur,24.70104365347782,93.7220014124364,2007-09-10,0,matched_background_pseudo_absence,False,10.550816315281882,52.75583809675322,42,Copernicus_DSM_COG_10_N24_00_E093_00_DEM,1463.654296875,20.056125468689785,277.95150340778434,-0.007150427449494155,28.092856386169416,30.715,True,Copernicus DEM GLO-30 via Microsoft Planetary Computer,,,,,,,,,,,False,False,False,Deferred to Stage 7B-2,,,ESA_WorldCover_10m_2021_v200_N24E093,10.0,Tree cover,ESA WorldCover 2021 v200,2021,14,True,MYD13Q1.A2007249.h26v06.061.2021074045406,2007-09-13T23:59:59.500000+00:00,3.0,4115.0,0.41150000000000003,3.0,Cloudy,False,NASA MODIS MOD13Q1/MYD13Q1 v6.1 16-day 250m,True,,,,,"{""2007-09-04"": null, ""2007-09-05"": null, ""2007-09-06"": null, ""2007-09-07"": null, ""2007-09-08"": null, ""2007-09-09"": null, ""2007-09-10"": null}",NASA POWER Daily API / PRECTOTCORR,False,0.437,0.439,0.442,0.441,0.4406666666666667,0.44085714285714284,-0.0038571428571428368,"{""2007-09-04"": 0.444, ""2007-09-05"": 0.441, ""2007-09-06"": 0.441, ""2007-09-07"": 0.438, ""2007-09-08"": 0.442, ""2007-09-09"": 0.443, ""2007-09-10"": 0.437}",ERA5-Land via Open-Meteo Historical Weather API,era5_land,True
BG_0037,938445,Sikkim,27.786122326967984,88.67450723572448,2007-09-10,0,matched_background_pseudo_absence,False,5.323528249255378,26.287111164933204,42,Copernicus_DSM_COG_10_N27_00_E088_00_DEM,4703.65380859375,46.076533856472864,165.67869737107105,-0.017451778305012083,27.356701785139673,30.715,True,Copernicus DEM GLO-30 via Microsoft Planetary Computer,,,,,,,,,,,False,False,False,Deferred to Stage 7B-2,,,ESA_WorldCover_10m_2021_v200_N27E087,100.0,Moss and lichen,ESA WorldCover 2021 v200,2021,14,True,MYD13Q1.A2007249.h25v06.061.2021074045941,2007-09-13T23:59:59.500000+00:00,3.0,4994.0,0.4994,3.0,Cloudy,False,NASA MODIS MOD13Q1/MYD13Q1 v6.1 16-day 250m,True,,,,,"{""2007-09-04"": null, ""2007-09-05"": null, ""2007-09-06"": null, ""2007-09-07"": null, ""2007-09-08"": null, ""2007-09-09"": null, ""2007-09-10"": null}",NASA POWER Daily API / PRECTOTCORR,False,0.427,0.427,0.416,0.419,0.42733333333333334,0.4275714285714286,-0.0005714285714286116,"{""2007-09-04"": 0.427, ""2007-09-05"": 0.427, ""2007-09-06"": 0.428, ""2007-09-07"": 0.429, ""2007-09-08"": 0.427, ""2007-09-09"": 0.428, ""2007-09-10"": 0.427}",ERA5-Land via Open-Meteo Historical Weather API,era5_land,True
BG_0038,938423,Sikkim,27.43553567001521,88.37851776259298,2007-09-10,0,matched_background_pseudo_absence,False,8.822761023807676,25.4086958170464,42,Copernicus_DSM_COG_10_N27_00_E088_00_DEM,2256.6044921875,39.70432601860447,261.3110246605894,0.009830721905536872,27.44439345227474,30.715,True,Copernicus DEM GLO-30 via Microsoft Planetary Computer,,,,,,,,,,,False,False,False,Deferred to Stage 7B-2,,,ESA_WorldCover_10m_2021_v200_N27E087,10.0,Tree cover,ESA WorldCover 2021 v200,2021,14,True,MYD13Q1.A2007249.h25v06.061.2021074045941,2007-09-13T23:59:59.500000+00:00,3.0,599.0,0.0599,3.0,Cloudy,False,NASA MODIS MOD13Q1/MYD13Q1 v6.1 16-day 250m,True,,,,,"{""2007-09-04"": null, ""2007-09-05"": null, ""2007-09-06"": null, ""2007-09-07"": null, ""2007-09-08"": null, ""2007-09-09"": null, ""2007-09-10"": null}",NASA POWER Daily API / PRECTOTCORR,False,0.429,0.429,0.426,0.427,0.4283333333333333,0.42828571428571427,0.0007142857142857229,"{""2007-09-04"": 0.428, ""2007-09-05"": 0.428, ""2007-09-06"": 0.428, ""2007-09-07"": 0.429, ""2007-09-08"": 0.428, ""2007-09-09"": 0.428, ""2007-09-10"": 0.429}",ERA5-Land via Open-Meteo Historical Weather API,era5_land,True
BG_0039,1057807,Manipur,24.66681900644272,93.30796346022856,2007-09-11,0,matched_background_pseudo_absence,False,14.742368687140956,17.11428016561733,42,Copernicus_DSM_COG_10_N24_00_E093_00_DEM,402.28619384765625,27.544862722700184,65.16437966201863,-0.0017789701589955298,28.10057004242048,30.715,True,Copernicus DEM GLO-30 via Microsoft Planetary Computer,,,,,,,,,,,False,False,False,Deferred to Stage 7B-2,,,ESA_WorldCover_10m_2021_v200_N24E093,10.0,Tree cover,ESA WorldCover 2021 v200,2021,14,True,MYD13Q1.A2007249.h26v06.061.2021074045406,2007-09-13T23:59:59.500000+00:00,2.0,8621.0,0.8621000000000001,0.0,Good data,True,NASA MODIS MOD13Q1/MYD13Q1 v6.1 16-day 250m,True,0.8621000000000001,,,,"{""2007-09-05"": null, ""2007-09-06"": null, ""2007-09-07"": null, ""2007-09-08"": null, ""2007-09-09"": null, ""2007-09-10"": null, ""2007-09-11"": null}",NASA POWER Daily API / PRECTOTCORR,False,0.422,0.424,0.424,0.424,0.425,0.42628571428571427,-0.004285714285714282,"{""2007-09-05"": 0.426, ""2007-09-06"": 0.429, ""2007-09-07"": 0.426, ""2007-09-08"": 0.428, ""2007-09-09"": 0.428, ""2007-09-10"": 0.425, ""2007-09-11"": 0.422}",ERA5-Land via Open-Meteo Historical Weather API,era5_land,True
BG_0040,938382,Sikkim,27.371772779455053,88.39598072285604,2007-09-11,0,matched_background_pseudo_absence,False,9.541827984375946,7.29668582557954,42,Copernicus_DSM_COG_10_N27_00_E088_00_DEM,2574.23291015625,21.248671093640414,261.6923560657135,0.007689134566425747,27.460232019115946,30.715,True,Copernicus DEM GLO-30 via Microsoft Planetary Computer,,,,,,,,,,,False,False,False,Deferred to Stage 7B-2,,,ESA_WorldCover_10m_2021_v200_N27E087,10.0,Tree cover,ESA WorldCover 2021 v200,2021,14,True,MYD13Q1.A2007249.h25v06.061.2021074045941,2007-09-13T23:59:59.500000+00:00,2.0,9472.0,0.9472,3.0,Cloudy,False,NASA MODIS MOD13Q1/MYD13Q1 v6.1 16-day 250m,True,,,,,"{""2007-09-05"": null, ""2007-09-06"": null, ""2007-09-07"": null, ""2007-09-08"": null, ""2007-09-09"": null, ""2007-09-10"": null, ""2007-09-11"": null}",NASA POWER Daily API / PRECTOTCORR,False,0.429,0.43,0.418,0.421,0.427,0.4278571428571428,0.0011428571428571677,"{""2007-09-05"": 0.428, ""2007-09-06"": 0.429, ""2007-09-07"": 0.429, ""2007-09-08"": 0.428, ""2007-09-09"": 0.428, ""2007-09-10"": 0.424, ""2007-09-11"": 0.429}",ERA5-Land via Open-Meteo Historical Weather API,era5_land,True
BG_0041,1048449,Assam,24.9560298280019,92.76745533281624,2007-09-13,0,matched_background_pseudo_absence,False,7.534491701136529,52.0951933503498,42,Copernicus_DSM_COG_10_N24_00_E092_00_DEM,55.17710494995117,13.915311659713913,325.44418565634726,0.00663733400457694,28.035071466377616,30.715,True,Copernicus DEM GLO-30 via Microsoft Planetary Computer,,,,,,,,,,,False,False,False,Deferred to Stage 7B-2,,,ESA_WorldCover_10m_2021_v200_N24E090,10.0,Tree cover,ESA WorldCover 2021 v200,2021,14,True,MYD13Q1.A2007249.h26v06.061.2021074045406,2007-09-13T23:59:59.500000+00:00,0.0,8500.0,0.8500000000000001,0.0,Good data,True,NASA MODIS MOD13Q1/MYD13Q1 v6.1 16-day 250m,True,0.8500000000000001,,,,"{""2007-09-07"": null, ""2007-09-08"": null, ""2007-09-09"": null, ""2007-09-10"": null, ""2007-09-11"": null, ""2007-09-12"": null, ""2007-09-13"": null}",NASA POWER Daily API / PRECTOTCORR,False,0.485,0.483,0.455,0.463,0.4876666666666667,0.4825714285714286,0.002428571428571391,"{""2007-09-07"": 0.476, ""2007-09-08"": 0.481, ""2007-09-09"": 0.468, ""2007-09-10"": 0.49, ""2007-09-11"": 0.489, ""2007-09-12"": 0.489, ""2007-09-13"": 0.485}",ERA5-Land via Open-Meteo Historical Weather API,era5_land,True
BG_0042,1048551,Assam,25.75861193311601,92.57388146032218,2007-09-15,0,matched_background_pseudo_absence,False,20.61389896349565,41.72167414847433,42,Copernicus_DSM_COG_10_N25_00_E092_00_DEM,678.291259765625,19.192932632165313,97.97071142195313,-0.010229420248215089,27.84957157626857,30.715,True,Copernicus DEM GLO-30 via Microsoft Planetary Computer,,,,,,,,,,,False,False,False,Deferred to Stage 7B-2,,,ESA_WorldCover_10m_2021_v200_N24E090,10.0,Tree cover,ESA WorldCover 2021 v200,2021,14,True,MYD13Q1.A2007249.h26v06.061.2021074045406,2007-09-13T23:59:59.500000+00:00,2.0,8756.0,0.8756,0.0,Good data,True,NASA MODIS MOD13Q1/MYD13Q1 v6.1 16-day 250m,True,0.8756,,,,"{""2007-09-09"": null, ""2007-09-10"": null, ""2007-09-11"": null, ""2007-09-12"": null, ""2007-09-13"": null, ""2007-09-14"": null, ""2007-09-15"": null}",NASA POWER Daily API / PRECTOTCORR,False,0.464,0.484,0.508,0.5,0.47633333333333333,0.4804285714285715,-0.01642857142857146,"{""2007-09-09"": 0.482, ""2007-09-10"": 0.49, ""2007-09-11"": 0.49, ""2007-09-12"": 0.472, ""2007-09-13"": 0.486, ""2007-09-14"": 0.479, ""2007-09-15"": 0.464}",ERA5-Land via Open-Meteo Historical Weather API,era5_land,True
BG_0043,1050607,Assam,27.954013772670336,95.74806352094106,2007-09-16,0,matched_background_pseudo_absence,False,179.63071113178972,53.42830608362367,42,Copernicus_DSM_COG_10_N27_00_E095_00_DEM,154.23995971679688,2.6299679848353104,267.1046076375065,0.0012138296778442918,27.314344470196648,30.715,True,Copernicus DEM GLO-30 via Microsoft Planetary Computer,,,,,,,,,,,False,False,False,Deferred to Stage 7B-2,,,ESA_WorldCover_10m_2021_v200_N27E093,10.0,Tree cover,ESA WorldCover 2021 v200,2021,14,True,MYD13Q1.A2007249.h26v06.061.2021074045406,2007-09-13T23:59:59.500000+00:00,3.0,7122.0,0.7122,0.0,Good data,True,NASA MODIS MOD13Q1/MYD13Q1 v6.1 16-day 250m,True,0.7122,,,,"{""2007-09-10"": null, ""2007-09-11"": null, ""2007-09-12"": null, ""2007-09-13"": null, ""2007-09-14"": null, ""2007-09-15"": null, ""2007-09-16"": null}",NASA POWER Daily API / PRECTOTCORR,False,0.47,0.489,0.462,0.468,0.47233333333333327,0.4794285714285715,-0.009428571428571508,"{""2007-09-10"": 0.499, ""2007-09-11"": 0.482, ""2007-09-12"": 0.484, ""2007-09-13"": 0.474, ""2007-09-14"": 0.474, ""2007-09-15"": 0.473, ""2007-09-16"": 0.47}",ERA5-Land via Open-Meteo Historical Weather API,era5_land,True
BG_0044,938298,Sikkim,27.390833895835065,88.15382055281145,2007-09-18,0,matched_background_pseudo_absence,False,5.251515634132131,16.56862367769993,42,Copernicus_DSM_COG_10_N27_00_E088_00_DEM,3587.0380859375,42.90899946733224,32.66674086989036,-0.021839832626970406,27.455500841033533,30.715,True,Copernicus DEM GLO-30 via Microsoft Planetary Computer,,,,,,,,,,,False,False,False,Deferred to Stage 7B-2,,,ESA_WorldCover_10m_2021_v200_N27E087,10.0,Tree cover,ESA WorldCover 2021 v200,2021,14,True,MOD13Q1.A2007257.h25v06.061.2021074210808,2007-09-21T23:59:59.500000+00:00,3.0,8452.0,0.8452000000000001,1.0,Marginal data,True,NASA MODIS MOD13Q1/MYD13Q1 v6.1 16-day 250m,True,0.8452000000000001,,,,"{""2007-09-12"": null, ""2007-09-13"": null, ""2007-09-14"": null, ""2007-09-15"": null, ""2007-09-16"": null, ""2007-09-17"": null, ""2007-09-18"": null}",NASA POWER Daily API / PRECTOTCORR,False,0.424,0.423,0.422,0.422,0.4206666666666667,0.4217142857142857,0.00228571428571428,"{""2007-09-12"": 0.424, ""2007-09-13"": 0.418, ""2007-09-14"": 0.423, ""2007-09-15"": 0.425, ""2007-09-16"": 0.416, ""2007-09-17"": 0.422, ""2007-09-18"": 0.424}",ERA5-Land via Open-Meteo Historical Weather API,era5_land,True
BG_0045,1050582,Mizoram,24.14125796116664,92.84995073650757,2007-09-29,0,matched_background_pseudo_absence,False,13.740328865420908,54.80029688720676,42,Copernicus_DSM_COG_10_N24_00_E092_00_DEM,311.85064697265625,24.93624589657467,108.96609322522954,0.009456529328783363,28.217761791829144,30.715,True,Copernicus DEM GLO-30 via Microsoft Planetary Computer,,,,,,,,,,,False,False,False,Deferred to Stage 7B-2,,,ESA_WorldCover_10m_2021_v200_N24E090,10.0,Tree cover,ESA WorldCover 2021 v200,2021,14,True,MYD13Q1.A2007265.h26v06.061.2021075183104,2007-09-29T23:59:59.500000+00:00,0.0,8630.0,0.863,1.0,Marginal data,True,NASA MODIS MOD13Q1/MYD13Q1 v6.1 16-day 250m,True,0.863,,,,"{""2007-09-23"": null, ""2007-09-24"": null, ""2007-09-25"": null, ""2007-09-26"": null, ""2007-09-27"": null, ""2007-09-28"": null, ""2007-09-29"": null}",NASA POWER Daily API / PRECTOTCORR,False,0.423,0.421,0.392,0.4,0.4096666666666667,0.3937142857142857,0.029285714285714304,"{""2007-09-23"": 0.372, ""2007-09-24"": 0.396, ""2007-09-25"": 0.382, ""2007-09-26"": 0.377, ""2007-09-27"": 0.4, ""2007-09-28"": 0.406, ""2007-09-29"": 0.423}",ERA5-Land via Open-Meteo Historical Weather API,era5_land,True
BG_0046,1057849,Manipur,24.178318223739403,93.11263168803112,2007-10-19,0,matched_background_pseudo_absence,False,10.234547323835566,26.967077838409686,42,Copernicus_DSM_COG_10_N24_00_E093_00_DEM,462.2560729980469,22.863172673585854,269.5010029794166,-0.0029151593387044027,28.209575635743946,30.715,True,Copernicus DEM GLO-30 via Microsoft Planetary Computer,,,,,,,,,,,False,False,False,Deferred to Stage 7B-2,,,ESA_WorldCover_10m_2021_v200_N24E093,10.0,Tree cover,ESA WorldCover 2021 v200,2021,14,True,MOD13Q1.A2007289.h26v06.061.2021077185358,2007-10-23T23:59:59.500000+00:00,4.0,8866.0,0.8866,0.0,Good data,True,NASA MODIS MOD13Q1/MYD13Q1 v6.1 16-day 250m,True,0.8866,,,,"{""2007-10-13"": null, ""2007-10-14"": null, ""2007-10-15"": null, ""2007-10-16"": null, ""2007-10-17"": null, ""2007-10-18"": null, ""2007-10-19"": null}",NASA POWER Daily API / PRECTOTCORR,False,0.416,0.418,0.417,0.417,0.4143333333333333,0.41957142857142854,-0.0035714285714285587,"{""2007-10-13"": 0.423, ""2007-10-14"": 0.423, ""2007-10-15"": 0.425, ""2007-10-16"": 0.423, ""2007-10-17"": 0.416, ""2007-10-18"": 0.411, ""2007-10-19"": 0.416}",ERA5-Land via Open-Meteo Historical Weather API,era5_land,True
BG_0047,1050772,Manipur,24.91788128317036,93.71427718730608,2007-10-21,0,matched_background_pseudo_absence,False,11.082840510024988,24.123878745901607,42,Copernicus_DSM_COG_10_N24_00_E093_00_DEM,931.4240112304688,27.930729034060494,280.1627415879226,0.006255239425989897,28.043752032019732,30.715,True,Copernicus DEM GLO-30 via Microsoft Planetary Computer,,,,,,,,,,,False,False,False,Deferred to Stage 7B-2,,,ESA_WorldCover_10m_2021_v200_N24E093,10.0,Tree cover,ESA WorldCover 2021 v200,2021,14,True,MOD13Q1.A2007289.h26v06.061.2021077185358,2007-10-23T23:59:59.500000+00:00,2.0,8715.0,0.8715,0.0,Good data,True,NASA MODIS MOD13Q1/MYD13Q1 v6.1 16-day 250m,True,0.8715,,,,"{""2007-10-15"": null, ""2007-10-16"": null, ""2007-10-17"": null, ""2007-10-18"": null, ""2007-10-19"": null, ""2007-10-20"": null, ""2007-10-21"": null}",NASA POWER Daily API / PRECTOTCORR,False,0.424,0.428,0.433,0.431,0.427,0.4312857142857142,-0.007285714285714229,"{""2007-10-15"": 0.444, ""2007-10-16"": 0.436, ""2007-10-17"": 0.433, ""2007-10-18"": 0.425, ""2007-10-19"": 0.422, ""2007-10-20"": 0.435, ""2007-10-21"": 0.424}",ERA5-Land via Open-Meteo Historical Weather API,era5_land,True
BG_0048,1048552,Assam,27.508530678807443,95.26494039985565,2008-04-13,0,matched_background_pseudo_absence,False,117.44200975320535,20.345905750335508,42,Copernicus_DSM_COG_10_N27_00_E095_00_DEM,120.58441925048828,3.332336330485995,86.03874607039859,0.0002941071983668659,27.426219920351347,30.715,True,Copernicus DEM GLO-30 via Microsoft Planetary Computer,,,,,,,,,,,False,False,False,Deferred to Stage 7B-2,,,ESA_WorldCover_10m_2021_v200_N27E093,10.0,Tree cover,ESA WorldCover 2021 v200,2021,13,True,MOD13Q1.A2008097.h26v06.061.2021096103513,2008-04-13T23:59:59.500000+00:00,0.0,6315.0,0.6315000000000001,0.0,Good data,True,NASA MODIS MOD13Q1/MYD13Q1 v6.1 16-day 250m,True,0.6315000000000001,,,,"{""2008-04-07"": null, ""2008-04-08"": null, ""2008-04-09"": null, ""2008-04-10"": null, ""2008-04-11"": null, ""2008-04-12"": null, ""2008-04-13"": null}",NASA POWER Daily API / PRECTOTCORR,False,0.451,0.415,0.463,0.452,0.40066666666666667,0.4024285714285714,0.0485714285714286,"{""2008-04-07"": 0.421, ""2008-04-08"": 0.409, ""2008-04-09"": 0.398, ""2008-04-10"": 0.387, ""2008-04-11"": 0.377, ""2008-04-12"": 0.374, ""2008-04-13"": 0.451}",ERA5-Land via Open-Meteo Historical Weather API,era5_land,True
BG_0049,1057337,Manipur,24.12612346150217,93.62610470789711,2008-06-09,0,matched_background_pseudo_absence,False,28.506897280812566,14.762165193851605,42,Copernicus_DSM_COG_10_N24_00_E093_00_DEM,942.0966186523438,22.93774372679086,141.91290469148277,-0.004701314933275906,28.22110142179421,30.715,True,Copernicus DEM GLO-30 via Microsoft Planetary Computer,,,,,,,,,,,False,False,False,Deferred to Stage 7B-2,,,ESA_WorldCover_10m_2021_v200_N24E093,10.0,Tree cover,ESA WorldCover 2021 v200,2021,13,True,MYD13Q1.A2008153.h26v06.061.2021099051428,2008-06-08T23:59:59.500000+00:00,1.0,2134.0,0.2134,3.0,Cloudy,False,NASA MODIS MOD13Q1/MYD13Q1 v6.1 16-day 250m,True,,,,,"{""2008-06-03"": null, ""2008-06-04"": null, ""2008-06-05"": null, ""2008-06-06"": null, ""2008-06-07"": null, ""2008-06-08"": null, ""2008-06-09"": null}",NASA POWER Daily API / PRECTOTCORR,False,0.418,0.404,0.275,0.312,0.4043333333333334,0.3885714285714286,0.02942857142857136,"{""2008-06-03"": 0.368, ""2008-06-04"": 0.37, ""2008-06-05"": 0.383, ""2008-06-06"": 0.386, ""2008-06-07"": 0.393, ""2008-06-08"": 0.402, ""2008-06-09"": 0.418}",ERA5-Land via Open-Meteo Historical Weather API,era5_land,True
BG_0050,1057861,Assam,26.258034003400244,90.37498174857276,2008-06-14,0,matched_background_pseudo_absence,False,38.75825028455103,31.68746350174696,42,Copernicus_DSM_COG_10_N26_00_E090_00_DEM,43.22877883911133,4.96561380108388,119.17466558185572,-0.001290613430524183,27.73138022294804,30.715,True,Copernicus DEM GLO-30 via Microsoft Planetary Computer,,,,,,,,,,,False,False,False,Deferred to Stage 7B-2,,,ESA_WorldCover_10m_2021_v200_N24E090,10.0,Tree cover,ESA WorldCover 2021 v200,2021,13,True,MOD13Q1.A2008161.h25v06.061.2021099094455,2008-06-16T23:59:59.500000+00:00,2.0,,,,,False,NASA MODIS MOD13Q1/MYD13Q1 v6.1 16-day 250m,False,,,,,"{""2008-06-08"": null, ""2008-06-09"": null, ""2008-06-10"": null, ""2008-06-11"": null, ""2008-06-12"": null, ""2008-06-13"": null, ""2008-06-14"": null}",NASA POWER Daily API / PRECTOTCORR,False,0.428,0.426,0.432,0.431,0.423,0.42257142857142854,0.005428571428571449,"{""2008-06-08"": 0.428, ""2008-06-09"": 0.418, ""2008-06-10"": 0.421, ""2008-06-11"": 0.422, ""2008-06-12"": 0.42, ""2008-06-13"": 0.421, ""2008-06-14"": 0.428}",ERA5-Land via Open-Meteo Historical Weather API,era5_land,True
BG_0051,1057827,Assam,26.45596081474761,91.41961929987178,2008-06-15,0,matched_background_pseudo_absence,False,21.71310797596235,33.32993706823723,42,Copernicus_DSM_COG_10_N26_00_E091_00_DEM,49.28561782836914,0.07508919120683105,263.9809538985561,-4.46817054279306e-05,27.683956128375513,30.715,True,Copernicus DEM GLO-30 via Microsoft Planetary Computer,,,,,,,,,,,False,False,False,Deferred to Stage 7B-2,,,ESA_WorldCover_10m_2021_v200_N24E090,40.0,Cropland,ESA WorldCover 2021 v200,2021,13,True,MOD13Q1.A2008161.h25v06.061.2021099094455,2008-06-16T23:59:59.500000+00:00,1.0,,,,,False,NASA MODIS MOD13Q1/MYD13Q1 v6.1 16-day 250m,False,,,,,"{""2008-06-09"": null, ""2008-06-10"": null, ""2008-06-11"": null, ""2008-06-12"": null, ""2008-06-13"": null, ""2008-06-14"": null, ""2008-06-15"": null}",NASA POWER Daily API / PRECTOTCORR,False,0.417,0.422,0.433,0.43,0.422,0.42271428571428565,-0.005714285714285672,"{""2008-06-09"": 0.421, ""2008-06-10"": 0.423, ""2008-06-11"": 0.425, ""2008-06-12"": 0.424, ""2008-06-13"": 0.422, ""2008-06-14"": 0.427, ""2008-06-15"": 0.417}",ERA5-Land via Open-Meteo Historical Weather API,era5_land,True
BG_0052,1054158,Manipur,24.21135545586331,94.24366745204112,2008-06-19,0,matched_background_pseudo_absence,False,14.47585091915054,53.00756252223517,42,Copernicus_DSM_COG_10_N24_00_E094_00_DEM,472.0289611816406,22.149915425294694,146.231504422871,0.001960864957752451,28.202268167389178,30.715,True,Copernicus DEM GLO-30 via Microsoft Planetary Computer,,,,,,,,,,,False,False,False,Deferred to Stage 7B-2,,,ESA_WorldCover_10m_2021_v200_N24E093,10.0,Tree cover,ESA WorldCover 2021 v200,2021,13,True,MOD13Q1.A2008161.h26v06.061.2021099095156,2008-06-16T23:59:59.500000+00:00,3.0,6770.0,0.677,3.0,Cloudy,False,NASA MODIS MOD13Q1/MYD13Q1 v6.1 16-day 250m,True,,,,,"{""2008-06-13"": null, ""2008-06-14"": null, ""2008-06-15"": null, ""2008-06-16"": null, ""2008-06-17"": null, ""2008-06-18"": null, ""2008-06-19"": null}",NASA POWER Daily API / PRECTOTCORR,False,0.462,0.47,0.486,0.481,0.47400000000000003,0.4755714285714286,-0.013571428571428568,"{""2008-06-13"": 0.48, ""2008-06-14"": 0.48, ""2008-06-15"": 0.464, ""2008-06-16"": 0.483, ""2008-06-17"": 0.475, ""2008-06-18"": 0.485, ""2008-06-19"": 0.462}",ERA5-Land via Open-Meteo Historical Weather API,era5_land,True
BG_0053,1048553,Assam,27.437317552858698,94.72944138778692,2008-06-19,0,matched_background_pseudo_absence,False,64.63729599364194,46.43929884133159,42,Copernicus_DSM_COG_10_N27_00_E094_00_DEM,98.59520721435547,4.08909343487609,300.55565836657513,0.002251137456769677,27.44395034806503,30.715,True,Copernicus DEM GLO-30 via Microsoft Planetary Computer,,,,,,,,,,,False,False,False,Deferred to Stage 7B-2,,,ESA_WorldCover_10m_2021_v200_N27E093,30.0,Grassland,ESA WorldCover 2021 v200,2021,13,True,MOD13Q1.A2008161.h26v06.061.2021099095156,2008-06-16T23:59:59.500000+00:00,3.0,1019.0,0.1019,3.0,Cloudy,False,NASA MODIS MOD13Q1/MYD13Q1 v6.1 16-day 250m,True,,,,,"{""2008-06-13"": null, ""2008-06-14"": null, ""2008-06-15"": null, ""2008-06-16"": null, ""2008-06-17"": null, ""2008-06-18"": null, ""2008-06-19"": null}",NASA POWER Daily API / PRECTOTCORR,False,0.48,0.492,0.511,0.505,0.47933333333333333,0.4787142857142857,0.001285714285714279,"{""2008-06-13"": 0.489, ""2008-06-14"": 0.466, ""2008-06-15"": 0.476, ""2008-06-16"": 0.482, ""2008-06-17"": 0.487, ""2008-06-18"": 0.471, ""2008-06-19"": 0.48}",ERA5-Land via Open-Meteo Historical Weather API,era5_land,True
BG_0054,1048400,Tripura,24.34359684837752,92.0719957640357,2008-07-15,0,matched_background_pseudo_absence,False,18.920334343620883,55.90858213302076,42,Copernicus_DSM_COG_10_N24_00_E092_00_DEM,141.97096252441406,24.57307766672439,343.8529084713737,-0.006559295790515968,28.172923982075638,30.715,True,Copernicus DEM GLO-30 via Microsoft Planetary Computer,,,,,,,,,,,False,False,False,Deferred to Stage 7B-2,,,ESA_WorldCover_10m_2021_v200_N24E090,10.0,Tree cover,ESA WorldCover 2021 v200,2021,13,True,MOD13Q1.A2008193.h25v06.061.2021102155911,2008-07-18T23:59:59.500000+00:00,3.0,,,,,False,NASA MODIS MOD13Q1/MYD13Q1 v6.1 16-day 250m,False,,,,,"{""2008-07-09"": null, ""2008-07-10"": null, ""2008-07-11"": null, ""2008-07-12"": null, ""2008-07-13"": null, ""2008-07-14"": null, ""2008-07-15"": null}",NASA POWER Daily API / PRECTOTCORR,False,0.401,0.405,0.404,0.404,0.4066666666666667,0.40485714285714286,-0.0038571428571428368,"{""2008-07-09"": 0.416, ""2008-07-10"": 0.408, ""2008-07-11"": 0.398, ""2008-07-12"": 0.392, ""2008-07-13"": 0.409, ""2008-07-14"": 0.41, ""2008-07-15"": 0.401}",ERA5-Land via Open-Meteo Historical Weather API,era5_land,True
BG_0055,1057562,Assam,26.51668056159096,92.26657362323752,2008-08-14,0,matched_background_pseudo_absence,False,46.8035552832927,34.11144248184393,42,Copernicus_DSM_COG_10_N26_00_E092_00_DEM,67.98036193847656,2.579933272049473,146.00432846867528,-0.010505975116712722,27.669341175920707,30.715,True,Copernicus DEM GLO-30 via Microsoft Planetary Computer,,,,,,,,,,,False,False,False,Deferred to Stage 7B-2,,,ESA_WorldCover_10m_2021_v200_N24E090,10.0,Tree cover,ESA WorldCover 2021 v200,2021,13,True,MYD13Q1.A2008217.h25v06.061.2021104214515,2008-08-11T23:59:59.500000+00:00,3.0,,,,,False,NASA MODIS MOD13Q1/MYD13Q1 v6.1 16-day 250m,False,,,,,"{""2008-08-08"": null, ""2008-08-09"": null, ""2008-08-10"": null, ""2008-08-11"": null, ""2008-08-12"": null, ""2008-08-13"": null, ""2008-08-14"": null}",NASA POWER Daily API / PRECTOTCORR,False,0.475,0.495,0.476,0.48,0.48100000000000004,0.4788571428571428,-0.0038571428571428368,"{""2008-08-08"": 0.477, ""2008-08-09"": 0.479, ""2008-08-10"": 0.472, ""2008-08-11"": 0.481, ""2008-08-12"": 0.484, ""2008-08-13"": 0.484, ""2008-08-14"": 0.475}",ERA5-Land via Open-Meteo Historical Weather API,era5_land,True
BG_0056,938418,Sikkim,28.004465472003755,88.74857915898255,2008-08-28,0,matched_background_pseudo_absence,False,26.43059924322801,9.155801003202646,42,Copernicus_DSM_COG_10_N28_00_E088_00_DEM,5140.32080078125,7.135891454242022,116.97345902500678,0.0027508532824449556,27.301570171760687,30.715,True,Copernicus DEM GLO-30 via Microsoft Planetary Computer,,,,,,,,,,,False,False,False,Deferred to Stage 7B-2,,,ESA_WorldCover_10m_2021_v200_N27E087,100.0,Moss and lichen,ESA WorldCover 2021 v200,2021,13,True,MYD13Q1.A2008233.h25v06.061.2021106001920,2008-08-27T23:59:59.500000+00:00,1.0,4132.0,0.4132,3.0,Cloudy,False,NASA MODIS MOD13Q1/MYD13Q1 v6.1 16-day 250m,True,,,,,"{""2008-08-22"": null, ""2008-08-23"": null, ""2008-08-24"": null, ""2008-08-25"": null, ""2008-08-26"": null, ""2008-08-27"": null, ""2008-08-28"": null}",NASA POWER Daily API / PRECTOTCORR,False,0.399,0.391,0.341,0.356,0.3906666666666667,0.38585714285714284,0.013142857142857178,"{""2008-08-22"": 0.384, ""2008-08-23"": 0.385, ""2008-08-24"": 0.379, ""2008-08-25"": 0.381, ""2008-08-26"": 0.384, ""2008-08-27"": 0.389, ""2008-08-28"": 0.399}",ERA5-Land via Open-Meteo Historical Weather API,era5_land,True
BG_0057,1057851,Assam,27.450209812723067,94.76806947848928,2008-10-29,0,matched_background_pseudo_absence,False,68.70980203078236,4.0725325653951465,42,Copernicus_DSM_COG_10_N27_00_E094_00_DEM,98.0,0.0,,0.0,27.44074361443421,30.715,True,Copernicus DEM GLO-30 via Microsoft Planetary Computer,,,,,,,,,,,False,False,False,Deferred to Stage 7B-2,,,ESA_WorldCover_10m_2021_v200_N27E093,80.0,Permanent water bodies,ESA WorldCover 2021 v200,2021,13,True,MYD13Q1.A2008297.h26v06.061.2021110011444,2008-10-30T23:59:59.500000+00:00,1.0,-142.0,-0.0142,3.0,Cloudy,False,NASA MODIS MOD13Q1/MYD13Q1 v6.1 16-day 250m,True,,,,,"{""2008-10-23"": null, ""2008-10-24"": null, ""2008-10-25"": null, ""2008-10-26"": null, ""2008-10-27"": null, ""2008-10-28"": null, ""2008-10-29"": null}",NASA POWER Daily API / PRECTOTCORR,False,0.425,0.438,0.404,0.413,0.4326666666666667,0.38785714285714284,0.037142857142857144,"{""2008-10-23"": 0.347, ""2008-10-24"": 0.34, ""2008-10-25"": 0.339, ""2008-10-26"": 0.391, ""2008-10-27"": 0.442, ""2008-10-28"": 0.431, ""2008-10-29"": 0.425}",ERA5-Land via Open-Meteo Historical Weather API,era5_land,True
BG_0058,1048329,Assam,27.4292275713388,95.20998003331552,2008-10-29,0,matched_background_pseudo_absence,False,109.93048571129064,10.35185650432801,42,Copernicus_DSM_COG_10_N27_00_E095_00_DEM,112.67678833007812,0.16032488061868116,241.29319110034135,-6.169394637165236e-05,27.445961885900346,30.715,True,Copernicus DEM GLO-30 via Microsoft Planetary Computer,,,,,,,,,,,False,False,False,Deferred to Stage 7B-2,,,ESA_WorldCover_10m_2021_v200_N27E093,40.0,Cropland,ESA WorldCover 2021 v200,2021,13,True,MYD13Q1.A2008297.h26v06.061.2021110011444,2008-10-30T23:59:59.500000+00:00,1.0,6732.0,0.6732,0.0,Good data,True,NASA MODIS MOD13Q1/MYD13Q1 v6.1 16-day 250m,True,0.6732,,,,"{""2008-10-23"": null, ""2008-10-24"": null, ""2008-10-25"": null, ""2008-10-26"": null, ""2008-10-27"": null, ""2008-10-28"": null, ""2008-10-29"": null}",NASA POWER Daily API / PRECTOTCORR,False,0.462,0.471,0.454,0.458,0.467,0.4115714285714286,0.050428571428571434,"{""2008-10-23"": 0.361, ""2008-10-24"": 0.356, ""2008-10-25"": 0.356, ""2008-10-26"": 0.407, ""2008-10-27"": 0.466, ""2008-10-28"": 0.473, ""2008-10-29"": 0.462}",ERA5-Land via Open-Meteo Historical Weather API,era5_land,True
BG_0059,938396,Sikkim,27.93642901062441,88.21514549695229,2009-07-01,0,matched_background_pseudo_absence,False,35.2251264199107,17.281102343145694,42,Copernicus_DSM_COG_10_N27_00_E088_00_DEM,5828.73779296875,45.3242889749,201.29035833448904,0.004732342222404054,27.318791930115008,30.715,True,Copernicus DEM GLO-30 via Microsoft Planetary Computer,,,,,,,,,,,False,False,False,Deferred to Stage 7B-2,,,ESA_WorldCover_10m_2021_v200_N27E087,70.0,Snow and ice,ESA WorldCover 2021 v200,2021,12,True,MOD13Q1.A2009177.h25v06.061.2021137201020,2009-07-03T23:59:59.500000+00:00,2.0,127.0,0.012700000000000001,3.0,Cloudy,False,NASA MODIS MOD13Q1/MYD13Q1 v6.1 16-day 250m,True,,,,,"{""2009-06-25"": null, ""2009-06-26"": null, ""2009-06-27"": null, ""2009-06-28"": null, ""2009-06-29"": null, ""2009-06-30"": null, ""2009-07-01"": null}",NASA POWER Daily API / PRECTOTCORR,False,0.336,0.329,0.347,0.342,0.33666666666666667,0.3375714285714286,-0.001571428571428557,"{""2009-06-25"": 0.338, ""2009-06-26"": 0.338, ""2009-06-27"": 0.339, ""2009-06-28"": 0.338, ""2009-06-29"": 0.337, ""2009-06-30"": 0.337, ""2009-07-01"": 0.336}",ERA5-Land via Open-Meteo Historical Weather API,era5_land,True
BG_0060,938237,Sikkim,27.39973656000564,88.43081677280614,2009-08-19,0,matched_background_pseudo_absence,False,9.242229923363247,4.636660856872088,42,Copernicus_DSM_COG_10_N27_00_E088_00_DEM,1777.2476806640625,21.57074178177498,59.1140034483044,-0.0001206318189728682,27.453290061094506,30.715,True,Copernicus DEM GLO-30 via Microsoft Planetary Computer,,,,,,,,,,,False,False,False,Deferred to Stage 7B-2,,,ESA_WorldCover_10m_2021_v200_N27E087,10.0,Tree cover,ESA WorldCover 2021 v200,2021,12,True,MOD13Q1.A2009225.h25v06.061.2021140064028,2009-08-20T23:59:59.500000+00:00,1.0,699.0,0.0699,3.0,Cloudy,False,NASA MODIS MOD13Q1/MYD13Q1 v6.1 16-day 250m,True,,,,,"{""2009-08-13"": null, ""2009-08-14"": null, ""2009-08-15"": null, ""2009-08-16"": null, ""2009-08-17"": null, ""2009-08-18"": null, ""2009-08-19"": null}",NASA POWER Daily API / PRECTOTCORR,False,0.428,0.428,0.427,0.427,0.42766666666666664,0.4274285714285714,0.0005714285714286116,"{""2009-08-13"": 0.429, ""2009-08-14"": 0.427, ""2009-08-15"": 0.425, ""2009-08-16"": 0.428, ""2009-08-17"": 0.428, ""2009-08-18"": 0.427, ""2009-08-19"": 0.428}",ERA5-Land via Open-Meteo Historical Weather API,era5_land,True
BG_0061,938364,Sikkim,27.318302845376724,88.73459252984676,2009-08-20,0,matched_background_pseudo_absence,False,5.592611614299399,31.336828731264195,42,Copernicus_DSM_COG_10_N27_00_E088_00_DEM,2516.724365234375,39.042195398811494,225.45014386602347,0.004481785229893789,27.473487620911417,30.715,True,Copernicus DEM GLO-30 via Microsoft Planetary Computer,,,,,,,,,,,False,False,False,Deferred to Stage 7B-2,,,ESA_WorldCover_10m_2021_v200_N27E087,10.0,Tree cover,ESA WorldCover 2021 v200,2021,12,True,MOD13Q1.A2009225.h25v06.061.2021140064028,2009-08-20T23:59:59.500000+00:00,0.0,565.0,0.0565,3.0,Cloudy,False,NASA MODIS MOD13Q1/MYD13Q1 v6.1 16-day 250m,True,,,,,"{""2009-08-14"": null, ""2009-08-15"": null, ""2009-08-16"": null, ""2009-08-17"": null, ""2009-08-18"": null, ""2009-08-19"": null, ""2009-08-20"": null}",NASA POWER Daily API / PRECTOTCORR,False,0.422,0.427,0.433,0.431,0.42533333333333334,0.4267142857142857,-0.004714285714285726,"{""2009-08-14"": 0.426, ""2009-08-15"": 0.428, ""2009-08-16"": 0.432, ""2009-08-17"": 0.425, ""2009-08-18"": 0.43, ""2009-08-19"": 0.424, ""2009-08-20"": 0.422}",ERA5-Land via Open-Meteo Historical Weather API,era5_land,True
BG_0062,938239,Sikkim,27.282132265300003,88.0349255791242,2009-08-20,0,matched_background_pseudo_absence,False,10.230771615253616,12.84270620987721,42,Copernicus_DSM_COG_10_N27_00_E088_00_DEM,3248.71240234375,34.60556146710073,94.31970969303211,0.004140797570204827,27.482441015026502,30.715,True,Copernicus DEM GLO-30 via Microsoft Planetary Computer,,,,,,,,,,,False,False,False,Deferred to Stage 7B-2,,,ESA_WorldCover_10m_2021_v200_N27E087,10.0,Tree cover,ESA WorldCover 2021 v200,2021,12,True,MOD13Q1.A2009225.h25v06.061.2021140064028,2009-08-20T23:59:59.500000+00:00,0.0,365.0,0.036500000000000005,3.0,Cloudy,False,NASA MODIS MOD13Q1/MYD13Q1 v6.1 16-day 250m,True,,,,,"{""2009-08-14"": null, ""2009-08-15"": null, ""2009-08-16"": null, ""2009-08-17"": null, ""2009-08-18"": null, ""2009-08-19"": null, ""2009-08-20"": null}",NASA POWER Daily API / PRECTOTCORR,False,0.427,0.43,0.426,0.427,0.427,0.4258571428571428,0.0011428571428571677,"{""2009-08-14"": 0.427, ""2009-08-15"": 0.424, ""2009-08-16"": 0.422, ""2009-08-17"": 0.427, ""2009-08-18"": 0.425, ""2009-08-19"": 0.429, ""2009-08-20"": 0.427}",ERA5-Land via Open-Meteo Historical Weather API,era5_land,True
BG_0063,1050739,Assam,26.09771493372308,93.52934435024572,2009-08-20,0,matched_background_pseudo_absence,False,38.26239585682619,31.03331058950421,42,Copernicus_DSM_COG_10_N26_00_E093_00_DEM,793.2420043945312,27.863560058778724,135.95237281371345,-0.010668666719802314,27.769550786929905,30.715,True,Copernicus DEM GLO-30 via Microsoft Planetary Computer,,,,,,,,,,,False,False,False,Deferred to Stage 7B-2,,,ESA_WorldCover_10m_2021_v200_N24E093,10.0,Tree cover,ESA WorldCover 2021 v200,2021,12,True,MOD13Q1.A2009225.h26v06.061.2021140064307,2009-08-20T23:59:59.500000+00:00,0.0,4168.0,0.4168,3.0,Cloudy,False,NASA MODIS MOD13Q1/MYD13Q1 v6.1 16-day 250m,True,,,,,"{""2009-08-14"": null, ""2009-08-15"": null, ""2009-08-16"": null, ""2009-08-17"": null, ""2009-08-18"": null, ""2009-08-19"": null, ""2009-08-20"": null}",NASA POWER Daily API / PRECTOTCORR,False,0.473,0.491,0.509,0.503,0.4756666666666667,0.48114285714285715,-0.008142857142857174,"{""2009-08-14"": 0.48, ""2009-08-15"": 0.482, ""2009-08-16"": 0.494, ""2009-08-17"": 0.485, ""2009-08-18"": 0.473, ""2009-08-19"": 0.481, ""2009-08-20"": 0.473}",ERA5-Land via Open-Meteo Historical Weather API,era5_land,True
BG_0064,938397,Sikkim,27.68455867459603,88.3627181129377,2009-08-20,0,matched_background_pseudo_absence,False,16.30439636437111,8.629615569878661,42,Copernicus_DSM_COG_10_N27_00_E088_00_DEM,4038.313720703125,13.063616414267841,54.07117798518658,-0.0007175875769948528,27.382211262977904,30.715,True,Copernicus DEM GLO-30 via Microsoft Planetary Computer,,,,,,,,,,,False,False,False,Deferred to Stage 7B-2,,,ESA_WorldCover_10m_2021_v200_N27E087,70.0,Snow and ice,ESA WorldCover 2021 v200,2021,12,True,MOD13Q1.A2009225.h25v06.061.2021140064028,2009-08-20T23:59:59.500000+00:00,0.0,668.0,0.0668,3.0,Cloudy,False,NASA MODIS MOD13Q1/MYD13Q1 v6.1 16-day 250m,True,,,,,"{""2009-08-14"": null, ""2009-08-15"": null, ""2009-08-16"": null, ""2009-08-17"": null, ""2009-08-18"": null, ""2009-08-19"": null, ""2009-08-20"": null}",NASA POWER Daily API / PRECTOTCORR,False,0.43,0.433,0.418,0.422,0.4303333333333333,0.4304285714285715,-0.0004285714285715003,"{""2009-08-14"": 0.43, ""2009-08-15"": 0.43, ""2009-08-16"": 0.431, ""2009-08-17"": 0.431, ""2009-08-18"": 0.43, ""2009-08-19"": 0.431, ""2009-08-20"": 0.43}",ERA5-Land via Open-Meteo Historical Weather API,era5_land,True
BG_0065,1050792,Manipur,25.15045529444168,93.42242166200732,2009-08-20,0,matched_background_pseudo_absence,False,7.3488538745986,17.773880015584922,42,Copernicus_DSM_COG_10_N25_00_E093_00_DEM,508.7647399902344,31.72720286971665,283.47768652687694,-0.018607408970220164,27.990637643581028,30.715,True,Copernicus DEM GLO-30 via Microsoft Planetary Computer,,,,,,,,,,,False,False,False,Deferred to Stage 7B-2,,,ESA_WorldCover_10m_2021_v200_N24E093,10.0,Tree cover,ESA WorldCover 2021 v200,2021,12,True,MOD13Q1.A2009225.h26v06.061.2021140064307,2009-08-20T23:59:59.500000+00:00,0.0,9032.0,0.9032,1.0,Marginal data,True,NASA MODIS MOD13Q1/MYD13Q1 v6.1 16-day 250m,True,0.9032,,,,"{""2009-08-14"": null, ""2009-08-15"": null, ""2009-08-16"": null, ""2009-08-17"": null, ""2009-08-18"": null, ""2009-08-19"": null, ""2009-08-20"": null}",NASA POWER Daily API / PRECTOTCORR,False,0.47,0.464,0.461,0.462,0.4643333333333333,0.46328571428571425,0.006714285714285728,"{""2009-08-14"": 0.467, ""2009-08-15"": 0.465, ""2009-08-16"": 0.461, ""2009-08-17"": 0.457, ""2009-08-18"": 0.463, ""2009-08-19"": 0.46, ""2009-08-20"": 0.47}",ERA5-Land via Open-Meteo Historical Weather API,era5_land,True
BG_0066,938454,Sikkim,27.834466453431112,88.5016726079687,2009-08-26,0,matched_background_pseudo_absence,False,5.36069992114076,9.604327657728348,42,Copernicus_DSM_COG_10_N27_00_E088_00_DEM,5011.19287109375,27.764719373980018,199.96480700374494,0.00827127620834598,27.344529115502553,30.715,True,Copernicus DEM GLO-30 via Microsoft Planetary Computer,,,,,,,,,,,False,False,False,Deferred to Stage 7B-2,,,ESA_WorldCover_10m_2021_v200_N27E087,60.0,Bare / sparse vegetation,ESA WorldCover 2021 v200,2021,12,True,MYD13Q1.A2009233.h25v06.061.2021140231733,2009-08-28T23:59:59.500000+00:00,2.0,433.0,0.043300000000000005,3.0,Cloudy,False,NASA MODIS MOD13Q1/MYD13Q1 v6.1 16-day 250m,True,,,,,"{""2009-08-20"": null, ""2009-08-21"": null, ""2009-08-22"": null, ""2009-08-23"": null, ""2009-08-24"": null, ""2009-08-25"": null, ""2009-08-26"": null}",NASA POWER Daily API / PRECTOTCORR,False,0.425,0.421,0.42,0.42,0.426,0.427,-0.0020000000000000018,"{""2009-08-20"": 0.429, ""2009-08-21"": 0.428, ""2009-08-22"": 0.427, ""2009-08-23"": 0.427, ""2009-08-24"": 0.427, ""2009-08-25"": 0.426, ""2009-08-26"": 0.425}",ERA5-Land via Open-Meteo Historical Weather API,era5_land,True
BG_0067,1050706,Assam,26.7083205293855,94.3871174046437,2009-08-27,0,matched_background_pseudo_absence,False,57.53103775471421,4.304411945535536,42,Copernicus_DSM_COG_10_N26_00_E094_00_DEM,109.07830810546875,0.32606668024547375,306.151923073911,-0.000475839653828432,27.623010618518084,30.715,True,Copernicus DEM GLO-30 via Microsoft Planetary Computer,,,,,,,,,,,False,False,False,Deferred to Stage 7B-2,,,ESA_WorldCover_10m_2021_v200_N24E093,40.0,Cropland,ESA WorldCover 2021 v200,2021,12,True,MYD13Q1.A2009233.h26v06.061.2021140232929,2009-08-28T23:59:59.500000+00:00,1.0,7367.0,0.7367,0.0,Good data,True,NASA MODIS MOD13Q1/MYD13Q1 v6.1 16-day 250m,True,0.7367,,,,"{""2009-08-21"": null, ""2009-08-22"": null, ""2009-08-23"": null, ""2009-08-24"": null, ""2009-08-25"": null, ""2009-08-26"": null, ""2009-08-27"": null}",NASA POWER Daily API / PRECTOTCORR,False,0.466,0.477,0.498,0.491,0.47333333333333333,0.4734285714285714,-0.0074285714285713955,"{""2009-08-21"": 0.469, ""2009-08-22"": 0.467, ""2009-08-23"": 0.494, ""2009-08-24"": 0.464, ""2009-08-25"": 0.47, ""2009-08-26"": 0.484, ""2009-08-27"": 0.466}",ERA5-Land via Open-Meteo Historical Weather API,era5_land,True
BG_0068,1057936,Manipur,24.391158609501492,94.24746786252034,2009-08-30,0,matched_background_pseudo_absence,False,6.912979887282781,19.996935386788763,42,Copernicus_DSM_COG_10_N24_00_E094_00_DEM,729.57421875,18.814398592542418,174.57088152719007,0.011068116391068387,28.162333388318405,30.715,True,Copernicus DEM GLO-30 via Microsoft Planetary Computer,,,,,,,,,,,False,False,False,Deferred to Stage 7B-2,,,ESA_WorldCover_10m_2021_v200_N24E093,10.0,Tree cover,ESA WorldCover 2021 v200,2021,12,True,MYD13Q1.A2009233.h26v06.061.2021140232929,2009-08-28T23:59:59.500000+00:00,2.0,6012.0,0.6012000000000001,3.0,Cloudy,False,NASA MODIS MOD13Q1/MYD13Q1 v6.1 16-day 250m,True,,,,,"{""2009-08-24"": null, ""2009-08-25"": null, ""2009-08-26"": null, ""2009-08-27"": null, ""2009-08-28"": null, ""2009-08-29"": null, ""2009-08-30"": null}",NASA POWER Daily API / PRECTOTCORR,False,0.418,0.42,0.418,0.418,0.414,0.41828571428571426,-0.00028571428571427804,"{""2009-08-24"": 0.419, ""2009-08-25"": 0.417, ""2009-08-26"": 0.424, ""2009-08-27"": 0.426, ""2009-08-28"": 0.414, ""2009-08-29"": 0.41, ""2009-08-30"": 0.418}",ERA5-Land via Open-Meteo Historical Weather API,era5_land,True
BG_0069,938419,Sikkim,27.50804359563403,88.29389141728005,2009-09-17,0,matched_background_pseudo_absence,False,15.071617707167466,11.60642403954307,42,Copernicus_DSM_COG_10_N27_00_E088_00_DEM,4648.31396484375,50.48415307338079,132.29694322083878,0.006944652564363935,27.426341336775177,30.715,True,Copernicus DEM GLO-30 via Microsoft Planetary Computer,,,,,,,,,,,False,False,False,Deferred to Stage 7B-2,,,ESA_WorldCover_10m_2021_v200_N27E087,100.0,Moss and lichen,ESA WorldCover 2021 v200,2021,12,True,MOD13Q1.A2009257.h25v06.061.2021142083316,2009-09-21T23:59:59.500000+00:00,4.0,1742.0,0.17420000000000002,3.0,Cloudy,False,NASA MODIS MOD13Q1/MYD13Q1 v6.1 16-day 250m,True,,,,,"{""2009-09-11"": null, ""2009-09-12"": null, ""2009-09-13"": null, ""2009-09-14"": null, ""2009-09-15"": null, ""2009-09-16"": null, ""2009-09-17"": null}",NASA POWER Daily API / PRECTOTCORR,False,0.41,0.405,0.365,0.376,0.40666666666666673,0.40085714285714286,0.00914285714285712,"{""2009-09-11"": 0.408, ""2009-09-12"": 0.387, ""2009-09-13"": 0.379, ""2009-09-14"": 0.412, ""2009-09-15"": 0.404, ""2009-09-16"": 0.406, ""2009-09-17"": 0.41}",ERA5-Land via Open-Meteo Historical Weather API,era5_land,True
BG_0070,1050598,Mizoram,22.70398767431841,92.73149479420992,2009-10-05,0,matched_background_pseudo_absence,False,11.394865892941088,65.12707607776875,42,Copernicus_DSM_COG_10_N22_00_E092_00_DEM,296.9625244140625,33.410008872463116,242.75017889308106,-0.0018158324336766153,28.52609722301455,30.715,True,Copernicus DEM GLO-30 via Microsoft Planetary Computer,,,,,,,,,,,False,False,False,Deferred to Stage 7B-2,,,ESA_WorldCover_10m_2021_v200_N21E090,10.0,Tree cover,ESA WorldCover 2021 v200,2021,12,True,MOD13Q1.A2009273.h26v06.061.2021143170153,2009-10-07T23:59:59.500000+00:00,2.0,8989.0,0.8989,0.0,Good data,True,NASA MODIS MOD13Q1/MYD13Q1 v6.1 16-day 250m,True,0.8989,,,,"{""2009-09-29"": null, ""2009-09-30"": null, ""2009-10-01"": null, ""2009-10-02"": null, ""2009-10-03"": null, ""2009-10-04"": null, ""2009-10-05"": null}",NASA POWER Daily API / PRECTOTCORR,False,0.422,0.425,0.428,0.427,0.4246666666666667,0.41828571428571426,0.0037142857142857255,"{""2009-09-29"": 0.419, ""2009-09-30"": 0.412, ""2009-10-01"": 0.406, ""2009-10-02"": 0.417, ""2009-10-03"": 0.425, ""2009-10-04"": 0.427, ""2009-10-05"": 0.422}",ERA5-Land via Open-Meteo Historical Weather API,era5_land,True
BG_0071,1050600,Mizoram,23.025958512493823,92.40706749513711,2009-10-06,0,matched_background_pseudo_absence,False,14.694831787409464,48.85335909947415,42,Copernicus_DSM_COG_10_N23_00_E092_00_DEM,71.28887176513672,5.9649011619997845,202.60647080928263,-0.001979860621268741,28.458578700262972,30.715,True,Copernicus DEM GLO-30 via Microsoft Planetary Computer,,,,,,,,,,,False,False,False,Deferred to Stage 7B-2,,,ESA_WorldCover_10m_2021_v200_N21E090,10.0,Tree cover,ESA WorldCover 2021 v200,2021,12,True,MOD13Q1.A2009273.h26v06.061.2021143170153,2009-10-07T23:59:59.500000+00:00,1.0,8991.0,0.8991,1.0,Marginal data,True,NASA MODIS MOD13Q1/MYD13Q1 v6.1 16-day 250m,True,0.8991,,,,"{""2009-09-30"": null, ""2009-10-01"": null, ""2009-10-02"": null, ""2009-10-03"": null, ""2009-10-04"": null, ""2009-10-05"": null, ""2009-10-06"": null}",NASA POWER Daily API / PRECTOTCORR,False,0.416,0.419,0.425,0.423,0.42166666666666663,0.41357142857142853,0.0024285714285714466,"{""2009-09-30"": 0.404, ""2009-10-01"": 0.399, ""2009-10-02"": 0.405, ""2009-10-03"": 0.422, ""2009-10-04"": 0.428, ""2009-10-05"": 0.421, ""2009-10-06"": 0.416}",ERA5-Land via Open-Meteo Historical Weather API,era5_land,True
BG_0072,1056342,Manipur,25.091960290145742,94.6388668389186,2010-03-27,0,matched_background_pseudo_absence,False,22.309767133295907,21.984313960885235,42,Copernicus_DSM_COG_10_N25_00_E094_00_DEM,1036.574462890625,28.821915513037272,273.3192048680268,-0.017811657280229726,28.004039961019714,30.715,True,Copernicus DEM GLO-30 via Microsoft Planetary Computer,,,,,,,,,,,False,False,False,Deferred to Stage 7B-2,,,ESA_WorldCover_10m_2021_v200_N24E093,10.0,Tree cover,ESA WorldCover 2021 v200,2021,11,True,MOD13Q1.A2010081.h26v06.061.2021159114458,2010-03-29T23:59:59.500000+00:00,2.0,6704.0,0.6704,1.0,Marginal data,True,NASA MODIS MOD13Q1/MYD13Q1 v6.1 16-day 250m,True,0.6704,,,,"{""2010-03-21"": null, ""2010-03-22"": null, ""2010-03-23"": null, ""2010-03-24"": null, ""2010-03-25"": null, ""2010-03-26"": null, ""2010-03-27"": null}",NASA POWER Daily API / PRECTOTCORR,False,0.147,0.144,0.205,0.188,0.13633333333333333,0.13685714285714287,0.01014285714285712,"{""2010-03-21"": 0.142, ""2010-03-22"": 0.138, ""2010-03-23"": 0.136, ""2010-03-24"": 0.133, ""2010-03-25"": 0.132, ""2010-03-26"": 0.13, ""2010-03-27"": 0.147}",ERA5-Land via Open-Meteo Historical Weather API,era5_land,True
BG_0073,1050647,Assam,26.237758802577364,91.6003583146702,2010-04-01,0,matched_background_pseudo_absence,False,9.128422940730218,30.216547775096643,42,Copernicus_DSM_COG_10_N26_00_E091_00_DEM,46.30282974243164,0.5224537419154561,89.87202087066396,0.0001433116404019856,27.736219569528327,30.715,True,Copernicus DEM GLO-30 via Microsoft Planetary Computer,,,,,,,,,,,False,False,False,Deferred to Stage 7B-2,,,ESA_WorldCover_10m_2021_v200_N24E090,40.0,Cropland,ESA WorldCover 2021 v200,2021,11,True,MOD13Q1.A2010081.h25v06.061.2021159114413,2010-03-29T23:59:59.500000+00:00,3.0,,,,,False,NASA MODIS MOD13Q1/MYD13Q1 v6.1 16-day 250m,False,,,,,"{""2010-03-26"": null, ""2010-03-27"": null, ""2010-03-28"": null, ""2010-03-29"": null, ""2010-03-30"": null, ""2010-03-31"": null, ""2010-04-01"": null}",NASA POWER Daily API / PRECTOTCORR,False,0.444,0.471,0.329,0.367,0.466,0.42357142857142854,0.020428571428571463,"{""2010-03-26"": 0.276, ""2010-03-27"": 0.357, ""2010-03-28"": 0.473, ""2010-03-29"": 0.461, ""2010-03-30"": 0.479, ""2010-03-31"": 0.475, ""2010-04-01"": 0.444}",ERA5-Land via Open-Meteo Historical Weather API,era5_land,True
BG_0074,1050679,Assam,26.360671837454184,92.41514231798033,2010-04-01,0,matched_background_pseudo_absence,False,41.289841860081765,22.797895868010748,42,Copernicus_DSM_COG_10_N26_00_E092_00_DEM,55.825355529785156,0.9807153853131417,305.5643457088479,-0.00020437528638751537,27.706829040655386,30.715,True,Copernicus DEM GLO-30 via Microsoft Planetary Computer,,,,,,,,,,,False,False,False,Deferred to Stage 7B-2,,,ESA_WorldCover_10m_2021_v200_N24E090,40.0,Cropland,ESA WorldCover 2021 v200,2021,11,True,MOD13Q1.A2010081.h26v06.061.2021159114458,2010-03-29T23:59:59.500000+00:00,3.0,3595.0,0.35950000000000004,1.0,Marginal data,True,NASA MODIS MOD13Q1/MYD13Q1 v6.1 16-day 250m,True,0.35950000000000004,,,,"{""2010-03-26"": null, ""2010-03-27"": null, ""2010-03-28"": null, ""2010-03-29"": null, ""2010-03-30"": null, ""2010-03-31"": null, ""2010-04-01"": null}",NASA POWER Daily API / PRECTOTCORR,False,0.476,0.477,0.371,0.401,0.47733333333333333,0.4601428571428571,0.015857142857142903,"{""2010-03-26"": 0.372, ""2010-03-27"": 0.449, ""2010-03-28"": 0.486, ""2010-03-29"": 0.482, ""2010-03-30"": 0.489, ""2010-03-31"": 0.467, ""2010-04-01"": 0.476}",ERA5-Land via Open-Meteo Historical Weather API,era5_land,True
BG_0075,938416,Sikkim,27.867743067268773,88.75551683447571,2010-04-17,0,matched_background_pseudo_absence,False,17.337248090361612,12.076056227079262,42,Copernicus_DSM_COG_10_N27_00_E088_00_DEM,5296.27099609375,23.808021012583488,160.9018416066599,-0.003918674040130089,27.336139014266347,30.715,True,Copernicus DEM GLO-30 via Microsoft Planetary Computer,,,,,,,,,,,False,False,False,Deferred to Stage 7B-2,,,ESA_WorldCover_10m_2021_v200_N27E087,60.0,Bare / sparse vegetation,ESA WorldCover 2021 v200,2021,11,True,MOD13Q1.A2010097.h25v06.061.2021159142015,2010-04-14T23:59:59.500000+00:00,3.0,-91.0,-0.0091,1.0,Marginal data,True,NASA MODIS MOD13Q1/MYD13Q1 v6.1 16-day 250m,True,-0.0091,,,,"{""2010-04-11"": null, ""2010-04-12"": null, ""2010-04-13"": null, ""2010-04-14"": null, ""2010-04-15"": null, ""2010-04-16"": null, ""2010-04-17"": null}",NASA POWER Daily API / PRECTOTCORR,False,0.311,0.312,0.312,0.312,0.311,0.311,0.0,"{""2010-04-11"": 0.311, ""2010-04-12"": 0.311, ""2010-04-13"": 0.311, ""2010-04-14"": 0.311, ""2010-04-15"": 0.311, ""2010-04-16"": 0.311, ""2010-04-17"": 0.311}",ERA5-Land via Open-Meteo Historical Weather API,era5_land,True
BG_0076,938417,Sikkim,27.578088563424835,88.2354631074933,2010-04-17,0,matched_background_pseudo_absence,False,22.945728342640717,9.68750047714784,42,Copernicus_DSM_COG_10_N27_00_E088_00_DEM,5553.982421875,41.793975132802174,46.3226087992993,0.005577029630980064,27.408860706853908,30.715,True,Copernicus DEM GLO-30 via Microsoft Planetary Computer,,,,,,,,,,,False,False,False,Deferred to Stage 7B-2,,,ESA_WorldCover_10m_2021_v200_N27E087,70.0,Snow and ice,ESA WorldCover 2021 v200,2021,11,True,MOD13Q1.A2010097.h25v06.061.2021159142015,2010-04-14T23:59:59.500000+00:00,3.0,-181.0,-0.0181,3.0,Cloudy,False,NASA MODIS MOD13Q1/MYD13Q1 v6.1 16-day 250m,True,,,,,"{""2010-04-11"": null, ""2010-04-12"": null, ""2010-04-13"": null, ""2010-04-14"": null, ""2010-04-15"": null, ""2010-04-16"": null, ""2010-04-17"": null}",NASA POWER Daily API / PRECTOTCORR,False,0.368,0.372,0.25,0.284,0.36800000000000005,0.36799999999999994,5.551115123125783e-17,"{""2010-04-11"": 0.368, ""2010-04-12"": 0.368, ""2010-04-13"": 0.368, ""2010-04-14"": 0.368, ""2010-04-15"": 0.368, ""2010-04-16"": 0.368, ""2010-04-17"": 0.368}",ERA5-Land via Open-Meteo Historical Weather API,era5_land,True
BG_0077,1048279,Assam,26.55159691970212,92.3175290863292,2010-04-18,0,matched_background_pseudo_absence,False,53.16063982339367,6.385192462759104,42,Copernicus_DSM_COG_10_N26_00_E092_00_DEM,58.3890380859375,1.3302286643140062,331.6286982664877,6.232050213377553e-05,27.660922901982165,30.715,True,Copernicus DEM GLO-30 via Microsoft Planetary Computer,,,,,,,,,,,False,False,False,Deferred to Stage 7B-2,,,ESA_WorldCover_10m_2021_v200_N24E090,10.0,Tree cover,ESA WorldCover 2021 v200,2021,11,True,MOD13Q1.A2010097.h25v06.061.2021159142015,2010-04-14T23:59:59.500000+00:00,4.0,,,,,False,NASA MODIS MOD13Q1/MYD13Q1 v6.1 16-day 250m,False,,,,,"{""2010-04-12"": null, ""2010-04-13"": null, ""2010-04-14"": null, ""2010-04-15"": null, ""2010-04-16"": null, ""2010-04-17"": null, ""2010-04-18"": null}",NASA POWER Daily API / PRECTOTCORR,False,0.464,0.465,0.511,0.498,0.4613333333333334,0.4695714285714286,-0.0055714285714285605,"{""2010-04-12"": 0.5, ""2010-04-13"": 0.501, ""2010-04-14"": 0.466, ""2010-04-15"": 0.436, ""2010-04-16"": 0.441, ""2010-04-17"": 0.479, ""2010-04-18"": 0.464}",ERA5-Land via Open-Meteo Historical Weather API,era5_land,True
BG_0078,1048419,Assam,27.089620266555155,94.44408100137568,2010-04-20,0,matched_background_pseudo_absence,False,32.00260308706785,39.137518081969176,42,Copernicus_DSM_COG_10_N27_00_E094_00_DEM,91.3365249633789,0.04715477638008394,11.085462094006687,0.0002670240413626056,27.52990962815779,30.715,True,Copernicus DEM GLO-30 via Microsoft Planetary Computer,,,,,,,,,,,False,False,False,Deferred to Stage 7B-2,,,ESA_WorldCover_10m_2021_v200_N27E093,40.0,Cropland,ESA WorldCover 2021 v200,2021,11,True,MYD13Q1.A2010105.h26v06.061.2021159144631,2010-04-22T23:59:59.500000+00:00,2.0,1929.0,0.19290000000000002,0.0,Good data,True,NASA MODIS MOD13Q1/MYD13Q1 v6.1 16-day 250m,True,0.19290000000000002,,,,"{""2010-04-14"": null, ""2010-04-15"": null, ""2010-04-16"": null, ""2010-04-17"": null, ""2010-04-18"": null, ""2010-04-19"": null, ""2010-04-20"": null}",NASA POWER Daily API / PRECTOTCORR,False,0.451,0.47,0.512,0.499,0.4566666666666667,0.46014285714285713,-0.00914285714285712,"{""2010-04-14"": 0.468, ""2010-04-15"": 0.453, ""2010-04-16"": 0.438, ""2010-04-17"": 0.492, ""2010-04-18"": 0.439, ""2010-04-19"": 0.48, ""2010-04-20"": 0.451}",ERA5-Land via Open-Meteo Historical Weather API,era5_land,True
BG_0079,1048414,Assam,25.13032357111863,92.69815486766186,2010-04-20,0,matched_background_pseudo_absence,False,12.881988700059525,20.599715620470604,42,Copernicus_DSM_COG_10_N25_00_E092_00_DEM,1306.6163330078125,4.663843514532103,216.18752022815792,-0.0012146211918747294,27.995253497356902,30.715,True,Copernicus DEM GLO-30 via Microsoft Planetary Computer,,,,,,,,,,,False,False,False,Deferred to Stage 7B-2,,,ESA_WorldCover_10m_2021_v200_N24E090,10.0,Tree cover,ESA WorldCover 2021 v200,2021,11,True,MYD13Q1.A2010105.h26v06.061.2021159144631,2010-04-22T23:59:59.500000+00:00,2.0,2933.0,0.2933,3.0,Cloudy,False,NASA MODIS MOD13Q1/MYD13Q1 v6.1 16-day 250m,True,,,,,"{""2010-04-14"": null, ""2010-04-15"": null, ""2010-04-16"": null, ""2010-04-17"": null, ""2010-04-18"": null, ""2010-04-19"": null, ""2010-04-20"": null}",NASA POWER Daily API / PRECTOTCORR,False,0.486,0.491,0.517,0.509,0.48733333333333334,0.4797142857142857,0.006285714285714283,"{""2010-04-14"": 0.467, ""2010-04-15"": 0.47, ""2010-04-16"": 0.483, ""2010-04-17"": 0.476, ""2010-04-18"": 0.489, ""2010-04-19"": 0.487, ""2010-04-20"": 0.486}",ERA5-Land via Open-Meteo Historical Weather API,era5_land,True
BG_0080,1050648,Assam,26.58188090909644,91.26095436076476,2010-04-24,0,matched_background_pseudo_absence,False,27.662476902045093,21.10121380649519,42,Copernicus_DSM_COG_10_N26_00_E091_00_DEM,51.946556091308594,0.14955838896312484,210.12313712816783,0.0001289796993439228,27.653613165389274,30.715,True,Copernicus DEM GLO-30 via Microsoft Planetary Computer,,,,,,,,,,,False,False,False,Deferred to Stage 7B-2,,,ESA_WorldCover_10m_2021_v200_N24E090,40.0,Cropland,ESA WorldCover 2021 v200,2021,11,True,MYD13Q1.A2010105.h25v06.061.2021159144813,2010-04-22T23:59:59.500000+00:00,2.0,,,,,False,NASA MODIS MOD13Q1/MYD13Q1 v6.1 16-day 250m,False,,,,,"{""2010-04-18"": null, ""2010-04-19"": null, ""2010-04-20"": null, ""2010-04-21"": null, ""2010-04-22"": null, ""2010-04-23"": null, ""2010-04-24"": null}",NASA POWER Daily API / PRECTOTCORR,False,0.413,0.424,0.408,0.411,0.419,0.4238571428571429,-0.010857142857142899,"{""2010-04-18"": 0.427, ""2010-04-19"": 0.431, ""2010-04-20"": 0.426, ""2010-04-21"": 0.426, ""2010-04-22"": 0.426, ""2010-04-23"": 0.418, ""2010-04-24"": 0.413}",ERA5-Land via Open-Meteo Historical Weather API,era5_land,True
BG_0081,938433,Sikkim,27.6265355551446,88.70781665597707,2010-05-31,0,matched_background_pseudo_absence,False,6.529309404393749,18.04570114265498,42,Copernicus_DSM_COG_10_N27_00_E088_00_DEM,2419.290771484375,30.6108947097533,14.606829712854221,0.0036671005319426756,27.396746165663803,30.715,True,Copernicus DEM GLO-30 via Microsoft Planetary Computer,,,,,,,,,,,False,False,False,Deferred to Stage 7B-2,,,ESA_WorldCover_10m_2021_v200_N27E087,10.0,Tree cover,ESA WorldCover 2021 v200,2021,11,True,MOD13Q1.A2010145.h25v06.061.2021168113207,2010-06-01T23:59:59.500000+00:00,1.0,7255.0,0.7255,3.0,Cloudy,False,NASA MODIS MOD13Q1/MYD13Q1 v6.1 16-day 250m,True,,,,,"{""2010-05-25"": null, ""2010-05-26"": null, ""2010-05-27"": null, ""2010-05-28"": null, ""2010-05-29"": null, ""2010-05-30"": null, ""2010-05-31"": null}",NASA POWER Daily API / PRECTOTCORR,False,0.423,0.426,0.435,0.432,0.42533333333333334,0.4221428571428571,0.0008571428571428896,"{""2010-05-25"": 0.417, ""2010-05-26"": 0.424, ""2010-05-27"": 0.419, ""2010-05-28"": 0.419, ""2010-05-29"": 0.426, ""2010-05-30"": 0.427, ""2010-05-31"": 0.423}",ERA5-Land via Open-Meteo Historical Weather API,era5_land,True
BG_0082,1050277,Assam,26.797765467040296,91.15998489457428,2010-06-03,0,matched_background_pseudo_absence,False,52.416448958696485,26.016845378783565,42,Copernicus_DSM_COG_10_N26_00_E091_00_DEM,172.07440185546875,14.13538525681036,114.15395836785297,-0.011059122444131571,27.601280752281035,30.715,True,Copernicus DEM GLO-30 via Microsoft Planetary Computer,,,,,,,,,,,False,False,False,Deferred to Stage 7B-2,,,ESA_WorldCover_10m_2021_v200_N24E090,10.0,Tree cover,ESA WorldCover 2021 v200,2021,11,True,MOD13Q1.A2010145.h25v06.061.2021168113207,2010-06-01T23:59:59.500000+00:00,2.0,,,,,False,NASA MODIS MOD13Q1/MYD13Q1 v6.1 16-day 250m,False,,,,,"{""2010-05-28"": null, ""2010-05-29"": null, ""2010-05-30"": null, ""2010-05-31"": null, ""2010-06-01"": null, ""2010-06-02"": null, ""2010-06-03"": null}",NASA POWER Daily API / PRECTOTCORR,False,0.4,0.403,0.39,0.394,0.4013333333333333,0.3844285714285714,0.015571428571428625,"{""2010-05-28"": 0.368, ""2010-05-29"": 0.354, ""2010-05-30"": 0.372, ""2010-05-31"": 0.393, ""2010-06-01"": 0.395, ""2010-06-02"": 0.409, ""2010-06-03"": 0.4}",ERA5-Land via Open-Meteo Historical Weather API,era5_land,True
BG_0083,1050289,Assam,26.217331550502525,92.27429553217588,2010-06-03,0,matched_background_pseudo_absence,False,34.91490481657716,18.75519351287666,42,Copernicus_DSM_COG_10_N26_00_E092_00_DEM,55.78678512573242,1.1362239078699028,351.1435002044069,-0.00027611288467065234,27.741091695773832,30.715,True,Copernicus DEM GLO-30 via Microsoft Planetary Computer,,,,,,,,,,,False,False,False,Deferred to Stage 7B-2,,,ESA_WorldCover_10m_2021_v200_N24E090,10.0,Tree cover,ESA WorldCover 2021 v200,2021,11,True,MOD13Q1.A2010145.h25v06.061.2021168113207,2010-06-01T23:59:59.500000+00:00,2.0,,,,,False,NASA MODIS MOD13Q1/MYD13Q1 v6.1 16-day 250m,False,,,,,"{""2010-05-28"": null, ""2010-05-29"": null, ""2010-05-30"": null, ""2010-05-31"": null, ""2010-06-01"": null, ""2010-06-02"": null, ""2010-06-03"": null}",NASA POWER Daily API / PRECTOTCORR,False,0.49,0.495,0.509,0.505,0.48166666666666663,0.4735714285714286,0.016428571428571404,"{""2010-05-28"": 0.479, ""2010-05-29"": 0.479, ""2010-05-30"": 0.443, ""2010-05-31"": 0.469, ""2010-06-01"": 0.477, ""2010-06-02"": 0.478, ""2010-06-03"": 0.49}",ERA5-Land via Open-Meteo Historical Weather API,era5_land,True
BG_0084,1048412,Tripura,23.26773200714715,91.64124396378844,2010-06-03,0,matched_background_pseudo_absence,False,9.83632446767937,52.526644782447086,42,Copernicus_DSM_COG_10_N23_00_E091_00_DEM,75.93621063232422,12.020223831341319,29.62851453270781,-0.008800517514345664,28.40728696878932,30.715,True,Copernicus DEM GLO-30 via Microsoft Planetary Computer,,,,,,,,,,,False,False,False,Deferred to Stage 7B-2,,,ESA_WorldCover_10m_2021_v200_N21E090,10.0,Tree cover,ESA WorldCover 2021 v200,2021,11,True,MOD13Q1.A2010145.h25v06.061.2021168113207,2010-06-01T23:59:59.500000+00:00,2.0,,,,,False,NASA MODIS MOD13Q1/MYD13Q1 v6.1 16-day 250m,False,,,,,"{""2010-05-28"": null, ""2010-05-29"": null, ""2010-05-30"": null, ""2010-05-31"": null, ""2010-06-01"": null, ""2010-06-02"": null, ""2010-06-03"": null}",NASA POWER Daily API / PRECTOTCORR,False,0.469,0.464,0.489,0.482,0.47300000000000003,0.4785714285714286,-0.00957142857142862,"{""2010-05-28"": 0.485, ""2010-05-29"": 0.478, ""2010-05-30"": 0.49, ""2010-05-31"": 0.478, ""2010-06-01"": 0.475, ""2010-06-02"": 0.475, ""2010-06-03"": 0.469}",ERA5-Land via Open-Meteo Historical Weather API,era5_land,True
BG_0085,1050796,Manipur,25.25605875339666,94.49048994958554,2010-06-07,0,matched_background_pseudo_absence,False,6.041322863795822,23.577682226422827,42,Copernicus_DSM_COG_10_N25_00_E094_00_DEM,1449.0711669921875,27.12869715413233,53.554684733385386,0.0024233404544120214,27.966368014338453,30.715,True,Copernicus DEM GLO-30 via Microsoft Planetary Computer,,,,,,,,,,,False,False,False,Deferred to Stage 7B-2,,,ESA_WorldCover_10m_2021_v200_N24E093,10.0,Tree cover,ESA WorldCover 2021 v200,2021,11,True,MYD13Q1.A2010153.h26v06.061.2021168170534,2010-06-09T23:59:59.500000+00:00,2.0,466.0,0.0466,3.0,Cloudy,False,NASA MODIS MOD13Q1/MYD13Q1 v6.1 16-day 250m,True,,,,,"{""2010-06-01"": null, ""2010-06-02"": null, ""2010-06-03"": null, ""2010-06-04"": null, ""2010-06-05"": null, ""2010-06-06"": null, ""2010-06-07"": null}",NASA POWER Daily API / PRECTOTCORR,False,0.483,0.48,0.401,0.423,0.4676666666666667,0.46128571428571435,0.02171428571428563,"{""2010-06-01"": 0.459, ""2010-06-02"": 0.454, ""2010-06-03"": 0.456, ""2010-06-04"": 0.457, ""2010-06-05"": 0.462, ""2010-06-06"": 0.458, ""2010-06-07"": 0.483}",ERA5-Land via Open-Meteo Historical Weather API,era5_land,True
BG_0086,1048325,Assam,27.792959202284816,95.09169238677588,2010-06-09,0,matched_background_pseudo_absence,False,114.53385752577869,15.517429687209978,42,Copernicus_DSM_COG_10_N27_00_E095_00_DEM,125.89542388916016,0.40133617939583016,83.2839326744737,-0.0006865153817453647,27.354981496089145,30.715,True,Copernicus DEM GLO-30 via Microsoft Planetary Computer,,,,,,,,,,,False,False,False,Deferred to Stage 7B-2,,,ESA_WorldCover_10m_2021_v200_N27E093,30.0,Grassland,ESA WorldCover 2021 v200,2021,11,True,MYD13Q1.A2010153.h26v06.061.2021168170534,2010-06-09T23:59:59.500000+00:00,0.0,3747.0,0.37470000000000003,3.0,Cloudy,False,NASA MODIS MOD13Q1/MYD13Q1 v6.1 16-day 250m,True,,,,,"{""2010-06-03"": null, ""2010-06-04"": null, ""2010-06-05"": null, ""2010-06-06"": null, ""2010-06-07"": null, ""2010-06-08"": null, ""2010-06-09"": null}",NASA POWER Daily API / PRECTOTCORR,False,0.438,0.447,0.446,0.446,0.444,0.4462857142857143,-0.008285714285714285,"{""2010-06-03"": 0.453, ""2010-06-04"": 0.442, ""2010-06-05"": 0.446, ""2010-06-06"": 0.451, ""2010-06-07"": 0.446, ""2010-06-08"": 0.448, ""2010-06-09"": 0.438}",ERA5-Land via Open-Meteo Historical Weather API,era5_land,True
BG_0087,1050741,Assam,26.449911584432304,93.14970993590435,2010-06-15,0,matched_background_pseudo_absence,False,13.068784062064305,35.35759048523116,42,Copernicus_DSM_COG_10_N26_00_E093_00_DEM,556.149658203125,20.009314812412605,307.6747449113895,6.958795612281815e-05,27.6854104463786,30.715,True,Copernicus DEM GLO-30 via Microsoft Planetary Computer,,,,,,,,,,,False,False,False,Deferred to Stage 7B-2,,,ESA_WorldCover_10m_2021_v200_N24E093,10.0,Tree cover,ESA WorldCover 2021 v200,2021,11,True,MOD13Q1.A2010161.h26v06.061.2021168155435,2010-06-17T23:59:59.500000+00:00,2.0,1082.0,0.1082,3.0,Cloudy,False,NASA MODIS MOD13Q1/MYD13Q1 v6.1 16-day 250m,True,,,,,"{""2010-06-09"": null, ""2010-06-10"": null, ""2010-06-11"": null, ""2010-06-12"": null, ""2010-06-13"": null, ""2010-06-14"": null, ""2010-06-15"": null}",NASA POWER Daily API / PRECTOTCORR,False,0.479,0.483,0.471,0.474,0.48533333333333334,0.4835714285714286,-0.004571428571428615,"{""2010-06-09"": 0.492, ""2010-06-10"": 0.467, ""2010-06-11"": 0.484, ""2010-06-12"": 0.486, ""2010-06-13"": 0.495, ""2010-06-14"": 0.482, ""2010-06-15"": 0.479}",ERA5-Land via Open-Meteo Historical Weather API,era5_land,True
BG_0088,1050621,Assam,24.24755795605224,92.45272769369288,2010-06-16,0,matched_background_pseudo_absence,False,7.945801452056476,39.96483053471755,42,Copernicus_DSM_COG_10_N24_00_E092_00_DEM,110.8562240600586,10.992291436058915,280.0311028312546,-0.004582749814980457,28.19424980982877,30.715,True,Copernicus DEM GLO-30 via Microsoft Planetary Computer,,,,,,,,,,,False,False,False,Deferred to Stage 7B-2,,,ESA_WorldCover_10m_2021_v200_N24E090,10.0,Tree cover,ESA WorldCover 2021 v200,2021,11,True,MOD13Q1.A2010161.h26v06.061.2021168155435,2010-06-17T23:59:59.500000+00:00,1.0,8478.0,0.8478,1.0,Marginal data,True,NASA MODIS MOD13Q1/MYD13Q1 v6.1 16-day 250m,True,0.8478,,,,"{""2010-06-10"": null, ""2010-06-11"": null, ""2010-06-12"": null, ""2010-06-13"": null, ""2010-06-14"": null, ""2010-06-15"": null, ""2010-06-16"": null}",NASA POWER Daily API / PRECTOTCORR,False,0.418,0.42,0.43,0.427,0.4206666666666667,0.42028571428571426,-0.00228571428571428,"{""2010-06-10"": 0.413, ""2010-06-11"": 0.415, ""2010-06-12"": 0.423, ""2010-06-13"": 0.429, ""2010-06-14"": 0.426, ""2010-06-15"": 0.418, ""2010-06-16"": 0.418}",ERA5-Land via Open-Meteo Historical Weather API,era5_land,True
BG_0089,938438,Sikkim,27.792185446613125,88.31823110531914,2010-07-21,0,matched_background_pseudo_absence,False,21.175729730924708,5.770579906630191,42,Copernicus_DSM_COG_10_N27_00_E088_00_DEM,5225.0947265625,9.291875711350347,140.87415142256168,0.003695997545539304,27.35517620741351,30.715,True,Copernicus DEM GLO-30 via Microsoft Planetary Computer,,,,,,,,,,,False,False,False,Deferred to Stage 7B-2,,,ESA_WorldCover_10m_2021_v200_N27E087,70.0,Snow and ice,ESA WorldCover 2021 v200,2021,11,True,MOD13Q1.A2010193.h25v06.061.2021168200646,2010-07-19T23:59:59.500000+00:00,2.0,307.0,0.0307,3.0,Cloudy,False,NASA MODIS MOD13Q1/MYD13Q1 v6.1 16-day 250m,True,,,,,"{""2010-07-15"": null, ""2010-07-16"": null, ""2010-07-17"": null, ""2010-07-18"": null, ""2010-07-19"": null, ""2010-07-20"": null, ""2010-07-21"": null}",NASA POWER Daily API / PRECTOTCORR,False,0.32,0.316,0.206,0.237,0.33166666666666667,0.341,-0.02100000000000002,"{""2010-07-15"": 0.352, ""2010-07-16"": 0.353, ""2010-07-17"": 0.346, ""2010-07-18"": 0.341, ""2010-07-19"": 0.346, ""2010-07-20"": 0.329, ""2010-07-21"": 0.32}",ERA5-Land via Open-Meteo Historical Weather API,era5_land,True
BG_0090,938405,Sikkim,27.213390151384647,88.43724232880848,2010-07-21,0,matched_background_pseudo_absence,False,5.2338008153359725,16.48537224161342,42,Copernicus_DSM_COG_10_N27_00_E088_00_DEM,1815.9013671875,38.907552123560386,174.83278458585198,0.01504631714139974,27.49942673163058,30.715,True,Copernicus DEM GLO-30 via Microsoft Planetary Computer,,,,,,,,,,,False,False,False,Deferred to Stage 7B-2,,,ESA_WorldCover_10m_2021_v200_N27E087,10.0,Tree cover,ESA WorldCover 2021 v200,2021,11,True,MOD13Q1.A2010193.h25v06.061.2021168200646,2010-07-19T23:59:59.500000+00:00,2.0,2409.0,0.2409,3.0,Cloudy,False,NASA MODIS MOD13Q1/MYD13Q1 v6.1 16-day 250m,True,,,,,"{""2010-07-15"": null, ""2010-07-16"": null, ""2010-07-17"": null, ""2010-07-18"": null, ""2010-07-19"": null, ""2010-07-20"": null, ""2010-07-21"": null}",NASA POWER Daily API / PRECTOTCORR,False,0.427,0.429,0.427,0.427,0.42766666666666664,0.42714285714285716,-0.00014285714285716677,"{""2010-07-15"": 0.423, ""2010-07-16"": 0.427, ""2010-07-17"": 0.428, ""2010-07-18"": 0.429, ""2010-07-19"": 0.429, ""2010-07-20"": 0.427, ""2010-07-21"": 0.427}",ERA5-Land via Open-Meteo Historical Weather API,era5_land,True
BG_0091,1050620,Assam,26.300868293490385,92.18848668851426,2010-07-25,0,matched_background_pseudo_absence,False,27.53806942058483,11.087973667754724,42,Copernicus_DSM_COG_10_N26_00_E092_00_DEM,53.130802154541016,5.306884479943247,73.86851093837129,-0.0019324064478874708,27.72114498728776,30.715,True,Copernicus DEM GLO-30 via Microsoft Planetary Computer,,,,,,,,,,,False,False,False,Deferred to Stage 7B-2,,,ESA_WorldCover_10m_2021_v200_N24E090,10.0,Tree cover,ESA WorldCover 2021 v200,2021,11,True,MYD13Q1.A2010201.h25v06.061.2021168232758,2010-07-27T23:59:59.500000+00:00,2.0,,,,,False,NASA MODIS MOD13Q1/MYD13Q1 v6.1 16-day 250m,False,,,,,"{""2010-07-19"": null, ""2010-07-20"": null, ""2010-07-21"": null, ""2010-07-22"": null, ""2010-07-23"": null, ""2010-07-24"": null, ""2010-07-25"": null}",NASA POWER Daily API / PRECTOTCORR,False,0.468,0.463,0.471,0.469,0.472,0.47314285714285703,-0.005142857142857005,"{""2010-07-19"": 0.461, ""2010-07-20"": 0.485, ""2010-07-21"": 0.473, ""2010-07-22"": 0.477, ""2010-07-23"": 0.49, ""2010-07-24"": 0.458, ""2010-07-25"": 0.468}",ERA5-Land via Open-Meteo Historical Weather API,era5_land,True
BG_0092,1050795,Manipur,24.691142673314378,93.21125438564005,2010-07-29,0,matched_background_pseudo_absence,False,16.106958668228277,9.404298379937558,42,Copernicus_DSM_COG_10_N24_00_E093_00_DEM,69.0,5.298466634499818,185.50595707519284,0.0037869506448463363,28.09508893011585,30.715,True,Copernicus DEM GLO-30 via Microsoft Planetary Computer,,,,,,,,,,,False,False,False,Deferred to Stage 7B-2,,,ESA_WorldCover_10m_2021_v200_N24E093,80.0,Permanent water bodies,ESA WorldCover 2021 v200,2021,11,True,MYD13Q1.A2010201.h26v06.061.2021168232747,2010-07-27T23:59:59.500000+00:00,2.0,7867.0,0.7867000000000001,1.0,Marginal data,True,NASA MODIS MOD13Q1/MYD13Q1 v6.1 16-day 250m,True,0.7867000000000001,,,,"{""2010-07-23"": null, ""2010-07-24"": null, ""2010-07-25"": null, ""2010-07-26"": null, ""2010-07-27"": null, ""2010-07-28"": null, ""2010-07-29"": null}",NASA POWER Daily API / PRECTOTCORR,False,0.425,0.425,0.428,0.427,0.4206666666666667,0.42242857142857143,0.002571428571428558,"{""2010-07-23"": 0.424, ""2010-07-24"": 0.425, ""2010-07-25"": 0.424, ""2010-07-26"": 0.422, ""2010-07-27"": 0.419, ""2010-07-28"": 0.418, ""2010-07-29"": 0.425}",ERA5-Land via Open-Meteo Historical Weather API,era5_land,True
BG_0093,1057952,Manipur,24.537606641199822,93.0597137660904,2010-07-29,0,matched_background_pseudo_absence,False,25.43627476207193,13.613228550583155,42,Copernicus_DSM_COG_10_N24_00_E093_00_DEM,96.75887298583984,10.336351030908952,18.667843584593186,-0.011913858161238723,28.12960191536816,30.715,True,Copernicus DEM GLO-30 via Microsoft Planetary Computer,,,,,,,,,,,False,False,False,Deferred to Stage 7B-2,,,ESA_WorldCover_10m_2021_v200_N24E093,10.0,Tree cover,ESA WorldCover 2021 v200,2021,11,True,MYD13Q1.A2010201.h26v06.061.2021168232747,2010-07-27T23:59:59.500000+00:00,2.0,9088.0,0.9088,0.0,Good data,True,NASA MODIS MOD13Q1/MYD13Q1 v6.1 16-day 250m,True,0.9088,,,,"{""2010-07-23"": null, ""2010-07-24"": null, ""2010-07-25"": null, ""2010-07-26"": null, ""2010-07-27"": null, ""2010-07-28"": null, ""2010-07-29"": null}",NASA POWER Daily API / PRECTOTCORR,False,0.426,0.426,0.429,0.428,0.422,0.42342857142857143,0.002571428571428558,"{""2010-07-23"": 0.423, ""2010-07-24"": 0.425, ""2010-07-25"": 0.425, ""2010-07-26"": 0.425, ""2010-07-27"": 0.421, ""2010-07-28"": 0.419, ""2010-07-29"": 0.426}",ERA5-Land via Open-Meteo Historical Weather API,era5_land,True
BG_0094,1057833,Manipur,24.440463522544214,93.34602188487096,2010-07-29,0,matched_background_pseudo_absence,False,19.905310011855157,22.28849845115153,42,Copernicus_DSM_COG_10_N24_00_E093_00_DEM,374.3318786621094,13.707364808338577,101.00266813037581,-0.018980715414785174,28.15133416038012,30.715,True,Copernicus DEM GLO-30 via Microsoft Planetary Computer,,,,,,,,,,,False,False,False,Deferred to Stage 7B-2,,,ESA_WorldCover_10m_2021_v200_N24E093,10.0,Tree cover,ESA WorldCover 2021 v200,2021,11,True,MYD13Q1.A2010201.h26v06.061.2021168232747,2010-07-27T23:59:59.500000+00:00,2.0,6063.0,0.6063000000000001,1.0,Marginal data,True,NASA MODIS MOD13Q1/MYD13Q1 v6.1 16-day 250m,True,0.6063000000000001,,,,"{""2010-07-23"": null, ""2010-07-24"": null, ""2010-07-25"": null, ""2010-07-26"": null, ""2010-07-27"": null, ""2010-07-28"": null, ""2010-07-29"": null}",NASA POWER Daily API / PRECTOTCORR,False,0.426,0.427,0.429,0.428,0.42166666666666663,0.42257142857142854,0.0034285714285714475,"{""2010-07-23"": 0.422, ""2010-07-24"": 0.425, ""2010-07-25"": 0.424, ""2010-07-26"": 0.422, ""2010-07-27"": 0.418, ""2010-07-28"": 0.421, ""2010-07-29"": 0.426}",ERA5-Land via Open-Meteo Historical Weather API,era5_land,True
BG_0095,1054555,Manipur,24.537648190434517,94.3210524246647,2010-07-31,0,matched_background_pseudo_absence,False,18.03224116970907,17.910780829125045,42,Copernicus_DSM_COG_10_N24_00_E094_00_DEM,597.8390502929688,29.010145378579193,218.63904850830355,0.0013620546450427143,28.129592602931194,30.715,True,Copernicus DEM GLO-30 via Microsoft Planetary Computer,,,,,,,,,,,False,False,False,Deferred to Stage 7B-2,,,ESA_WorldCover_10m_2021_v200_N24E093,10.0,Tree cover,ESA WorldCover 2021 v200,2021,11,True,MOD13Q1.A2010209.h26v06.061.2021168215649,2010-08-04T23:59:59.500000+00:00,4.0,7743.0,0.7743,1.0,Marginal data,True,NASA MODIS MOD13Q1/MYD13Q1 v6.1 16-day 250m,True,0.7743,,,,"{""2010-07-25"": null, ""2010-07-26"": null, ""2010-07-27"": null, ""2010-07-28"": null, ""2010-07-29"": null, ""2010-07-30"": null, ""2010-07-31"": null}",NASA POWER Daily API / PRECTOTCORR,False,0.421,0.424,0.426,0.426,0.4223333333333333,0.4215714285714286,-0.0005714285714286116,"{""2010-07-25"": 0.427, ""2010-07-26"": 0.426, ""2010-07-27"": 0.413, ""2010-07-28"": 0.418, ""2010-07-29"": 0.421, ""2010-07-30"": 0.425, ""2010-07-31"": 0.421}",ERA5-Land via Open-Meteo Historical Weather API,era5_land,True
BG_0096,1050835,Manipur,25.37935982658731,94.30469476643856,2010-08-01,0,matched_background_pseudo_absence,False,11.691413916653415,23.167625378842647,42,Copernicus_DSM_COG_10_N25_00_E094_00_DEM,1751.8441162109375,22.373047901224727,6.046632366939207,-0.001745019633516704,27.937910930223627,30.715,True,Copernicus DEM GLO-30 via Microsoft Planetary Computer,,,,,,,,,,,False,False,False,Deferred to Stage 7B-2,,,ESA_WorldCover_10m_2021_v200_N24E093,30.0,Grassland,ESA WorldCover 2021 v200,2021,11,True,MOD13Q1.A2010209.h26v06.061.2021168215649,2010-08-04T23:59:59.500000+00:00,3.0,6543.0,0.6543,3.0,Cloudy,False,NASA MODIS MOD13Q1/MYD13Q1 v6.1 16-day 250m,True,,,,,"{""2010-07-26"": null, ""2010-07-27"": null, ""2010-07-28"": null, ""2010-07-29"": null, ""2010-07-30"": null, ""2010-07-31"": null, ""2010-08-01"": null}",NASA POWER Daily API / PRECTOTCORR,False,0.462,0.491,0.506,0.5,0.4713333333333334,0.481,-0.01899999999999996,"{""2010-07-26"": 0.495, ""2010-07-27"": 0.481, ""2010-07-28"": 0.493, ""2010-07-29"": 0.484, ""2010-07-30"": 0.467, ""2010-07-31"": 0.485, ""2010-08-01"": 0.462}",ERA5-Land via Open-Meteo Historical Weather API,era5_land,True
BG_0097,1050591,Mizoram,23.956816339810302,93.02364726184844,2010-08-06,0,matched_background_pseudo_absence,False,12.782046159791223,26.234594170178635,42,Copernicus_DSM_COG_10_N23_00_E093_00_DEM,911.71630859375,29.414204622208437,247.4359186459439,-0.004814766359928545,28.258327026147455,30.715,True,Copernicus DEM GLO-30 via Microsoft Planetary Computer,,,,,,,,,,,False,False,False,Deferred to Stage 7B-2,,,ESA_WorldCover_10m_2021_v200_N21E093,10.0,Tree cover,ESA WorldCover 2021 v200,2021,11,True,MOD13Q1.A2010209.h26v06.061.2021168215649,2010-08-04T23:59:59.500000+00:00,2.0,8846.0,0.8846,3.0,Cloudy,False,NASA MODIS MOD13Q1/MYD13Q1 v6.1 16-day 250m,True,,,,,"{""2010-07-31"": null, ""2010-08-01"": null, ""2010-08-02"": null, ""2010-08-03"": null, ""2010-08-04"": null, ""2010-08-05"": null, ""2010-08-06"": null}",NASA POWER Daily API / PRECTOTCORR,False,0.422,0.424,0.427,0.426,0.42366666666666664,0.4232857142857142,-0.0012857142857142234,"{""2010-07-31"": 0.423, ""2010-08-01"": 0.42, ""2010-08-02"": 0.425, ""2010-08-03"": 0.424, ""2010-08-04"": 0.425, ""2010-08-05"": 0.424, ""2010-08-06"": 0.422}",ERA5-Land via Open-Meteo Historical Weather API,era5_land,True
BG_0098,1050669,Mizoram,23.887154635361316,93.02554652164426,2010-08-12,0,matched_background_pseudo_absence,False,5.403418837889705,7.748444001308521,42,Copernicus_DSM_COG_10_N23_00_E093_00_DEM,891.2191162109375,30.53926338715769,180.01247412827632,0.01899432917920044,28.273571934740243,30.715,True,Copernicus DEM GLO-30 via Microsoft Planetary Computer,,,,,,,,,,,False,False,False,Deferred to Stage 7B-2,,,ESA_WorldCover_10m_2021_v200_N21E093,10.0,Tree cover,ESA WorldCover 2021 v200,2021,11,True,MYD13Q1.A2010217.h26v06.061.2021169043140,2010-08-12T23:59:59.500000+00:00,0.0,8537.0,0.8537,1.0,Marginal data,True,NASA MODIS MOD13Q1/MYD13Q1 v6.1 16-day 250m,True,0.8537,,,,"{""2010-08-06"": null, ""2010-08-07"": null, ""2010-08-08"": null, ""2010-08-09"": null, ""2010-08-10"": null, ""2010-08-11"": null, ""2010-08-12"": null}",NASA POWER Daily API / PRECTOTCORR,False,0.424,0.425,0.423,0.424,0.421,0.4177142857142857,0.006285714285714283,"{""2010-08-06"": 0.422, ""2010-08-07"": 0.413, ""2010-08-08"": 0.414, ""2010-08-09"": 0.412, ""2010-08-10"": 0.416, ""2010-08-11"": 0.423, ""2010-08-12"": 0.424}",ERA5-Land via Open-Meteo Historical Weather API,era5_land,True
BG_0099,1057953,Manipur,24.116151354566984,93.0066578412365,2010-08-15,0,matched_background_pseudo_absence,False,7.231539940116524,12.782971457453147,42,Copernicus_DSM_COG_10_N24_00_E093_00_DEM,470.45703125,27.173653413710124,197.3880587814634,0.0034853597628539375,28.2233008245541,30.715,True,Copernicus DEM GLO-30 via Microsoft Planetary Computer,,,,,,,,,,,False,False,False,Deferred to Stage 7B-2,,,ESA_WorldCover_10m_2021_v200_N24E093,10.0,Tree cover,ESA WorldCover 2021 v200,2021,11,True,MYD13Q1.A2010217.h26v06.061.2021169043140,2010-08-12T23:59:59.500000+00:00,3.0,8873.0,0.8873000000000001,1.0,Marginal data,True,NASA MODIS MOD13Q1/MYD13Q1 v6.1 16-day 250m,True,0.8873000000000001,,,,"{""2010-08-09"": null, ""2010-08-10"": null, ""2010-08-11"": null, ""2010-08-12"": null, ""2010-08-13"": null, ""2010-08-14"": null, ""2010-08-15"": null}",NASA POWER Daily API / PRECTOTCORR,False,0.423,0.424,0.428,0.427,0.4246666666666667,0.4201428571428571,0.0028571428571428914,"{""2010-08-09"": 0.408, ""2010-08-10"": 0.413, ""2010-08-11"": 0.423, ""2010-08-12"": 0.423, ""2010-08-13"": 0.426, ""2010-08-14"": 0.425, ""2010-08-15"": 0.423}",ERA5-Land via Open-Meteo Historical Weather API,era5_land,True
BG_0100,1050786,Manipur,24.238062865382908,93.97107908406348,2010-08-19,0,matched_background_pseudo_absence,False,9.969113615259966,25.36717679508502,42,Copernicus_DSM_COG_10_N24_00_E093_00_DEM,1351.6719970703125,20.800575646582065,259.0349024454433,0.003782977204259364,28.19635393136281,30.715,True,Copernicus DEM GLO-30 via Microsoft Planetary Computer,,,,,,,,,,,False,False,False,Deferred to Stage 7B-2,,,ESA_WorldCover_10m_2021_v200_N24E093,10.0,Tree cover,ESA WorldCover 2021 v200,2021,11,True,MOD13Q1.A2010225.h26v06.061.2021169153300,2010-08-20T23:59:59.500000+00:00,1.0,8725.0,0.8725,1.0,Marginal data,True,NASA MODIS MOD13Q1/MYD13Q1 v6.1 16-day 250m,True,0.8725,,,,"{""2010-08-13"": null, ""2010-08-14"": null, ""2010-08-15"": null, ""2010-08-16"": null, ""2010-08-17"": null, ""2010-08-18"": null, ""2010-08-19"": null}",NASA POWER Daily API / PRECTOTCORR,False,0.49,0.494,0.502,0.5,0.48299999999999993,0.4808571428571428,0.009142857142857175,"{""2010-08-13"": 0.482, ""2010-08-14"": 0.482, ""2010-08-15"": 0.472, ""2010-08-16"": 0.481, ""2010-08-17"": 0.474, ""2010-08-18"": 0.485, ""2010-08-19"": 0.49}",ERA5-Land via Open-Meteo Historical Weather API,era5_land,True
BG_0101,938326,Sikkim,27.884282610637943,88.64765967677508,2010-08-20,0,matched_background_pseudo_absence,False,10.34929691356667,10.759852567415054,42,Copernicus_DSM_COG_10_N27_00_E088_00_DEM,5570.46142578125,14.46456986276934,75.34251055036725,0.004534676163943991,27.33196543444304,30.715,True,Copernicus DEM GLO-30 via Microsoft Planetary Computer,,,,,,,,,,,False,False,False,Deferred to Stage 7B-2,,,ESA_WorldCover_10m_2021_v200_N27E087,70.0,Snow and ice,ESA WorldCover 2021 v200,2021,11,True,MOD13Q1.A2010225.h25v06.061.2021169153642,2010-08-20T23:59:59.500000+00:00,0.0,29.0,0.0029000000000000002,3.0,Cloudy,False,NASA MODIS MOD13Q1/MYD13Q1 v6.1 16-day 250m,True,,,,,"{""2010-08-14"": null, ""2010-08-15"": null, ""2010-08-16"": null, ""2010-08-17"": null, ""2010-08-18"": null, ""2010-08-19"": null, ""2010-08-20"": null}",NASA POWER Daily API / PRECTOTCORR,False,0.387,0.377,0.279,0.307,0.3913333333333333,0.3832857142857143,0.0037142857142857255,"{""2010-08-14"": 0.359, ""2010-08-15"": 0.384, ""2010-08-16"": 0.379, ""2010-08-17"": 0.387, ""2010-08-18"": 0.394, ""2010-08-19"": 0.393, ""2010-08-20"": 0.387}",ERA5-Land via Open-Meteo Historical Weather API,era5_land,True
BG_0102,1051132,Manipur,24.961705507187425,93.26818694665414,2010-08-24,0,matched_background_pseudo_absence,False,18.43343393280486,20.386508294407115,42,Copernicus_DSM_COG_10_N24_00_E093_00_DEM,155.7866973876953,22.828257467027566,269.0793922719302,-0.01346876380723629,28.033778923596877,30.715,True,Copernicus DEM GLO-30 via Microsoft Planetary Computer,,,,,,,,,,,False,False,False,Deferred to Stage 7B-2,,,ESA_WorldCover_10m_2021_v200_N24E093,10.0,Tree cover,ESA WorldCover 2021 v200,2021,11,True,MOD13Q1.A2010225.h26v06.061.2021169153300,2010-08-20T23:59:59.500000+00:00,4.0,8954.0,0.8954000000000001,3.0,Cloudy,False,NASA MODIS MOD13Q1/MYD13Q1 v6.1 16-day 250m,True,,,,,"{""2010-08-18"": null, ""2010-08-19"": null, ""2010-08-20"": null, ""2010-08-21"": null, ""2010-08-22"": null, ""2010-08-23"": null, ""2010-08-24"": null}",NASA POWER Daily API / PRECTOTCORR,False,0.41,0.407,0.411,0.41,0.4086666666666667,0.41557142857142854,-0.0055714285714285605,"{""2010-08-18"": 0.416, ""2010-08-19"": 0.421, ""2010-08-20"": 0.423, ""2010-08-21"": 0.423, ""2010-08-22"": 0.415, ""2010-08-23"": 0.401, ""2010-08-24"": 0.41}",ERA5-Land via Open-Meteo Historical Weather API,era5_land,True
BG_0103,938384,Sikkim,27.19964747160188,88.69159795421072,2010-08-26,0,matched_background_pseudo_absence,False,5.305987572253203,13.861461234722425,42,Copernicus_DSM_COG_10_N27_00_E088_00_DEM,856.0916137695312,17.919692751202,90.5145837044281,-0.0005223352131080545,27.50281770886208,30.715,True,Copernicus DEM GLO-30 via Microsoft Planetary Computer,,,,,,,,,,,False,False,False,Deferred to Stage 7B-2,,,ESA_WorldCover_10m_2021_v200_N27E087,10.0,Tree cover,ESA WorldCover 2021 v200,2021,11,True,MYD13Q1.A2010233.h25v06.061.2021170011456,2010-08-28T23:59:59.500000+00:00,2.0,752.0,0.0752,3.0,Cloudy,False,NASA MODIS MOD13Q1/MYD13Q1 v6.1 16-day 250m,True,,,,,"{""2010-08-20"": null, ""2010-08-21"": null, ""2010-08-22"": null, ""2010-08-23"": null, ""2010-08-24"": null, ""2010-08-25"": null, ""2010-08-26"": null}",NASA POWER Daily API / PRECTOTCORR,False,0.429,0.426,0.395,0.404,0.4226666666666667,0.42442857142857143,0.00457142857142856,"{""2010-08-20"": 0.428, ""2010-08-21"": 0.427, ""2010-08-22"": 0.42, ""2010-08-23"": 0.428, ""2010-08-24"": 0.418, ""2010-08-25"": 0.421, ""2010-08-26"": 0.429}",ERA5-Land via Open-Meteo Historical Weather API,era5_land,True
BG_0104,1057859,Manipur,25.09201483354823,93.5239659170768,2010-08-27,0,matched_background_pseudo_absence,False,11.325892892388126,12.113696240128444,42,Copernicus_DSM_COG_10_N25_00_E093_00_DEM,1266.179931640625,29.369100983211837,142.26526825712483,-0.0047952103498775595,28.00402747768289,30.715,True,Copernicus DEM GLO-30 via Microsoft Planetary Computer,,,,,,,,,,,False,False,False,Deferred to Stage 7B-2,,,ESA_WorldCover_10m_2021_v200_N24E093,10.0,Tree cover,ESA WorldCover 2021 v200,2021,11,True,MYD13Q1.A2010233.h26v06.061.2021170011120,2010-08-28T23:59:59.500000+00:00,1.0,7580.0,0.758,3.0,Cloudy,False,NASA MODIS MOD13Q1/MYD13Q1 v6.1 16-day 250m,True,,,,,"{""2010-08-21"": null, ""2010-08-22"": null, ""2010-08-23"": null, ""2010-08-24"": null, ""2010-08-25"": null, ""2010-08-26"": null, ""2010-08-27"": null}",NASA POWER Daily API / PRECTOTCORR,False,0.413,0.409,0.404,0.406,0.4083333333333334,0.40857142857142864,0.004428571428571337,"{""2010-08-21"": 0.422, ""2010-08-22"": 0.414, ""2010-08-23"": 0.401, ""2010-08-24"": 0.398, ""2010-08-25"": 0.403, ""2010-08-26"": 0.409, ""2010-08-27"": 0.413}",ERA5-Land via Open-Meteo Historical Weather API,era5_land,True
BG_0105,1050770,Manipur,24.998874264219296,94.1957687693676,2010-08-27,0,matched_background_pseudo_absence,False,5.292649892209877,34.37135318120369,42,Copernicus_DSM_COG_10_N24_00_E094_00_DEM,1629.141357421875,21.46432364159555,20.292255968456914,0.006246070503314872,28.025307550276867,30.715,True,Copernicus DEM GLO-30 via Microsoft Planetary Computer,,,,,,,,,,,False,False,False,Deferred to Stage 7B-2,,,ESA_WorldCover_10m_2021_v200_N24E093,40.0,Cropland,ESA WorldCover 2021 v200,2021,11,True,MYD13Q1.A2010233.h26v06.061.2021170011120,2010-08-28T23:59:59.500000+00:00,1.0,7586.0,0.7586,3.0,Cloudy,False,NASA MODIS MOD13Q1/MYD13Q1 v6.1 16-day 250m,True,,,,,"{""2010-08-21"": null, ""2010-08-22"": null, ""2010-08-23"": null, ""2010-08-24"": null, ""2010-08-25"": null, ""2010-08-26"": null, ""2010-08-27"": null}",NASA POWER Daily API / PRECTOTCORR,False,0.463,0.444,0.438,0.441,0.449,0.44585714285714284,0.017142857142857182,"{""2010-08-21"": 0.453, ""2010-08-22"": 0.446, ""2010-08-23"": 0.439, ""2010-08-24"": 0.436, ""2010-08-25"": 0.439, ""2010-08-26"": 0.445, ""2010-08-27"": 0.463}",ERA5-Land via Open-Meteo Historical Weather API,era5_land,True
BG_0106,938421,Sikkim,27.70956070319701,88.78441248710774,2010-08-27,0,matched_background_pseudo_absence,False,15.157539939554336,11.921789559776622,42,Copernicus_DSM_COG_10_N27_00_E088_00_DEM,4552.90478515625,22.9085160497706,271.48844820443514,0.002389082856040792,27.37593954878403,30.715,True,Copernicus DEM GLO-30 via Microsoft Planetary Computer,,,,,,,,,,,False,False,False,Deferred to Stage 7B-2,,,ESA_WorldCover_10m_2021_v200_N27E087,30.0,Grassland,ESA WorldCover 2021 v200,2021,11,True,MYD13Q1.A2010233.h25v06.061.2021170011456,2010-08-28T23:59:59.500000+00:00,1.0,36.0,0.0036000000000000003,3.0,Cloudy,False,NASA MODIS MOD13Q1/MYD13Q1 v6.1 16-day 250m,True,,,,,"{""2010-08-21"": null, ""2010-08-22"": null, ""2010-08-23"": null, ""2010-08-24"": null, ""2010-08-25"": null, ""2010-08-26"": null, ""2010-08-27"": null}",NASA POWER Daily API / PRECTOTCORR,False,0.425,0.424,0.422,0.422,0.424,0.4254285714285714,-0.0004285714285713893,"{""2010-08-21"": 0.427, ""2010-08-22"": 0.425, ""2010-08-23"": 0.428, ""2010-08-24"": 0.426, ""2010-08-25"": 0.422, ""2010-08-26"": 0.425, ""2010-08-27"": 0.425}",ERA5-Land via Open-Meteo Historical Weather API,era5_land,True
BG_0107,938451,Sikkim,27.4438276688714,88.72306850229607,2010-09-04,0,matched_background_pseudo_absence,False,7.861961696088383,14.004045755073436,42,Copernicus_DSM_COG_10_N27_00_E088_00_DEM,3262.575927734375,43.096351673094205,176.76036970000018,-0.0023419047323953307,27.442331239444755,30.715,True,Copernicus DEM GLO-30 via Microsoft Planetary Computer,,,,,,,,,,,False,False,False,Deferred to Stage 7B-2,,,ESA_WorldCover_10m_2021_v200_N27E087,10.0,Tree cover,ESA WorldCover 2021 v200,2021,11,True,MOD13Q1.A2010241.h25v06.061.2021172142704,2010-09-05T23:59:59.500000+00:00,1.0,977.0,0.09770000000000001,1.0,Marginal data,True,NASA MODIS MOD13Q1/MYD13Q1 v6.1 16-day 250m,True,0.09770000000000001,,,,"{""2010-08-29"": null, ""2010-08-30"": null, ""2010-08-31"": null, ""2010-09-01"": null, ""2010-09-02"": null, ""2010-09-03"": null, ""2010-09-04"": null}",NASA POWER Daily API / PRECTOTCORR,False,0.428,0.428,0.425,0.426,0.427,0.42600000000000005,0.0019999999999999463,"{""2010-08-29"": 0.427, ""2010-08-30"": 0.426, ""2010-08-31"": 0.424, ""2010-09-01"": 0.424, ""2010-09-02"": 0.426, ""2010-09-03"": 0.427, ""2010-09-04"": 0.428}",ERA5-Land via Open-Meteo Historical Weather API,era5_land,True
BG_0108,1052259,Assam,25.444972702736088,92.89585892212897,2010-09-10,0,matched_background_pseudo_absence,False,13.022253306414196,40.23951844007727,42,Copernicus_DSM_COG_10_N25_00_E092_00_DEM,577.5752563476562,32.91570104001237,13.583842004096653,0.00033158282951995617,27.922715153795263,30.715,True,Copernicus DEM GLO-30 via Microsoft Planetary Computer,,,,,,,,,,,False,False,False,Deferred to Stage 7B-2,,,ESA_WorldCover_10m_2021_v200_N24E090,10.0,Tree cover,ESA WorldCover 2021 v200,2021,11,True,MYD13Q1.A2010249.h26v06.061.2021175223109,2010-09-13T23:59:59.500000+00:00,3.0,8824.0,0.8824000000000001,3.0,Cloudy,False,NASA MODIS MOD13Q1/MYD13Q1 v6.1 16-day 250m,True,,,,,"{""2010-09-04"": null, ""2010-09-05"": null, ""2010-09-06"": null, ""2010-09-07"": null, ""2010-09-08"": null, ""2010-09-09"": null, ""2010-09-10"": null}",NASA POWER Daily API / PRECTOTCORR,False,0.464,0.46,0.474,0.47,0.4673333333333334,0.46971428571428575,-0.005714285714285727,"{""2010-09-04"": 0.482, ""2010-09-05"": 0.468, ""2010-09-06"": 0.461, ""2010-09-07"": 0.475, ""2010-09-08"": 0.47, ""2010-09-09"": 0.468, ""2010-09-10"": 0.464}",ERA5-Land via Open-Meteo Historical Weather API,era5_land,True
BG_0109,1050589,Mizoram,24.062852041460225,93.2588274632164,2010-09-13,0,matched_background_pseudo_absence,False,18.368159051122927,19.620897781127,42,Copernicus_DSM_COG_10_N24_00_E093_00_DEM,554.7672119140625,26.970501626349385,74.57361636038553,-0.01411104349406196,28.235041781668784,30.715,True,Copernicus DEM GLO-30 via Microsoft Planetary Computer,,,,,,,,,,,False,False,False,Deferred to Stage 7B-2,,,ESA_WorldCover_10m_2021_v200_N24E093,10.0,Tree cover,ESA WorldCover 2021 v200,2021,11,True,MYD13Q1.A2010249.h26v06.061.2021175223109,2010-09-13T23:59:59.500000+00:00,0.0,8272.0,0.8272,1.0,Marginal data,True,NASA MODIS MOD13Q1/MYD13Q1 v6.1 16-day 250m,True,0.8272,,,,"{""2010-09-07"": null, ""2010-09-08"": null, ""2010-09-09"": null, ""2010-09-10"": null, ""2010-09-11"": null, ""2010-09-12"": null, ""2010-09-13"": null}",NASA POWER Daily API / PRECTOTCORR,False,0.425,0.426,0.427,0.426,0.421,0.4214285714285714,0.0035714285714286143,"{""2010-09-07"": 0.421, ""2010-09-08"": 0.424, ""2010-09-09"": 0.422, ""2010-09-10"": 0.42, ""2010-09-11"": 0.416, ""2010-09-12"": 0.422, ""2010-09-13"": 0.425}",ERA5-Land via Open-Meteo Historical Weather API,era5_land,True
BG_0110,1050665,Mizoram,24.07930363180985,93.00647853499316,2010-09-13,0,matched_background_pseudo_absence,False,11.12989563687733,4.09732591179651,42,Copernicus_DSM_COG_10_N24_00_E093_00_DEM,594.673583984375,31.53282936288752,253.53677766740697,0.0026051466865904486,28.23142037489304,30.715,True,Copernicus DEM GLO-30 via Microsoft Planetary Computer,,,,,,,,,,,False,False,False,Deferred to Stage 7B-2,,,ESA_WorldCover_10m_2021_v200_N24E093,30.0,Grassland,ESA WorldCover 2021 v200,2021,11,True,MYD13Q1.A2010249.h26v06.061.2021175223109,2010-09-13T23:59:59.500000+00:00,0.0,8817.0,0.8817,1.0,Marginal data,True,NASA MODIS MOD13Q1/MYD13Q1 v6.1 16-day 250m,True,0.8817,,,,"{""2010-09-07"": null, ""2010-09-08"": null, ""2010-09-09"": null, ""2010-09-10"": null, ""2010-09-11"": null, ""2010-09-12"": null, ""2010-09-13"": null}",NASA POWER Daily API / PRECTOTCORR,False,0.423,0.424,0.422,0.422,0.4203333333333333,0.4201428571428571,0.0028571428571428914,"{""2010-09-07"": 0.416, ""2010-09-08"": 0.422, ""2010-09-09"": 0.421, ""2010-09-10"": 0.421, ""2010-09-11"": 0.419, ""2010-09-12"": 0.419, ""2010-09-13"": 0.423}",ERA5-Land via Open-Meteo Historical Weather API,era5_land,True
BG_0111,1050659,Mizoram,23.06476497695733,93.0910587199796,2010-09-13,0,matched_background_pseudo_absence,False,31.082887270243504,54.46231807105205,42,Copernicus_DSM_COG_10_N23_00_E093_00_DEM,1158.546630859375,43.74624346529508,204.92855022748114,0.010400776526382239,28.4503801081247,30.715,True,Copernicus DEM GLO-30 via Microsoft Planetary Computer,,,,,,,,,,,False,False,False,Deferred to Stage 7B-2,,,ESA_WorldCover_10m_2021_v200_N21E093,10.0,Tree cover,ESA WorldCover 2021 v200,2021,11,True,MYD13Q1.A2010249.h26v06.061.2021175223109,2010-09-13T23:59:59.500000+00:00,0.0,7383.0,0.7383000000000001,3.0,Cloudy,False,NASA MODIS MOD13Q1/MYD13Q1 v6.1 16-day 250m,True,,,,,"{""2010-09-07"": null, ""2010-09-08"": null, ""2010-09-09"": null, ""2010-09-10"": null, ""2010-09-11"": null, ""2010-09-12"": null, ""2010-09-13"": null}",NASA POWER Daily API / PRECTOTCORR,False,0.423,0.423,0.41,0.414,0.4186666666666667,0.40914285714285714,0.013857142857142846,"{""2010-09-07"": 0.401, ""2010-09-08"": 0.399, ""2010-09-09"": 0.402, ""2010-09-10"": 0.406, ""2010-09-11"": 0.413, ""2010-09-12"": 0.42, ""2010-09-13"": 0.423}",ERA5-Land via Open-Meteo Historical Weather API,era5_land,True
BG_0112,1050638,Mizoram,24.026391156639143,92.57545842871968,2010-09-13,0,matched_background_pseudo_absence,False,9.591988428204068,27.56625104924117,42,Copernicus_DSM_COG_10_N24_00_E092_00_DEM,136.83448791503906,13.27947082455105,252.49568737907106,0.0014656569363442193,28.243059437938747,30.715,True,Copernicus DEM GLO-30 via Microsoft Planetary Computer,,,,,,,,,,,False,False,False,Deferred to Stage 7B-2,,,ESA_WorldCover_10m_2021_v200_N24E090,10.0,Tree cover,ESA WorldCover 2021 v200,2021,11,True,MYD13Q1.A2010249.h26v06.061.2021175223109,2010-09-13T23:59:59.500000+00:00,0.0,7086.0,0.7086,3.0,Cloudy,False,NASA MODIS MOD13Q1/MYD13Q1 v6.1 16-day 250m,True,,,,,"{""2010-09-07"": null, ""2010-09-08"": null, ""2010-09-09"": null, ""2010-09-10"": null, ""2010-09-11"": null, ""2010-09-12"": null, ""2010-09-13"": null}",NASA POWER Daily API / PRECTOTCORR,False,0.419,0.42,0.418,0.418,0.418,0.416,0.0030000000000000027,"{""2010-09-07"": 0.402, ""2010-09-08"": 0.415, ""2010-09-09"": 0.421, ""2010-09-10"": 0.42, ""2010-09-11"": 0.421, ""2010-09-12"": 0.414, ""2010-09-13"": 0.419}",ERA5-Land via Open-Meteo Historical Weather API,era5_land,True
BG_0113,1050611,Mizoram,23.188635442220303,92.89160492248368,2010-09-13,0,matched_background_pseudo_absence,False,14.307991299453,24.61125340118724,42,Copernicus_DSM_COG_10_N23_00_E092_00_DEM,801.0948486328125,22.371242986311522,250.03258515034295,-0.012239330555627736,28.424122853150838,30.715,True,Copernicus DEM GLO-30 via Microsoft Planetary Computer,,,,,,,,,,,False,False,False,Deferred to Stage 7B-2,,,ESA_WorldCover_10m_2021_v200_N21E090,10.0,Tree cover,ESA WorldCover 2021 v200,2021,11,True,MYD13Q1.A2010249.h26v06.061.2021175223109,2010-09-13T23:59:59.500000+00:00,0.0,5473.0,0.5473,3.0,Cloudy,False,NASA MODIS MOD13Q1/MYD13Q1 v6.1 16-day 250m,True,,,,,"{""2010-09-07"": null, ""2010-09-08"": null, ""2010-09-09"": null, ""2010-09-10"": null, ""2010-09-11"": null, ""2010-09-12"": null, ""2010-09-13"": null}",NASA POWER Daily API / PRECTOTCORR,False,0.424,0.424,0.411,0.415,0.42,0.41000000000000003,0.013999999999999957,"{""2010-09-07"": 0.396, ""2010-09-08"": 0.399, ""2010-09-09"": 0.406, ""2010-09-10"": 0.409, ""2010-09-11"": 0.415, ""2010-09-12"": 0.421, ""2010-09-13"": 0.424}",ERA5-Land via Open-Meteo Historical Weather API,era5_land,True
BG_0114,1050685,Mizoram,23.82727879428117,92.77061545266312,2010-09-13,0,matched_background_pseudo_absence,False,8.670539829895338,26.76626449714733,42,Copernicus_DSM_COG_10_N23_00_E092_00_DEM,393.13055419921875,14.524116544511541,131.32660139266045,0.025134581061486035,28.286641885524993,30.715,True,Copernicus DEM GLO-30 via Microsoft Planetary Computer,,,,,,,,,,,False,False,False,Deferred to Stage 7B-2,,,ESA_WorldCover_10m_2021_v200_N21E090,10.0,Tree cover,ESA WorldCover 2021 v200,2021,11,True,MYD13Q1.A2010249.h26v06.061.2021175223109,2010-09-13T23:59:59.500000+00:00,0.0,5115.0,0.5115000000000001,3.0,Cloudy,False,NASA MODIS MOD13Q1/MYD13Q1 v6.1 16-day 250m,True,,,,,"{""2010-09-07"": null, ""2010-09-08"": null, ""2010-09-09"": null, ""2010-09-10"": null, ""2010-09-11"": null, ""2010-09-12"": null, ""2010-09-13"": null}",NASA POWER Daily API / PRECTOTCORR,False,0.422,0.423,0.418,0.419,0.4183333333333333,0.417,0.0050000000000000044,"{""2010-09-07"": 0.411, ""2010-09-08"": 0.416, ""2010-09-09"": 0.418, ""2010-09-10"": 0.419, ""2010-09-11"": 0.416, ""2010-09-12"": 0.417, ""2010-09-13"": 0.422}",ERA5-Land via Open-Meteo Historical Weather API,era5_land,True
BG_0115,1050590,Mizoram,24.13866051412099,92.57346919624378,2010-09-13,0,matched_background_pseudo_absence,False,12.083059252495714,12.48543341165658,42,Copernicus_DSM_COG_10_N24_00_E092_00_DEM,77.08016204833984,17.307947396839403,268.35774343051264,0.0035595920525423406,28.218335093255064,30.715,True,Copernicus DEM GLO-30 via Microsoft Planetary Computer,,,,,,,,,,,False,False,False,Deferred to Stage 7B-2,,,ESA_WorldCover_10m_2021_v200_N24E090,10.0,Tree cover,ESA WorldCover 2021 v200,2021,11,True,MYD13Q1.A2010249.h26v06.061.2021175223109,2010-09-13T23:59:59.500000+00:00,0.0,6707.0,0.6707000000000001,3.0,Cloudy,False,NASA MODIS MOD13Q1/MYD13Q1 v6.1 16-day 250m,True,,,,,"{""2010-09-07"": null, ""2010-09-08"": null, ""2010-09-09"": null, ""2010-09-10"": null, ""2010-09-11"": null, ""2010-09-12"": null, ""2010-09-13"": null}",NASA POWER Daily API / PRECTOTCORR,False,0.418,0.421,0.413,0.415,0.41733333333333333,0.41571428571428565,0.0022857142857143353,"{""2010-09-07"": 0.4, ""2010-09-08"": 0.415, ""2010-09-09"": 0.421, ""2010-09-10"": 0.422, ""2010-09-11"": 0.421, ""2010-09-12"": 0.413, ""2010-09-13"": 0.418}",ERA5-Land via Open-Meteo Historical Weather API,era5_land,True
BG_0116,1050592,Mizoram,23.515877557802387,92.8049717735965,2010-09-13,0,matched_background_pseudo_absence,False,6.548208948784799,34.80260584361504,42,Copernicus_DSM_COG_10_N23_00_E092_00_DEM,460.5346374511719,32.8078326476305,231.23358693242034,0.003074577211533353,28.35411742892713,30.715,True,Copernicus DEM GLO-30 via Microsoft Planetary Computer,,,,,,,,,,,False,False,False,Deferred to Stage 7B-2,,,ESA_WorldCover_10m_2021_v200_N21E090,10.0,Tree cover,ESA WorldCover 2021 v200,2021,11,True,MYD13Q1.A2010249.h26v06.061.2021175223109,2010-09-13T23:59:59.500000+00:00,0.0,4062.0,0.4062,3.0,Cloudy,False,NASA MODIS MOD13Q1/MYD13Q1 v6.1 16-day 250m,True,,,,,"{""2010-09-07"": null, ""2010-09-08"": null, ""2010-09-09"": null, ""2010-09-10"": null, ""2010-09-11"": null, ""2010-09-12"": null, ""2010-09-13"": null}",NASA POWER Daily API / PRECTOTCORR,False,0.423,0.424,0.416,0.418,0.4183333333333333,0.4138571428571428,0.009142857142857175,"{""2010-09-07"": 0.407, ""2010-09-08"": 0.409, ""2010-09-09"": 0.413, ""2010-09-10"": 0.413, ""2010-09-11"": 0.414, ""2010-09-12"": 0.418, ""2010-09-13"": 0.423}",ERA5-Land via Open-Meteo Historical Weather API,era5_land,True
BG_0117,1050585,Mizoram,23.99964384529446,92.50710593183707,2010-09-16,0,matched_background_pseudo_absence,False,16.857675500676482,7.552898173986442,42,Copernicus_DSM_COG_10_N23_00_E092_00_DEM,629.6746215820312,34.12456382908209,179.22561852212505,-0.02805077666779009,28.248933831569808,30.715,True,Copernicus DEM GLO-30 via Microsoft Planetary Computer,,,,,,,,,,,False,False,False,Deferred to Stage 7B-2,,,ESA_WorldCover_10m_2021_v200_N21E090,10.0,Tree cover,ESA WorldCover 2021 v200,2021,11,True,MYD13Q1.A2010249.h26v06.061.2021175223109,2010-09-13T23:59:59.500000+00:00,3.0,7271.0,0.7271000000000001,3.0,Cloudy,False,NASA MODIS MOD13Q1/MYD13Q1 v6.1 16-day 250m,True,,,,,"{""2010-09-10"": null, ""2010-09-11"": null, ""2010-09-12"": null, ""2010-09-13"": null, ""2010-09-14"": null, ""2010-09-15"": null, ""2010-09-16"": null}",NASA POWER Daily API / PRECTOTCORR,False,0.421,0.429,0.426,0.427,0.4186666666666667,0.415,0.006000000000000005,"{""2010-09-10"": 0.415, ""2010-09-11"": 0.417, ""2010-09-12"": 0.405, ""2010-09-13"": 0.412, ""2010-09-14"": 0.42, ""2010-09-15"": 0.415, ""2010-09-16"": 0.421}",ERA5-Land via Open-Meteo Historical Weather API,era5_land,True
BG_0118,1050707,Manipur,24.34644491880453,94.21452058375252,2010-09-16,0,matched_background_pseudo_absence,False,9.20712092963944,5.988070859924935,42,Copernicus_DSM_COG_10_N24_00_E094_00_DEM,558.6339111328125,20.617441995750294,27.839041621506567,0.006561626560496794,28.172290347625417,30.715,True,Copernicus DEM GLO-30 via Microsoft Planetary Computer,,,,,,,,,,,False,False,False,Deferred to Stage 7B-2,,,ESA_WorldCover_10m_2021_v200_N24E093,10.0,Tree cover,ESA WorldCover 2021 v200,2021,11,True,MYD13Q1.A2010249.h26v06.061.2021175223109,2010-09-13T23:59:59.500000+00:00,3.0,898.0,0.0898,3.0,Cloudy,False,NASA MODIS MOD13Q1/MYD13Q1 v6.1 16-day 250m,True,,,,,"{""2010-09-10"": null, ""2010-09-11"": null, ""2010-09-12"": null, ""2010-09-13"": null, ""2010-09-14"": null, ""2010-09-15"": null, ""2010-09-16"": null}",NASA POWER Daily API / PRECTOTCORR,False,0.425,0.426,0.427,0.427,0.425,0.4222857142857142,0.00271428571428578,"{""2010-09-10"": 0.417, ""2010-09-11"": 0.42, ""2010-09-12"": 0.421, ""2010-09-13"": 0.423, ""2010-09-14"": 0.426, ""2010-09-15"": 0.424, ""2010-09-16"": 0.425}",ERA5-Land via Open-Meteo Historical Weather API,era5_land,True
BG_0119,1057862,Manipur,25.2422471831668,93.8373211983724,2010-10-08,0,matched_background_pseudo_absence,False,9.699017182062777,10.77034539601183,42,Copernicus_DSM_COG_10_N25_00_E093_00_DEM,1211.1341552734375,30.871204326120367,72.53478609154843,-0.007776326099788836,27.96954757073158,30.715,True,Copernicus DEM GLO-30 via Microsoft Planetary Computer,,,,,,,,,,,False,False,False,Deferred to Stage 7B-2,,,ESA_WorldCover_10m_2021_v200_N24E093,10.0,Tree cover,ESA WorldCover 2021 v200,2021,11,True,MOD13Q1.A2010273.h26v06.061.2021176080726,2010-10-07T23:59:59.500000+00:00,1.0,8707.0,0.8707,0.0,Good data,True,NASA MODIS MOD13Q1/MYD13Q1 v6.1 16-day 250m,True,0.8707,,,,"{""2010-10-02"": null, ""2010-10-03"": null, ""2010-10-04"": null, ""2010-10-05"": null, ""2010-10-06"": null, ""2010-10-07"": null, ""2010-10-08"": null}",NASA POWER Daily API / PRECTOTCORR,False,0.428,0.428,0.419,0.421,0.4223333333333333,0.4045714285714285,0.023428571428571465,"{""2010-10-02"": 0.401, ""2010-10-03"": 0.392, ""2010-10-04"": 0.389, ""2010-10-05"": 0.383, ""2010-10-06"": 0.411, ""2010-10-07"": 0.428, ""2010-10-08"": 0.428}",ERA5-Land via Open-Meteo Historical Weather API,era5_land,True
BG_0120,1057706,Manipur,25.033562493975268,94.1957597628088,2010-10-08,0,matched_background_pseudo_absence,False,8.626098623152156,3.8571605976392473,42,Copernicus_DSM_COG_10_N25_00_E094_00_DEM,1300.4990234375,29.559131710335716,219.66840289953984,-0.008163206571389187,28.01739089037741,30.715,True,Copernicus DEM GLO-30 via Microsoft Planetary Computer,,,,,,,,,,,False,False,False,Deferred to Stage 7B-2,,,ESA_WorldCover_10m_2021_v200_N24E093,10.0,Tree cover,ESA WorldCover 2021 v200,2021,11,True,MOD13Q1.A2010273.h26v06.061.2021176080726,2010-10-07T23:59:59.500000+00:00,1.0,8027.0,0.8027000000000001,1.0,Marginal data,True,NASA MODIS MOD13Q1/MYD13Q1 v6.1 16-day 250m,True,0.8027000000000001,,,,"{""2010-10-02"": null, ""2010-10-03"": null, ""2010-10-04"": null, ""2010-10-05"": null, ""2010-10-06"": null, ""2010-10-07"": null, ""2010-10-08"": null}",NASA POWER Daily API / PRECTOTCORR,False,0.465,0.478,0.48,0.478,0.46866666666666673,0.45471428571428574,0.010285714285714287,"{""2010-10-02"": 0.449, ""2010-10-03"": 0.442, ""2010-10-04"": 0.441, ""2010-10-05"": 0.445, ""2010-10-06"": 0.471, ""2010-10-07"": 0.47, ""2010-10-08"": 0.465}",ERA5-Land via Open-Meteo Historical Weather API,era5_land,True
BG_0121,1050768,Manipur,25.306878224693683,93.84130153178518,2010-10-08,0,matched_background_pseudo_absence,False,16.8436875572173,7.197789490268993,42,Copernicus_DSM_COG_10_N25_00_E093_00_DEM,1773.393310546875,33.76604579758369,269.19210411356676,0.0016586572651001098,27.954654893903996,30.715,True,Copernicus DEM GLO-30 via Microsoft Planetary Computer,,,,,,,,,,,False,False,False,Deferred to Stage 7B-2,,,ESA_WorldCover_10m_2021_v200_N24E093,10.0,Tree cover,ESA WorldCover 2021 v200,2021,11,True,MOD13Q1.A2010273.h26v06.061.2021176080726,2010-10-07T23:59:59.500000+00:00,1.0,9008.0,0.9008,1.0,Marginal data,True,NASA MODIS MOD13Q1/MYD13Q1 v6.1 16-day 250m,True,0.9008,,,,"{""2010-10-02"": null, ""2010-10-03"": null, ""2010-10-04"": null, ""2010-10-05"": null, ""2010-10-06"": null, ""2010-10-07"": null, ""2010-10-08"": null}",NASA POWER Daily API / PRECTOTCORR,False,0.428,0.429,0.424,0.425,0.4246666666666667,0.409,0.019000000000000017,"{""2010-10-02"": 0.407, ""2010-10-03"": 0.396, ""2010-10-04"": 0.397, ""2010-10-05"": 0.389, ""2010-10-06"": 0.418, ""2010-10-07"": 0.428, ""2010-10-08"": 0.428}",ERA5-Land via Open-Meteo Historical Weather API,era5_land,True
BG_0122,1056279,Manipur,24.244814171677916,93.13559281519716,2010-10-08,0,matched_background_pseudo_absence,False,6.986636988417708,7.752022638919091,42,Copernicus_DSM_COG_10_N24_00_E093_00_DEM,678.5418701171875,29.287011939932135,144.45866649932583,-0.0011045170247307831,28.1948579147239,30.715,True,Copernicus DEM GLO-30 via Microsoft Planetary Computer,,,,,,,,,,,False,False,False,Deferred to Stage 7B-2,,,ESA_WorldCover_10m_2021_v200_N24E093,10.0,Tree cover,ESA WorldCover 2021 v200,2021,11,True,MOD13Q1.A2010273.h26v06.061.2021176080726,2010-10-07T23:59:59.500000+00:00,1.0,8977.0,0.8977,0.0,Good data,True,NASA MODIS MOD13Q1/MYD13Q1 v6.1 16-day 250m,True,0.8977,,,,"{""2010-10-02"": null, ""2010-10-03"": null, ""2010-10-04"": null, ""2010-10-05"": null, ""2010-10-06"": null, ""2010-10-07"": null, ""2010-10-08"": null}",NASA POWER Daily API / PRECTOTCORR,False,0.427,0.428,0.429,0.428,0.4283333333333333,0.41114285714285714,0.015857142857142847,"{""2010-10-02"": 0.396, ""2010-10-03"": 0.39, ""2010-10-04"": 0.396, ""2010-10-05"": 0.411, ""2010-10-06"": 0.429, ""2010-10-07"": 0.429, ""2010-10-08"": 0.427}",ERA5-Land via Open-Meteo Historical Weather API,era5_land,True
BG_0123,1055067,Manipur,24.712635493673,94.00227967429156,2010-10-09,0,matched_background_pseudo_absence,False,6.371716983713076,28.341934979375218,42,Copernicus_DSM_COG_10_N24_00_E094_00_DEM,780.6622924804688,2.948847674167056,287.24832776333784,0.0004538846757685492,28.09024150897042,30.715,True,Copernicus DEM GLO-30 via Microsoft Planetary Computer,,,,,,,,,,,False,False,False,Deferred to Stage 7B-2,,,ESA_WorldCover_10m_2021_v200_N24E093,40.0,Cropland,ESA WorldCover 2021 v200,2021,11,True,MOD13Q1.A2010273.h26v06.061.2021176080726,2010-10-07T23:59:59.500000+00:00,2.0,6526.0,0.6526000000000001,1.0,Marginal data,True,NASA MODIS MOD13Q1/MYD13Q1 v6.1 16-day 250m,True,0.6526000000000001,,,,"{""2010-10-03"": null, ""2010-10-04"": null, ""2010-10-05"": null, ""2010-10-06"": null, ""2010-10-07"": null, ""2010-10-08"": null, ""2010-10-09"": null}",NASA POWER Daily API / PRECTOTCORR,False,0.459,0.461,0.512,0.498,0.47500000000000003,0.47214285714285714,-0.013142857142857123,"{""2010-10-03"": 0.45, ""2010-10-04"": 0.465, ""2010-10-05"": 0.472, ""2010-10-06"": 0.493, ""2010-10-07"": 0.488, ""2010-10-08"": 0.478, ""2010-10-09"": 0.459}",ERA5-Land via Open-Meteo Historical Weather API,era5_land,True
BG_0124,1050673,Assam,25.768186172634497,93.0535928355548,2010-10-09,0,matched_background_pseudo_absence,False,27.83713315272818,39.266125281607394,42,Copernicus_DSM_COG_10_N25_00_E093_00_DEM,101.6517105102539,19.120471206683668,224.4590839791831,0.0026568456872277215,27.847325637500465,30.715,True,Copernicus DEM GLO-30 via Microsoft Planetary Computer,,,,,,,,,,,False,False,False,Deferred to Stage 7B-2,,,ESA_WorldCover_10m_2021_v200_N24E093,10.0,Tree cover,ESA WorldCover 2021 v200,2021,11,True,MOD13Q1.A2010273.h26v06.061.2021176080726,2010-10-07T23:59:59.500000+00:00,2.0,7996.0,0.7996000000000001,0.0,Good data,True,NASA MODIS MOD13Q1/MYD13Q1 v6.1 16-day 250m,True,0.7996000000000001,,,,"{""2010-10-03"": null, ""2010-10-04"": null, ""2010-10-05"": null, ""2010-10-06"": null, ""2010-10-07"": null, ""2010-10-08"": null, ""2010-10-09"": null}",NASA POWER Daily API / PRECTOTCORR,False,0.48,0.462,0.512,0.499,0.4883333333333333,0.46071428571428574,0.01928571428571424,"{""2010-10-03"": 0.419, ""2010-10-04"": 0.422, ""2010-10-05"": 0.444, ""2010-10-06"": 0.475, ""2010-10-07"": 0.493, ""2010-10-08"": 0.492, ""2010-10-09"": 0.48}",ERA5-Land via Open-Meteo Historical Weather API,era5_land,True
BG_0125,1050721,Assam,26.915261559774915,92.75833967591277,2010-10-09,0,matched_background_pseudo_absence,False,5.967817409654416,48.69408207536368,42,Copernicus_DSM_COG_10_N26_00_E092_00_DEM,113.9905776977539,2.331183300958525,209.55504171791816,-0.0007361057375306973,27.572633894213258,30.715,True,Copernicus DEM GLO-30 via Microsoft Planetary Computer,,,,,,,,,,,False,False,False,Deferred to Stage 7B-2,,,ESA_WorldCover_10m_2021_v200_N24E090,10.0,Tree cover,ESA WorldCover 2021 v200,2021,11,True,MOD13Q1.A2010273.h26v06.061.2021176080726,2010-10-07T23:59:59.500000+00:00,2.0,7758.0,0.7758,0.0,Good data,True,NASA MODIS MOD13Q1/MYD13Q1 v6.1 16-day 250m,True,0.7758,,,,"{""2010-10-03"": null, ""2010-10-04"": null, ""2010-10-05"": null, ""2010-10-06"": null, ""2010-10-07"": null, ""2010-10-08"": null, ""2010-10-09"": null}",NASA POWER Daily API / PRECTOTCORR,False,0.4,0.414,0.414,0.413,0.4156666666666667,0.3851428571428571,0.014857142857142902,"{""2010-10-03"": 0.345, ""2010-10-04"": 0.339, ""2010-10-05"": 0.366, ""2010-10-06"": 0.399, ""2010-10-07"": 0.417, ""2010-10-08"": 0.43, ""2010-10-09"": 0.4}",ERA5-Land via Open-Meteo Historical Weather API,era5_land,True
BG_0126,1057864,Manipur,24.01975518681486,93.47258849183646,2010-10-09,0,matched_background_pseudo_absence,False,34.1369378855275,19.565364121663265,42,Copernicus_DSM_COG_10_N24_00_E093_00_DEM,1012.168212890625,27.210462878707176,350.7073832692472,0.004410360169598576,28.24451744076867,30.715,True,Copernicus DEM GLO-30 via Microsoft Planetary Computer,,,,,,,,,,,False,False,False,Deferred to Stage 7B-2,,,ESA_WorldCover_10m_2021_v200_N24E093,10.0,Tree cover,ESA WorldCover 2021 v200,2021,11,True,MOD13Q1.A2010273.h26v06.061.2021176080726,2010-10-07T23:59:59.500000+00:00,2.0,9419.0,0.9419000000000001,0.0,Good data,True,NASA MODIS MOD13Q1/MYD13Q1 v6.1 16-day 250m,True,0.9419000000000001,,,,"{""2010-10-03"": null, ""2010-10-04"": null, ""2010-10-05"": null, ""2010-10-06"": null, ""2010-10-07"": null, ""2010-10-08"": null, ""2010-10-09"": null}",NASA POWER Daily API / PRECTOTCORR,False,0.419,0.421,0.427,0.426,0.425,0.41428571428571426,0.004714285714285726,"{""2010-10-03"": 0.394, ""2010-10-04"": 0.398, ""2010-10-05"": 0.405, ""2010-10-06"": 0.428, ""2010-10-07"": 0.429, ""2010-10-08"": 0.427, ""2010-10-09"": 0.419}",ERA5-Land via Open-Meteo Historical Weather API,era5_land,True
BG_0127,1050670,Assam,25.825581846862995,92.66480545332004,2010-10-09,0,matched_background_pseudo_absence,False,23.381628947311004,11.760957839478715,42,Copernicus_DSM_COG_10_N25_00_E092_00_DEM,431.76556396484375,37.285972524806695,221.2090376290594,-0.0018904132266678142,27.833845377545337,30.715,True,Copernicus DEM GLO-30 via Microsoft Planetary Computer,,,,,,,,,,,False,False,False,Deferred to Stage 7B-2,,,ESA_WorldCover_10m_2021_v200_N24E090,10.0,Tree cover,ESA WorldCover 2021 v200,2021,11,True,MOD13Q1.A2010273.h26v06.061.2021176080726,2010-10-07T23:59:59.500000+00:00,2.0,8920.0,0.892,1.0,Marginal data,True,NASA MODIS MOD13Q1/MYD13Q1 v6.1 16-day 250m,True,0.892,,,,"{""2010-10-03"": null, ""2010-10-04"": null, ""2010-10-05"": null, ""2010-10-06"": null, ""2010-10-07"": null, ""2010-10-08"": null, ""2010-10-09"": null}",NASA POWER Daily API / PRECTOTCORR,False,0.436,0.481,0.472,0.471,0.46833333333333327,0.47171428571428564,-0.03571428571428564,"{""2010-10-03"": 0.47, ""2010-10-04"": 0.476, ""2010-10-05"": 0.478, ""2010-10-06"": 0.473, ""2010-10-07"": 0.477, ""2010-10-08"": 0.492, ""2010-10-09"": 0.436}",ERA5-Land via Open-Meteo Historical Weather API,era5_land,True
BG_0128,1057788,Manipur,24.577765785551424,94.42907453407616,2010-10-09,0,matched_background_pseudo_absence,False,26.50247500670721,11.80063981500425,42,Copernicus_DSM_COG_10_N24_00_E094_00_DEM,363.335693359375,27.319694371074224,356.19153982754403,-0.0040025646521175936,28.120594137803298,30.715,True,Copernicus DEM GLO-30 via Microsoft Planetary Computer,,,,,,,,,,,False,False,False,Deferred to Stage 7B-2,,,ESA_WorldCover_10m_2021_v200_N24E093,10.0,Tree cover,ESA WorldCover 2021 v200,2021,11,True,MOD13Q1.A2010273.h26v06.061.2021176080726,2010-10-07T23:59:59.500000+00:00,2.0,8772.0,0.8772000000000001,0.0,Good data,True,NASA MODIS MOD13Q1/MYD13Q1 v6.1 16-day 250m,True,0.8772000000000001,,,,"{""2010-10-03"": null, ""2010-10-04"": null, ""2010-10-05"": null, ""2010-10-06"": null, ""2010-10-07"": null, ""2010-10-08"": null, ""2010-10-09"": null}",NASA POWER Daily API / PRECTOTCORR,False,0.42,0.423,0.428,0.426,0.42533333333333334,0.4144285714285714,0.0055714285714285605,"{""2010-10-03"": 0.392, ""2010-10-04"": 0.4, ""2010-10-05"": 0.405, ""2010-10-06"": 0.428, ""2010-10-07"": 0.428, ""2010-10-08"": 0.428, ""2010-10-09"": 0.42}",ERA5-Land via Open-Meteo Historical Weather API,era5_land,True
BG_0129,1050272,Assam,26.55037086488575,90.16674075052042,2011-05-04,0,matched_background_pseudo_absence,False,51.78448465811045,22.372976434129697,42,Copernicus_DSM_COG_10_N26_00_E090_00_DEM,66.11907958984375,1.8361010377374982,336.6805331271946,-0.0010932860970518697,27.66121867573258,30.715,True,Copernicus DEM GLO-30 via Microsoft Planetary Computer,,,,,,,,,,,False,False,False,Deferred to Stage 7B-2,,,ESA_WorldCover_10m_2021_v200_N24E090,10.0,Tree cover,ESA WorldCover 2021 v200,2021,10,True,MOD13Q1.A2011113.h25v06.061.2021192102313,2011-04-30T23:59:59.500000+00:00,4.0,,,,,False,NASA MODIS MOD13Q1/MYD13Q1 v6.1 16-day 250m,False,,,,,"{""2011-04-28"": null, ""2011-04-29"": null, ""2011-04-30"": null, ""2011-05-01"": null, ""2011-05-02"": null, ""2011-05-03"": null, ""2011-05-04"": null}",NASA POWER Daily API / PRECTOTCORR,False,0.476,0.484,0.496,0.492,0.4796666666666667,0.4665714285714286,0.009428571428571397,"{""2011-04-28"": 0.463, ""2011-04-29"": 0.455, ""2011-04-30"": 0.443, ""2011-05-01"": 0.466, ""2011-05-02"": 0.487, ""2011-05-03"": 0.476, ""2011-05-04"": 0.476}",ERA5-Land via Open-Meteo Historical Weather API,era5_land,True
BG_0130,1050767,Manipur,24.110231164455808,93.0656118950107,2011-05-22,0,matched_background_pseudo_absence,False,11.399287337249088,6.019481560399694,42,Copernicus_DSM_COG_10_N24_00_E093_00_DEM,419.52923583984375,29.52804444152449,212.44728916232526,0.022206641561788226,28.224606150446682,30.715,True,Copernicus DEM GLO-30 via Microsoft Planetary Computer,,,,,,,,,,,False,False,False,Deferred to Stage 7B-2,,,ESA_WorldCover_10m_2021_v200_N24E093,10.0,Tree cover,ESA WorldCover 2021 v200,2021,10,True,MYD13Q1.A2011137.h26v06.061.2021190154958,2011-05-24T23:59:59.500000+00:00,2.0,8253.0,0.8253,1.0,Marginal data,True,NASA MODIS MOD13Q1/MYD13Q1 v6.1 16-day 250m,True,0.8253,,,,"{""2011-05-16"": null, ""2011-05-17"": null, ""2011-05-18"": null, ""2011-05-19"": null, ""2011-05-20"": null, ""2011-05-21"": null, ""2011-05-22"": null}",NASA POWER Daily API / PRECTOTCORR,False,0.4,0.391,0.295,0.323,0.408,0.39571428571428574,0.004285714285714282,"{""2011-05-16"": 0.358, ""2011-05-17"": 0.389, ""2011-05-18"": 0.395, ""2011-05-19"": 0.404, ""2011-05-20"": 0.41, ""2011-05-21"": 0.414, ""2011-05-22"": 0.4}",ERA5-Land via Open-Meteo Historical Weather API,era5_land,True
BG_0131,1050644,Assam,25.3015479528674,93.25528627021843,2011-05-24,0,matched_background_pseudo_absence,False,12.242304782765272,17.550258271012797,42,Copernicus_DSM_COG_10_N25_00_E093_00_DEM,815.5151977539062,18.669192518309597,339.19893640467967,-0.0025384177014911016,27.95588447357083,30.715,True,Copernicus DEM GLO-30 via Microsoft Planetary Computer,,,,,,,,,,,False,False,False,Deferred to Stage 7B-2,,,ESA_WorldCover_10m_2021_v200_N24E093,10.0,Tree cover,ESA WorldCover 2021 v200,2021,10,True,MYD13Q1.A2011137.h26v06.061.2021190154958,2011-05-24T23:59:59.500000+00:00,0.0,8301.0,0.8301000000000001,1.0,Marginal data,True,NASA MODIS MOD13Q1/MYD13Q1 v6.1 16-day 250m,True,0.8301000000000001,,,,"{""2011-05-18"": null, ""2011-05-19"": null, ""2011-05-20"": null, ""2011-05-21"": null, ""2011-05-22"": null, ""2011-05-23"": null, ""2011-05-24"": null}",NASA POWER Daily API / PRECTOTCORR,False,0.483,0.478,0.443,0.453,0.48233333333333334,0.4847142857142857,-0.0017142857142857237,"{""2011-05-18"": 0.484, ""2011-05-19"": 0.48, ""2011-05-20"": 0.481, ""2011-05-21"": 0.501, ""2011-05-22"": 0.476, ""2011-05-23"": 0.488, ""2011-05-24"": 0.483}",ERA5-Land via Open-Meteo Historical Weather API,era5_land,True
BG_0132,1054637,Manipur,24.959977011795885,94.32675414679152,2011-05-31,0,matched_background_pseudo_absence,False,5.91300872315774,13.892936362915504,42,Copernicus_DSM_COG_10_N24_00_E094_00_DEM,1254.1522216796875,25.639034177385184,335.5508963810898,0.0026469270799924943,28.034172589184884,30.715,True,Copernicus DEM GLO-30 via Microsoft Planetary Computer,,,,,,,,,,,False,False,False,Deferred to Stage 7B-2,,,ESA_WorldCover_10m_2021_v200_N24E093,10.0,Tree cover,ESA WorldCover 2021 v200,2021,10,True,MOD13Q1.A2011145.h26v06.061.2021193153707,2011-06-01T23:59:59.500000+00:00,1.0,3031.0,0.30310000000000004,3.0,Cloudy,False,NASA MODIS MOD13Q1/MYD13Q1 v6.1 16-day 250m,True,,,,,"{""2011-05-25"": null, ""2011-05-26"": null, ""2011-05-27"": null, ""2011-05-28"": null, ""2011-05-29"": null, ""2011-05-30"": null, ""2011-05-31"": null}",NASA POWER Daily API / PRECTOTCORR,False,0.424,0.423,0.369,0.384,0.421,0.39842857142857147,0.025571428571428523,"{""2011-05-25"": 0.374, ""2011-05-26"": 0.369, ""2011-05-27"": 0.39, ""2011-05-28"": 0.393, ""2011-05-29"": 0.411, ""2011-05-30"": 0.428, ""2011-05-31"": 0.424}",ERA5-Land via Open-Meteo Historical Weather API,era5_land,True
BG_0133,1051014,Manipur,24.96613607148811,94.0723093123072,2011-05-31,0,matched_background_pseudo_absence,False,5.665033472217677,12.965189792761104,42,Copernicus_DSM_COG_10_N24_00_E094_00_DEM,900.73779296875,27.71652886027577,315.49589888853484,-0.013764605938055223,28.0327697441091,30.715,True,Copernicus DEM GLO-30 via Microsoft Planetary Computer,,,,,,,,,,,False,False,False,Deferred to Stage 7B-2,,,ESA_WorldCover_10m_2021_v200_N24E093,10.0,Tree cover,ESA WorldCover 2021 v200,2021,10,True,MOD13Q1.A2011145.h26v06.061.2021193153707,2011-06-01T23:59:59.500000+00:00,1.0,7117.0,0.7117,1.0,Marginal data,True,NASA MODIS MOD13Q1/MYD13Q1 v6.1 16-day 250m,True,0.7117,,,,"{""2011-05-25"": null, ""2011-05-26"": null, ""2011-05-27"": null, ""2011-05-28"": null, ""2011-05-29"": null, ""2011-05-30"": null, ""2011-05-31"": null}",NASA POWER Daily API / PRECTOTCORR,False,0.486,0.495,0.48,0.484,0.48699999999999993,0.47914285714285715,0.0068571428571428394,"{""2011-05-25"": 0.474, ""2011-05-26"": 0.466, ""2011-05-27"": 0.472, ""2011-05-28"": 0.481, ""2011-05-29"": 0.484, ""2011-05-30"": 0.491, ""2011-05-31"": 0.486}",ERA5-Land via Open-Meteo Historical Weather API,era5_land,True
BG_0134,1050836,Manipur,24.22516323454964,93.33915162057464,2011-05-31,0,matched_background_pseudo_absence,False,7.893020430256399,4.443225550073765,42,Copernicus_DSM_COG_10_N24_00_E093_00_DEM,693.3499755859375,23.316144427843053,304.78729044456145,0.014134203117503718,28.199211261746196,30.715,True,Copernicus DEM GLO-30 via Microsoft Planetary Computer,,,,,,,,,,,False,False,False,Deferred to Stage 7B-2,,,ESA_WorldCover_10m_2021_v200_N24E093,10.0,Tree cover,ESA WorldCover 2021 v200,2021,10,True,MOD13Q1.A2011145.h26v06.061.2021193153707,2011-06-01T23:59:59.500000+00:00,1.0,8503.0,0.8503000000000001,1.0,Marginal data,True,NASA MODIS MOD13Q1/MYD13Q1 v6.1 16-day 250m,True,0.8503000000000001,,,,"{""2011-05-25"": null, ""2011-05-26"": null, ""2011-05-27"": null, ""2011-05-28"": null, ""2011-05-29"": null, ""2011-05-30"": null, ""2011-05-31"": null}",NASA POWER Daily API / PRECTOTCORR,False,0.419,0.415,0.362,0.377,0.422,0.4119999999999999,0.007000000000000062,"{""2011-05-25"": 0.393, ""2011-05-26"": 0.393, ""2011-05-27"": 0.41, ""2011-05-28"": 0.422, ""2011-05-29"": 0.424, ""2011-05-30"": 0.423, ""2011-05-31"": 0.419}",ERA5-Land via Open-Meteo Historical Weather API,era5_land,True
BG_0135,938357,Sikkim,27.82137523664565,88.22334415646974,2011-06-17,0,matched_background_pseudo_absence,False,31.03595344110994,4.469944383067753,42,Copernicus_DSM_COG_10_N27_00_E088_00_DEM,5753.26220703125,11.635796353383892,159.65139317720025,-0.0003602991561839211,27.347827303044124,30.715,True,Copernicus DEM GLO-30 via Microsoft Planetary Computer,,,,,,,,,,,False,False,False,Deferred to Stage 7B-2,,,ESA_WorldCover_10m_2021_v200_N27E087,80.0,Permanent water bodies,ESA WorldCover 2021 v200,2021,10,True,MOD13Q1.A2011161.h25v06.061.2021193155722,2011-06-17T23:59:59.500000+00:00,0.0,-97.0,-0.0097,3.0,Cloudy,False,NASA MODIS MOD13Q1/MYD13Q1 v6.1 16-day 250m,True,,,,,"{""2011-06-11"": null, ""2011-06-12"": null, ""2011-06-13"": null, ""2011-06-14"": null, ""2011-06-15"": null, ""2011-06-16"": null, ""2011-06-17"": null}",NASA POWER Daily API / PRECTOTCORR,False,0.323,0.336,0.249,0.272,0.321,0.3201428571428572,0.002857142857142836,"{""2011-06-11"": 0.319, ""2011-06-12"": 0.319, ""2011-06-13"": 0.32, ""2011-06-14"": 0.32, ""2011-06-15"": 0.32, ""2011-06-16"": 0.32, ""2011-06-17"": 0.323}",ERA5-Land via Open-Meteo Historical Weather API,era5_land,True
BG_0136,938257,Sikkim,28.049062362464568,88.63670694907516,2011-06-23,0,matched_background_pseudo_absence,False,24.719289401295423,9.641145650802171,42,Copernicus_DSM_COG_10_N28_00_E088_00_DEM,5064.32080078125,24.63116414080106,196.84656847112936,-0.0017063525160826262,27.2902606759173,30.715,True,Copernicus DEM GLO-30 via Microsoft Planetary Computer,,,,,,,,,,,False,False,False,Deferred to Stage 7B-2,,,ESA_WorldCover_10m_2021_v200_N27E087,30.0,Grassland,ESA WorldCover 2021 v200,2021,10,True,MYD13Q1.A2011169.h25v06.061.2021192212049,2011-06-25T23:59:59.500000+00:00,2.0,1355.0,0.1355,1.0,Marginal data,True,NASA MODIS MOD13Q1/MYD13Q1 v6.1 16-day 250m,True,0.1355,,,,"{""2011-06-17"": null, ""2011-06-18"": null, ""2011-06-19"": null, ""2011-06-20"": null, ""2011-06-21"": null, ""2011-06-22"": null, ""2011-06-23"": null}",NASA POWER Daily API / PRECTOTCORR,False,0.427,0.428,0.428,0.428,0.4263333333333333,0.42628571428571427,0.0007142857142857229,"{""2011-06-17"": 0.426, ""2011-06-18"": 0.426, ""2011-06-19"": 0.427, ""2011-06-20"": 0.426, ""2011-06-21"": 0.425, ""2011-06-22"": 0.427, ""2011-06-23"": 0.427}",ERA5-Land via Open-Meteo Historical Weather API,era5_land,True
BG_0137,938245,Sikkim,27.735426254507377,88.72777659602669,2011-06-23,0,matched_background_pseudo_absence,False,9.328600946748136,6.272936721904301,42,Copernicus_DSM_COG_10_N27_00_E088_00_DEM,3643.181396484375,31.73503178352995,81.06764864838124,0.001086720280390819,27.36944573546634,30.715,True,Copernicus DEM GLO-30 via Microsoft Planetary Computer,,,,,,,,,,,False,False,False,Deferred to Stage 7B-2,,,ESA_WorldCover_10m_2021_v200_N27E087,30.0,Grassland,ESA WorldCover 2021 v200,2021,10,True,MYD13Q1.A2011169.h25v06.061.2021192212049,2011-06-25T23:59:59.500000+00:00,2.0,602.0,0.060200000000000004,3.0,Cloudy,False,NASA MODIS MOD13Q1/MYD13Q1 v6.1 16-day 250m,True,,,,,"{""2011-06-17"": null, ""2011-06-18"": null, ""2011-06-19"": null, ""2011-06-20"": null, ""2011-06-21"": null, ""2011-06-22"": null, ""2011-06-23"": null}",NASA POWER Daily API / PRECTOTCORR,False,0.428,0.428,0.428,0.428,0.42733333333333334,0.42714285714285716,0.0008571428571428341,"{""2011-06-17"": 0.428, ""2011-06-18"": 0.427, ""2011-06-19"": 0.428, ""2011-06-20"": 0.425, ""2011-06-21"": 0.427, ""2011-06-22"": 0.427, ""2011-06-23"": 0.428}",ERA5-Land via Open-Meteo Historical Weather API,era5_land,True
BG_0138,938267,Sikkim,28.059302436872148,88.612950259452,2011-06-23,0,matched_background_pseudo_absence,False,25.181352139490755,2.594458482915397,42,Copernicus_DSM_COG_10_N28_00_E088_00_DEM,5048.7373046875,7.809459088609533,174.77126922683408,-0.002807623164299875,27.28766152203204,30.715,True,Copernicus DEM GLO-30 via Microsoft Planetary Computer,,,,,,,,,,,False,False,False,Deferred to Stage 7B-2,,,ESA_WorldCover_10m_2021_v200_N27E087,30.0,Grassland,ESA WorldCover 2021 v200,2021,10,True,MYD13Q1.A2011169.h25v06.061.2021192212049,2011-06-25T23:59:59.500000+00:00,2.0,1987.0,0.19870000000000002,1.0,Marginal data,True,NASA MODIS MOD13Q1/MYD13Q1 v6.1 16-day 250m,True,0.19870000000000002,,,,"{""2011-06-17"": null, ""2011-06-18"": null, ""2011-06-19"": null, ""2011-06-20"": null, ""2011-06-21"": null, ""2011-06-22"": null, ""2011-06-23"": null}",NASA POWER Daily API / PRECTOTCORR,False,0.417,0.42,0.423,0.422,0.4166666666666667,0.41900000000000004,-0.0020000000000000573,"{""2011-06-17"": 0.416, ""2011-06-18"": 0.422, ""2011-06-19"": 0.424, ""2011-06-20"": 0.421, ""2011-06-21"": 0.417, ""2011-06-22"": 0.416, ""2011-06-23"": 0.417}",ERA5-Land via Open-Meteo Historical Weather API,era5_land,True
BG_0139,1057681,Manipur,24.84517941221417,93.7247697290388,2011-06-28,0,matched_background_pseudo_absence,False,5.47881022404844,8.153083948308833,42,Copernicus_DSM_COG_10_N24_00_E093_00_DEM,767.5078125,29.143472872196337,321.11292323964943,0.003710781043197411,28.06026065825993,30.715,True,Copernicus DEM GLO-30 via Microsoft Planetary Computer,,,,,,,,,,,False,False,False,Deferred to Stage 7B-2,,,ESA_WorldCover_10m_2021_v200_N24E093,10.0,Tree cover,ESA WorldCover 2021 v200,2021,10,True,MYD13Q1.A2011169.h26v06.061.2021192212822,2011-06-25T23:59:59.500000+00:00,3.0,4799.0,0.47990000000000005,3.0,Cloudy,False,NASA MODIS MOD13Q1/MYD13Q1 v6.1 16-day 250m,True,,,,,"{""2011-06-22"": null, ""2011-06-23"": null, ""2011-06-24"": null, ""2011-06-25"": null, ""2011-06-26"": null, ""2011-06-27"": null, ""2011-06-28"": null}",NASA POWER Daily API / PRECTOTCORR,False,0.455,0.473,0.477,0.475,0.466,0.459,-0.0040000000000000036,"{""2011-06-22"": 0.449, ""2011-06-23"": 0.452, ""2011-06-24"": 0.449, ""2011-06-25"": 0.465, ""2011-06-26"": 0.477, ""2011-06-27"": 0.466, ""2011-06-28"": 0.455}",ERA5-Land via Open-Meteo Historical Weather API,era5_land,True
BG_0140,1050759,Assam,26.81994853387081,94.05048156967447,2011-06-29,0,matched_background_pseudo_absence,False,23.355905615811032,31.54990213430587,42,Copernicus_DSM_COG_10_N26_00_E094_00_DEM,82.70655822753906,2.911966520797486,157.465473369778,-0.00017105988307497045,27.595881157972,30.715,True,Copernicus DEM GLO-30 via Microsoft Planetary Computer,,,,,,,,,,,False,False,False,Deferred to Stage 7B-2,,,ESA_WorldCover_10m_2021_v200_N24E093,80.0,Permanent water bodies,ESA WorldCover 2021 v200,2021,10,True,MOD13Q1.A2011177.h26v06.061.2021193163421,2011-07-03T23:59:59.500000+00:00,4.0,5956.0,0.5956,3.0,Cloudy,False,NASA MODIS MOD13Q1/MYD13Q1 v6.1 16-day 250m,True,,,,,"{""2011-06-23"": null, ""2011-06-24"": null, ""2011-06-25"": null, ""2011-06-26"": null, ""2011-06-27"": null, ""2011-06-28"": null, ""2011-06-29"": null}",NASA POWER Daily API / PRECTOTCORR,False,0.488,0.494,0.477,0.482,0.4776666666666667,0.4642857142857143,0.023714285714285688,"{""2011-06-23"": 0.488, ""2011-06-24"": 0.425, ""2011-06-25"": 0.437, ""2011-06-26"": 0.467, ""2011-06-27"": 0.486, ""2011-06-28"": 0.459, ""2011-06-29"": 0.488}",ERA5-Land via Open-Meteo Historical Weather API,era5_land,True
BG_0141,1051914,Manipur,23.98242032769076,93.84657771320413,2011-07-05,0,matched_background_pseudo_absence,False,13.914823751443214,27.50435466878143,42,Copernicus_DSM_COG_10_N23_00_E093_00_DEM,1599.601806640625,31.328130545404246,329.83648230525375,-0.002911159634025688,28.252713298138872,30.715,True,Copernicus DEM GLO-30 via Microsoft Planetary Computer,,,,,,,,,,,False,False,False,Deferred to Stage 7B-2,,,ESA_WorldCover_10m_2021_v200_N21E093,10.0,Tree cover,ESA WorldCover 2021 v200,2021,10,True,MOD13Q1.A2011177.h26v06.061.2021193163421,2011-07-03T23:59:59.500000+00:00,2.0,7147.0,0.7147,3.0,Cloudy,False,NASA MODIS MOD13Q1/MYD13Q1 v6.1 16-day 250m,True,,,,,"{""2011-06-29"": null, ""2011-06-30"": null, ""2011-07-01"": null, ""2011-07-02"": null, ""2011-07-03"": null, ""2011-07-04"": null, ""2011-07-05"": null}",NASA POWER Daily API / PRECTOTCORR,False,0.423,0.426,0.428,0.427,0.4243333333333333,0.422,0.0010000000000000009,"{""2011-06-29"": 0.416, ""2011-06-30"": 0.418, ""2011-07-01"": 0.423, ""2011-07-02"": 0.424, ""2011-07-03"": 0.424, ""2011-07-04"": 0.426, ""2011-07-05"": 0.423}",ERA5-Land via Open-Meteo Historical Weather API,era5_land,True
BG_0142,1057027,Manipur,24.298297853695185,93.54235403435337,2011-07-06,0,matched_background_pseudo_absence,False,18.55633630862118,17.715179587247935,42,Copernicus_DSM_COG_10_N24_00_E093_00_DEM,1062.3316650390625,36.36852217057784,13.653788416593727,-0.009237539209944861,28.182992674947442,30.715,True,Copernicus DEM GLO-30 via Microsoft Planetary Computer,,,,,,,,,,,False,False,False,Deferred to Stage 7B-2,,,ESA_WorldCover_10m_2021_v200_N24E093,10.0,Tree cover,ESA WorldCover 2021 v200,2021,10,True,MOD13Q1.A2011177.h26v06.061.2021193163421,2011-07-03T23:59:59.500000+00:00,3.0,4393.0,0.4393,3.0,Cloudy,False,NASA MODIS MOD13Q1/MYD13Q1 v6.1 16-day 250m,True,,,,,"{""2011-06-30"": null, ""2011-07-01"": null, ""2011-07-02"": null, ""2011-07-03"": null, ""2011-07-04"": null, ""2011-07-05"": null, ""2011-07-06"": null}",NASA POWER Daily API / PRECTOTCORR,False,0.412,0.416,0.415,0.415,0.4183333333333333,0.41814285714285715,-0.006142857142857172,"{""2011-06-30"": 0.414, ""2011-07-01"": 0.418, ""2011-07-02"": 0.424, ""2011-07-03"": 0.416, ""2011-07-04"": 0.421, ""2011-07-05"": 0.422, ""2011-07-06"": 0.412}",ERA5-Land via Open-Meteo Historical Weather API,era5_land,True
BG_0143,1057840,Manipur,24.33388323033592,94.163243177605,2011-07-07,0,matched_background_pseudo_absence,False,10.68336410260025,5.379493757907151,42,Copernicus_DSM_COG_10_N24_00_E094_00_DEM,854.3836059570312,26.049000827373064,40.14842509964126,-0.009734392125054656,28.17508452970125,30.715,True,Copernicus DEM GLO-30 via Microsoft Planetary Computer,,,,,,,,,,,False,False,False,Deferred to Stage 7B-2,,,ESA_WorldCover_10m_2021_v200_N24E093,10.0,Tree cover,ESA WorldCover 2021 v200,2021,10,True,MOD13Q1.A2011177.h26v06.061.2021193163421,2011-07-03T23:59:59.500000+00:00,4.0,6924.0,0.6924,3.0,Cloudy,False,NASA MODIS MOD13Q1/MYD13Q1 v6.1 16-day 250m,True,,,,,"{""2011-07-01"": null, ""2011-07-02"": null, ""2011-07-03"": null, ""2011-07-04"": null, ""2011-07-05"": null, ""2011-07-06"": null, ""2011-07-07"": null}",NASA POWER Daily API / PRECTOTCORR,False,0.413,0.417,0.422,0.42,0.417,0.422,-0.009000000000000008,"{""2011-07-01"": 0.424, ""2011-07-02"": 0.427, ""2011-07-03"": 0.427, ""2011-07-04"": 0.425, ""2011-07-05"": 0.422, ""2011-07-06"": 0.416, ""2011-07-07"": 0.413}",ERA5-Land via Open-Meteo Historical Weather API,era5_land,True
BG_0144,938369,Sikkim,27.76318618635594,88.44006271135518,2011-07-20,0,matched_background_pseudo_absence,False,8.764077614515408,9.977287750478856,42,Copernicus_DSM_COG_10_N27_00_E088_00_DEM,4214.4609375,36.834880642599835,328.604025919771,0.0018121211064599707,27.36247011286937,30.715,True,Copernicus DEM GLO-30 via Microsoft Planetary Computer,,,,,,,,,,,False,False,False,Deferred to Stage 7B-2,,,ESA_WorldCover_10m_2021_v200_N27E087,70.0,Snow and ice,ESA WorldCover 2021 v200,2021,10,True,MOD13Q1.A2011193.h25v06.061.2021193193737,2011-07-19T23:59:59.500000+00:00,1.0,658.0,0.0658,3.0,Cloudy,False,NASA MODIS MOD13Q1/MYD13Q1 v6.1 16-day 250m,True,,,,,"{""2011-07-14"": null, ""2011-07-15"": null, ""2011-07-16"": null, ""2011-07-17"": null, ""2011-07-18"": null, ""2011-07-19"": null, ""2011-07-20"": null}",NASA POWER Daily API / PRECTOTCORR,False,0.431,0.431,0.372,0.388,0.43166666666666664,0.43171428571428566,-0.0007142857142856673,"{""2011-07-14"": 0.433, ""2011-07-15"": 0.432, ""2011-07-16"": 0.431, ""2011-07-17"": 0.431, ""2011-07-18"": 0.433, ""2011-07-19"": 0.431, ""2011-07-20"": 0.431}",ERA5-Land via Open-Meteo Historical Weather API,era5_land,True
BG_0145,1057024,Manipur,24.00249760478468,93.84290621177436,2011-07-22,0,matched_background_pseudo_absence,False,14.079236148778357,2.2634365610795144,42,Copernicus_DSM_COG_10_N24_00_E093_00_DEM,1104.4573974609375,29.15504314886987,90.05857540245495,-0.0006173311227626935,28.24830736635485,30.715,True,Copernicus DEM GLO-30 via Microsoft Planetary Computer,,,,,,,,,,,False,False,False,Deferred to Stage 7B-2,,,ESA_WorldCover_10m_2021_v200_N24E093,10.0,Tree cover,ESA WorldCover 2021 v200,2021,10,True,MOD13Q1.A2011193.h26v06.061.2021193190903,2011-07-19T23:59:59.500000+00:00,3.0,3638.0,0.3638,3.0,Cloudy,False,NASA MODIS MOD13Q1/MYD13Q1 v6.1 16-day 250m,True,,,,,"{""2011-07-16"": null, ""2011-07-17"": null, ""2011-07-18"": null, ""2011-07-19"": null, ""2011-07-20"": null, ""2011-07-21"": null, ""2011-07-22"": null}",NASA POWER Daily API / PRECTOTCORR,False,0.421,0.424,0.422,0.422,0.424,0.42514285714285716,-0.00414285714285717,"{""2011-07-16"": 0.427, ""2011-07-17"": 0.425, ""2011-07-18"": 0.424, ""2011-07-19"": 0.428, ""2011-07-20"": 0.428, ""2011-07-21"": 0.423, ""2011-07-22"": 0.421}",ERA5-Land via Open-Meteo Historical Weather API,era5_land,True
BG_0146,1057913,Manipur,24.45247690454448,93.58784286262484,2011-07-22,0,matched_background_pseudo_absence,False,15.028810709157304,17.752236048665434,42,Copernicus_DSM_COG_10_N24_00_E093_00_DEM,1025.920654296875,26.929157543020533,91.48754507719252,0.006828012300834068,28.148650986168157,30.715,True,Copernicus DEM GLO-30 via Microsoft Planetary Computer,,,,,,,,,,,False,False,False,Deferred to Stage 7B-2,,,ESA_WorldCover_10m_2021_v200_N24E093,30.0,Grassland,ESA WorldCover 2021 v200,2021,10,True,MOD13Q1.A2011193.h26v06.061.2021193190903,2011-07-19T23:59:59.500000+00:00,3.0,8754.0,0.8754000000000001,1.0,Marginal data,True,NASA MODIS MOD13Q1/MYD13Q1 v6.1 16-day 250m,True,0.8754000000000001,,,,"{""2011-07-16"": null, ""2011-07-17"": null, ""2011-07-18"": null, ""2011-07-19"": null, ""2011-07-20"": null, ""2011-07-21"": null, ""2011-07-22"": null}",NASA POWER Daily API / PRECTOTCORR,False,0.438,0.451,0.44,0.442,0.445,0.44785714285714284,-0.009857142857142842,"{""2011-07-16"": 0.449, ""2011-07-17"": 0.452, ""2011-07-18"": 0.451, ""2011-07-19"": 0.448, ""2011-07-20"": 0.455, ""2011-07-21"": 0.442, ""2011-07-22"": 0.438}",ERA5-Land via Open-Meteo Historical Weather API,era5_land,True
BG_0147,1050672,Assam,26.796706385166907,91.78269056353616,2011-07-24,0,matched_background_pseudo_absence,False,34.262416164398175,52.32678355423463,42,Copernicus_DSM_COG_10_N26_00_E091_00_DEM,158.62307739257812,0.9378397584900203,178.2708801422467,0.000569889819016307,27.60153844059442,30.715,True,Copernicus DEM GLO-30 via Microsoft Planetary Computer,,,,,,,,,,,False,False,False,Deferred to Stage 7B-2,,,ESA_WorldCover_10m_2021_v200_N24E090,10.0,Tree cover,ESA WorldCover 2021 v200,2021,10,True,MYD13Q1.A2011201.h25v06.061.2021194234457,2011-07-27T23:59:59.500000+00:00,3.0,,,,,False,NASA MODIS MOD13Q1/MYD13Q1 v6.1 16-day 250m,False,,,,,"{""2011-07-18"": null, ""2011-07-19"": null, ""2011-07-20"": null, ""2011-07-21"": null, ""2011-07-22"": null, ""2011-07-23"": null, ""2011-07-24"": null}",NASA POWER Daily API / PRECTOTCORR,False,0.372,0.374,0.411,0.4,0.37799999999999995,0.37442857142857144,-0.0024285714285714466,"{""2011-07-18"": 0.375, ""2011-07-19"": 0.392, ""2011-07-20"": 0.358, ""2011-07-21"": 0.362, ""2011-07-22"": 0.385, ""2011-07-23"": 0.377, ""2011-07-24"": 0.372}",ERA5-Land via Open-Meteo Historical Weather API,era5_land,True
BG_0148,1056334,Manipur,24.417545654882225,93.7774394634178,2011-07-25,0,matched_background_pseudo_absence,False,8.780926651924418,19.582965185587074,42,Copernicus_DSM_COG_10_N24_00_E093_00_DEM,777.5863647460938,3.260607431793777,323.23395951909316,0.0012852861839947431,28.156449405548987,30.715,True,Copernicus DEM GLO-30 via Microsoft Planetary Computer,,,,,,,,,,,False,False,False,Deferred to Stage 7B-2,,,ESA_WorldCover_10m_2021_v200_N24E093,40.0,Cropland,ESA WorldCover 2021 v200,2021,10,True,MYD13Q1.A2011201.h26v06.061.2021194235021,2011-07-27T23:59:59.500000+00:00,2.0,6149.0,0.6149,3.0,Cloudy,False,NASA MODIS MOD13Q1/MYD13Q1 v6.1 16-day 250m,True,,,,,"{""2011-07-19"": null, ""2011-07-20"": null, ""2011-07-21"": null, ""2011-07-22"": null, ""2011-07-23"": null, ""2011-07-24"": null, ""2011-07-25"": null}",NASA POWER Daily API / PRECTOTCORR,False,0.4,0.402,0.413,0.41,0.4033333333333333,0.41114285714285714,-0.011142857142857121,"{""2011-07-19"": 0.423, ""2011-07-20"": 0.419, ""2011-07-21"": 0.412, ""2011-07-22"": 0.414, ""2011-07-23"": 0.399, ""2011-07-24"": 0.411, ""2011-07-25"": 0.4}",ERA5-Land via Open-Meteo Historical Weather API,era5_land,True
BG_0149,1057841,Manipur,25.055418623820827,94.72359337552746,2011-07-29,0,matched_background_pseudo_absence,False,29.677984683930177,9.451358615438815,42,Copernicus_DSM_COG_10_N25_00_E094_00_DEM,850.43798828125,16.744840360001565,243.78948622565792,-0.008218187165425616,28.012397539911564,30.715,True,Copernicus DEM GLO-30 via Microsoft Planetary Computer,,,,,,,,,,,False,False,False,Deferred to Stage 7B-2,,,ESA_WorldCover_10m_2021_v200_N24E093,10.0,Tree cover,ESA WorldCover 2021 v200,2021,10,True,MYD13Q1.A2011201.h26v06.061.2021194235021,2011-07-27T23:59:59.500000+00:00,2.0,4439.0,0.4439,3.0,Cloudy,False,NASA MODIS MOD13Q1/MYD13Q1 v6.1 16-day 250m,True,,,,,"{""2011-07-23"": null, ""2011-07-24"": null, ""2011-07-25"": null, ""2011-07-26"": null, ""2011-07-27"": null, ""2011-07-28"": null, ""2011-07-29"": null}",NASA POWER Daily API / PRECTOTCORR,False,0.427,0.428,0.425,0.426,0.4246666666666667,0.42214285714285715,0.004857142857142838,"{""2011-07-23"": 0.424, ""2011-07-24"": 0.422, ""2011-07-25"": 0.415, ""2011-07-26"": 0.42, ""2011-07-27"": 0.424, ""2011-07-28"": 0.423, ""2011-07-29"": 0.427}",ERA5-Land via Open-Meteo Historical Weather API,era5_land,True
BG_0150,938256,Sikkim,27.459124259346687,88.18354667035143,2011-08-23,0,matched_background_pseudo_absence,False,12.26830642247185,8.140634014635047,42,Copernicus_DSM_COG_10_N27_00_E088_00_DEM,3388.625244140625,19.124647725565588,73.48614759669647,-0.004865968776841523,27.438525482723023,30.715,True,Copernicus DEM GLO-30 via Microsoft Planetary Computer,,,,,,,,,,,False,False,False,Deferred to Stage 7B-2,,,ESA_WorldCover_10m_2021_v200_N27E087,10.0,Tree cover,ESA WorldCover 2021 v200,2021,10,True,MOD13Q1.A2011225.h25v06.061.2021195214545,2011-08-20T23:59:59.500000+00:00,3.0,2971.0,0.29710000000000003,3.0,Cloudy,False,NASA MODIS MOD13Q1/MYD13Q1 v6.1 16-day 250m,True,,,,,"{""2011-08-17"": null, ""2011-08-18"": null, ""2011-08-19"": null, ""2011-08-20"": null, ""2011-08-21"": null, ""2011-08-22"": null, ""2011-08-23"": null}",NASA POWER Daily API / PRECTOTCORR,False,0.428,0.428,0.427,0.428,0.425,0.42499999999999993,0.003000000000000058,"{""2011-08-17"": 0.429, ""2011-08-18"": 0.428, ""2011-08-19"": 0.425, ""2011-08-20"": 0.418, ""2011-08-21"": 0.418, ""2011-08-22"": 0.429, ""2011-08-23"": 0.428}",ERA5-Land via Open-Meteo Historical Weather API,era5_land,True
BG_0151,938431,Sikkim,27.73579433895211,88.69932059377882,2011-08-25,0,matched_background_pseudo_absence,False,6.529096297853231,2.800918056106879,42,Copernicus_DSM_COG_10_N27_00_E088_00_DEM,4890.34521484375,28.62876770724984,291.71492235714476,0.006154876265478434,27.36935328381572,30.715,True,Copernicus DEM GLO-30 via Microsoft Planetary Computer,,,,,,,,,,,False,False,False,Deferred to Stage 7B-2,,,ESA_WorldCover_10m_2021_v200_N27E087,70.0,Snow and ice,ESA WorldCover 2021 v200,2021,10,True,MYD13Q1.A2011233.h25v06.061.2021196223451,2011-08-28T23:59:59.500000+00:00,3.0,1052.0,0.1052,3.0,Cloudy,False,NASA MODIS MOD13Q1/MYD13Q1 v6.1 16-day 250m,True,,,,,"{""2011-08-19"": null, ""2011-08-20"": null, ""2011-08-21"": null, ""2011-08-22"": null, ""2011-08-23"": null, ""2011-08-24"": null, ""2011-08-25"": null}",NASA POWER Daily API / PRECTOTCORR,False,0.42,0.421,0.416,0.417,0.42,0.42142857142857143,-0.0014285714285714457,"{""2011-08-19"": 0.426, ""2011-08-20"": 0.422, ""2011-08-21"": 0.419, ""2011-08-22"": 0.423, ""2011-08-23"": 0.421, ""2011-08-24"": 0.419, ""2011-08-25"": 0.42}",ERA5-Land via Open-Meteo Historical Weather API,era5_land,True
BG_0152,1050700,Manipur,25.130871186035627,93.74779338449986,2011-09-06,0,matched_background_pseudo_absence,False,7.012765708870275,15.314361163179024,42,Copernicus_DSM_COG_10_N25_00_E093_00_DEM,1467.2230224609375,33.91867749804813,144.68970650040177,-0.003129057124242412,27.995127984513438,30.715,True,Copernicus DEM GLO-30 via Microsoft Planetary Computer,,,,,,,,,,,False,False,False,Deferred to Stage 7B-2,,,ESA_WorldCover_10m_2021_v200_N24E093,10.0,Tree cover,ESA WorldCover 2021 v200,2021,10,True,MOD13Q1.A2011241.h26v06.061.2021196172035,2011-09-05T23:59:59.500000+00:00,1.0,8961.0,0.8961,1.0,Marginal data,True,NASA MODIS MOD13Q1/MYD13Q1 v6.1 16-day 250m,True,0.8961,,,,"{""2011-08-31"": null, ""2011-09-01"": null, ""2011-09-02"": null, ""2011-09-03"": null, ""2011-09-04"": null, ""2011-09-05"": null, ""2011-09-06"": null}",NASA POWER Daily API / PRECTOTCORR,False,0.413,0.397,0.401,0.401,0.39799999999999996,0.40285714285714286,0.01014285714285712,"{""2011-08-31"": 0.404, ""2011-09-01"": 0.407, ""2011-09-02"": 0.41, ""2011-09-03"": 0.405, ""2011-09-04"": 0.392, ""2011-09-05"": 0.389, ""2011-09-06"": 0.413}",ERA5-Land via Open-Meteo Historical Weather API,era5_land,True
BG_0153,1048397,Assam,26.248888142878908,90.69942219721528,2011-09-23,0,matched_background_pseudo_absence,False,55.68520606756351,32.37075038445785,42,Copernicus_DSM_COG_10_N26_00_E090_00_DEM,35.91322326660156,3.747074455095194,293.19939023810394,-0.00012569525548196327,27.733563614704615,30.715,True,Copernicus DEM GLO-30 via Microsoft Planetary Computer,,,,,,,,,,,False,False,False,Deferred to Stage 7B-2,,,ESA_WorldCover_10m_2021_v200_N24E090,40.0,Cropland,ESA WorldCover 2021 v200,2021,10,True,MOD13Q1.A2011257.h25v06.061.2021197171650,2011-09-21T23:59:59.500000+00:00,2.0,,,,,False,NASA MODIS MOD13Q1/MYD13Q1 v6.1 16-day 250m,False,,,,,"{""2011-09-17"": null, ""2011-09-18"": null, ""2011-09-19"": null, ""2011-09-20"": null, ""2011-09-21"": null, ""2011-09-22"": null, ""2011-09-23"": null}",NASA POWER Daily API / PRECTOTCORR,False,0.326,0.342,0.352,0.348,0.326,0.3245714285714286,0.0014285714285713902,"{""2011-09-17"": 0.326, ""2011-09-18"": 0.328, ""2011-09-19"": 0.322, ""2011-09-20"": 0.318, ""2011-09-21"": 0.326, ""2011-09-22"": 0.326, ""2011-09-23"": 0.326}",ERA5-Land via Open-Meteo Historical Weather API,era5_land,True
BG_0154,1048398,Assam,24.586759737389897,92.61457398114706,2012-06-02,0,matched_background_pseudo_absence,False,9.912401503993635,41.1235244877648,42,Copernicus_DSM_COG_10_N24_00_E092_00_DEM,22.43172264099121,0.24367969944219045,34.86086185553438,0.0003128052460065709,28.118574882563205,30.715,True,Copernicus DEM GLO-30 via Microsoft Planetary Computer,,,,,,,,,,,False,False,False,Deferred to Stage 7B-2,,,ESA_WorldCover_10m_2021_v200_N24E090,40.0,Cropland,ESA WorldCover 2021 v200,2021,9,True,MOD13Q1.A2012145.h26v06.061.2021210003208,2012-05-31T23:59:59.500000+00:00,2.0,5090.0,0.509,3.0,Cloudy,False,NASA MODIS MOD13Q1/MYD13Q1 v6.1 16-day 250m,True,,,,,"{""2012-05-27"": null, ""2012-05-28"": null, ""2012-05-29"": null, ""2012-05-30"": null, ""2012-05-31"": null, ""2012-06-01"": null, ""2012-06-02"": null}",NASA POWER Daily API / PRECTOTCORR,False,0.419,0.418,0.435,0.43,0.42333333333333334,0.3892857142857143,0.029714285714285693,"{""2012-05-27"": 0.314, ""2012-05-28"": 0.335, ""2012-05-29"": 0.389, ""2012-05-30"": 0.417, ""2012-05-31"": 0.421, ""2012-06-01"": 0.43, ""2012-06-02"": 0.419}",ERA5-Land via Open-Meteo Historical Weather API,era5_land,True
BG_0155,938404,Sikkim,27.602477272715443,88.76795620556504,2012-06-03,0,matched_background_pseudo_absence,False,11.99033684891417,6.501347287857848,42,Copernicus_DSM_COG_10_N27_00_E088_00_DEM,3935.20068359375,39.61740097377862,77.15292946818016,-0.001246833235403985,27.402764572286532,30.715,True,Copernicus DEM GLO-30 via Microsoft Planetary Computer,,,,,,,,,,,False,False,False,Deferred to Stage 7B-2,,,ESA_WorldCover_10m_2021_v200_N27E087,30.0,Grassland,ESA WorldCover 2021 v200,2021,9,True,MOD13Q1.A2012145.h25v06.061.2021210002240,2012-05-31T23:59:59.500000+00:00,3.0,1811.0,0.1811,3.0,Cloudy,False,NASA MODIS MOD13Q1/MYD13Q1 v6.1 16-day 250m,True,,,,,"{""2012-05-28"": null, ""2012-05-29"": null, ""2012-05-30"": null, ""2012-05-31"": null, ""2012-06-01"": null, ""2012-06-02"": null, ""2012-06-03"": null}",NASA POWER Daily API / PRECTOTCORR,False,0.425,0.426,0.428,0.427,0.4263333333333333,0.4267142857142857,-0.0017142857142857237,"{""2012-05-28"": 0.428, ""2012-05-29"": 0.426, ""2012-05-30"": 0.428, ""2012-05-31"": 0.426, ""2012-06-01"": 0.428, ""2012-06-02"": 0.426, ""2012-06-03"": 0.425}",ERA5-Land via Open-Meteo Historical Weather API,era5_land,True
BG_0156,1050674,Assam,25.60741753218399,93.18214480871484,2012-06-03,0,matched_background_pseudo_absence,False,9.716175920087926,22.034333937935696,42,Copernicus_DSM_COG_10_N25_00_E093_00_DEM,336.6198425292969,23.259388182259016,314.32184448340695,-0.004435608580303176,27.88493582851259,30.715,True,Copernicus DEM GLO-30 via Microsoft Planetary Computer,,,,,,,,,,,False,False,False,Deferred to Stage 7B-2,,,ESA_WorldCover_10m_2021_v200_N24E093,10.0,Tree cover,ESA WorldCover 2021 v200,2021,9,True,MOD13Q1.A2012145.h26v06.061.2021210003208,2012-05-31T23:59:59.500000+00:00,3.0,6456.0,0.6456000000000001,1.0,Marginal data,True,NASA MODIS MOD13Q1/MYD13Q1 v6.1 16-day 250m,True,0.6456000000000001,,,,"{""2012-05-28"": null, ""2012-05-29"": null, ""2012-05-30"": null, ""2012-05-31"": null, ""2012-06-01"": null, ""2012-06-02"": null, ""2012-06-03"": null}",NASA POWER Daily API / PRECTOTCORR,False,0.463,0.484,0.511,0.502,0.4746666666666666,0.45442857142857135,0.008571428571428674,"{""2012-05-28"": 0.395, ""2012-05-29"": 0.412, ""2012-05-30"": 0.47, ""2012-05-31"": 0.48, ""2012-06-01"": 0.481, ""2012-06-02"": 0.48, ""2012-06-03"": 0.463}",ERA5-Land via Open-Meteo Historical Weather API,era5_land,True
BG_0157,1050708,Assam,27.450067545155218,95.25522201777991,2012-06-03,0,matched_background_pseudo_absence,False,114.84212385124052,5.030267608144837,42,Copernicus_DSM_COG_10_N27_00_E095_00_DEM,126.3148193359375,0.2555567351294761,184.26650783525005,-0.00803301613753118,27.440779008689486,30.715,True,Copernicus DEM GLO-30 via Microsoft Planetary Computer,,,,,,,,,,,False,False,False,Deferred to Stage 7B-2,,,ESA_WorldCover_10m_2021_v200_N27E093,10.0,Tree cover,ESA WorldCover 2021 v200,2021,9,True,MOD13Q1.A2012145.h26v06.061.2021210003208,2012-05-31T23:59:59.500000+00:00,3.0,6608.0,0.6608,1.0,Marginal data,True,NASA MODIS MOD13Q1/MYD13Q1 v6.1 16-day 250m,True,0.6608,,,,"{""2012-05-28"": null, ""2012-05-29"": null, ""2012-05-30"": null, ""2012-05-31"": null, ""2012-06-01"": null, ""2012-06-02"": null, ""2012-06-03"": null}",NASA POWER Daily API / PRECTOTCORR,False,0.492,0.498,0.503,0.501,0.492,0.46885714285714286,0.02314285714285713,"{""2012-05-28"": 0.418, ""2012-05-29"": 0.431, ""2012-05-30"": 0.467, ""2012-05-31"": 0.49, ""2012-06-01"": 0.493, ""2012-06-02"": 0.491, ""2012-06-03"": 0.492}",ERA5-Land via Open-Meteo Historical Weather API,era5_land,True
BG_0158,1050652,Assam,24.70615079243555,92.79272712626,2012-06-03,0,matched_background_pseudo_absence,False,7.516101127893963,22.370198400676607,42,Copernicus_DSM_COG_10_N24_00_E092_00_DEM,43.27506637573242,8.22723553369054,314.81482435563953,-0.004262453426663446,28.091704463918266,30.715,True,Copernicus DEM GLO-30 via Microsoft Planetary Computer,,,,,,,,,,,False,False,False,Deferred to Stage 7B-2,,,ESA_WorldCover_10m_2021_v200_N24E090,10.0,Tree cover,ESA WorldCover 2021 v200,2021,9,True,MOD13Q1.A2012145.h26v06.061.2021210003208,2012-05-31T23:59:59.500000+00:00,3.0,6334.0,0.6334000000000001,1.0,Marginal data,True,NASA MODIS MOD13Q1/MYD13Q1 v6.1 16-day 250m,True,0.6334000000000001,,,,"{""2012-05-28"": null, ""2012-05-29"": null, ""2012-05-30"": null, ""2012-05-31"": null, ""2012-06-01"": null, ""2012-06-02"": null, ""2012-06-03"": null}",NASA POWER Daily API / PRECTOTCORR,False,0.472,0.476,0.503,0.495,0.4843333333333333,0.47128571428571425,0.0007142857142857229,"{""2012-05-28"": 0.427, ""2012-05-29"": 0.464, ""2012-05-30"": 0.469, ""2012-05-31"": 0.486, ""2012-06-01"": 0.482, ""2012-06-02"": 0.499, ""2012-06-03"": 0.472}",ERA5-Land via Open-Meteo Historical Weather API,era5_land,True
BG_0159,938452,Sikkim,27.64976050069439,88.51388142035276,2012-06-07,0,matched_background_pseudo_absence,False,6.669511831838067,6.883970579923421,42,Copernicus_DSM_COG_10_N27_00_E088_00_DEM,4022.313232421875,25.395718388332643,271.7903403595295,0.009596174235801887,27.390931643800823,30.715,True,Copernicus DEM GLO-30 via Microsoft Planetary Computer,,,,,,,,,,,False,False,False,Deferred to Stage 7B-2,,,ESA_WorldCover_10m_2021_v200_N27E087,30.0,Grassland,ESA WorldCover 2021 v200,2021,9,True,MYD13Q1.A2012153.h25v06.061.2021210161848,2012-06-08T23:59:59.500000+00:00,1.0,109.0,0.0109,3.0,Cloudy,False,NASA MODIS MOD13Q1/MYD13Q1 v6.1 16-day 250m,True,,,,,"{""2012-06-01"": null, ""2012-06-02"": null, ""2012-06-03"": null, ""2012-06-04"": null, ""2012-06-05"": null, ""2012-06-06"": null, ""2012-06-07"": null}",NASA POWER Daily API / PRECTOTCORR,False,0.433,0.419,0.411,0.414,0.432,0.4325714285714285,0.0004285714285715003,"{""2012-06-01"": 0.433, ""2012-06-02"": 0.433, ""2012-06-03"": 0.433, ""2012-06-04"": 0.433, ""2012-06-05"": 0.432, ""2012-06-06"": 0.431, ""2012-06-07"": 0.433}",ERA5-Land via Open-Meteo Historical Weather API,era5_land,True
BG_0160,938430,Sikkim,27.417143510208103,88.42632089858496,2012-06-07,0,matched_background_pseudo_absence,False,8.147990371603015,1.9857947187827265,42,Copernicus_DSM_COG_10_N27_00_E088_00_DEM,2526.490478515625,43.31150681904782,174.1164167019076,0.005596870728049249,27.44896551472899,30.715,True,Copernicus DEM GLO-30 via Microsoft Planetary Computer,,,,,,,,,,,False,False,False,Deferred to Stage 7B-2,,,ESA_WorldCover_10m_2021_v200_N27E087,10.0,Tree cover,ESA WorldCover 2021 v200,2021,9,True,MYD13Q1.A2012153.h25v06.061.2021210161848,2012-06-08T23:59:59.500000+00:00,1.0,906.0,0.0906,3.0,Cloudy,False,NASA MODIS MOD13Q1/MYD13Q1 v6.1 16-day 250m,True,,,,,"{""2012-06-01"": null, ""2012-06-02"": null, ""2012-06-03"": null, ""2012-06-04"": null, ""2012-06-05"": null, ""2012-06-06"": null, ""2012-06-07"": null}",NASA POWER Daily API / PRECTOTCORR,False,0.427,0.427,0.428,0.428,0.42533333333333334,0.4258571428571428,0.0011428571428571677,"{""2012-06-01"": 0.425, ""2012-06-02"": 0.426, ""2012-06-03"": 0.426, ""2012-06-04"": 0.428, ""2012-06-05"": 0.425, ""2012-06-06"": 0.424, ""2012-06-07"": 0.427}",ERA5-Land via Open-Meteo Historical Weather API,era5_land,True
BG_0161,938436,Sikkim,27.811450014327864,88.18451666475251,2012-06-07,0,matched_background_pseudo_absence,False,34.46442508388368,3.9748244146012,42,Copernicus_DSM_COG_10_N27_00_E088_00_DEM,6577.71923828125,68.42803434027783,35.41763865791012,-0.04108205396147103,27.350326901703934,30.715,True,Copernicus DEM GLO-30 via Microsoft Planetary Computer,,,,,,,,,,,False,False,False,Deferred to Stage 7B-2,,,ESA_WorldCover_10m_2021_v200_N27E087,70.0,Snow and ice,ESA WorldCover 2021 v200,2021,9,True,MYD13Q1.A2012153.h25v06.061.2021210161848,2012-06-08T23:59:59.500000+00:00,1.0,-634.0,-0.0634,1.0,Marginal data,True,NASA MODIS MOD13Q1/MYD13Q1 v6.1 16-day 250m,True,-0.0634,,,,"{""2012-06-01"": null, ""2012-06-02"": null, ""2012-06-03"": null, ""2012-06-04"": null, ""2012-06-05"": null, ""2012-06-06"": null, ""2012-06-07"": null}",NASA POWER Daily API / PRECTOTCORR,False,0.324,0.335,0.253,0.275,0.324,0.32485714285714284,-0.0008571428571428341,"{""2012-06-01"": 0.326, ""2012-06-02"": 0.325, ""2012-06-03"": 0.326, ""2012-06-04"": 0.325, ""2012-06-05"": 0.324, ""2012-06-06"": 0.324, ""2012-06-07"": 0.324}",ERA5-Land via Open-Meteo Historical Weather API,era5_land,True
BG_0162,1050898,Manipur,24.267057994000364,93.98496740697944,2012-06-10,0,matched_background_pseudo_absence,False,7.034868239501384,3.5181580105874266,42,Copernicus_DSM_COG_10_N24_00_E093_00_DEM,977.2451171875,17.579402721885636,312.07876532524097,0.006416246102591985,28.189926154108953,30.715,True,Copernicus DEM GLO-30 via Microsoft Planetary Computer,,,,,,,,,,,False,False,False,Deferred to Stage 7B-2,,,ESA_WorldCover_10m_2021_v200_N24E093,10.0,Tree cover,ESA WorldCover 2021 v200,2021,9,True,MYD13Q1.A2012153.h26v06.061.2021210161031,2012-06-08T23:59:59.500000+00:00,2.0,2269.0,0.22690000000000002,3.0,Cloudy,False,NASA MODIS MOD13Q1/MYD13Q1 v6.1 16-day 250m,True,,,,,"{""2012-06-04"": null, ""2012-06-05"": null, ""2012-06-06"": null, ""2012-06-07"": null, ""2012-06-08"": null, ""2012-06-09"": null, ""2012-06-10"": null}",NASA POWER Daily API / PRECTOTCORR,False,0.483,0.481,0.385,0.412,0.4723333333333333,0.46414285714285713,0.01885714285714285,"{""2012-06-04"": 0.455, ""2012-06-05"": 0.453, ""2012-06-06"": 0.468, ""2012-06-07"": 0.456, ""2012-06-08"": 0.465, ""2012-06-09"": 0.469, ""2012-06-10"": 0.483}",ERA5-Land via Open-Meteo Historical Weather API,era5_land,True
BG_0163,938414,Sikkim,27.819561813037208,88.68867799440928,2012-06-14,0,matched_background_pseudo_absence,False,8.95861954031327,3.9709596027750425,42,Copernicus_DSM_COG_10_N27_00_E088_00_DEM,4211.87890625,33.636727403826804,353.3784031240586,-0.009312382938832674,27.348284062524066,30.715,True,Copernicus DEM GLO-30 via Microsoft Planetary Computer,,,,,,,,,,,False,False,False,Deferred to Stage 7B-2,,,ESA_WorldCover_10m_2021_v200_N27E087,10.0,Tree cover,ESA WorldCover 2021 v200,2021,9,True,MOD13Q1.A2012161.h25v06.061.2021210180305,2012-06-16T23:59:59.500000+00:00,2.0,1927.0,0.1927,3.0,Cloudy,False,NASA MODIS MOD13Q1/MYD13Q1 v6.1 16-day 250m,True,,,,,"{""2012-06-08"": null, ""2012-06-09"": null, ""2012-06-10"": null, ""2012-06-11"": null, ""2012-06-12"": null, ""2012-06-13"": null, ""2012-06-14"": null}",NASA POWER Daily API / PRECTOTCORR,False,0.429,0.429,0.429,0.429,0.4283333333333333,0.4281428571428571,0.0008571428571428896,"{""2012-06-08"": 0.428, ""2012-06-09"": 0.428, ""2012-06-10"": 0.428, ""2012-06-11"": 0.428, ""2012-06-12"": 0.428, ""2012-06-13"": 0.428, ""2012-06-14"": 0.429}",ERA5-Land via Open-Meteo Historical Weather API,era5_land,True
BG_0164,1048396,Assam,26.062691036956487,89.93253581779355,2012-06-20,0,matched_background_pseudo_absence,False,10.459831901999214,31.4834609885,42,Copernicus_DSM_COG_10_N26_00_E089_00_DEM,26.761703491210938,0.31962905165513766,115.03753328901348,4.11902969906037e-05,27.777860742671784,30.715,True,Copernicus DEM GLO-30 via Microsoft Planetary Computer,,,,,,,,,,,False,False,False,Deferred to Stage 7B-2,,,ESA_WorldCover_10m_2021_v200_N24E087,40.0,Cropland,ESA WorldCover 2021 v200,2021,9,True,MOD13Q1.A2012161.h25v06.061.2021210180305,2012-06-16T23:59:59.500000+00:00,4.0,,,,,False,NASA MODIS MOD13Q1/MYD13Q1 v6.1 16-day 250m,False,,,,,"{""2012-06-14"": null, ""2012-06-15"": null, ""2012-06-16"": null, ""2012-06-17"": null, ""2012-06-18"": null, ""2012-06-19"": null, ""2012-06-20"": null}",NASA POWER Daily API / PRECTOTCORR,False,0.418,0.418,0.379,0.39,0.4136666666666666,0.42128571428571426,-0.0032857142857142807,"{""2012-06-14"": 0.427, ""2012-06-15"": 0.427, ""2012-06-16"": 0.428, ""2012-06-17"": 0.426, ""2012-06-18"": 0.409, ""2012-06-19"": 0.414, ""2012-06-20"": 0.418}",ERA5-Land via Open-Meteo Historical Weather API,era5_land,True
BG_0165,1048382,Assam,25.88870862150068,93.0221811819059,2012-06-22,0,matched_background_pseudo_absence,False,23.587447286857454,13.76533245628312,42,Copernicus_DSM_COG_10_N25_00_E093_00_DEM,93.75752258300781,0.19083359272689998,86.02938325979619,0.0004532201881842947,27.8189868270303,30.715,True,Copernicus DEM GLO-30 via Microsoft Planetary Computer,,,,,,,,,,,False,False,False,Deferred to Stage 7B-2,,,ESA_WorldCover_10m_2021_v200_N24E093,40.0,Cropland,ESA WorldCover 2021 v200,2021,9,True,MYD13Q1.A2012169.h26v06.061.2021211170355,2012-06-24T23:59:59.500000+00:00,2.0,3673.0,0.3673,3.0,Cloudy,False,NASA MODIS MOD13Q1/MYD13Q1 v6.1 16-day 250m,True,,,,,"{""2012-06-16"": null, ""2012-06-17"": null, ""2012-06-18"": null, ""2012-06-19"": null, ""2012-06-20"": null, ""2012-06-21"": null, ""2012-06-22"": null}",NASA POWER Daily API / PRECTOTCORR,False,0.474,0.493,0.445,0.457,0.47733333333333333,0.4725714285714286,0.0014285714285713902,"{""2012-06-16"": 0.483, ""2012-06-17"": 0.466, ""2012-06-18"": 0.453, ""2012-06-19"": 0.474, ""2012-06-20"": 0.481, ""2012-06-21"": 0.477, ""2012-06-22"": 0.474}",ERA5-Land via Open-Meteo Historical Weather API,era5_land,True
BG_0166,1048404,Assam,26.79298966014766,91.83803121630469,2012-06-22,0,matched_background_pseudo_absence,False,35.26336517447464,5.508398564175996,42,Copernicus_DSM_COG_10_N26_00_E091_00_DEM,164.31378173828125,0.20499828894607916,21.346930369868744,-0.0005949029591700992,27.60244269322538,30.715,True,Copernicus DEM GLO-30 via Microsoft Planetary Computer,,,,,,,,,,,False,False,False,Deferred to Stage 7B-2,,,ESA_WorldCover_10m_2021_v200_N24E090,40.0,Cropland,ESA WorldCover 2021 v200,2021,9,True,MYD13Q1.A2012169.h25v06.061.2021211154154,2012-06-24T23:59:59.500000+00:00,2.0,,,,,False,NASA MODIS MOD13Q1/MYD13Q1 v6.1 16-day 250m,False,,,,,"{""2012-06-16"": null, ""2012-06-17"": null, ""2012-06-18"": null, ""2012-06-19"": null, ""2012-06-20"": null, ""2012-06-21"": null, ""2012-06-22"": null}",NASA POWER Daily API / PRECTOTCORR,False,0.384,0.39,0.378,0.381,0.37333333333333335,0.3587142857142857,0.0252857142857143,"{""2012-06-16"": 0.381, ""2012-06-17"": 0.344, ""2012-06-18"": 0.326, ""2012-06-19"": 0.34, ""2012-06-20"": 0.35, ""2012-06-21"": 0.386, ""2012-06-22"": 0.384}",ERA5-Land via Open-Meteo Historical Weather API,era5_land,True
BG_0167,1048399,Assam,27.43209997672512,95.0846994951408,2012-06-25,0,matched_background_pseudo_absence,False,98.1139218463622,12.368474186715002,42,Copernicus_DSM_COG_10_N27_00_E095_00_DEM,113.46095275878906,2.47697721095746,160.69940921208672,0.0011292670790034498,27.44524773775525,30.715,True,Copernicus DEM GLO-30 via Microsoft Planetary Computer,,,,,,,,,,,False,False,False,Deferred to Stage 7B-2,,,ESA_WorldCover_10m_2021_v200_N27E093,10.0,Tree cover,ESA WorldCover 2021 v200,2021,9,True,MYD13Q1.A2012169.h26v06.061.2021211170355,2012-06-24T23:59:59.500000+00:00,1.0,7596.0,0.7596,3.0,Cloudy,False,NASA MODIS MOD13Q1/MYD13Q1 v6.1 16-day 250m,True,,,,,"{""2012-06-19"": null, ""2012-06-20"": null, ""2012-06-21"": null, ""2012-06-22"": null, ""2012-06-23"": null, ""2012-06-24"": null, ""2012-06-25"": null}",NASA POWER Daily API / PRECTOTCORR,False,0.485,0.492,0.489,0.489,0.484,0.47914285714285715,0.0058571428571428386,"{""2012-06-19"": 0.47, ""2012-06-20"": 0.475, ""2012-06-21"": 0.5, ""2012-06-22"": 0.457, ""2012-06-23"": 0.478, ""2012-06-24"": 0.489, ""2012-06-25"": 0.485}",ERA5-Land via Open-Meteo Historical Weather API,era5_land,True
BG_0168,1048402,Assam,27.048795547678584,94.24030612115097,2012-06-25,0,matched_background_pseudo_absence,False,17.42148270201843,20.681027042539217,42,Copernicus_DSM_COG_10_N27_00_E094_00_DEM,84.68730163574219,0.07248063160664132,281.38694938478477,-0.00020787307039602654,27.539936051733875,30.715,True,Copernicus DEM GLO-30 via Microsoft Planetary Computer,,,,,,,,,,,False,False,False,Deferred to Stage 7B-2,,,ESA_WorldCover_10m_2021_v200_N27E093,40.0,Cropland,ESA WorldCover 2021 v200,2021,9,True,MYD13Q1.A2012169.h26v06.061.2021211170355,2012-06-24T23:59:59.500000+00:00,1.0,7590.0,0.759,3.0,Cloudy,False,NASA MODIS MOD13Q1/MYD13Q1 v6.1 16-day 250m,True,,,,,"{""2012-06-19"": null, ""2012-06-20"": null, ""2012-06-21"": null, ""2012-06-22"": null, ""2012-06-23"": null, ""2012-06-24"": null, ""2012-06-25"": null}",NASA POWER Daily API / PRECTOTCORR,False,0.462,0.491,0.504,0.499,0.47100000000000003,0.48257142857142854,-0.02057142857142852,"{""2012-06-19"": 0.497, ""2012-06-20"": 0.485, ""2012-06-21"": 0.494, ""2012-06-22"": 0.489, ""2012-06-23"": 0.468, ""2012-06-24"": 0.483, ""2012-06-25"": 0.462}",ERA5-Land via Open-Meteo Historical Weather API,era5_land,True
BG_0169,1050675,Assam,26.55694964632381,90.130965206435,2012-06-26,0,matched_background_pseudo_absence,False,51.66434157875572,3.632856664712722,42,Copernicus_DSM_COG_10_N26_00_E090_00_DEM,60.1080322265625,1.466917708547056,75.48420076879438,-0.0009429358472496777,27.659631460604533,30.715,True,Copernicus DEM GLO-30 via Microsoft Planetary Computer,,,,,,,,,,,False,False,False,Deferred to Stage 7B-2,,,ESA_WorldCover_10m_2021_v200_N24E090,60.0,Bare / sparse vegetation,ESA WorldCover 2021 v200,2021,9,True,MYD13Q1.A2012169.h25v06.061.2021211154154,2012-06-24T23:59:59.500000+00:00,2.0,,,,,False,NASA MODIS MOD13Q1/MYD13Q1 v6.1 16-day 250m,False,,,,,"{""2012-06-20"": null, ""2012-06-21"": null, ""2012-06-22"": null, ""2012-06-23"": null, ""2012-06-24"": null, ""2012-06-25"": null, ""2012-06-26"": null}",NASA POWER Daily API / PRECTOTCORR,False,0.476,0.498,0.491,0.492,0.4803333333333333,0.48,-0.0040000000000000036,"{""2012-06-20"": 0.479, ""2012-06-21"": 0.491, ""2012-06-22"": 0.473, ""2012-06-23"": 0.476, ""2012-06-24"": 0.482, ""2012-06-25"": 0.483, ""2012-06-26"": 0.476}",ERA5-Land via Open-Meteo Historical Weather API,era5_land,True
BG_0170,1048390,Assam,26.566870926587686,90.32068198552425,2012-06-26,0,matched_background_pseudo_absence,False,59.39679571881535,7.538694915934379,42,Copernicus_DSM_COG_10_N26_00_E090_00_DEM,66.033447265625,0.1208860879560642,208.06172670518512,0.00033032124094271203,27.657237135266314,30.715,True,Copernicus DEM GLO-30 via Microsoft Planetary Computer,,,,,,,,,,,False,False,False,Deferred to Stage 7B-2,,,ESA_WorldCover_10m_2021_v200_N24E090,40.0,Cropland,ESA WorldCover 2021 v200,2021,9,True,MYD13Q1.A2012169.h25v06.061.2021211154154,2012-06-24T23:59:59.500000+00:00,2.0,,,,,False,NASA MODIS MOD13Q1/MYD13Q1 v6.1 16-day 250m,False,,,,,"{""2012-06-20"": null, ""2012-06-21"": null, ""2012-06-22"": null, ""2012-06-23"": null, ""2012-06-24"": null, ""2012-06-25"": null, ""2012-06-26"": null}",NASA POWER Daily API / PRECTOTCORR,False,0.479,0.491,0.493,0.492,0.48466666666666663,0.487,-0.008000000000000007,"{""2012-06-20"": 0.48, ""2012-06-21"": 0.485, ""2012-06-22"": 0.5, ""2012-06-23"": 0.49, ""2012-06-24"": 0.489, ""2012-06-25"": 0.486, ""2012-06-26"": 0.479}",ERA5-Land via Open-Meteo Historical Weather API,era5_land,True
BG_0171,1048379,Assam,26.173436867240905,90.61848383033544,2012-06-27,0,matched_background_pseudo_absence,False,59.494174167065154,11.644162840322425,42,Copernicus_DSM_COG_10_N26_00_E090_00_DEM,34.78621292114258,1.0527809011649458,139.44824267965186,-0.00041083203031695075,27.751549134490578,30.715,True,Copernicus DEM GLO-30 via Microsoft Planetary Computer,,,,,,,,,,,False,False,False,Deferred to Stage 7B-2,,,ESA_WorldCover_10m_2021_v200_N24E090,40.0,Cropland,ESA WorldCover 2021 v200,2021,9,True,MYD13Q1.A2012169.h25v06.061.2021211154154,2012-06-24T23:59:59.500000+00:00,3.0,,,,,False,NASA MODIS MOD13Q1/MYD13Q1 v6.1 16-day 250m,False,,,,,"{""2012-06-21"": null, ""2012-06-22"": null, ""2012-06-23"": null, ""2012-06-24"": null, ""2012-06-25"": null, ""2012-06-26"": null, ""2012-06-27"": null}",NASA POWER Daily API / PRECTOTCORR,False,0.467,0.474,0.464,0.466,0.45166666666666666,0.45342857142857146,0.013571428571428568,"{""2012-06-21"": 0.446, ""2012-06-22"": 0.462, ""2012-06-23"": 0.455, ""2012-06-24"": 0.456, ""2012-06-25"": 0.432, ""2012-06-26"": 0.456, ""2012-06-27"": 0.467}",ERA5-Land via Open-Meteo Historical Weather API,era5_land,True
BG_0172,1050631,Assam,26.3897702028578,91.8822932108542,2012-06-30,0,matched_background_pseudo_absence,False,18.45407224855874,25.70516259744029,42,Copernicus_DSM_COG_10_N26_00_E091_00_DEM,61.02576446533203,5.956806509190898,227.739090646273,-0.005246836665740188,27.699852471484796,30.715,True,Copernicus DEM GLO-30 via Microsoft Planetary Computer,,,,,,,,,,,False,False,False,Deferred to Stage 7B-2,,,ESA_WorldCover_10m_2021_v200_N24E090,10.0,Tree cover,ESA WorldCover 2021 v200,2021,9,True,MOD13Q1.A2012177.h25v06.061.2021211190553,2012-07-02T23:59:59.500000+00:00,2.0,,,,,False,NASA MODIS MOD13Q1/MYD13Q1 v6.1 16-day 250m,False,,,,,"{""2012-06-24"": null, ""2012-06-25"": null, ""2012-06-26"": null, ""2012-06-27"": null, ""2012-06-28"": null, ""2012-06-29"": null, ""2012-06-30"": null}",NASA POWER Daily API / PRECTOTCORR,False,0.475,0.493,0.465,0.471,0.4876666666666667,0.4855714285714286,-0.01057142857142862,"{""2012-06-24"": 0.492, ""2012-06-25"": 0.484, ""2012-06-26"": 0.463, ""2012-06-27"": 0.497, ""2012-06-28"": 0.5, ""2012-06-29"": 0.488, ""2012-06-30"": 0.475}",ERA5-Land via Open-Meteo Historical Weather API,era5_land,True
BG_0173,938393,Sikkim,27.483171608118624,88.19409538785574,2012-07-11,0,matched_background_pseudo_absence,False,14.955516258072478,2.8693309715351467,42,Copernicus_DSM_COG_10_N27_00_E088_00_DEM,3713.86181640625,35.463177799526285,133.2006900730613,-0.006489859358175892,27.43253860351336,30.715,True,Copernicus DEM GLO-30 via Microsoft Planetary Computer,,,,,,,,,,,False,False,False,Deferred to Stage 7B-2,,,ESA_WorldCover_10m_2021_v200_N27E087,10.0,Tree cover,ESA WorldCover 2021 v200,2021,9,True,MYD13Q1.A2012185.h25v06.061.2021212101421,2012-07-10T23:59:59.500000+00:00,1.0,248.0,0.024800000000000003,3.0,Cloudy,False,NASA MODIS MOD13Q1/MYD13Q1 v6.1 16-day 250m,True,,,,,"{""2012-07-05"": null, ""2012-07-06"": null, ""2012-07-07"": null, ""2012-07-08"": null, ""2012-07-09"": null, ""2012-07-10"": null, ""2012-07-11"": null}",NASA POWER Daily API / PRECTOTCORR,False,0.427,0.427,0.426,0.427,0.41966666666666663,0.4232857142857142,0.003714285714285781,"{""2012-07-05"": 0.428, ""2012-07-06"": 0.428, ""2012-07-07"": 0.426, ""2012-07-08"": 0.422, ""2012-07-09"": 0.413, ""2012-07-10"": 0.419, ""2012-07-11"": 0.427}",ERA5-Land via Open-Meteo Historical Weather API,era5_land,True
BG_0174,1050664,Mizoram,22.55318341034111,92.826787472787,2012-07-21,0,matched_background_pseudo_absence,False,7.748291509186526,19.41248730400689,42,Copernicus_DSM_COG_10_N22_00_E092_00_DEM,736.8685302734375,33.91181327757739,249.36519021588606,-0.005152626106181392,28.55741181957048,30.715,True,Copernicus DEM GLO-30 via Microsoft Planetary Computer,,,,,,,,,,,False,False,False,Deferred to Stage 7B-2,,,ESA_WorldCover_10m_2021_v200_N21E090,10.0,Tree cover,ESA WorldCover 2021 v200,2021,9,True,MOD13Q1.A2012193.h26v06.061.2021212101236,2012-07-18T23:59:59.500000+00:00,3.0,2792.0,0.2792,3.0,Cloudy,False,NASA MODIS MOD13Q1/MYD13Q1 v6.1 16-day 250m,True,,,,,"{""2012-07-15"": null, ""2012-07-16"": null, ""2012-07-17"": null, ""2012-07-18"": null, ""2012-07-19"": null, ""2012-07-20"": null, ""2012-07-21"": null}",NASA POWER Daily API / PRECTOTCORR,False,0.417,0.419,0.418,0.418,0.417,0.4201428571428571,-0.003142857142857114,"{""2012-07-15"": 0.42, ""2012-07-16"": 0.421, ""2012-07-17"": 0.424, ""2012-07-18"": 0.425, ""2012-07-19"": 0.419, ""2012-07-20"": 0.415, ""2012-07-21"": 0.417}",ERA5-Land via Open-Meteo Historical Weather API,era5_land,True
BG_0175,938329,Sikkim,27.67337238842374,88.26233510858971,2012-09-01,0,matched_background_pseudo_absence,False,23.63201693298362,8.782602315819078,42,Copernicus_DSM_COG_10_N27_00_E088_00_DEM,5573.07275390625,44.95472255248249,187.16529405997358,-0.009402280295380538,27.38501563465271,30.715,True,Copernicus DEM GLO-30 via Microsoft Planetary Computer,,,,,,,,,,,False,False,False,Deferred to Stage 7B-2,,,ESA_WorldCover_10m_2021_v200_N27E087,70.0,Snow and ice,ESA WorldCover 2021 v200,2021,9,True,MOD13Q1.A2012241.h25v06.061.2021215112704,2012-09-04T23:59:59.500000+00:00,3.0,-829.0,-0.0829,3.0,Cloudy,False,NASA MODIS MOD13Q1/MYD13Q1 v6.1 16-day 250m,True,,,,,"{""2012-08-26"": null, ""2012-08-27"": null, ""2012-08-28"": null, ""2012-08-29"": null, ""2012-08-30"": null, ""2012-08-31"": null, ""2012-09-01"": null}",NASA POWER Daily API / PRECTOTCORR,False,0.389,0.39,0.221,0.268,0.389,0.38899999999999996,5.551115123125783e-17,"{""2012-08-26"": 0.389, ""2012-08-27"": 0.389, ""2012-08-28"": 0.389, ""2012-08-29"": 0.389, ""2012-08-30"": 0.389, ""2012-08-31"": 0.389, ""2012-09-01"": 0.389}",ERA5-Land via Open-Meteo Historical Weather API,era5_land,True
BG_0176,1057115,Manipur,25.217159659545224,94.18722626870534,2012-09-14,0,matched_background_pseudo_absence,False,14.780836223747531,20.433169691423917,42,Copernicus_DSM_COG_10_N25_00_E094_00_DEM,1193.2593994140625,11.625981705854825,104.98031452728605,-0.000328402192654793,27.97531880272711,30.715,True,Copernicus DEM GLO-30 via Microsoft Planetary Computer,,,,,,,,,,,False,False,False,Deferred to Stage 7B-2,,,ESA_WorldCover_10m_2021_v200_N24E093,10.0,Tree cover,ESA WorldCover 2021 v200,2021,9,True,MYD13Q1.A2012249.h26v06.061.2021215103510,2012-09-12T23:59:59.500000+00:00,2.0,4518.0,0.45180000000000003,3.0,Cloudy,False,NASA MODIS MOD13Q1/MYD13Q1 v6.1 16-day 250m,True,,,,,"{""2012-09-08"": null, ""2012-09-09"": null, ""2012-09-10"": null, ""2012-09-11"": null, ""2012-09-12"": null, ""2012-09-13"": null, ""2012-09-14"": null}",NASA POWER Daily API / PRECTOTCORR,False,0.485,0.498,0.48,0.484,0.49,0.475,0.010000000000000009,"{""2012-09-08"": 0.447, ""2012-09-09"": 0.453, ""2012-09-10"": 0.463, ""2012-09-11"": 0.492, ""2012-09-12"": 0.494, ""2012-09-13"": 0.491, ""2012-09-14"": 0.485}",ERA5-Land via Open-Meteo Historical Weather API,era5_land,True
BG_0177,938325,Sikkim,27.9178256658008,88.27295573803258,2012-09-16,0,matched_background_pseudo_absence,False,29.185304461068636,6.044590816162615,42,Copernicus_DSM_COG_10_N27_00_E088_00_DEM,5045.58740234375,26.739841345311177,120.93718194245622,0.0028929532390863256,27.323494204263305,30.715,True,Copernicus DEM GLO-30 via Microsoft Planetary Computer,,,,,,,,,,,False,False,False,Deferred to Stage 7B-2,,,ESA_WorldCover_10m_2021_v200_N27E087,30.0,Grassland,ESA WorldCover 2021 v200,2021,9,True,MOD13Q1.A2012257.h25v06.061.2021215164713,2012-09-20T23:59:59.500000+00:00,4.0,5828.0,0.5828,1.0,Marginal data,True,NASA MODIS MOD13Q1/MYD13Q1 v6.1 16-day 250m,True,0.5828,,,,"{""2012-09-10"": null, ""2012-09-11"": null, ""2012-09-12"": null, ""2012-09-13"": null, ""2012-09-14"": null, ""2012-09-15"": null, ""2012-09-16"": null}",NASA POWER Daily API / PRECTOTCORR,False,0.42,0.414,0.385,0.393,0.41533333333333333,0.3871428571428571,0.03285714285714286,"{""2012-09-10"": 0.351, ""2012-09-11"": 0.353, ""2012-09-12"": 0.376, ""2012-09-13"": 0.384, ""2012-09-14"": 0.411, ""2012-09-15"": 0.415, ""2012-09-16"": 0.42}",ERA5-Land via Open-Meteo Historical Weather API,era5_land,True
BG_0178,938412,Sikkim,27.836038949731236,88.62798427952181,2012-09-19,0,matched_background_pseudo_absence,False,7.083307814420342,5.702509515142966,42,Copernicus_DSM_COG_10_N27_00_E088_00_DEM,5391.5146484375,18.00138007544102,124.75670520725356,-0.0034670183235975243,27.34413284638192,30.715,True,Copernicus DEM GLO-30 via Microsoft Planetary Computer,,,,,,,,,,,False,False,False,Deferred to Stage 7B-2,,,ESA_WorldCover_10m_2021_v200_N27E087,70.0,Snow and ice,ESA WorldCover 2021 v200,2021,9,True,MOD13Q1.A2012257.h25v06.061.2021215164713,2012-09-20T23:59:59.500000+00:00,1.0,45.0,0.0045000000000000005,1.0,Marginal data,True,NASA MODIS MOD13Q1/MYD13Q1 v6.1 16-day 250m,True,0.0045000000000000005,,,,"{""2012-09-13"": null, ""2012-09-14"": null, ""2012-09-15"": null, ""2012-09-16"": null, ""2012-09-17"": null, ""2012-09-18"": null, ""2012-09-19"": null}",NASA POWER Daily API / PRECTOTCORR,False,0.425,0.416,0.28,0.318,0.4223333333333333,0.4154285714285714,0.009571428571428564,"{""2012-09-13"": 0.391, ""2012-09-14"": 0.412, ""2012-09-15"": 0.416, ""2012-09-16"": 0.422, ""2012-09-17"": 0.421, ""2012-09-18"": 0.421, ""2012-09-19"": 0.425}",ERA5-Land via Open-Meteo Historical Weather API,era5_land,True
BG_0179,938401,Sikkim,27.959255433243342,88.6111355393025,2012-09-19,0,matched_background_pseudo_absence,False,14.479389605462424,9.076150875877763,42,Copernicus_DSM_COG_10_N27_00_E088_00_DEM,4878.64794921875,3.330373794364197,155.90273136650057,-1.7699250956729337e-05,27.31301827490247,30.715,True,Copernicus DEM GLO-30 via Microsoft Planetary Computer,,,,,,,,,,,False,False,False,Deferred to Stage 7B-2,,,ESA_WorldCover_10m_2021_v200_N27E087,30.0,Grassland,ESA WorldCover 2021 v200,2021,9,True,MOD13Q1.A2012257.h25v06.061.2021215164713,2012-09-20T23:59:59.500000+00:00,1.0,4027.0,0.4027,1.0,Marginal data,True,NASA MODIS MOD13Q1/MYD13Q1 v6.1 16-day 250m,True,0.4027,,,,"{""2012-09-13"": null, ""2012-09-14"": null, ""2012-09-15"": null, ""2012-09-16"": null, ""2012-09-17"": null, ""2012-09-18"": null, ""2012-09-19"": null}",NASA POWER Daily API / PRECTOTCORR,False,0.418,0.417,0.388,0.396,0.4146666666666667,0.40385714285714286,0.014142857142857124,"{""2012-09-13"": 0.378, ""2012-09-14"": 0.397, ""2012-09-15"": 0.401, ""2012-09-16"": 0.407, ""2012-09-17"": 0.411, ""2012-09-18"": 0.415, ""2012-09-19"": 0.418}",ERA5-Land via Open-Meteo Historical Weather API,era5_land,True
BG_0180,938394,Sikkim,28.02754060552233,88.58308884452249,2012-09-19,0,matched_background_pseudo_absence,False,21.188172893262852,3.939988888696154,42,Copernicus_DSM_COG_10_N28_00_E088_00_DEM,5487.123046875,29.12883165431201,61.53740850591055,-0.021698156106390067,27.29572052512372,30.715,True,Copernicus DEM GLO-30 via Microsoft Planetary Computer,,,,,,,,,,,False,False,False,Deferred to Stage 7B-2,,,ESA_WorldCover_10m_2021_v200_N27E087,60.0,Bare / sparse vegetation,ESA WorldCover 2021 v200,2021,9,True,MOD13Q1.A2012257.h25v06.061.2021215164713,2012-09-20T23:59:59.500000+00:00,1.0,1216.0,0.1216,0.0,Good data,True,NASA MODIS MOD13Q1/MYD13Q1 v6.1 16-day 250m,True,0.1216,,,,"{""2012-09-13"": null, ""2012-09-14"": null, ""2012-09-15"": null, ""2012-09-16"": null, ""2012-09-17"": null, ""2012-09-18"": null, ""2012-09-19"": null}",NASA POWER Daily API / PRECTOTCORR,False,0.418,0.417,0.388,0.396,0.4146666666666667,0.40385714285714286,0.014142857142857124,"{""2012-09-13"": 0.378, ""2012-09-14"": 0.397, ""2012-09-15"": 0.401, ""2012-09-16"": 0.407, ""2012-09-17"": 0.411, ""2012-09-18"": 0.415, ""2012-09-19"": 0.418}",ERA5-Land via Open-Meteo Historical Weather API,era5_land,True
BG_0181,938410,Sikkim,27.68769213022747,88.41315462716798,2012-09-19,0,matched_background_pseudo_absence,False,12.763922838148844,4.640622433612273,42,Copernicus_DSM_COG_10_N27_00_E088_00_DEM,3935.689208984375,37.14846453268287,239.1683170628394,-0.0044002319436835914,27.38142552699152,30.715,True,Copernicus DEM GLO-30 via Microsoft Planetary Computer,,,,,,,,,,,False,False,False,Deferred to Stage 7B-2,,,ESA_WorldCover_10m_2021_v200_N27E087,10.0,Tree cover,ESA WorldCover 2021 v200,2021,9,True,MOD13Q1.A2012257.h25v06.061.2021215164713,2012-09-20T23:59:59.500000+00:00,1.0,6947.0,0.6947,3.0,Cloudy,False,NASA MODIS MOD13Q1/MYD13Q1 v6.1 16-day 250m,True,,,,,"{""2012-09-13"": null, ""2012-09-14"": null, ""2012-09-15"": null, ""2012-09-16"": null, ""2012-09-17"": null, ""2012-09-18"": null, ""2012-09-19"": null}",NASA POWER Daily API / PRECTOTCORR,False,0.432,0.431,0.374,0.39,0.43166666666666664,0.43157142857142855,0.0004285714285714448,"{""2012-09-13"": 0.432, ""2012-09-14"": 0.432, ""2012-09-15"": 0.431, ""2012-09-16"": 0.431, ""2012-09-17"": 0.432, ""2012-09-18"": 0.431, ""2012-09-19"": 0.432}",ERA5-Land via Open-Meteo Historical Weather API,era5_land,True
BG_0182,1050544,Mizoram,24.29804176678693,92.88297216349704,2012-10-11,0,matched_background_pseudo_absence,False,16.71404545078813,17.752274816712344,42,Copernicus_DSM_COG_10_N24_00_E092_00_DEM,231.84832763671875,15.809600865596314,194.96159050544784,-0.0004950087996459414,28.18304954579608,30.715,True,Copernicus DEM GLO-30 via Microsoft Planetary Computer,,,,,,,,,,,False,False,False,Deferred to Stage 7B-2,,,ESA_WorldCover_10m_2021_v200_N24E090,10.0,Tree cover,ESA WorldCover 2021 v200,2021,9,True,MYD13Q1.A2012281.h26v06.061.2021218130403,2012-10-14T23:59:59.500000+00:00,3.0,9091.0,0.9091,0.0,Good data,True,NASA MODIS MOD13Q1/MYD13Q1 v6.1 16-day 250m,True,0.9091,,,,"{""2012-10-05"": null, ""2012-10-06"": null, ""2012-10-07"": null, ""2012-10-08"": null, ""2012-10-09"": null, ""2012-10-10"": null, ""2012-10-11"": null}",NASA POWER Daily API / PRECTOTCORR,False,0.425,0.426,0.429,0.428,0.42166666666666663,0.42028571428571426,0.004714285714285726,"{""2012-10-05"": 0.425, ""2012-10-06"": 0.417, ""2012-10-07"": 0.412, ""2012-10-08"": 0.423, ""2012-10-09"": 0.42, ""2012-10-10"": 0.42, ""2012-10-11"": 0.425}",ERA5-Land via Open-Meteo Historical Weather API,era5_land,True
BG_0183,1050577,Mizoram,23.184379154788395,93.2294807959908,2012-10-11,0,matched_background_pseudo_absence,False,23.7553150059582,19.423494510899367,42,Copernicus_DSM_COG_10_N23_00_E093_00_DEM,1247.659423828125,31.362719331845756,8.077985397828172,-0.005819029562782607,28.42502727803025,30.715,True,Copernicus DEM GLO-30 via Microsoft Planetary Computer,,,,,,,,,,,False,False,False,Deferred to Stage 7B-2,,,ESA_WorldCover_10m_2021_v200_N21E093,10.0,Tree cover,ESA WorldCover 2021 v200,2021,9,True,MYD13Q1.A2012281.h26v06.061.2021218130403,2012-10-14T23:59:59.500000+00:00,3.0,8717.0,0.8717,1.0,Marginal data,True,NASA MODIS MOD13Q1/MYD13Q1 v6.1 16-day 250m,True,0.8717,,,,"{""2012-10-05"": null, ""2012-10-06"": null, ""2012-10-07"": null, ""2012-10-08"": null, ""2012-10-09"": null, ""2012-10-10"": null, ""2012-10-11"": null}",NASA POWER Daily API / PRECTOTCORR,False,0.428,0.429,0.426,0.426,0.41966666666666663,0.4118571428571429,0.01614285714285707,"{""2012-10-05"": 0.422, ""2012-10-06"": 0.406, ""2012-10-07"": 0.402, ""2012-10-08"": 0.394, ""2012-10-09"": 0.409, ""2012-10-10"": 0.422, ""2012-10-11"": 0.428}",ERA5-Land via Open-Meteo Historical Weather API,era5_land,True
BG_0184,1050525,Mizoram,23.867355496047285,93.2080168392735,2012-11-11,0,matched_background_pseudo_absence,False,16.125159035779077,13.891528401562097,42,Copernicus_DSM_COG_10_N23_00_E093_00_DEM,1185.2669677734375,35.60070760993715,320.4706102844286,-0.0075044260761451,28.277897191953567,30.715,True,Copernicus DEM GLO-30 via Microsoft Planetary Computer,,,,,,,,,,,False,False,False,Deferred to Stage 7B-2,,,ESA_WorldCover_10m_2021_v200_N21E093,10.0,Tree cover,ESA WorldCover 2021 v200,2021,9,True,MOD13Q1.A2012305.h26v06.061.2021222234119,2012-11-07T23:59:59.500000+00:00,4.0,8553.0,0.8553000000000001,0.0,Good data,True,NASA MODIS MOD13Q1/MYD13Q1 v6.1 16-day 250m,True,0.8553000000000001,,,,"{""2012-11-05"": null, ""2012-11-06"": null, ""2012-11-07"": null, ""2012-11-08"": null, ""2012-11-09"": null, ""2012-11-10"": null, ""2012-11-11"": null}",NASA POWER Daily API / PRECTOTCORR,False,0.37,0.377,0.367,0.37,0.38233333333333336,0.3938571428571428,-0.0238571428571428,"{""2012-11-05"": 0.385, ""2012-11-06"": 0.4, ""2012-11-07"": 0.413, ""2012-11-08"": 0.412, ""2012-11-09"": 0.396, ""2012-11-10"": 0.381, ""2012-11-11"": 0.37}",ERA5-Land via Open-Meteo Historical Weather API,era5_land,True
BG_0185,938377,Sikkim,27.90924297429654,88.34511006028679,2013-04-14,0,matched_background_pseudo_absence,False,22.171588476570847,7.153690774415745,42,Copernicus_DSM_COG_10_N27_00_E088_00_DEM,4998.611328125,54.07834892805054,144.59271791877973,0.020196782903578188,27.325662637145278,30.715,True,Copernicus DEM GLO-30 via Microsoft Planetary Computer,,,,,,,,,,,False,False,False,Deferred to Stage 7B-2,,,ESA_WorldCover_10m_2021_v200_N27E087,60.0,Bare / sparse vegetation,ESA WorldCover 2021 v200,2021,8,True,MOD13Q1.A2013097.h25v06.061.2021229011811,2013-04-14T23:59:59.500000+00:00,0.0,-243.0,-0.024300000000000002,1.0,Marginal data,True,NASA MODIS MOD13Q1/MYD13Q1 v6.1 16-day 250m,True,-0.024300000000000002,,,,"{""2013-04-08"": null, ""2013-04-09"": null, ""2013-04-10"": null, ""2013-04-11"": null, ""2013-04-12"": null, ""2013-04-13"": null, ""2013-04-14"": null}",NASA POWER Daily API / PRECTOTCORR,False,0.391,0.39,0.378,0.381,0.391,0.391,0.0,"{""2013-04-08"": 0.391, ""2013-04-09"": 0.391, ""2013-04-10"": 0.391, ""2013-04-11"": 0.391, ""2013-04-12"": 0.391, ""2013-04-13"": 0.391, ""2013-04-14"": 0.391}",ERA5-Land via Open-Meteo Historical Weather API,era5_land,True
BG_0186,1050580,Mizoram,23.67712385377633,92.7932707094394,2013-05-07,0,matched_background_pseudo_absence,False,7.0548307241531365,16.85495103067726,42,Copernicus_DSM_COG_10_N23_00_E092_00_DEM,156.5,9.069530068380955,270.0,0.01542946007157147,28.319282435321313,30.715,True,Copernicus DEM GLO-30 via Microsoft Planetary Computer,,,,,,,,,,,False,False,False,Deferred to Stage 7B-2,,,ESA_WorldCover_10m_2021_v200_N21E090,10.0,Tree cover,ESA WorldCover 2021 v200,2021,8,True,MYD13Q1.A2013121.h26v06.061.2021230105139,2013-05-08T23:59:59.500000+00:00,1.0,6535.0,0.6535000000000001,0.0,Good data,True,NASA MODIS MOD13Q1/MYD13Q1 v6.1 16-day 250m,True,0.6535000000000001,,,,"{""2013-05-01"": null, ""2013-05-02"": null, ""2013-05-03"": null, ""2013-05-04"": null, ""2013-05-05"": null, ""2013-05-06"": null, ""2013-05-07"": null}",NASA POWER Daily API / PRECTOTCORR,False,0.41,0.372,0.223,0.268,0.3826666666666667,0.3355714285714286,0.0744285714285714,"{""2013-05-01"": 0.293, ""2013-05-02"": 0.289, ""2013-05-03"": 0.286, ""2013-05-04"": 0.333, ""2013-05-05"": 0.368, ""2013-05-06"": 0.37, ""2013-05-07"": 0.41}",ERA5-Land via Open-Meteo Historical Weather API,era5_land,True
BG_0187,1048344,Tripura,23.8677343922001,91.94457574174952,2013-05-08,0,matched_background_pseudo_absence,False,5.055924172450658,40.25720561750809,42,Copernicus_DSM_COG_10_N23_00_E091_00_DEM,308.04461669921875,26.431399156928354,7.029624211998339,-0.0003448944315945341,28.277814451191222,30.715,True,Copernicus DEM GLO-30 via Microsoft Planetary Computer,,,,,,,,,,,False,False,False,Deferred to Stage 7B-2,,,ESA_WorldCover_10m_2021_v200_N21E090,10.0,Tree cover,ESA WorldCover 2021 v200,2021,8,True,MYD13Q1.A2013121.h25v06.061.2021230102327,2013-05-08T23:59:59.500000+00:00,0.0,,,,,False,NASA MODIS MOD13Q1/MYD13Q1 v6.1 16-day 250m,False,,,,,"{""2013-05-02"": null, ""2013-05-03"": null, ""2013-05-04"": null, ""2013-05-05"": null, ""2013-05-06"": null, ""2013-05-07"": null, ""2013-05-08"": null}",NASA POWER Daily API / PRECTOTCORR,False,0.429,0.429,0.419,0.422,0.42766666666666664,0.4104285714285715,0.018571428571428517,"{""2013-05-02"": 0.356, ""2013-05-03"": 0.397, ""2013-05-04"": 0.412, ""2013-05-05"": 0.425, ""2013-05-06"": 0.425, ""2013-05-07"": 0.429, ""2013-05-08"": 0.429}",ERA5-Land via Open-Meteo Historical Weather API,era5_land,True
BG_0188,1048341,Tripura,24.383710143104278,92.12370734207175,2013-05-08,0,matched_background_pseudo_absence,False,12.226072118591697,6.879815026235653,42,Copernicus_DSM_COG_10_N24_00_E092_00_DEM,29.801841735839844,0.6140954777089608,303.9688479037943,0.0029159438927240907,28.163993222674936,30.715,True,Copernicus DEM GLO-30 via Microsoft Planetary Computer,,,,,,,,,,,False,False,False,Deferred to Stage 7B-2,,,ESA_WorldCover_10m_2021_v200_N24E090,10.0,Tree cover,ESA WorldCover 2021 v200,2021,8,True,MYD13Q1.A2013121.h25v06.061.2021230102327,2013-05-08T23:59:59.500000+00:00,0.0,,,,,False,NASA MODIS MOD13Q1/MYD13Q1 v6.1 16-day 250m,False,,,,,"{""2013-05-02"": null, ""2013-05-03"": null, ""2013-05-04"": null, ""2013-05-05"": null, ""2013-05-06"": null, ""2013-05-07"": null, ""2013-05-08"": null}",NASA POWER Daily API / PRECTOTCORR,False,0.428,0.432,0.426,0.427,0.427,0.41971428571428565,0.00828571428571434,"{""2013-05-02"": 0.412, ""2013-05-03"": 0.413, ""2013-05-04"": 0.408, ""2013-05-05"": 0.424, ""2013-05-06"": 0.423, ""2013-05-07"": 0.43, ""2013-05-08"": 0.428}",ERA5-Land via Open-Meteo Historical Weather API,era5_land,True
BG_0189,1050660,Mizoram,22.994609332952336,92.61332161708764,2013-05-10,0,matched_background_pseudo_absence,False,11.349320590781796,21.39553429287217,42,Copernicus_DSM_COG_10_N22_00_E092_00_DEM,294.5466613769531,15.14546950952886,107.89257507376033,-0.016023204860056324,28.46519226858761,30.715,True,Copernicus DEM GLO-30 via Microsoft Planetary Computer,,,,,,,,,,,False,False,False,Deferred to Stage 7B-2,,,ESA_WorldCover_10m_2021_v200_N21E090,10.0,Tree cover,ESA WorldCover 2021 v200,2021,8,True,MYD13Q1.A2013121.h26v06.061.2021230105139,2013-05-08T23:59:59.500000+00:00,2.0,4750.0,0.47500000000000003,3.0,Cloudy,False,NASA MODIS MOD13Q1/MYD13Q1 v6.1 16-day 250m,True,,,,,"{""2013-05-04"": null, ""2013-05-05"": null, ""2013-05-06"": null, ""2013-05-07"": null, ""2013-05-08"": null, ""2013-05-09"": null, ""2013-05-10"": null}",NASA POWER Daily API / PRECTOTCORR,False,0.395,0.384,0.252,0.289,0.4103333333333334,0.33828571428571436,0.05671428571428566,"{""2013-05-04"": 0.225, ""2013-05-05"": 0.237, ""2013-05-06"": 0.28, ""2013-05-07"": 0.395, ""2013-05-08"": 0.423, ""2013-05-09"": 0.413, ""2013-05-10"": 0.395}",ERA5-Land via Open-Meteo Historical Weather API,era5_land,True
BG_0190,1050594,Mizoram,23.21218411004549,92.61588579603816,2013-05-11,0,matched_background_pseudo_absence,False,23.83982815571088,24.194666192264524,42,Copernicus_DSM_COG_10_N23_00_E092_00_DEM,333.56298828125,34.436343841640394,229.98120535206434,0.007635874926290839,28.419116127000585,30.715,True,Copernicus DEM GLO-30 via Microsoft Planetary Computer,,,,,,,,,,,False,False,False,Deferred to Stage 7B-2,,,ESA_WorldCover_10m_2021_v200_N21E090,10.0,Tree cover,ESA WorldCover 2021 v200,2021,8,True,MYD13Q1.A2013121.h26v06.061.2021230105139,2013-05-08T23:59:59.500000+00:00,3.0,7678.0,0.7678,1.0,Marginal data,True,NASA MODIS MOD13Q1/MYD13Q1 v6.1 16-day 250m,True,0.7678,,,,"{""2013-05-05"": null, ""2013-05-06"": null, ""2013-05-07"": null, ""2013-05-08"": null, ""2013-05-09"": null, ""2013-05-10"": null, ""2013-05-11"": null}",NASA POWER Daily API / PRECTOTCORR,False,0.376,0.37,0.258,0.29,0.39466666666666667,0.3732857142857142,0.00271428571428578,"{""2013-05-05"": 0.276, ""2013-05-06"": 0.32, ""2013-05-07"": 0.411, ""2013-05-08"": 0.422, ""2013-05-09"": 0.413, ""2013-05-10"": 0.395, ""2013-05-11"": 0.376}",ERA5-Land via Open-Meteo Historical Weather API,era5_land,True
BG_0191,1048381,Assam,26.986426590466237,93.93552450930136,2013-05-11,0,matched_background_pseudo_absence,False,7.836414149550416,21.739807875114646,42,Copernicus_DSM_COG_10_N26_00_E093_00_DEM,83.27898406982422,1.549675531221935,267.7286522745191,0.0017936199732726922,27.555226674687844,30.715,True,Copernicus DEM GLO-30 via Microsoft Planetary Computer,,,,,,,,,,,False,False,False,Deferred to Stage 7B-2,,,ESA_WorldCover_10m_2021_v200_N24E093,40.0,Cropland,ESA WorldCover 2021 v200,2021,8,True,MYD13Q1.A2013121.h26v06.061.2021230105139,2013-05-08T23:59:59.500000+00:00,3.0,5509.0,0.5509000000000001,0.0,Good data,True,NASA MODIS MOD13Q1/MYD13Q1 v6.1 16-day 250m,True,0.5509000000000001,,,,"{""2013-05-05"": null, ""2013-05-06"": null, ""2013-05-07"": null, ""2013-05-08"": null, ""2013-05-09"": null, ""2013-05-10"": null, ""2013-05-11"": null}",NASA POWER Daily API / PRECTOTCORR,False,0.423,0.407,0.416,0.415,0.41566666666666663,0.4238571428571428,-0.0008571428571428341,"{""2013-05-05"": 0.457, ""2013-05-06"": 0.435, ""2013-05-07"": 0.415, ""2013-05-08"": 0.413, ""2013-05-09"": 0.416, ""2013-05-10"": 0.408, ""2013-05-11"": 0.423}",ERA5-Land via Open-Meteo Historical Weather API,era5_land,True
BG_0192,1048368,Assam,24.516018917527614,92.32033174596292,2013-05-11,0,matched_background_pseudo_absence,False,9.045426786638451,24.750254930247205,42,Copernicus_DSM_COG_10_N24_00_E092_00_DEM,22.918872833251953,0.6724609333593496,286.3930919951971,-2.502899984995129e-06,28.13443837490025,30.715,True,Copernicus DEM GLO-30 via Microsoft Planetary Computer,,,,,,,,,,,False,False,False,Deferred to Stage 7B-2,,,ESA_WorldCover_10m_2021_v200_N24E090,40.0,Cropland,ESA WorldCover 2021 v200,2021,8,True,MYD13Q1.A2013121.h25v06.061.2021230102327,2013-05-08T23:59:59.500000+00:00,3.0,,,,,False,NASA MODIS MOD13Q1/MYD13Q1 v6.1 16-day 250m,False,,,,,"{""2013-05-05"": null, ""2013-05-06"": null, ""2013-05-07"": null, ""2013-05-08"": null, ""2013-05-09"": null, ""2013-05-10"": null, ""2013-05-11"": null}",NASA POWER Daily API / PRECTOTCORR,False,0.425,0.419,0.435,0.431,0.425,0.426,-0.0010000000000000009,"{""2013-05-05"": 0.425, ""2013-05-06"": 0.424, ""2013-05-07"": 0.429, ""2013-05-08"": 0.429, ""2013-05-09"": 0.425, ""2013-05-10"": 0.425, ""2013-05-11"": 0.425}",ERA5-Land via Open-Meteo Historical Weather API,era5_land,True
BG_0193,1048413,Assam,25.7014977151918,92.79087365512174,2013-05-11,0,matched_background_pseudo_absence,False,12.26081466778382,18.7017399409969,42,Copernicus_DSM_COG_10_N25_00_E092_00_DEM,228.8984375,5.8807258151339195,259.30906627950014,-0.006553653509830819,27.862953352692045,30.715,True,Copernicus DEM GLO-30 via Microsoft Planetary Computer,,,,,,,,,,,False,False,False,Deferred to Stage 7B-2,,,ESA_WorldCover_10m_2021_v200_N24E090,10.0,Tree cover,ESA WorldCover 2021 v200,2021,8,True,MYD13Q1.A2013121.h26v06.061.2021230105139,2013-05-08T23:59:59.500000+00:00,3.0,6445.0,0.6445000000000001,1.0,Marginal data,True,NASA MODIS MOD13Q1/MYD13Q1 v6.1 16-day 250m,True,0.6445000000000001,,,,"{""2013-05-05"": null, ""2013-05-06"": null, ""2013-05-07"": null, ""2013-05-08"": null, ""2013-05-09"": null, ""2013-05-10"": null, ""2013-05-11"": null}",NASA POWER Daily API / PRECTOTCORR,False,0.459,0.473,0.508,0.497,0.4746666666666666,0.4715714285714285,-0.012571428571428456,"{""2013-05-05"": 0.474, ""2013-05-06"": 0.465, ""2013-05-07"": 0.461, ""2013-05-08"": 0.477, ""2013-05-09"": 0.482, ""2013-05-10"": 0.483, ""2013-05-11"": 0.459}",ERA5-Land via Open-Meteo Historical Weather API,era5_land,True
BG_0194,1050783,Manipur,24.657096039778395,93.62788397150052,2013-05-12,0,matched_background_pseudo_absence,False,11.14040640287344,10.691627280631826,42,Copernicus_DSM_COG_10_N24_00_E093_00_DEM,405.6280212402344,14.808195025232786,198.33667253200966,0.0023614162587474214,28.10275960585,30.715,True,Copernicus DEM GLO-30 via Microsoft Planetary Computer,,,,,,,,,,,False,False,False,Deferred to Stage 7B-2,,,ESA_WorldCover_10m_2021_v200_N24E093,10.0,Tree cover,ESA WorldCover 2021 v200,2021,8,True,MOD13Q1.A2013129.h26v06.061.2021230162433,2013-05-16T23:59:59.500000+00:00,4.0,7042.0,0.7042,1.0,Marginal data,True,NASA MODIS MOD13Q1/MYD13Q1 v6.1 16-day 250m,True,0.7042,,,,"{""2013-05-06"": null, ""2013-05-07"": null, ""2013-05-08"": null, ""2013-05-09"": null, ""2013-05-10"": null, ""2013-05-11"": null, ""2013-05-12"": null}",NASA POWER Daily API / PRECTOTCORR,False,0.418,0.421,0.422,0.421,0.4243333333333333,0.4267142857142857,-0.00871428571428573,"{""2013-05-06"": 0.427, ""2013-05-07"": 0.43, ""2013-05-08"": 0.429, ""2013-05-09"": 0.428, ""2013-05-10"": 0.428, ""2013-05-11"": 0.427, ""2013-05-12"": 0.418}",ERA5-Land via Open-Meteo Historical Weather API,era5_land,True
BG_0195,938449,Sikkim,27.49728314149345,88.33867154454254,2013-06-08,0,matched_background_pseudo_absence,False,10.54318004919034,4.575817080189238,42,Copernicus_DSM_COG_10_N27_00_E088_00_DEM,2981.535400390625,16.92052689911801,126.66863246081942,-0.002796920237697314,27.429023116130157,30.715,True,Copernicus DEM GLO-30 via Microsoft Planetary Computer,,,,,,,,,,,False,False,False,Deferred to Stage 7B-2,,,ESA_WorldCover_10m_2021_v200_N27E087,10.0,Tree cover,ESA WorldCover 2021 v200,2021,8,True,MYD13Q1.A2013153.h25v06.061.2021231161331,2013-06-09T23:59:59.500000+00:00,1.0,2667.0,0.2667,3.0,Cloudy,False,NASA MODIS MOD13Q1/MYD13Q1 v6.1 16-day 250m,True,,,,,"{""2013-06-02"": null, ""2013-06-03"": null, ""2013-06-04"": null, ""2013-06-05"": null, ""2013-06-06"": null, ""2013-06-07"": null, ""2013-06-08"": null}",NASA POWER Daily API / PRECTOTCORR,False,0.428,0.428,0.429,0.429,0.42766666666666664,0.42671428571428566,0.0012857142857143344,"{""2013-06-02"": 0.424, ""2013-06-03"": 0.424, ""2013-06-04"": 0.428, ""2013-06-05"": 0.428, ""2013-06-06"": 0.428, ""2013-06-07"": 0.427, ""2013-06-08"": 0.428}",ERA5-Land via Open-Meteo Historical Weather API,era5_land,True
BG_0196,938453,Sikkim,27.207651589119635,88.18556495644621,2013-06-27,0,matched_background_pseudo_absence,False,7.29789637876401,9.19648254283224,42,Copernicus_DSM_COG_10_N27_00_E088_00_DEM,2490.78955078125,26.712614426145166,102.57995294861416,0.004086818723029057,27.500842902151266,30.715,True,Copernicus DEM GLO-30 via Microsoft Planetary Computer,,,,,,,,,,,False,False,False,Deferred to Stage 7B-2,,,ESA_WorldCover_10m_2021_v200_N27E087,10.0,Tree cover,ESA WorldCover 2021 v200,2021,8,True,MYD13Q1.A2013169.h25v06.061.2021233055041,2013-06-25T23:59:59.500000+00:00,2.0,1412.0,0.14120000000000002,3.0,Cloudy,False,NASA MODIS MOD13Q1/MYD13Q1 v6.1 16-day 250m,True,,,,,"{""2013-06-21"": null, ""2013-06-22"": null, ""2013-06-23"": null, ""2013-06-24"": null, ""2013-06-25"": null, ""2013-06-26"": null, ""2013-06-27"": null}",NASA POWER Daily API / PRECTOTCORR,False,0.422,0.422,0.431,0.429,0.4223333333333333,0.422,0.0,"{""2013-06-21"": 0.428, ""2013-06-22"": 0.425, ""2013-06-23"": 0.415, ""2013-06-24"": 0.419, ""2013-06-25"": 0.423, ""2013-06-26"": 0.422, ""2013-06-27"": 0.422}",ERA5-Land via Open-Meteo Historical Weather API,era5_land,True
BG_0197,1057781,Manipur,24.678165470318525,94.4750567066873,2013-08-09,0,matched_background_pseudo_absence,False,19.79837166912039,12.092830642613364,42,Copernicus_DSM_COG_10_N24_00_E094_00_DEM,693.7125854492188,15.505501255759265,331.0153924190817,-0.00025539059137128547,28.098013852366215,30.715,True,Copernicus DEM GLO-30 via Microsoft Planetary Computer,,,,,,,,,,,False,False,False,Deferred to Stage 7B-2,,,ESA_WorldCover_10m_2021_v200_N24E093,10.0,Tree cover,ESA WorldCover 2021 v200,2021,8,True,MYD13Q1.A2013217.h26v06.061.2021236203536,2013-08-12T23:59:59.500000+00:00,3.0,5587.0,0.5587,3.0,Cloudy,False,NASA MODIS MOD13Q1/MYD13Q1 v6.1 16-day 250m,True,,,,,"{""2013-08-03"": null, ""2013-08-04"": null, ""2013-08-05"": null, ""2013-08-06"": null, ""2013-08-07"": null, ""2013-08-08"": null, ""2013-08-09"": null}",NASA POWER Daily API / PRECTOTCORR,False,0.406,0.408,0.415,0.413,0.41133333333333333,0.41514285714285715,-0.00914285714285712,"{""2013-08-03"": 0.41, ""2013-08-04"": 0.408, ""2013-08-05"": 0.428, ""2013-08-06"": 0.426, ""2013-08-07"": 0.418, ""2013-08-08"": 0.41, ""2013-08-09"": 0.406}",ERA5-Land via Open-Meteo Historical Weather API,era5_land,True
BG_0198,1057887,Manipur,25.02575797860144,94.1463657546519,2013-08-15,0,matched_background_pseudo_absence,False,10.03525875300116,5.051675663968162,42,Copernicus_DSM_COG_10_N25_00_E094_00_DEM,849.0316162109375,9.016150224934453,137.24777291223245,0.002207671609362282,28.019172957541084,30.715,True,Copernicus DEM GLO-30 via Microsoft Planetary Computer,,,,,,,,,,,False,False,False,Deferred to Stage 7B-2,,,ESA_WorldCover_10m_2021_v200_N24E093,40.0,Cropland,ESA WorldCover 2021 v200,2021,8,True,MYD13Q1.A2013217.h26v06.061.2021236203536,2013-08-12T23:59:59.500000+00:00,3.0,4721.0,0.4721,3.0,Cloudy,False,NASA MODIS MOD13Q1/MYD13Q1 v6.1 16-day 250m,True,,,,,"{""2013-08-09"": null, ""2013-08-10"": null, ""2013-08-11"": null, ""2013-08-12"": null, ""2013-08-13"": null, ""2013-08-14"": null, ""2013-08-15"": null}",NASA POWER Daily API / PRECTOTCORR,False,0.481,0.491,0.487,0.487,0.48666666666666664,0.484,-0.0030000000000000027,"{""2013-08-09"": 0.481, ""2013-08-10"": 0.494, ""2013-08-11"": 0.477, ""2013-08-12"": 0.476, ""2013-08-13"": 0.491, ""2013-08-14"": 0.488, ""2013-08-15"": 0.481}",ERA5-Land via Open-Meteo Historical Weather API,era5_land,True
BG_0199,1050773,Manipur,24.234320524788654,93.33803294235148,2013-08-17,0,matched_background_pseudo_absence,False,7.17291648902104,1.0245444409769864,42,Copernicus_DSM_COG_10_N24_00_E093_00_DEM,623.9434204101562,35.14166033994002,42.990528272346296,-0.006477505148273917,28.197183025015377,30.715,True,Copernicus DEM GLO-30 via Microsoft Planetary Computer,,,,,,,,,,,False,False,False,Deferred to Stage 7B-2,,,ESA_WorldCover_10m_2021_v200_N24E093,10.0,Tree cover,ESA WorldCover 2021 v200,2021,8,True,MOD13Q1.A2013225.h26v06.061.2021237184811,2013-08-20T23:59:59.500000+00:00,3.0,5915.0,0.5915,3.0,Cloudy,False,NASA MODIS MOD13Q1/MYD13Q1 v6.1 16-day 250m,True,,,,,"{""2013-08-11"": null, ""2013-08-12"": null, ""2013-08-13"": null, ""2013-08-14"": null, ""2013-08-15"": null, ""2013-08-16"": null, ""2013-08-17"": null}",NASA POWER Daily API / PRECTOTCORR,False,0.425,0.426,0.427,0.427,0.4246666666666667,0.4227142857142857,0.00228571428571428,"{""2013-08-11"": 0.424, ""2013-08-12"": 0.414, ""2013-08-13"": 0.422, ""2013-08-14"": 0.425, ""2013-08-15"": 0.425, ""2013-08-16"": 0.424, ""2013-08-17"": 0.425}",ERA5-Land via Open-Meteo Historical Weather API,era5_land,True
BG_0200,938247,Sikkim,27.41923626271408,88.22919710573251,2013-09-01,0,matched_background_pseudo_absence,False,8.634708754679576,6.322004877449043,42,Copernicus_DSM_COG_10_N27_00_E088_00_DEM,3433.4384765625,23.69838377304622,114.88410414742225,-0.01285241338066128,27.44844542505094,30.715,True,Copernicus DEM GLO-30 via Microsoft Planetary Computer,,,,,,,,,,,False,False,False,Deferred to Stage 7B-2,,,ESA_WorldCover_10m_2021_v200_N27E087,10.0,Tree cover,ESA WorldCover 2021 v200,2021,8,True,MOD13Q1.A2013241.h25v06.061.2021239040013,2013-09-05T23:59:59.500000+00:00,4.0,810.0,0.081,3.0,Cloudy,False,NASA MODIS MOD13Q1/MYD13Q1 v6.1 16-day 250m,True,,,,,"{""2013-08-26"": null, ""2013-08-27"": null, ""2013-08-28"": null, ""2013-08-29"": null, ""2013-08-30"": null, ""2013-08-31"": null, ""2013-09-01"": null}",NASA POWER Daily API / PRECTOTCORR,False,0.428,0.428,0.427,0.428,0.426,0.42528571428571427,0.0027142857142857246,"{""2013-08-26"": 0.427, ""2013-08-27"": 0.424, ""2013-08-28"": 0.423, ""2013-08-29"": 0.425, ""2013-08-30"": 0.424, ""2013-08-31"": 0.426, ""2013-09-01"": 0.428}",ERA5-Land via Open-Meteo Historical Weather API,era5_land,True
BG_0201,1050798,Manipur,24.810832575363065,94.28643540499738,2013-09-01,0,matched_background_pseudo_absence,False,6.989450283342026,17.07552675037441,42,Copernicus_DSM_COG_10_N24_00_E094_00_DEM,764.9216918945312,15.877635039561707,160.2922720406832,-0.002287107127944052,28.068044182551997,30.715,True,Copernicus DEM GLO-30 via Microsoft Planetary Computer,,,,,,,,,,,False,False,False,Deferred to Stage 7B-2,,,ESA_WorldCover_10m_2021_v200_N24E093,10.0,Tree cover,ESA WorldCover 2021 v200,2021,8,True,MOD13Q1.A2013241.h26v06.061.2021239035753,2013-09-05T23:59:59.500000+00:00,4.0,8775.0,0.8775000000000001,1.0,Marginal data,True,NASA MODIS MOD13Q1/MYD13Q1 v6.1 16-day 250m,True,0.8775000000000001,,,,"{""2013-08-26"": null, ""2013-08-27"": null, ""2013-08-28"": null, ""2013-08-29"": null, ""2013-08-30"": null, ""2013-08-31"": null, ""2013-09-01"": null}",NASA POWER Daily API / PRECTOTCORR,False,0.408,0.401,0.41,0.408,0.401,0.41200000000000003,-0.004000000000000059,"{""2013-08-26"": 0.422, ""2013-08-27"": 0.427, ""2013-08-28"": 0.422, ""2013-08-29"": 0.41, ""2013-08-30"": 0.401, ""2013-08-31"": 0.394, ""2013-09-01"": 0.408}",ERA5-Land via Open-Meteo Historical Weather API,era5_land,True
BG_0202,1050780,Manipur,24.718185231218456,94.29343844776,2013-09-01,0,matched_background_pseudo_absence,False,12.82287074794678,10.326166633700806,42,Copernicus_DSM_COG_10_N24_00_E094_00_DEM,1024.284912109375,24.232549689244205,155.4844763036374,0.005294602240164199,28.08898919700121,30.715,True,Copernicus DEM GLO-30 via Microsoft Planetary Computer,,,,,,,,,,,False,False,False,Deferred to Stage 7B-2,,,ESA_WorldCover_10m_2021_v200_N24E093,10.0,Tree cover,ESA WorldCover 2021 v200,2021,8,True,MOD13Q1.A2013241.h26v06.061.2021239035753,2013-09-05T23:59:59.500000+00:00,4.0,8640.0,0.864,0.0,Good data,True,NASA MODIS MOD13Q1/MYD13Q1 v6.1 16-day 250m,True,0.864,,,,"{""2013-08-26"": null, ""2013-08-27"": null, ""2013-08-28"": null, ""2013-08-29"": null, ""2013-08-30"": null, ""2013-08-31"": null, ""2013-09-01"": null}",NASA POWER Daily API / PRECTOTCORR,False,0.416,0.41,0.41,0.41,0.40599999999999997,0.4145714285714286,0.0014285714285713902,"{""2013-08-26"": 0.422, ""2013-08-27"": 0.427, ""2013-08-28"": 0.423, ""2013-08-29"": 0.412, ""2013-08-30"": 0.404, ""2013-08-31"": 0.398, ""2013-09-01"": 0.416}",ERA5-Land via Open-Meteo Historical Weather API,era5_land,True
BG_0203,938260,Sikkim,27.618074912025744,88.71888118067086,2013-09-01,0,matched_background_pseudo_absence,False,7.304517814416439,1.4399210081206917,42,Copernicus_DSM_COG_10_N27_00_E088_00_DEM,2771.47119140625,39.444291410478556,17.17380693198129,0.004422223918213929,27.39886322618335,30.715,True,Copernicus DEM GLO-30 via Microsoft Planetary Computer,,,,,,,,,,,False,False,False,Deferred to Stage 7B-2,,,ESA_WorldCover_10m_2021_v200_N27E087,10.0,Tree cover,ESA WorldCover 2021 v200,2021,8,True,MOD13Q1.A2013241.h25v06.061.2021239040013,2013-09-05T23:59:59.500000+00:00,4.0,2544.0,0.2544,3.0,Cloudy,False,NASA MODIS MOD13Q1/MYD13Q1 v6.1 16-day 250m,True,,,,,"{""2013-08-26"": null, ""2013-08-27"": null, ""2013-08-28"": null, ""2013-08-29"": null, ""2013-08-30"": null, ""2013-08-31"": null, ""2013-09-01"": null}",NASA POWER Daily API / PRECTOTCORR,False,0.427,0.429,0.428,0.428,0.4263333333333333,0.4272857142857142,-0.0002857142857142225,"{""2013-08-26"": 0.431, ""2013-08-27"": 0.429, ""2013-08-28"": 0.427, ""2013-08-29"": 0.425, ""2013-08-30"": 0.425, ""2013-08-31"": 0.427, ""2013-09-01"": 0.427}",ERA5-Land via Open-Meteo Historical Weather API,era5_land,True
BG_0204,938450,Sikkim,27.60821069982224,88.11234650666478,2013-09-07,0,matched_background_pseudo_absence,False,29.661777818716537,8.063647866680114,42,Copernicus_DSM_COG_10_N27_00_E088_00_DEM,7080.9453125,49.907280665685576,155.12035463037557,-0.005499782318653694,27.401330739798066,30.715,True,Copernicus DEM GLO-30 via Microsoft Planetary Computer,,,,,,,,,,,False,False,False,Deferred to Stage 7B-2,,,ESA_WorldCover_10m_2021_v200_N27E087,70.0,Snow and ice,ESA WorldCover 2021 v200,2021,8,True,MOD13Q1.A2013241.h25v06.061.2021239040013,2013-09-05T23:59:59.500000+00:00,2.0,-503.0,-0.050300000000000004,3.0,Cloudy,False,NASA MODIS MOD13Q1/MYD13Q1 v6.1 16-day 250m,True,,,,,"{""2013-09-01"": null, ""2013-09-02"": null, ""2013-09-03"": null, ""2013-09-04"": null, ""2013-09-05"": null, ""2013-09-06"": null, ""2013-09-07"": null}",NASA POWER Daily API / PRECTOTCORR,False,0.434,0.436,0.374,0.391,0.434,0.4354285714285714,-0.0014285714285713902,"{""2013-09-01"": 0.436, ""2013-09-02"": 0.437, ""2013-09-03"": 0.437, ""2013-09-04"": 0.436, ""2013-09-05"": 0.434, ""2013-09-06"": 0.434, ""2013-09-07"": 0.434}",ERA5-Land via Open-Meteo Historical Weather API,era5_land,True
BG_0205,938437,Sikkim,27.989316118399586,88.72360493853138,2013-09-08,0,matched_background_pseudo_absence,False,23.50412573576586,2.974908747470085,42,Copernicus_DSM_COG_10_N27_00_E088_00_DEM,5576.44677734375,32.01586632454074,155.14801233392552,0.011856484562116885,27.30540819084739,30.715,True,Copernicus DEM GLO-30 via Microsoft Planetary Computer,,,,,,,,,,,False,False,False,Deferred to Stage 7B-2,,,ESA_WorldCover_10m_2021_v200_N27E087,60.0,Bare / sparse vegetation,ESA WorldCover 2021 v200,2021,8,True,MOD13Q1.A2013241.h25v06.061.2021239040013,2013-09-05T23:59:59.500000+00:00,3.0,28.0,0.0028,1.0,Marginal data,True,NASA MODIS MOD13Q1/MYD13Q1 v6.1 16-day 250m,True,0.0028,,,,"{""2013-09-02"": null, ""2013-09-03"": null, ""2013-09-04"": null, ""2013-09-05"": null, ""2013-09-06"": null, ""2013-09-07"": null, ""2013-09-08"": null}",NASA POWER Daily API / PRECTOTCORR,False,0.362,0.359,0.3,0.317,0.3666666666666667,0.375,-0.013000000000000012,"{""2013-09-02"": 0.372, ""2013-09-03"": 0.384, ""2013-09-04"": 0.386, ""2013-09-05"": 0.383, ""2013-09-06"": 0.374, ""2013-09-07"": 0.364, ""2013-09-08"": 0.362}",ERA5-Land via Open-Meteo Historical Weather API,era5_land,True
BG_0206,1048555,Assam,25.89298289714468,92.99374568602651,2013-10-06,0,matched_background_pseudo_absence,False,24.838556445114214,2.883953651732555,42,Copernicus_DSM_COG_10_N25_00_E092_00_DEM,91.43507385253906,2.489364129444938,256.1449722006514,-0.004153059254308265,27.81797954271781,30.715,True,Copernicus DEM GLO-30 via Microsoft Planetary Computer,,,,,,,,,,,False,False,False,Deferred to Stage 7B-2,,,ESA_WorldCover_10m_2021_v200_N24E090,10.0,Tree cover,ESA WorldCover 2021 v200,2021,8,True,MOD13Q1.A2013273.h26v06.061.2021240230220,2013-10-07T23:59:59.500000+00:00,1.0,8213.0,0.8213,0.0,Good data,True,NASA MODIS MOD13Q1/MYD13Q1 v6.1 16-day 250m,True,0.8213,,,,"{""2013-09-30"": null, ""2013-10-01"": null, ""2013-10-02"": null, ""2013-10-03"": null, ""2013-10-04"": null, ""2013-10-05"": null, ""2013-10-06"": null}",NASA POWER Daily API / PRECTOTCORR,False,0.49,0.492,0.483,0.486,0.48266666666666663,0.4654285714285714,0.024571428571428577,"{""2013-09-30"": 0.455, ""2013-10-01"": 0.456, ""2013-10-02"": 0.444, ""2013-10-03"": 0.455, ""2013-10-04"": 0.493, ""2013-10-05"": 0.465, ""2013-10-06"": 0.49}",ERA5-Land via Open-Meteo Historical Weather API,era5_land,True
BG_0207,1048374,Assam,25.67657331281544,92.72537456670906,2013-10-06,0,matched_background_pseudo_absence,False,6.576668278321822,7.124468416310899,42,Copernicus_DSM_COG_10_N25_00_E092_00_DEM,485.1599426269531,7.103006982713425,349.57826678320026,0.0017319745146783727,27.868784426422042,30.715,True,Copernicus DEM GLO-30 via Microsoft Planetary Computer,,,,,,,,,,,False,False,False,Deferred to Stage 7B-2,,,ESA_WorldCover_10m_2021_v200_N24E090,10.0,Tree cover,ESA WorldCover 2021 v200,2021,8,True,MOD13Q1.A2013273.h26v06.061.2021240230220,2013-10-07T23:59:59.500000+00:00,1.0,8538.0,0.8538,0.0,Good data,True,NASA MODIS MOD13Q1/MYD13Q1 v6.1 16-day 250m,True,0.8538,,,,"{""2013-09-30"": null, ""2013-10-01"": null, ""2013-10-02"": null, ""2013-10-03"": null, ""2013-10-04"": null, ""2013-10-05"": null, ""2013-10-06"": null}",NASA POWER Daily API / PRECTOTCORR,False,0.477,0.498,0.489,0.49,0.48166666666666663,0.4609999999999999,0.01600000000000007,"{""2013-09-30"": 0.453, ""2013-10-01"": 0.448, ""2013-10-02"": 0.435, ""2013-10-03"": 0.446, ""2013-10-04"": 0.488, ""2013-10-05"": 0.48, ""2013-10-06"": 0.477}",ERA5-Land via Open-Meteo Historical Weather API,era5_land,True
BG_0208,1048492,Assam,26.46926019588729,90.20913174218929,2013-10-06,0,matched_background_pseudo_absence,False,44.69732535080848,9.956724421053682,42,Copernicus_DSM_COG_10_N26_00_E090_00_DEM,50.309844970703125,0.15529151613721473,144.09943479019648,3.5076702375685094e-05,27.68075768960623,30.715,True,Copernicus DEM GLO-30 via Microsoft Planetary Computer,,,,,,,,,,,False,False,False,Deferred to Stage 7B-2,,,ESA_WorldCover_10m_2021_v200_N24E090,40.0,Cropland,ESA WorldCover 2021 v200,2021,8,True,MOD13Q1.A2013273.h25v06.061.2021240225024,2013-10-07T23:59:59.500000+00:00,1.0,,,,,False,NASA MODIS MOD13Q1/MYD13Q1 v6.1 16-day 250m,False,,,,,"{""2013-09-30"": null, ""2013-10-01"": null, ""2013-10-02"": null, ""2013-10-03"": null, ""2013-10-04"": null, ""2013-10-05"": null, ""2013-10-06"": null}",NASA POWER Daily API / PRECTOTCORR,False,0.458,0.494,0.462,0.469,0.47900000000000004,0.45999999999999996,-0.0019999999999999463,"{""2013-09-30"": 0.469, ""2013-10-01"": 0.447, ""2013-10-02"": 0.431, ""2013-10-03"": 0.436, ""2013-10-04"": 0.492, ""2013-10-05"": 0.487, ""2013-10-06"": 0.458}",ERA5-Land via Open-Meteo Historical Weather API,era5_land,True
BG_0209,1057980,Manipur,24.344116490235542,93.0870317525508,2013-10-13,0,matched_background_pseudo_absence,False,5.650251855723041,12.089085999037884,42,Copernicus_DSM_COG_10_N24_00_E093_00_DEM,237.0864715576172,19.421550053722996,175.4232375845653,0.014670254786179109,28.172808378123843,30.715,True,Copernicus DEM GLO-30 via Microsoft Planetary Computer,,,,,,,,,,,False,False,False,Deferred to Stage 7B-2,,,ESA_WorldCover_10m_2021_v200_N24E093,10.0,Tree cover,ESA WorldCover 2021 v200,2021,8,True,MYD13Q1.A2013281.h26v06.061.2021243032416,2013-10-15T23:59:59.500000+00:00,2.0,9054.0,0.9054000000000001,0.0,Good data,True,NASA MODIS MOD13Q1/MYD13Q1 v6.1 16-day 250m,True,0.9054000000000001,,,,"{""2013-10-07"": null, ""2013-10-08"": null, ""2013-10-09"": null, ""2013-10-10"": null, ""2013-10-11"": null, ""2013-10-12"": null, ""2013-10-13"": null}",NASA POWER Daily API / PRECTOTCORR,False,0.419,0.419,0.402,0.407,0.39200000000000007,0.39914285714285713,0.01985714285714285,"{""2013-10-07"": 0.423, ""2013-10-08"": 0.411, ""2013-10-09"": 0.399, ""2013-10-10"": 0.385, ""2013-10-11"": 0.374, ""2013-10-12"": 0.383, ""2013-10-13"": 0.419}",ERA5-Land via Open-Meteo Historical Weather API,era5_land,True
BG_0210,1050217,Assam,26.23936665358692,93.69912722827463,2014-05-09,0,matched_background_pseudo_absence,False,58.23701454786352,10.693392297528383,42,Copernicus_DSM_COG_10_N26_00_E093_00_DEM,533.2352294921875,8.313665273890352,205.30022811218143,-0.0021124744430813048,27.735835929547164,30.715,True,Copernicus DEM GLO-30 via Microsoft Planetary Computer,,,,,,,,,,,False,False,False,Deferred to Stage 7B-2,,,ESA_WorldCover_10m_2021_v200_N24E093,10.0,Tree cover,ESA WorldCover 2021 v200,2021,7,True,MYD13Q1.A2014121.h26v06.061.2021255151747,2014-05-08T23:59:59.500000+00:00,1.0,5140.0,0.514,3.0,Cloudy,False,NASA MODIS MOD13Q1/MYD13Q1 v6.1 16-day 250m,True,,,,,"{""2014-05-03"": null, ""2014-05-04"": null, ""2014-05-05"": null, ""2014-05-06"": null, ""2014-05-07"": null, ""2014-05-08"": null, ""2014-05-09"": null}",NASA POWER Daily API / PRECTOTCORR,False,0.491,0.492,0.506,0.502,0.47933333333333333,0.4784285714285715,0.012571428571428511,"{""2014-05-03"": 0.487, ""2014-05-04"": 0.482, ""2014-05-05"": 0.469, ""2014-05-06"": 0.473, ""2014-05-07"": 0.476, ""2014-05-08"": 0.471, ""2014-05-09"": 0.491}",ERA5-Land via Open-Meteo Historical Weather API,era5_land,True
BG_0211,1050273,Assam,25.876387018541383,93.05128574313204,2014-05-10,0,matched_background_pseudo_absence,False,23.420212411006663,3.217905021657619,42,Copernicus_DSM_COG_10_N25_00_E093_00_DEM,112.81474304199219,3.087337129838568,282.2896837954807,-0.0014268745441727696,27.82188969407821,30.715,True,Copernicus DEM GLO-30 via Microsoft Planetary Computer,,,,,,,,,,,False,False,False,Deferred to Stage 7B-2,,,ESA_WorldCover_10m_2021_v200_N24E093,10.0,Tree cover,ESA WorldCover 2021 v200,2021,7,True,MYD13Q1.A2014121.h26v06.061.2021255151747,2014-05-08T23:59:59.500000+00:00,2.0,5288.0,0.5288,1.0,Marginal data,True,NASA MODIS MOD13Q1/MYD13Q1 v6.1 16-day 250m,True,0.5288,,,,"{""2014-05-04"": null, ""2014-05-05"": null, ""2014-05-06"": null, ""2014-05-07"": null, ""2014-05-08"": null, ""2014-05-09"": null, ""2014-05-10"": null}",NASA POWER Daily API / PRECTOTCORR,False,0.466,0.463,0.314,0.356,0.4736666666666667,0.4621428571428572,0.0038571428571428368,"{""2014-05-04"": 0.464, ""2014-05-05"": 0.454, ""2014-05-06"": 0.437, ""2014-05-07"": 0.459, ""2014-05-08"": 0.476, ""2014-05-09"": 0.479, ""2014-05-10"": 0.466}",ERA5-Land via Open-Meteo Historical Weather API,era5_land,True
BG_0212,938395,Sikkim,27.974426115596284,88.64975813734323,2014-06-24,0,matched_background_pseudo_absence,False,17.700950040643583,4.151305666425116,42,Copernicus_DSM_COG_10_N27_00_E088_00_DEM,5389.73291015625,31.82953518895478,165.81099507225701,-0.006260756080723368,27.309178644406092,30.715,True,Copernicus DEM GLO-30 via Microsoft Planetary Computer,,,,,,,,,,,False,False,False,Deferred to Stage 7B-2,,,ESA_WorldCover_10m_2021_v200_N27E087,70.0,Snow and ice,ESA WorldCover 2021 v200,2021,7,True,MYD13Q1.A2014169.h25v06.061.2021258114450,2014-06-25T23:59:59.500000+00:00,1.0,-156.0,-0.015600000000000001,3.0,Cloudy,False,NASA MODIS MOD13Q1/MYD13Q1 v6.1 16-day 250m,True,,,,,"{""2014-06-18"": null, ""2014-06-19"": null, ""2014-06-20"": null, ""2014-06-21"": null, ""2014-06-22"": null, ""2014-06-23"": null, ""2014-06-24"": null}",NASA POWER Daily API / PRECTOTCORR,False,0.417,0.421,0.42,0.42,0.418,0.41771428571428565,-0.0007142857142856673,"{""2014-06-18"": 0.417, ""2014-06-19"": 0.417, ""2014-06-20"": 0.418, ""2014-06-21"": 0.418, ""2014-06-22"": 0.419, ""2014-06-23"": 0.418, ""2014-06-24"": 0.417}",ERA5-Land via Open-Meteo Historical Weather API,era5_land,True
BG_0213,1048416,Assam,25.012586675944803,92.5520584839688,2014-06-26,0,matched_background_pseudo_absence,False,9.675723842901936,19.69550445444417,42,Copernicus_DSM_COG_10_N25_00_E092_00_DEM,89.33277893066406,10.718066495266887,191.0482815923257,-0.0001237471265627052,28.022179286940347,30.715,True,Copernicus DEM GLO-30 via Microsoft Planetary Computer,,,,,,,,,,,False,False,False,Deferred to Stage 7B-2,,,ESA_WorldCover_10m_2021_v200_N24E090,10.0,Tree cover,ESA WorldCover 2021 v200,2021,7,True,MYD13Q1.A2014169.h26v06.061.2021258114430,2014-06-25T23:59:59.500000+00:00,1.0,4620.0,0.462,3.0,Cloudy,False,NASA MODIS MOD13Q1/MYD13Q1 v6.1 16-day 250m,True,,,,,"{""2014-06-20"": null, ""2014-06-21"": null, ""2014-06-22"": null, ""2014-06-23"": null, ""2014-06-24"": null, ""2014-06-25"": null, ""2014-06-26"": null}",NASA POWER Daily API / PRECTOTCORR,False,0.47,0.482,0.477,0.477,0.4663333333333333,0.47257142857142853,-0.002571428571428558,"{""2014-06-20"": 0.472, ""2014-06-21"": 0.472, ""2014-06-22"": 0.486, ""2014-06-23"": 0.479, ""2014-06-24"": 0.448, ""2014-06-25"": 0.481, ""2014-06-26"": 0.47}",ERA5-Land via Open-Meteo Historical Weather API,era5_land,True
BG_0214,1048421,Assam,24.5009238388417,92.32731521457444,2014-06-26,0,matched_background_pseudo_absence,False,10.294193326936275,1.8211499937333224,42,Copernicus_DSM_COG_10_N24_00_E092_00_DEM,27.631210327148438,1.8395900208456164,296.0171863782818,0.000987281163005377,28.13781786575664,30.715,True,Copernicus DEM GLO-30 via Microsoft Planetary Computer,,,,,,,,,,,False,False,False,Deferred to Stage 7B-2,,,ESA_WorldCover_10m_2021_v200_N24E090,40.0,Cropland,ESA WorldCover 2021 v200,2021,7,True,MYD13Q1.A2014169.h25v06.061.2021258114450,2014-06-25T23:59:59.500000+00:00,1.0,,,,,False,NASA MODIS MOD13Q1/MYD13Q1 v6.1 16-day 250m,False,,,,,"{""2014-06-20"": null, ""2014-06-21"": null, ""2014-06-22"": null, ""2014-06-23"": null, ""2014-06-24"": null, ""2014-06-25"": null, ""2014-06-26"": null}",NASA POWER Daily API / PRECTOTCORR,False,0.417,0.43,0.427,0.427,0.417,0.4215714285714286,-0.004571428571428615,"{""2014-06-20"": 0.426, ""2014-06-21"": 0.424, ""2014-06-22"": 0.425, ""2014-06-23"": 0.425, ""2014-06-24"": 0.416, ""2014-06-25"": 0.418, ""2014-06-26"": 0.417}",ERA5-Land via Open-Meteo Historical Weather API,era5_land,True
BG_0215,1048440,Assam,26.68714704176504,92.39540029548192,2014-06-26,0,matched_background_pseudo_absence,False,49.25975016331303,16.944163451929885,42,Copernicus_DSM_COG_10_N26_00_E092_00_DEM,81.43988037109375,3.5639822620093637,358.95777859867366,0.0031904961188640663,27.628144680271102,30.715,True,Copernicus DEM GLO-30 via Microsoft Planetary Computer,,,,,,,,,,,False,False,False,Deferred to Stage 7B-2,,,ESA_WorldCover_10m_2021_v200_N24E090,40.0,Cropland,ESA WorldCover 2021 v200,2021,7,True,MYD13Q1.A2014169.h26v06.061.2021258114430,2014-06-25T23:59:59.500000+00:00,1.0,5061.0,0.5061,3.0,Cloudy,False,NASA MODIS MOD13Q1/MYD13Q1 v6.1 16-day 250m,True,,,,,"{""2014-06-20"": null, ""2014-06-21"": null, ""2014-06-22"": null, ""2014-06-23"": null, ""2014-06-24"": null, ""2014-06-25"": null, ""2014-06-26"": null}",NASA POWER Daily API / PRECTOTCORR,False,0.407,0.406,0.425,0.419,0.40833333333333327,0.4192857142857142,-0.012285714285714233,"{""2014-06-20"": 0.425, ""2014-06-21"": 0.426, ""2014-06-22"": 0.429, ""2014-06-23"": 0.43, ""2014-06-24"": 0.409, ""2014-06-25"": 0.409, ""2014-06-26"": 0.407}",ERA5-Land via Open-Meteo Historical Weather API,era5_land,True
BG_0216,1048422,Assam,26.29010800728956,93.40457993587911,2014-06-27,0,matched_background_pseudo_absence,False,35.57193392328331,24.75140338971347,42,Copernicus_DSM_COG_10_N26_00_E093_00_DEM,1052.9686279296875,20.505828553598,191.59682058776116,-0.007540961260642982,27.723717610568055,30.715,True,Copernicus DEM GLO-30 via Microsoft Planetary Computer,,,,,,,,,,,False,False,False,Deferred to Stage 7B-2,,,ESA_WorldCover_10m_2021_v200_N24E093,10.0,Tree cover,ESA WorldCover 2021 v200,2021,7,True,MYD13Q1.A2014169.h26v06.061.2021258114430,2014-06-25T23:59:59.500000+00:00,2.0,4317.0,0.43170000000000003,3.0,Cloudy,False,NASA MODIS MOD13Q1/MYD13Q1 v6.1 16-day 250m,True,,,,,"{""2014-06-21"": null, ""2014-06-22"": null, ""2014-06-23"": null, ""2014-06-24"": null, ""2014-06-25"": null, ""2014-06-26"": null, ""2014-06-27"": null}",NASA POWER Daily API / PRECTOTCORR,False,0.489,0.492,0.473,0.478,0.48233333333333334,0.48057142857142854,0.008428571428571452,"{""2014-06-21"": 0.482, ""2014-06-22"": 0.478, ""2014-06-23"": 0.487, ""2014-06-24"": 0.47, ""2014-06-25"": 0.47, ""2014-06-26"": 0.488, ""2014-06-27"": 0.489}",ERA5-Land via Open-Meteo Historical Weather API,era5_land,True
BG_0217,1048417,Assam,26.68803935817568,91.93305173058113,2014-06-28,0,matched_background_pseudo_absence,False,30.1826011129264,15.007426886134706,42,Copernicus_DSM_COG_10_N26_00_E091_00_DEM,87.69487762451172,2.594582157449141,345.91329737180604,0.0005537807386924324,27.62792839114047,30.715,True,Copernicus DEM GLO-30 via Microsoft Planetary Computer,,,,,,,,,,,False,False,False,Deferred to Stage 7B-2,,,ESA_WorldCover_10m_2021_v200_N24E090,40.0,Cropland,ESA WorldCover 2021 v200,2021,7,True,MYD13Q1.A2014169.h25v06.061.2021258114450,2014-06-25T23:59:59.500000+00:00,3.0,,,,,False,NASA MODIS MOD13Q1/MYD13Q1 v6.1 16-day 250m,False,,,,,"{""2014-06-22"": null, ""2014-06-23"": null, ""2014-06-24"": null, ""2014-06-25"": null, ""2014-06-26"": null, ""2014-06-27"": null, ""2014-06-28"": null}",NASA POWER Daily API / PRECTOTCORR,False,0.476,0.49,0.48,0.482,0.48166666666666663,0.4795714285714286,-0.0035714285714286143,"{""2014-06-22"": 0.487, ""2014-06-23"": 0.476, ""2014-06-24"": 0.466, ""2014-06-25"": 0.483, ""2014-06-26"": 0.477, ""2014-06-27"": 0.492, ""2014-06-28"": 0.476}",ERA5-Land via Open-Meteo Historical Weather API,era5_land,True
BG_0218,1050601,Mizoram,22.848448771837692,92.9649982990129,2014-07-14,0,matched_background_pseudo_absence,False,19.280444599137503,27.29752685660804,42,Copernicus_DSM_COG_10_N22_00_E092_00_DEM,754.2005004882812,29.88257597100434,96.03498566358473,-0.014693239614482729,28.495914462541936,30.715,True,Copernicus DEM GLO-30 via Microsoft Planetary Computer,,,,,,,,,,,False,False,False,Deferred to Stage 7B-2,,,ESA_WorldCover_10m_2021_v200_N21E090,10.0,Tree cover,ESA WorldCover 2021 v200,2021,7,True,MYD13Q1.A2014185.h26v06.061.2021259050028,2014-07-11T23:59:59.500000+00:00,3.0,8570.0,0.8570000000000001,3.0,Cloudy,False,NASA MODIS MOD13Q1/MYD13Q1 v6.1 16-day 250m,True,,,,,"{""2014-07-08"": null, ""2014-07-09"": null, ""2014-07-10"": null, ""2014-07-11"": null, ""2014-07-12"": null, ""2014-07-13"": null, ""2014-07-14"": null}",NASA POWER Daily API / PRECTOTCORR,False,0.425,0.425,0.412,0.416,0.4223333333333333,0.40628571428571425,0.01871428571428574,"{""2014-07-08"": 0.384, ""2014-07-09"": 0.372, ""2014-07-10"": 0.403, ""2014-07-11"": 0.418, ""2014-07-12"": 0.421, ""2014-07-13"": 0.421, ""2014-07-14"": 0.425}",ERA5-Land via Open-Meteo Historical Weather API,era5_land,True
BG_0219,1050612,Mizoram,22.51974345219015,93.0314211438648,2014-07-14,0,matched_background_pseudo_absence,False,8.020225166537516,21.34304454044928,42,Copernicus_DSM_COG_10_N22_00_E093_00_DEM,1500.2713623046875,28.954121657570045,99.8098386527131,0.007161685913537694,28.564328856652757,30.715,True,Copernicus DEM GLO-30 via Microsoft Planetary Computer,,,,,,,,,,,False,False,False,Deferred to Stage 7B-2,,,ESA_WorldCover_10m_2021_v200_N21E093,10.0,Tree cover,ESA WorldCover 2021 v200,2021,7,True,MYD13Q1.A2014185.h26v06.061.2021259050028,2014-07-11T23:59:59.500000+00:00,3.0,6500.0,0.65,3.0,Cloudy,False,NASA MODIS MOD13Q1/MYD13Q1 v6.1 16-day 250m,True,,,,,"{""2014-07-08"": null, ""2014-07-09"": null, ""2014-07-10"": null, ""2014-07-11"": null, ""2014-07-12"": null, ""2014-07-13"": null, ""2014-07-14"": null}",NASA POWER Daily API / PRECTOTCORR,False,0.423,0.425,0.417,0.419,0.42133333333333334,0.4064285714285715,0.016571428571428515,"{""2014-07-08"": 0.384, ""2014-07-09"": 0.374, ""2014-07-10"": 0.406, ""2014-07-11"": 0.417, ""2014-07-12"": 0.419, ""2014-07-13"": 0.422, ""2014-07-14"": 0.423}",ERA5-Land via Open-Meteo Historical Weather API,era5_land,True
BG_0220,1050649,Assam,27.317494935816686,95.56965193792624,2014-07-27,0,matched_background_pseudo_absence,False,142.71426053444577,31.45404153966816,42,Copernicus_DSM_COG_10_N27_00_E095_00_DEM,168.69601440429688,8.711305178450504,54.13941887455411,0.001788624980383501,27.473687724347023,30.715,True,Copernicus DEM GLO-30 via Microsoft Planetary Computer,,,,,,,,,,,False,False,False,Deferred to Stage 7B-2,,,ESA_WorldCover_10m_2021_v200_N27E093,10.0,Tree cover,ESA WorldCover 2021 v200,2021,7,True,MYD13Q1.A2014201.h26v06.061.2021259171401,2014-07-27T23:59:59.500000+00:00,0.0,8460.0,0.8460000000000001,1.0,Marginal data,True,NASA MODIS MOD13Q1/MYD13Q1 v6.1 16-day 250m,True,0.8460000000000001,,,,"{""2014-07-21"": null, ""2014-07-22"": null, ""2014-07-23"": null, ""2014-07-24"": null, ""2014-07-25"": null, ""2014-07-26"": null, ""2014-07-27"": null}",NASA POWER Daily API / PRECTOTCORR,False,0.474,0.487,0.51,0.503,0.47733333333333333,0.47828571428571426,-0.004285714285714282,"{""2014-07-21"": 0.48, ""2014-07-22"": 0.484, ""2014-07-23"": 0.467, ""2014-07-24"": 0.485, ""2014-07-25"": 0.481, ""2014-07-26"": 0.477, ""2014-07-27"": 0.474}",ERA5-Land via Open-Meteo Historical Weather API,era5_land,True
BG_0221,1048384,Tripura,23.22576755132243,91.4658815038142,2014-08-14,0,matched_background_pseudo_absence,False,12.23158040657774,18.514034096029476,42,Copernicus_DSM_COG_10_N23_00_E091_00_DEM,13.609100341796875,0.3510404601719168,229.41891776594872,-0.00016290336226581264,28.416225942977032,30.715,True,Copernicus DEM GLO-30 via Microsoft Planetary Computer,,,,,,,,,,,False,False,False,Deferred to Stage 7B-2,,,ESA_WorldCover_10m_2021_v200_N21E090,40.0,Cropland,ESA WorldCover 2021 v200,2021,7,True,MYD13Q1.A2014217.h25v06.061.2021260131913,2014-08-12T23:59:59.500000+00:00,2.0,,,,,False,NASA MODIS MOD13Q1/MYD13Q1 v6.1 16-day 250m,False,,,,,"{""2014-08-08"": null, ""2014-08-09"": null, ""2014-08-10"": null, ""2014-08-11"": null, ""2014-08-12"": null, ""2014-08-13"": null, ""2014-08-14"": null}",NASA POWER Daily API / PRECTOTCORR,False,0.459,0.481,0.51,0.5,0.46366666666666667,0.4691428571428572,-0.010142857142857176,"{""2014-08-08"": 0.476, ""2014-08-09"": 0.483, ""2014-08-10"": 0.489, ""2014-08-11"": 0.445, ""2014-08-12"": 0.45, ""2014-08-13"": 0.482, ""2014-08-14"": 0.459}",ERA5-Land via Open-Meteo Historical Weather API,era5_land,True
BG_0222,1048357,Tripura,23.838762464757743,92.1781006061786,2014-08-14,0,matched_background_pseudo_absence,False,28.938403391659,17.839381413946516,42,Copernicus_DSM_COG_10_N23_00_E092_00_DEM,104.03157043457031,7.332336799577391,21.630005935515044,0.00029909394121924214,28.284137575333986,30.715,True,Copernicus DEM GLO-30 via Microsoft Planetary Computer,,,,,,,,,,,False,False,False,Deferred to Stage 7B-2,,,ESA_WorldCover_10m_2021_v200_N21E090,10.0,Tree cover,ESA WorldCover 2021 v200,2021,7,True,MYD13Q1.A2014217.h25v06.061.2021260131913,2014-08-12T23:59:59.500000+00:00,2.0,,,,,False,NASA MODIS MOD13Q1/MYD13Q1 v6.1 16-day 250m,False,,,,,"{""2014-08-08"": null, ""2014-08-09"": null, ""2014-08-10"": null, ""2014-08-11"": null, ""2014-08-12"": null, ""2014-08-13"": null, ""2014-08-14"": null}",NASA POWER Daily API / PRECTOTCORR,False,0.404,0.397,0.387,0.39,0.39633333333333337,0.3941428571428572,0.009857142857142842,"{""2014-08-08"": 0.402, ""2014-08-09"": 0.395, ""2014-08-10"": 0.387, ""2014-08-11"": 0.386, ""2014-08-12"": 0.387, ""2014-08-13"": 0.398, ""2014-08-14"": 0.404}",ERA5-Land via Open-Meteo Historical Weather API,era5_land,True
BG_0223,1048376,Assam,26.505852163008598,90.6933035469236,2014-09-22,0,matched_background_pseudo_absence,False,58.663238761497055,28.57963539325186,42,Copernicus_DSM_COG_10_N26_00_E090_00_DEM,47.665382385253906,3.9750073284056584,67.33873767924604,0.0018640770327106586,27.671949796844213,30.715,True,Copernicus DEM GLO-30 via Microsoft Planetary Computer,,,,,,,,,,,False,False,False,Deferred to Stage 7B-2,,,ESA_WorldCover_10m_2021_v200_N24E090,30.0,Grassland,ESA WorldCover 2021 v200,2021,7,True,MOD13Q1.A2014257.h25v06.061.2021263052525,2014-09-21T23:59:59.500000+00:00,1.0,,,,,False,NASA MODIS MOD13Q1/MYD13Q1 v6.1 16-day 250m,False,,,,,"{""2014-09-16"": null, ""2014-09-17"": null, ""2014-09-18"": null, ""2014-09-19"": null, ""2014-09-20"": null, ""2014-09-21"": null, ""2014-09-22"": null}",NASA POWER Daily API / PRECTOTCORR,False,0.446,0.455,0.46,0.458,0.4526666666666667,0.43814285714285717,0.00785714285714284,"{""2014-09-16"": 0.442, ""2014-09-17"": 0.418, ""2014-09-18"": 0.409, ""2014-09-19"": 0.44, ""2014-09-20"": 0.453, ""2014-09-21"": 0.459, ""2014-09-22"": 0.446}",ERA5-Land via Open-Meteo Historical Weather API,era5_land,True
BG_0224,1048375,Assam,25.998911608227832,93.88151116482386,2014-09-22,0,matched_background_pseudo_absence,False,52.54912087366452,26.40028585856449,42,Copernicus_DSM_COG_10_N25_00_E093_00_DEM,139.47177124023438,1.0467452003081663,273.84376062321735,0.002482898826728989,27.792966725498093,30.715,True,Copernicus DEM GLO-30 via Microsoft Planetary Computer,,,,,,,,,,,False,False,False,Deferred to Stage 7B-2,,,ESA_WorldCover_10m_2021_v200_N24E093,40.0,Cropland,ESA WorldCover 2021 v200,2021,7,True,MOD13Q1.A2014257.h26v06.061.2021309171830,2014-09-21T23:59:59.500000+00:00,1.0,8268.0,0.8268000000000001,1.0,Marginal data,True,NASA MODIS MOD13Q1/MYD13Q1 v6.1 16-day 250m,True,0.8268000000000001,,,,"{""2014-09-16"": null, ""2014-09-17"": null, ""2014-09-18"": null, ""2014-09-19"": null, ""2014-09-20"": null, ""2014-09-21"": null, ""2014-09-22"": null}",NASA POWER Daily API / PRECTOTCORR,False,0.491,0.499,0.479,0.484,0.49033333333333334,0.4668571428571429,0.024142857142857077,"{""2014-09-16"": 0.443, ""2014-09-17"": 0.431, ""2014-09-18"": 0.449, ""2014-09-19"": 0.474, ""2014-09-20"": 0.482, ""2014-09-21"": 0.498, ""2014-09-22"": 0.491}",ERA5-Land via Open-Meteo Historical Weather API,era5_land,True
BG_0225,1048444,Assam,26.43484781523455,92.19634231072696,2014-09-22,0,matched_background_pseudo_absence,False,35.52657298484761,11.474496612872402,42,Copernicus_DSM_COG_10_N26_00_E092_00_DEM,51.5,0.0,,0.0,27.68903064213866,30.715,True,Copernicus DEM GLO-30 via Microsoft Planetary Computer,,,,,,,,,,,False,False,False,Deferred to Stage 7B-2,,,ESA_WorldCover_10m_2021_v200_N24E090,80.0,Permanent water bodies,ESA WorldCover 2021 v200,2021,7,True,MOD13Q1.A2014257.h25v06.061.2021263052525,2014-09-21T23:59:59.500000+00:00,1.0,,,,,False,NASA MODIS MOD13Q1/MYD13Q1 v6.1 16-day 250m,False,,,,,"{""2014-09-16"": null, ""2014-09-17"": null, ""2014-09-18"": null, ""2014-09-19"": null, ""2014-09-20"": null, ""2014-09-21"": null, ""2014-09-22"": null}",NASA POWER Daily API / PRECTOTCORR,False,0.48,0.499,0.496,0.496,0.4763333333333333,0.46728571428571425,0.012714285714285734,"{""2014-09-16"": 0.451, ""2014-09-17"": 0.451, ""2014-09-18"": 0.454, ""2014-09-19"": 0.486, ""2014-09-20"": 0.481, ""2014-09-21"": 0.468, ""2014-09-22"": 0.48}",ERA5-Land via Open-Meteo Historical Weather API,era5_land,True
BG_0226,1048409,Assam,27.228282819916476,94.96471640152512,2014-09-22,0,matched_background_pseudo_absence,False,82.27358466480035,14.182129143285572,42,Copernicus_DSM_COG_10_N27_00_E094_00_DEM,103.0096664428711,0.851135937906493,37.05619806650623,0.00033512282926129086,27.495750210936148,30.715,True,Copernicus DEM GLO-30 via Microsoft Planetary Computer,,,,,,,,,,,False,False,False,Deferred to Stage 7B-2,,,ESA_WorldCover_10m_2021_v200_N27E093,40.0,Cropland,ESA WorldCover 2021 v200,2021,7,True,MOD13Q1.A2014257.h26v06.061.2021309171830,2014-09-21T23:59:59.500000+00:00,1.0,8425.0,0.8425,1.0,Marginal data,True,NASA MODIS MOD13Q1/MYD13Q1 v6.1 16-day 250m,True,0.8425,,,,"{""2014-09-16"": null, ""2014-09-17"": null, ""2014-09-18"": null, ""2014-09-19"": null, ""2014-09-20"": null, ""2014-09-21"": null, ""2014-09-22"": null}",NASA POWER Daily API / PRECTOTCORR,False,0.475,0.495,0.476,0.48,0.47866666666666663,0.46885714285714286,0.006142857142857117,"{""2014-09-16"": 0.465, ""2014-09-17"": 0.452, ""2014-09-18"": 0.454, ""2014-09-19"": 0.475, ""2014-09-20"": 0.483, ""2014-09-21"": 0.478, ""2014-09-22"": 0.475}",ERA5-Land via Open-Meteo Historical Weather API,era5_land,True
BG_0227,1048448,Assam,27.442715519106432,95.51959231113668,2014-09-22,0,matched_background_pseudo_absence,False,140.0147825163222,14.775205847975496,42,Copernicus_DSM_COG_10_N27_00_E095_00_DEM,133.62350463867188,8.325671406923046,116.21495686961589,-0.0006730520732519409,27.44260786349032,30.715,True,Copernicus DEM GLO-30 via Microsoft Planetary Computer,,,,,,,,,,,False,False,False,Deferred to Stage 7B-2,,,ESA_WorldCover_10m_2021_v200_N27E093,10.0,Tree cover,ESA WorldCover 2021 v200,2021,7,True,MOD13Q1.A2014257.h26v06.061.2021309171830,2014-09-21T23:59:59.500000+00:00,1.0,5653.0,0.5653,1.0,Marginal data,True,NASA MODIS MOD13Q1/MYD13Q1 v6.1 16-day 250m,True,0.5653,,,,"{""2014-09-16"": null, ""2014-09-17"": null, ""2014-09-18"": null, ""2014-09-19"": null, ""2014-09-20"": null, ""2014-09-21"": null, ""2014-09-22"": null}",NASA POWER Daily API / PRECTOTCORR,False,0.482,0.492,0.493,0.492,0.47933333333333333,0.471,0.01100000000000001,"{""2014-09-16"": 0.468, ""2014-09-17"": 0.453, ""2014-09-18"": 0.451, ""2014-09-19"": 0.487, ""2014-09-20"": 0.479, ""2014-09-21"": 0.477, ""2014-09-22"": 0.482}",ERA5-Land via Open-Meteo Historical Weather API,era5_land,True
BG_0228,1048491,Assam,26.335415797353555,93.33692730162652,2014-09-22,0,matched_background_pseudo_absence,False,32.80073394327442,8.417377770395833,42,Copernicus_DSM_COG_10_N26_00_E093_00_DEM,339.2177734375,17.799699796200382,146.18564295882737,0.0010737957400022615,27.712878588120088,30.715,True,Copernicus DEM GLO-30 via Microsoft Planetary Computer,,,,,,,,,,,False,False,False,Deferred to Stage 7B-2,,,ESA_WorldCover_10m_2021_v200_N24E093,10.0,Tree cover,ESA WorldCover 2021 v200,2021,7,True,MOD13Q1.A2014257.h26v06.061.2021309171830,2014-09-21T23:59:59.500000+00:00,1.0,9104.0,0.9104000000000001,1.0,Marginal data,True,NASA MODIS MOD13Q1/MYD13Q1 v6.1 16-day 250m,True,0.9104000000000001,,,,"{""2014-09-16"": null, ""2014-09-17"": null, ""2014-09-18"": null, ""2014-09-19"": null, ""2014-09-20"": null, ""2014-09-21"": null, ""2014-09-22"": null}",NASA POWER Daily API / PRECTOTCORR,False,0.496,0.504,0.489,0.492,0.48966666666666664,0.4797142857142857,0.016285714285714292,"{""2014-09-16"": 0.462, ""2014-09-17"": 0.474, ""2014-09-18"": 0.478, ""2014-09-19"": 0.475, ""2014-09-20"": 0.496, ""2014-09-21"": 0.477, ""2014-09-22"": 0.496}",ERA5-Land via Open-Meteo Historical Weather API,era5_land,True
BG_0229,1048479,Assam,26.14580800428415,93.41978517881658,2014-09-22,0,matched_background_pseudo_absence,False,28.50696068512856,12.175415100487248,42,Copernicus_DSM_COG_10_N26_00_E093_00_DEM,583.5941162109375,13.99047621959378,186.25795873867526,-0.00038824470103133286,27.7581230632697,30.715,True,Copernicus DEM GLO-30 via Microsoft Planetary Computer,,,,,,,,,,,False,False,False,Deferred to Stage 7B-2,,,ESA_WorldCover_10m_2021_v200_N24E093,10.0,Tree cover,ESA WorldCover 2021 v200,2021,7,True,MOD13Q1.A2014257.h26v06.061.2021309171830,2014-09-21T23:59:59.500000+00:00,1.0,9582.0,0.9582,3.0,Cloudy,False,NASA MODIS MOD13Q1/MYD13Q1 v6.1 16-day 250m,True,,,,,"{""2014-09-16"": null, ""2014-09-17"": null, ""2014-09-18"": null, ""2014-09-19"": null, ""2014-09-20"": null, ""2014-09-21"": null, ""2014-09-22"": null}",NASA POWER Daily API / PRECTOTCORR,False,0.49,0.494,0.501,0.499,0.49066666666666664,0.47728571428571426,0.012714285714285734,"{""2014-09-16"": 0.447, ""2014-09-17"": 0.468, ""2014-09-18"": 0.473, ""2014-09-19"": 0.481, ""2014-09-20"": 0.481, ""2014-09-21"": 0.501, ""2014-09-22"": 0.49}",ERA5-Land via Open-Meteo Historical Weather API,era5_land,True
BG_0230,1048431,Assam,26.094110584938,90.7610629053801,2014-09-22,0,matched_background_pseudo_absence,False,49.74186275208144,16.744888741916892,42,Copernicus_DSM_COG_10_N26_00_E090_00_DEM,53.66447448730469,6.060769493575206,258.8406213702354,-0.008044463010373015,27.770406452899586,30.715,True,Copernicus DEM GLO-30 via Microsoft Planetary Computer,,,,,,,,,,,False,False,False,Deferred to Stage 7B-2,,,ESA_WorldCover_10m_2021_v200_N24E090,10.0,Tree cover,ESA WorldCover 2021 v200,2021,7,True,MOD13Q1.A2014257.h25v06.061.2021263052525,2014-09-21T23:59:59.500000+00:00,1.0,,,,,False,NASA MODIS MOD13Q1/MYD13Q1 v6.1 16-day 250m,False,,,,,"{""2014-09-16"": null, ""2014-09-17"": null, ""2014-09-18"": null, ""2014-09-19"": null, ""2014-09-20"": null, ""2014-09-21"": null, ""2014-09-22"": null}",NASA POWER Daily API / PRECTOTCORR,False,0.488,0.494,0.5,0.498,0.482,0.48228571428571426,0.005714285714285727,"{""2014-09-16"": 0.496, ""2014-09-17"": 0.474, ""2014-09-18"": 0.474, ""2014-09-19"": 0.486, ""2014-09-20"": 0.476, ""2014-09-21"": 0.482, ""2014-09-22"": 0.488}",ERA5-Land via Open-Meteo Historical Weather API,era5_land,True
BG_0231,1048367,Assam,26.09207317183287,90.41915699177828,2014-09-22,0,matched_background_pseudo_absence,False,39.08582139421433,18.973259662355108,42,Copernicus_DSM_COG_10_N26_00_E090_00_DEM,33.76995086669922,2.6735783933738975,123.88742610068897,-6.420772306613024e-05,27.770890082516814,30.715,True,Copernicus DEM GLO-30 via Microsoft Planetary Computer,,,,,,,,,,,False,False,False,Deferred to Stage 7B-2,,,ESA_WorldCover_10m_2021_v200_N24E090,40.0,Cropland,ESA WorldCover 2021 v200,2021,7,True,MOD13Q1.A2014257.h25v06.061.2021263052525,2014-09-21T23:59:59.500000+00:00,1.0,,,,,False,NASA MODIS MOD13Q1/MYD13Q1 v6.1 16-day 250m,False,,,,,"{""2014-09-16"": null, ""2014-09-17"": null, ""2014-09-18"": null, ""2014-09-19"": null, ""2014-09-20"": null, ""2014-09-21"": null, ""2014-09-22"": null}",NASA POWER Daily API / PRECTOTCORR,False,0.384,0.385,0.367,0.372,0.371,0.33571428571428574,0.048285714285714265,"{""2014-09-16"": 0.318, ""2014-09-17"": 0.289, ""2014-09-18"": 0.286, ""2014-09-19"": 0.344, ""2014-09-20"": 0.36, ""2014-09-21"": 0.369, ""2014-09-22"": 0.384}",ERA5-Land via Open-Meteo Historical Weather API,era5_land,True
BG_0232,1048429,Assam,27.27717721244681,94.29504082773803,2014-09-23,0,matched_background_pseudo_absence,False,18.291614620500237,25.53970605645974,42,Copernicus_DSM_COG_10_N27_00_E094_00_DEM,90.19692993164062,0.3860322677617547,75.32982058943924,-0.0001733416052052006,27.483666698743022,30.715,True,Copernicus DEM GLO-30 via Microsoft Planetary Computer,,,,,,,,,,,False,False,False,Deferred to Stage 7B-2,,,ESA_WorldCover_10m_2021_v200_N27E093,40.0,Cropland,ESA WorldCover 2021 v200,2021,7,True,MOD13Q1.A2014257.h26v06.061.2021309171830,2014-09-21T23:59:59.500000+00:00,2.0,4384.0,0.4384,3.0,Cloudy,False,NASA MODIS MOD13Q1/MYD13Q1 v6.1 16-day 250m,True,,,,,"{""2014-09-17"": null, ""2014-09-18"": null, ""2014-09-19"": null, ""2014-09-20"": null, ""2014-09-21"": null, ""2014-09-22"": null, ""2014-09-23"": null}",NASA POWER Daily API / PRECTOTCORR,False,0.426,0.436,0.445,0.441,0.43133333333333335,0.4112857142857143,0.01471428571428568,"{""2014-09-17"": 0.352, ""2014-09-18"": 0.357, ""2014-09-19"": 0.436, ""2014-09-20"": 0.44, ""2014-09-21"": 0.434, ""2014-09-22"": 0.434, ""2014-09-23"": 0.426}",ERA5-Land via Open-Meteo Historical Weather API,era5_land,True
BG_0233,1048411,Assam,27.050618635018363,94.46608026546636,2014-09-23,0,matched_background_pseudo_absence,False,35.53832485442152,4.853083722567285,42,Copernicus_DSM_COG_10_N27_00_E094_00_DEM,89.65545654296875,0.8690244171214617,136.44879990026226,-0.0005893742403679439,27.539488605382026,30.715,True,Copernicus DEM GLO-30 via Microsoft Planetary Computer,,,,,,,,,,,False,False,False,Deferred to Stage 7B-2,,,ESA_WorldCover_10m_2021_v200_N27E093,60.0,Bare / sparse vegetation,ESA WorldCover 2021 v200,2021,7,True,MOD13Q1.A2014257.h26v06.061.2021309171830,2014-09-21T23:59:59.500000+00:00,2.0,1973.0,0.1973,3.0,Cloudy,False,NASA MODIS MOD13Q1/MYD13Q1 v6.1 16-day 250m,True,,,,,"{""2014-09-17"": null, ""2014-09-18"": null, ""2014-09-19"": null, ""2014-09-20"": null, ""2014-09-21"": null, ""2014-09-22"": null, ""2014-09-23"": null}",NASA POWER Daily API / PRECTOTCORR,False,0.495,0.499,0.483,0.487,0.48866666666666664,0.47400000000000003,0.020999999999999963,"{""2014-09-17"": 0.44, ""2014-09-18"": 0.451, ""2014-09-19"": 0.477, ""2014-09-20"": 0.484, ""2014-09-21"": 0.487, ""2014-09-22"": 0.484, ""2014-09-23"": 0.495}",ERA5-Land via Open-Meteo Historical Weather API,era5_land,True
BG_0234,1050362,Assam,26.57281757019824,93.2657267308044,2015-03-19,0,matched_background_pseudo_absence,False,13.323608872622016,17.889582486462185,42,Copernicus_DSM_COG_10_N26_00_E093_00_DEM,75.39852905273438,7.181783799945959,141.99927825383304,0.016974173726393618,27.655801620620558,30.715,True,Copernicus DEM GLO-30 via Microsoft Planetary Computer,,,,,,,,,,,False,False,False,Deferred to Stage 7B-2,,,ESA_WorldCover_10m_2021_v200_N24E093,10.0,Tree cover,ESA WorldCover 2021 v200,2021,6,True,MYD13Q1.A2015073.h26v06.061.2021322223605,2015-03-21T23:59:59.500000+00:00,2.0,5442.0,0.5442,0.0,Good data,True,NASA MODIS MOD13Q1/MYD13Q1 v6.1 16-day 250m,True,0.5442,,,,"{""2015-03-13"": null, ""2015-03-14"": null, ""2015-03-15"": null, ""2015-03-16"": null, ""2015-03-17"": null, ""2015-03-18"": null, ""2015-03-19"": null}",NASA POWER Daily API / PRECTOTCORR,False,0.292,0.3,0.316,0.311,0.28933333333333333,0.2884285714285714,0.0035714285714285587,"{""2015-03-13"": 0.295, ""2015-03-14"": 0.29, ""2015-03-15"": 0.285, ""2015-03-16"": 0.281, ""2015-03-17"": 0.281, ""2015-03-18"": 0.295, ""2015-03-19"": 0.292}",ERA5-Land via Open-Meteo Historical Weather API,era5_land,True
BG_0235,1050609,Mizoram,22.3306560773743,92.99661090199533,2015-06-19,0,matched_background_pseudo_absence,False,16.77363953380975,18.01995040858103,42,Copernicus_DSM_COG_10_N22_00_E092_00_DEM,880.3652954101562,34.34136635277144,271.28236960870424,-0.020257648636575996,28.603258347781274,30.715,True,Copernicus DEM GLO-30 via Microsoft Planetary Computer,,,,,,,,,,,False,False,False,Deferred to Stage 7B-2,,,ESA_WorldCover_10m_2021_v200_N21E090,30.0,Grassland,ESA WorldCover 2021 v200,2021,6,True,MOD13Q1.A2015161.h26v06.061.2021326135027,2015-06-17T23:59:59.500000+00:00,2.0,8781.0,0.8781,3.0,Cloudy,False,NASA MODIS MOD13Q1/MYD13Q1 v6.1 16-day 250m,True,,,,,"{""2015-06-13"": null, ""2015-06-14"": null, ""2015-06-15"": null, ""2015-06-16"": null, ""2015-06-17"": null, ""2015-06-18"": null, ""2015-06-19"": null}",NASA POWER Daily API / PRECTOTCORR,False,0.401,0.389,0.263,0.299,0.39333333333333337,0.4002857142857143,0.0007142857142857229,"{""2015-06-13"": 0.412, ""2015-06-14"": 0.401, ""2015-06-15"": 0.405, ""2015-06-16"": 0.404, ""2015-06-17"": 0.387, ""2015-06-18"": 0.392, ""2015-06-19"": 0.401}",ERA5-Land via Open-Meteo Historical Weather API,era5_land,True
BG_0236,1051726,Manipur,24.343480125136814,93.50775564831608,2015-06-19,0,matched_background_pseudo_absence,False,20.4095148687357,6.126279176055493,42,Copernicus_DSM_COG_10_N24_00_E093_00_DEM,922.5103149414062,13.400530003927617,276.87281137023245,0.0007331422053167753,28.172949949002778,30.715,True,Copernicus DEM GLO-30 via Microsoft Planetary Computer,,,,,,,,,,,False,False,False,Deferred to Stage 7B-2,,,ESA_WorldCover_10m_2021_v200_N24E093,10.0,Tree cover,ESA WorldCover 2021 v200,2021,6,True,MOD13Q1.A2015161.h26v06.061.2021326135027,2015-06-17T23:59:59.500000+00:00,2.0,4777.0,0.4777,3.0,Cloudy,False,NASA MODIS MOD13Q1/MYD13Q1 v6.1 16-day 250m,True,,,,,"{""2015-06-13"": null, ""2015-06-14"": null, ""2015-06-15"": null, ""2015-06-16"": null, ""2015-06-17"": null, ""2015-06-18"": null, ""2015-06-19"": null}",NASA POWER Daily API / PRECTOTCORR,False,0.4,0.395,0.312,0.336,0.408,0.409,-0.008999999999999952,"{""2015-06-13"": 0.414, ""2015-06-14"": 0.407, ""2015-06-15"": 0.403, ""2015-06-16"": 0.415, ""2015-06-17"": 0.412, ""2015-06-18"": 0.412, ""2015-06-19"": 0.4}",ERA5-Land via Open-Meteo Historical Weather API,era5_land,True
BG_0237,1050650,Assam,25.910890582898112,92.90285442771548,2015-07-21,0,matched_background_pseudo_absence,False,30.08618207800553,9.306888703812843,42,Copernicus_DSM_COG_10_N25_00_E092_00_DEM,71.07942962646484,1.9970737796862599,20.057610068475583,0.0002909381342027727,27.813757698864634,30.715,True,Copernicus DEM GLO-30 via Microsoft Planetary Computer,,,,,,,,,,,False,False,False,Deferred to Stage 7B-2,,,ESA_WorldCover_10m_2021_v200_N24E090,40.0,Cropland,ESA WorldCover 2021 v200,2021,6,True,MOD13Q1.A2015193.h26v06.061.2021329032810,2015-07-19T23:59:59.500000+00:00,2.0,6238.0,0.6238,3.0,Cloudy,False,NASA MODIS MOD13Q1/MYD13Q1 v6.1 16-day 250m,True,,,,,"{""2015-07-15"": null, ""2015-07-16"": null, ""2015-07-17"": null, ""2015-07-18"": null, ""2015-07-19"": null, ""2015-07-20"": null, ""2015-07-21"": null}",NASA POWER Daily API / PRECTOTCORR,False,0.454,0.491,0.487,0.485,0.47800000000000004,0.47157142857142864,-0.017571428571428627,"{""2015-07-15"": 0.479, ""2015-07-16"": 0.466, ""2015-07-17"": 0.456, ""2015-07-18"": 0.466, ""2015-07-19"": 0.485, ""2015-07-20"": 0.495, ""2015-07-21"": 0.454}",ERA5-Land via Open-Meteo Historical Weather API,era5_land,True
BG_0238,1057821,Manipur,25.30480540639589,93.9539526306467,2015-07-22,0,matched_background_pseudo_absence,False,7.554185460918162,11.326561374759503,42,Copernicus_DSM_COG_10_N25_00_E093_00_DEM,1799.5601806640625,36.61977130089469,254.94297255633657,-0.0072402612814423195,27.955133077485737,30.715,True,Copernicus DEM GLO-30 via Microsoft Planetary Computer,,,,,,,,,,,False,False,False,Deferred to Stage 7B-2,,,ESA_WorldCover_10m_2021_v200_N24E093,10.0,Tree cover,ESA WorldCover 2021 v200,2021,6,True,MOD13Q1.A2015193.h26v06.061.2021329032810,2015-07-19T23:59:59.500000+00:00,3.0,2701.0,0.2701,3.0,Cloudy,False,NASA MODIS MOD13Q1/MYD13Q1 v6.1 16-day 250m,True,,,,,"{""2015-07-16"": null, ""2015-07-17"": null, ""2015-07-18"": null, ""2015-07-19"": null, ""2015-07-20"": null, ""2015-07-21"": null, ""2015-07-22"": null}",NASA POWER Daily API / PRECTOTCORR,False,0.434,0.433,0.43,0.431,0.4326666666666667,0.43242857142857144,0.001571428571428557,"{""2015-07-16"": 0.432, ""2015-07-17"": 0.434, ""2015-07-18"": 0.43, ""2015-07-19"": 0.433, ""2015-07-20"": 0.433, ""2015-07-21"": 0.431, ""2015-07-22"": 0.434}",ERA5-Land via Open-Meteo Historical Weather API,era5_land,True
BG_0239,1057376,Manipur,25.044594307617214,94.40725270497548,2015-07-22,0,matched_background_pseudo_absence,False,6.945696487087264,12.423299138987016,42,Copernicus_DSM_COG_10_N25_00_E094_00_DEM,1825.6488037109375,10.897791408302473,292.96724297193134,0.005733373229034567,28.014871021761685,30.715,True,Copernicus DEM GLO-30 via Microsoft Planetary Computer,,,,,,,,,,,False,False,False,Deferred to Stage 7B-2,,,ESA_WorldCover_10m_2021_v200_N24E093,10.0,Tree cover,ESA WorldCover 2021 v200,2021,6,True,MOD13Q1.A2015193.h26v06.061.2021329032810,2015-07-19T23:59:59.500000+00:00,3.0,5447.0,0.5447000000000001,3.0,Cloudy,False,NASA MODIS MOD13Q1/MYD13Q1 v6.1 16-day 250m,True,,,,,"{""2015-07-16"": null, ""2015-07-17"": null, ""2015-07-18"": null, ""2015-07-19"": null, ""2015-07-20"": null, ""2015-07-21"": null, ""2015-07-22"": null}",NASA POWER Daily API / PRECTOTCORR,False,0.426,0.427,0.427,0.427,0.4263333333333333,0.4274285714285714,-0.0014285714285713902,"{""2015-07-16"": 0.429, ""2015-07-17"": 0.428, ""2015-07-18"": 0.428, ""2015-07-19"": 0.428, ""2015-07-20"": 0.427, ""2015-07-21"": 0.426, ""2015-07-22"": 0.426}",ERA5-Land via Open-Meteo Historical Weather API,era5_land,True
BG_0240,1050671,Assam,26.875874811291123,91.86884695527986,2015-07-22,0,matched_background_pseudo_absence,False,44.97283971096371,9.710362471231448,42,Copernicus_DSM_COG_10_N26_00_E091_00_DEM,291.8721923828125,2.8664928587518723,290.1885467225366,-0.002546512965014039,27.582249748638965,30.715,True,Copernicus DEM GLO-30 via Microsoft Planetary Computer,,,,,,,,,,,False,False,False,Deferred to Stage 7B-2,,,ESA_WorldCover_10m_2021_v200_N24E090,10.0,Tree cover,ESA WorldCover 2021 v200,2021,6,True,MOD13Q1.A2015193.h25v06.061.2021329031757,2015-07-19T23:59:59.500000+00:00,3.0,,,,,False,NASA MODIS MOD13Q1/MYD13Q1 v6.1 16-day 250m,False,,,,,"{""2015-07-16"": null, ""2015-07-17"": null, ""2015-07-18"": null, ""2015-07-19"": null, ""2015-07-20"": null, ""2015-07-21"": null, ""2015-07-22"": null}",NASA POWER Daily API / PRECTOTCORR,False,0.376,0.376,0.366,0.369,0.36166666666666664,0.34685714285714286,0.029142857142857137,"{""2015-07-16"": 0.327, ""2015-07-17"": 0.333, ""2015-07-18"": 0.348, ""2015-07-19"": 0.335, ""2015-07-20"": 0.343, ""2015-07-21"": 0.366, ""2015-07-22"": 0.376}",ERA5-Land via Open-Meteo Historical Weather API,era5_land,True
BG_0241,1057795,Manipur,24.15365780882785,93.86565676958612,2015-07-22,0,matched_background_pseudo_absence,False,18.376325569580032,14.227381629376792,42,Copernicus_DSM_COG_10_N24_00_E093_00_DEM,882.6597290039062,16.32549153415934,188.1017948350694,0.002533866521883997,28.215024132062524,30.715,True,Copernicus DEM GLO-30 via Microsoft Planetary Computer,,,,,,,,,,,False,False,False,Deferred to Stage 7B-2,,,ESA_WorldCover_10m_2021_v200_N24E093,10.0,Tree cover,ESA WorldCover 2021 v200,2021,6,True,MOD13Q1.A2015193.h26v06.061.2021329032810,2015-07-19T23:59:59.500000+00:00,3.0,8456.0,0.8456,1.0,Marginal data,True,NASA MODIS MOD13Q1/MYD13Q1 v6.1 16-day 250m,True,0.8456,,,,"{""2015-07-16"": null, ""2015-07-17"": null, ""2015-07-18"": null, ""2015-07-19"": null, ""2015-07-20"": null, ""2015-07-21"": null, ""2015-07-22"": null}",NASA POWER Daily API / PRECTOTCORR,False,0.489,0.496,0.483,0.486,0.48900000000000005,0.48914285714285716,-0.00014285714285716677,"{""2015-07-16"": 0.477, ""2015-07-17"": 0.488, ""2015-07-18"": 0.507, ""2015-07-19"": 0.485, ""2015-07-20"": 0.486, ""2015-07-21"": 0.492, ""2015-07-22"": 0.489}",ERA5-Land via Open-Meteo Historical Weather API,era5_land,True
BG_0242,1057403,Manipur,24.64664001131817,93.41004010325578,2015-07-22,0,matched_background_pseudo_absence,False,11.141588727857936,10.556741436939388,42,Copernicus_DSM_COG_10_N24_00_E093_00_DEM,838.6014404296875,17.171644986803575,138.31278969220466,0.006692681690928381,28.105113348016587,30.715,True,Copernicus DEM GLO-30 via Microsoft Planetary Computer,,,,,,,,,,,False,False,False,Deferred to Stage 7B-2,,,ESA_WorldCover_10m_2021_v200_N24E093,30.0,Grassland,ESA WorldCover 2021 v200,2021,6,True,MOD13Q1.A2015193.h26v06.061.2021329032810,2015-07-19T23:59:59.500000+00:00,3.0,2088.0,0.2088,3.0,Cloudy,False,NASA MODIS MOD13Q1/MYD13Q1 v6.1 16-day 250m,True,,,,,"{""2015-07-16"": null, ""2015-07-17"": null, ""2015-07-18"": null, ""2015-07-19"": null, ""2015-07-20"": null, ""2015-07-21"": null, ""2015-07-22"": null}",NASA POWER Daily API / PRECTOTCORR,False,0.428,0.429,0.427,0.428,0.4283333333333333,0.42771428571428566,0.00028571428571433355,"{""2015-07-16"": 0.428, ""2015-07-17"": 0.428, ""2015-07-18"": 0.427, ""2015-07-19"": 0.426, ""2015-07-20"": 0.429, ""2015-07-21"": 0.428, ""2015-07-22"": 0.428}",ERA5-Land via Open-Meteo Historical Weather API,era5_land,True
BG_0243,1055274,Manipur,24.525984944347016,93.25214322625956,2015-07-22,0,matched_background_pseudo_absence,False,24.69666149565916,13.441939930562636,42,Copernicus_DSM_COG_10_N24_00_E093_00_DEM,359.4218444824219,36.333108805601604,62.55478447846269,0.003246312593399821,28.132206107487754,30.715,True,Copernicus DEM GLO-30 via Microsoft Planetary Computer,,,,,,,,,,,False,False,False,Deferred to Stage 7B-2,,,ESA_WorldCover_10m_2021_v200_N24E093,10.0,Tree cover,ESA WorldCover 2021 v200,2021,6,True,MOD13Q1.A2015193.h26v06.061.2021329032810,2015-07-19T23:59:59.500000+00:00,3.0,9013.0,0.9013,3.0,Cloudy,False,NASA MODIS MOD13Q1/MYD13Q1 v6.1 16-day 250m,True,,,,,"{""2015-07-16"": null, ""2015-07-17"": null, ""2015-07-18"": null, ""2015-07-19"": null, ""2015-07-20"": null, ""2015-07-21"": null, ""2015-07-22"": null}",NASA POWER Daily API / PRECTOTCORR,False,0.427,0.428,0.426,0.426,0.428,0.42742857142857144,-0.0004285714285714448,"{""2015-07-16"": 0.427, ""2015-07-17"": 0.428, ""2015-07-18"": 0.427, ""2015-07-19"": 0.426, ""2015-07-20"": 0.429, ""2015-07-21"": 0.428, ""2015-07-22"": 0.427}",ERA5-Land via Open-Meteo Historical Weather API,era5_land,True
BG_0244,1050805,Manipur,24.592752248139217,93.47240198263474,2015-07-24,0,matched_background_pseudo_absence,False,13.391241312715454,8.697387414386164,42,Copernicus_DSM_COG_10_N24_00_E093_00_DEM,964.77978515625,38.59207949049361,60.25714630676612,0.009814975772415222,28.117229103957325,30.715,True,Copernicus DEM GLO-30 via Microsoft Planetary Computer,,,,,,,,,,,False,False,False,Deferred to Stage 7B-2,,,ESA_WorldCover_10m_2021_v200_N24E093,10.0,Tree cover,ESA WorldCover 2021 v200,2021,6,True,MYD13Q1.A2015201.h26v06.061.2021329125214,2015-07-27T23:59:59.500000+00:00,3.0,1898.0,0.1898,3.0,Cloudy,False,NASA MODIS MOD13Q1/MYD13Q1 v6.1 16-day 250m,True,,,,,"{""2015-07-18"": null, ""2015-07-19"": null, ""2015-07-20"": null, ""2015-07-21"": null, ""2015-07-22"": null, ""2015-07-23"": null, ""2015-07-24"": null}",NASA POWER Daily API / PRECTOTCORR,False,0.429,0.429,0.427,0.428,0.428,0.4275714285714286,0.0014285714285713902,"{""2015-07-18"": 0.427, ""2015-07-19"": 0.426, ""2015-07-20"": 0.428, ""2015-07-21"": 0.428, ""2015-07-22"": 0.428, ""2015-07-23"": 0.427, ""2015-07-24"": 0.429}",ERA5-Land via Open-Meteo Historical Weather API,era5_land,True
BG_0245,1048518,Assam,26.429328411088413,91.83680474454177,2015-07-25,0,matched_background_pseudo_absence,False,13.525272327797662,6.314368744028085,42,Copernicus_DSM_COG_10_N26_00_E091_00_DEM,52.01890182495117,0.6380819232298175,264.2937780594532,2.9742154438188567e-05,27.690356612166006,30.715,True,Copernicus DEM GLO-30 via Microsoft Planetary Computer,,,,,,,,,,,False,False,False,Deferred to Stage 7B-2,,,ESA_WorldCover_10m_2021_v200_N24E090,40.0,Cropland,ESA WorldCover 2021 v200,2021,6,True,MYD13Q1.A2015201.h25v06.061.2021329123010,2015-07-27T23:59:59.500000+00:00,2.0,,,,,False,NASA MODIS MOD13Q1/MYD13Q1 v6.1 16-day 250m,False,,,,,"{""2015-07-19"": null, ""2015-07-20"": null, ""2015-07-21"": null, ""2015-07-22"": null, ""2015-07-23"": null, ""2015-07-24"": null, ""2015-07-25"": null}",NASA POWER Daily API / PRECTOTCORR,False,0.478,0.49,0.475,0.479,0.47866666666666663,0.4807142857142857,-0.0027142857142857246,"{""2015-07-19"": 0.484, ""2015-07-20"": 0.481, ""2015-07-21"": 0.483, ""2015-07-22"": 0.481, ""2015-07-23"": 0.473, ""2015-07-24"": 0.485, ""2015-07-25"": 0.478}",ERA5-Land via Open-Meteo Historical Weather API,era5_land,True
BG_0246,1057918,Manipur,24.36109016536987,94.17406165201707,2015-07-31,0,matched_background_pseudo_absence,False,7.4798172826734195,3.217678913948178,42,Copernicus_DSM_COG_10_N24_00_E094_00_DEM,1208.9862060546875,22.704134285372216,86.91016702632066,-0.002150623745943609,28.169030995802217,30.715,True,Copernicus DEM GLO-30 via Microsoft Planetary Computer,,,,,,,,,,,False,False,False,Deferred to Stage 7B-2,,,ESA_WorldCover_10m_2021_v200_N24E093,10.0,Tree cover,ESA WorldCover 2021 v200,2021,6,True,MOD13Q1.A2015209.h26v06.061.2021329191329,2015-08-04T23:59:59.500000+00:00,4.0,6514.0,0.6514,3.0,Cloudy,False,NASA MODIS MOD13Q1/MYD13Q1 v6.1 16-day 250m,True,,,,,"{""2015-07-25"": null, ""2015-07-26"": null, ""2015-07-27"": null, ""2015-07-28"": null, ""2015-07-29"": null, ""2015-07-30"": null, ""2015-07-31"": null}",NASA POWER Daily API / PRECTOTCORR,False,0.429,0.429,0.428,0.428,0.4286666666666667,0.42771428571428566,0.0012857142857143344,"{""2015-07-25"": 0.423, ""2015-07-26"": 0.428, ""2015-07-27"": 0.429, ""2015-07-28"": 0.428, ""2015-07-29"": 0.428, ""2015-07-30"": 0.429, ""2015-07-31"": 0.429}",ERA5-Land via Open-Meteo Historical Weather API,era5_land,True
BG_0247,1057912,Manipur,24.916147337344015,93.561941693517,2015-07-31,0,matched_background_pseudo_absence,False,5.194851083388219,15.36347049835222,42,Copernicus_DSM_COG_10_N24_00_E093_00_DEM,456.5419006347656,38.67688438355383,198.75645701022705,0.009363433310279971,28.04414628987379,30.715,True,Copernicus DEM GLO-30 via Microsoft Planetary Computer,,,,,,,,,,,False,False,False,Deferred to Stage 7B-2,,,ESA_WorldCover_10m_2021_v200_N24E093,10.0,Tree cover,ESA WorldCover 2021 v200,2021,6,True,MOD13Q1.A2015209.h26v06.061.2021329191329,2015-08-04T23:59:59.500000+00:00,4.0,8649.0,0.8649,0.0,Good data,True,NASA MODIS MOD13Q1/MYD13Q1 v6.1 16-day 250m,True,0.8649,,,,"{""2015-07-25"": null, ""2015-07-26"": null, ""2015-07-27"": null, ""2015-07-28"": null, ""2015-07-29"": null, ""2015-07-30"": null, ""2015-07-31"": null}",NASA POWER Daily API / PRECTOTCORR,False,0.428,0.429,0.429,0.429,0.42533333333333334,0.42057142857142865,0.00742857142857134,"{""2015-07-25"": 0.419, ""2015-07-26"": 0.406, ""2015-07-27"": 0.424, ""2015-07-28"": 0.419, ""2015-07-29"": 0.42, ""2015-07-30"": 0.428, ""2015-07-31"": 0.428}",ERA5-Land via Open-Meteo Historical Weather API,era5_land,True
BG_0248,1057368,Manipur,24.48317198695572,93.22141842632068,2015-08-01,0,matched_background_pseudo_absence,False,19.090562710093728,5.685715784498624,42,Copernicus_DSM_COG_10_N24_00_E093_00_DEM,282.3643798828125,39.16294120822678,338.4373981532551,-0.01034829301725848,28.14178965686892,30.715,True,Copernicus DEM GLO-30 via Microsoft Planetary Computer,,,,,,,,,,,False,False,False,Deferred to Stage 7B-2,,,ESA_WorldCover_10m_2021_v200_N24E093,10.0,Tree cover,ESA WorldCover 2021 v200,2021,6,True,MOD13Q1.A2015209.h26v06.061.2021329191329,2015-08-04T23:59:59.500000+00:00,3.0,8487.0,0.8487,0.0,Good data,True,NASA MODIS MOD13Q1/MYD13Q1 v6.1 16-day 250m,True,0.8487,,,,"{""2015-07-26"": null, ""2015-07-27"": null, ""2015-07-28"": null, ""2015-07-29"": null, ""2015-07-30"": null, ""2015-07-31"": null, ""2015-08-01"": null}",NASA POWER Daily API / PRECTOTCORR,False,0.424,0.425,0.424,0.424,0.427,0.42057142857142854,0.0034285714285714475,"{""2015-07-26"": 0.418, ""2015-07-27"": 0.422, ""2015-07-28"": 0.411, ""2015-07-29"": 0.412, ""2015-07-30"": 0.429, ""2015-07-31"": 0.428, ""2015-08-01"": 0.424}",ERA5-Land via Open-Meteo Historical Weather API,era5_land,True
BG_0249,1057951,Manipur,25.13129861246513,94.68735998578823,2015-08-01,0,matched_background_pseudo_absence,False,25.071998125926424,6.555386740423376,42,Copernicus_DSM_COG_10_N25_00_E094_00_DEM,1955.551513671875,21.883027381364684,76.72650476157611,0.0009488669083812746,27.995030016985535,30.715,True,Copernicus DEM GLO-30 via Microsoft Planetary Computer,,,,,,,,,,,False,False,False,Deferred to Stage 7B-2,,,ESA_WorldCover_10m_2021_v200_N24E093,10.0,Tree cover,ESA WorldCover 2021 v200,2021,6,True,MOD13Q1.A2015209.h26v06.061.2021329191329,2015-08-04T23:59:59.500000+00:00,3.0,8171.0,0.8171,3.0,Cloudy,False,NASA MODIS MOD13Q1/MYD13Q1 v6.1 16-day 250m,True,,,,,"{""2015-07-26"": null, ""2015-07-27"": null, ""2015-07-28"": null, ""2015-07-29"": null, ""2015-07-30"": null, ""2015-07-31"": null, ""2015-08-01"": null}",NASA POWER Daily API / PRECTOTCORR,False,0.436,0.448,0.45,0.448,0.446,0.4455714285714286,-0.00957142857142862,"{""2015-07-26"": 0.437, ""2015-07-27"": 0.45, ""2015-07-28"": 0.449, ""2015-07-29"": 0.445, ""2015-07-30"": 0.451, ""2015-07-31"": 0.451, ""2015-08-01"": 0.436}",ERA5-Land via Open-Meteo Historical Weather API,era5_land,True
BG_0250,1057769,Manipur,24.9390151368065,93.66590096893168,2015-08-01,0,matched_background_pseudo_absence,False,9.458360126315611,5.414583894789521,42,Copernicus_DSM_COG_10_N24_00_E093_00_DEM,574.1153564453125,26.251888954013488,253.6853839683232,0.004405615032118344,28.038944634476287,30.715,True,Copernicus DEM GLO-30 via Microsoft Planetary Computer,,,,,,,,,,,False,False,False,Deferred to Stage 7B-2,,,ESA_WorldCover_10m_2021_v200_N24E093,10.0,Tree cover,ESA WorldCover 2021 v200,2021,6,True,MOD13Q1.A2015209.h26v06.061.2021329191329,2015-08-04T23:59:59.500000+00:00,3.0,8636.0,0.8636,3.0,Cloudy,False,NASA MODIS MOD13Q1/MYD13Q1 v6.1 16-day 250m,True,,,,,"{""2015-07-26"": null, ""2015-07-27"": null, ""2015-07-28"": null, ""2015-07-29"": null, ""2015-07-30"": null, ""2015-07-31"": null, ""2015-08-01"": null}",NASA POWER Daily API / PRECTOTCORR,False,0.418,0.42,0.427,0.425,0.4246666666666667,0.42042857142857143,-0.0024285714285714466,"{""2015-07-26"": 0.406, ""2015-07-27"": 0.424, ""2015-07-28"": 0.419, ""2015-07-29"": 0.42, ""2015-07-30"": 0.428, ""2015-07-31"": 0.428, ""2015-08-01"": 0.418}",ERA5-Land via Open-Meteo Historical Weather API,era5_land,True
BG_0251,1057839,Manipur,25.07857325326139,94.41322965203044,2015-08-01,0,matched_background_pseudo_absence,False,6.609998694888034,3.825955445423616,42,Copernicus_DSM_COG_10_N25_00_E094_00_DEM,1656.5570068359375,23.355251423875625,289.193141257976,0.008781053927378674,28.00710308174825,30.715,True,Copernicus DEM GLO-30 via Microsoft Planetary Computer,,,,,,,,,,,False,False,False,Deferred to Stage 7B-2,,,ESA_WorldCover_10m_2021_v200_N24E093,10.0,Tree cover,ESA WorldCover 2021 v200,2021,6,True,MOD13Q1.A2015209.h26v06.061.2021329191329,2015-08-04T23:59:59.500000+00:00,3.0,7118.0,0.7118,3.0,Cloudy,False,NASA MODIS MOD13Q1/MYD13Q1 v6.1 16-day 250m,True,,,,,"{""2015-07-26"": null, ""2015-07-27"": null, ""2015-07-28"": null, ""2015-07-29"": null, ""2015-07-30"": null, ""2015-07-31"": null, ""2015-08-01"": null}",NASA POWER Daily API / PRECTOTCORR,False,0.42,0.423,0.426,0.425,0.42533333333333334,0.4247142857142857,-0.004714285714285726,"{""2015-07-26"": 0.415, ""2015-07-27"": 0.428, ""2015-07-28"": 0.426, ""2015-07-29"": 0.428, ""2015-07-30"": 0.428, ""2015-07-31"": 0.428, ""2015-08-01"": 0.42}",ERA5-Land via Open-Meteo Historical Weather API,era5_land,True
BG_0252,1057829,Manipur,24.811404772808217,94.18654311951931,2015-08-01,0,matched_background_pseudo_absence,False,15.701582309301346,10.082462423705968,42,Copernicus_DSM_COG_10_N24_00_E094_00_DEM,1095.4814453125,28.963998451488603,116.28084118769289,0.0023388553028828155,28.06791459637378,30.715,True,Copernicus DEM GLO-30 via Microsoft Planetary Computer,,,,,,,,,,,False,False,False,Deferred to Stage 7B-2,,,ESA_WorldCover_10m_2021_v200_N24E093,10.0,Tree cover,ESA WorldCover 2021 v200,2021,6,True,MOD13Q1.A2015209.h26v06.061.2021329191329,2015-08-04T23:59:59.500000+00:00,3.0,2412.0,0.2412,3.0,Cloudy,False,NASA MODIS MOD13Q1/MYD13Q1 v6.1 16-day 250m,True,,,,,"{""2015-07-26"": null, ""2015-07-27"": null, ""2015-07-28"": null, ""2015-07-29"": null, ""2015-07-30"": null, ""2015-07-31"": null, ""2015-08-01"": null}",NASA POWER Daily API / PRECTOTCORR,False,0.444,0.456,0.451,0.452,0.4506666666666667,0.45357142857142857,-0.009571428571428564,"{""2015-07-26"": 0.46, ""2015-07-27"": 0.461, ""2015-07-28"": 0.446, ""2015-07-29"": 0.456, ""2015-07-30"": 0.454, ""2015-07-31"": 0.454, ""2015-08-01"": 0.444}",ERA5-Land via Open-Meteo Historical Weather API,era5_land,True
BG_0253,1057940,Manipur,24.61996108142638,94.11665916973736,2015-08-01,0,matched_background_pseudo_absence,False,14.652562865904256,15.484747729760366,42,Copernicus_DSM_COG_10_N24_00_E094_00_DEM,960.3447875976562,20.03030349753344,144.30830044099383,0.004694910689603432,28.11111476406542,30.715,True,Copernicus DEM GLO-30 via Microsoft Planetary Computer,,,,,,,,,,,False,False,False,Deferred to Stage 7B-2,,,ESA_WorldCover_10m_2021_v200_N24E093,30.0,Grassland,ESA WorldCover 2021 v200,2021,6,True,MOD13Q1.A2015209.h26v06.061.2021329191329,2015-08-04T23:59:59.500000+00:00,3.0,4209.0,0.4209,3.0,Cloudy,False,NASA MODIS MOD13Q1/MYD13Q1 v6.1 16-day 250m,True,,,,,"{""2015-07-26"": null, ""2015-07-27"": null, ""2015-07-28"": null, ""2015-07-29"": null, ""2015-07-30"": null, ""2015-07-31"": null, ""2015-08-01"": null}",NASA POWER Daily API / PRECTOTCORR,False,0.431,0.45,0.449,0.448,0.44533333333333336,0.44742857142857145,-0.01642857142857146,"{""2015-07-26"": 0.452, ""2015-07-27"": 0.447, ""2015-07-28"": 0.441, ""2015-07-29"": 0.456, ""2015-07-30"": 0.448, ""2015-07-31"": 0.457, ""2015-08-01"": 0.431}",ERA5-Land via Open-Meteo Historical Weather API,era5_land,True
BG_0254,1057825,Manipur,24.50692308155893,93.6124453731808,2015-08-01,0,matched_background_pseudo_absence,False,17.8161525454864,6.546114487578982,42,Copernicus_DSM_COG_10_N24_00_E093_00_DEM,775.3707275390625,21.88328786129223,233.77531724365815,1.8982915255751683e-05,28.136474987298936,30.715,True,Copernicus DEM GLO-30 via Microsoft Planetary Computer,,,,,,,,,,,False,False,False,Deferred to Stage 7B-2,,,ESA_WorldCover_10m_2021_v200_N24E093,10.0,Tree cover,ESA WorldCover 2021 v200,2021,6,True,MOD13Q1.A2015209.h26v06.061.2021329191329,2015-08-04T23:59:59.500000+00:00,3.0,9057.0,0.9057000000000001,1.0,Marginal data,True,NASA MODIS MOD13Q1/MYD13Q1 v6.1 16-day 250m,True,0.9057000000000001,,,,"{""2015-07-26"": null, ""2015-07-27"": null, ""2015-07-28"": null, ""2015-07-29"": null, ""2015-07-30"": null, ""2015-07-31"": null, ""2015-08-01"": null}",NASA POWER Daily API / PRECTOTCORR,False,0.437,0.448,0.451,0.45,0.446,0.44928571428571434,-0.012285714285714344,"{""2015-07-26"": 0.443, ""2015-07-27"": 0.462, ""2015-07-28"": 0.454, ""2015-07-29"": 0.448, ""2015-07-30"": 0.452, ""2015-07-31"": 0.449, ""2015-08-01"": 0.437}",ERA5-Land via Open-Meteo Historical Weather API,era5_land,True
BG_0255,1057865,Manipur,25.475573156696772,94.45214618508216,2015-08-01,0,matched_background_pseudo_absence,False,16.0616250465309,18.26804948462993,42,Copernicus_DSM_COG_10_N25_00_E094_00_DEM,1121.7091064453125,26.216173999310204,270.0425443293424,0.0001574813611346956,27.915615643531712,30.715,True,Copernicus DEM GLO-30 via Microsoft Planetary Computer,,,,,,,,,,,False,False,False,Deferred to Stage 7B-2,,,ESA_WorldCover_10m_2021_v200_N24E093,10.0,Tree cover,ESA WorldCover 2021 v200,2021,6,True,MOD13Q1.A2015209.h26v06.061.2021329191329,2015-08-04T23:59:59.500000+00:00,3.0,7545.0,0.7545000000000001,1.0,Marginal data,True,NASA MODIS MOD13Q1/MYD13Q1 v6.1 16-day 250m,True,0.7545000000000001,,,,"{""2015-07-26"": null, ""2015-07-27"": null, ""2015-07-28"": null, ""2015-07-29"": null, ""2015-07-30"": null, ""2015-07-31"": null, ""2015-08-01"": null}",NASA POWER Daily API / PRECTOTCORR,False,0.488,0.482,0.485,0.485,0.4766666666666666,0.47657142857142853,0.011428571428571455,"{""2015-07-26"": 0.459, ""2015-07-27"": 0.474, ""2015-07-28"": 0.486, ""2015-07-29"": 0.487, ""2015-07-30"": 0.482, ""2015-07-31"": 0.46, ""2015-08-01"": 0.488}",ERA5-Land via Open-Meteo Historical Weather API,era5_land,True
BG_0256,1057888,Manipur,24.45890126309209,93.03747072461516,2015-08-01,0,matched_background_pseudo_absence,False,18.832658668357997,9.036417058358886,42,Copernicus_DSM_COG_10_N24_00_E093_00_DEM,48.49211883544922,1.8830377493065749,346.1881313406961,2.629455177118158e-05,28.147215605685858,30.715,True,Copernicus DEM GLO-30 via Microsoft Planetary Computer,,,,,,,,,,,False,False,False,Deferred to Stage 7B-2,,,ESA_WorldCover_10m_2021_v200_N24E093,10.0,Tree cover,ESA WorldCover 2021 v200,2021,6,True,MOD13Q1.A2015209.h26v06.061.2021329191329,2015-08-04T23:59:59.500000+00:00,3.0,7589.0,0.7589,0.0,Good data,True,NASA MODIS MOD13Q1/MYD13Q1 v6.1 16-day 250m,True,0.7589,,,,"{""2015-07-26"": null, ""2015-07-27"": null, ""2015-07-28"": null, ""2015-07-29"": null, ""2015-07-30"": null, ""2015-07-31"": null, ""2015-08-01"": null}",NASA POWER Daily API / PRECTOTCORR,False,0.424,0.426,0.429,0.428,0.4263333333333333,0.41814285714285715,0.0058571428571428386,"{""2015-07-26"": 0.418, ""2015-07-27"": 0.42, ""2015-07-28"": 0.407, ""2015-07-29"": 0.403, ""2015-07-30"": 0.428, ""2015-07-31"": 0.427, ""2015-08-01"": 0.424}",ERA5-Land via Open-Meteo Historical Weather API,era5_land,True
BG_0257,1057893,Manipur,24.13448927010708,93.63886593859048,2015-08-01,0,matched_background_pseudo_absence,False,27.26161998463928,1.5944734353206131,42,Copernicus_DSM_COG_10_N24_00_E093_00_DEM,877.8450927734375,11.069012832453199,239.31487131933545,0.0006207622368823715,28.219255637507633,30.715,True,Copernicus DEM GLO-30 via Microsoft Planetary Computer,,,,,,,,,,,False,False,False,Deferred to Stage 7B-2,,,ESA_WorldCover_10m_2021_v200_N24E093,10.0,Tree cover,ESA WorldCover 2021 v200,2021,6,True,MOD13Q1.A2015209.h26v06.061.2021329191329,2015-08-04T23:59:59.500000+00:00,3.0,7712.0,0.7712,3.0,Cloudy,False,NASA MODIS MOD13Q1/MYD13Q1 v6.1 16-day 250m,True,,,,,"{""2015-07-26"": null, ""2015-07-27"": null, ""2015-07-28"": null, ""2015-07-29"": null, ""2015-07-30"": null, ""2015-07-31"": null, ""2015-08-01"": null}",NASA POWER Daily API / PRECTOTCORR,False,0.424,0.425,0.427,0.426,0.427,0.4257142857142857,-0.0017142857142857237,"{""2015-07-26"": 0.427, ""2015-07-27"": 0.428, ""2015-07-28"": 0.417, ""2015-07-29"": 0.427, ""2015-07-30"": 0.429, ""2015-07-31"": 0.428, ""2015-08-01"": 0.424}",ERA5-Land via Open-Meteo Historical Weather API,era5_land,True
BG_0258,1057815,Manipur,25.266288786266475,94.44544909492596,2015-08-01,0,matched_background_pseudo_absence,False,6.090117390908835,4.670043319142893,42,Copernicus_DSM_COG_10_N25_00_E094_00_DEM,1256.280029296875,28.062939017018586,132.6563008261786,-0.014166160086918072,27.964011914691056,30.715,True,Copernicus DEM GLO-30 via Microsoft Planetary Computer,,,,,,,,,,,False,False,False,Deferred to Stage 7B-2,,,ESA_WorldCover_10m_2021_v200_N24E093,30.0,Grassland,ESA WorldCover 2021 v200,2021,6,True,MOD13Q1.A2015209.h26v06.061.2021329191329,2015-08-04T23:59:59.500000+00:00,3.0,8542.0,0.8542000000000001,1.0,Marginal data,True,NASA MODIS MOD13Q1/MYD13Q1 v6.1 16-day 250m,True,0.8542000000000001,,,,"{""2015-07-26"": null, ""2015-07-27"": null, ""2015-07-28"": null, ""2015-07-29"": null, ""2015-07-30"": null, ""2015-07-31"": null, ""2015-08-01"": null}",NASA POWER Daily API / PRECTOTCORR,False,0.47,0.475,0.478,0.477,0.474,0.48128571428571426,-0.011285714285714288,"{""2015-07-26"": 0.471, ""2015-07-27"": 0.478, ""2015-07-28"": 0.496, ""2015-07-29"": 0.502, ""2015-07-30"": 0.474, ""2015-07-31"": 0.478, ""2015-08-01"": 0.47}",ERA5-Land via Open-Meteo Historical Weather API,era5_land,True
BG_0259,1057810,Manipur,24.596635912982503,93.74700797653004,2015-08-01,0,matched_background_pseudo_absence,False,19.784468816225537,11.881514344276487,42,Copernicus_DSM_COG_10_N24_00_E093_00_DEM,791.2673950195312,3.928303205794874,9.747132622574213,0.0019706549893655084,28.116356758858007,30.715,True,Copernicus DEM GLO-30 via Microsoft Planetary Computer,,,,,,,,,,,False,False,False,Deferred to Stage 7B-2,,,ESA_WorldCover_10m_2021_v200_N24E093,40.0,Cropland,ESA WorldCover 2021 v200,2021,6,True,MOD13Q1.A2015209.h26v06.061.2021329191329,2015-08-04T23:59:59.500000+00:00,3.0,5019.0,0.5019,3.0,Cloudy,False,NASA MODIS MOD13Q1/MYD13Q1 v6.1 16-day 250m,True,,,,,"{""2015-07-26"": null, ""2015-07-27"": null, ""2015-07-28"": null, ""2015-07-29"": null, ""2015-07-30"": null, ""2015-07-31"": null, ""2015-08-01"": null}",NASA POWER Daily API / PRECTOTCORR,False,0.459,0.45,0.444,0.447,0.46,0.45685714285714285,0.0021428571428571686,"{""2015-07-26"": 0.445, ""2015-07-27"": 0.453, ""2015-07-28"": 0.462, ""2015-07-29"": 0.458, ""2015-07-30"": 0.46, ""2015-07-31"": 0.461, ""2015-08-01"": 0.459}",ERA5-Land via Open-Meteo Historical Weather API,era5_land,True
BG_0260,1057780,Manipur,24.27443370097582,94.170484171936,2015-08-01,0,matched_background_pseudo_absence,False,10.78304567238045,6.651098780844014,42,Copernicus_DSM_COG_10_N24_00_E094_00_DEM,638.0738525390625,23.6971307423109,37.75472050484649,0.007355905407597424,28.188289920639406,30.715,True,Copernicus DEM GLO-30 via Microsoft Planetary Computer,,,,,,,,,,,False,False,False,Deferred to Stage 7B-2,,,ESA_WorldCover_10m_2021_v200_N24E093,10.0,Tree cover,ESA WorldCover 2021 v200,2021,6,True,MOD13Q1.A2015209.h26v06.061.2021329191329,2015-08-04T23:59:59.500000+00:00,3.0,2720.0,0.272,3.0,Cloudy,False,NASA MODIS MOD13Q1/MYD13Q1 v6.1 16-day 250m,True,,,,,"{""2015-07-26"": null, ""2015-07-27"": null, ""2015-07-28"": null, ""2015-07-29"": null, ""2015-07-30"": null, ""2015-07-31"": null, ""2015-08-01"": null}",NASA POWER Daily API / PRECTOTCORR,False,0.424,0.425,0.422,0.423,0.427,0.4278571428571428,-0.0038571428571428368,"{""2015-07-26"": 0.428, ""2015-07-27"": 0.429, ""2015-07-28"": 0.428, ""2015-07-29"": 0.429, ""2015-07-30"": 0.428, ""2015-07-31"": 0.429, ""2015-08-01"": 0.424}",ERA5-Land via Open-Meteo Historical Weather API,era5_land,True
BG_0261,1057923,Manipur,24.362541898618908,93.75858498765464,2015-08-01,0,matched_background_pseudo_absence,False,5.338996310323156,6.407272834307281,42,Copernicus_DSM_COG_10_N24_00_E093_00_DEM,999.2704467773438,25.97974008823699,61.365949561578304,-0.008082025581564154,28.168707807129703,30.715,True,Copernicus DEM GLO-30 via Microsoft Planetary Computer,,,,,,,,,,,False,False,False,Deferred to Stage 7B-2,,,ESA_WorldCover_10m_2021_v200_N24E093,10.0,Tree cover,ESA WorldCover 2021 v200,2021,6,True,MOD13Q1.A2015209.h26v06.061.2021329191329,2015-08-04T23:59:59.500000+00:00,3.0,919.0,0.09190000000000001,3.0,Cloudy,False,NASA MODIS MOD13Q1/MYD13Q1 v6.1 16-day 250m,True,,,,,"{""2015-07-26"": null, ""2015-07-27"": null, ""2015-07-28"": null, ""2015-07-29"": null, ""2015-07-30"": null, ""2015-07-31"": null, ""2015-08-01"": null}",NASA POWER Daily API / PRECTOTCORR,False,0.417,0.424,0.413,0.415,0.42566666666666664,0.4238571428571429,-0.006857142857142895,"{""2015-07-26"": 0.42, ""2015-07-27"": 0.427, ""2015-07-28"": 0.418, ""2015-07-29"": 0.425, ""2015-07-30"": 0.428, ""2015-07-31"": 0.432, ""2015-08-01"": 0.417}",ERA5-Land via Open-Meteo Historical Weather API,era5_land,True
BG_0262,1057820,Manipur,24.667403476541807,94.29853252605372,2015-08-01,0,matched_background_pseudo_absence,False,17.79844225163976,5.67008516727512,42,Copernicus_DSM_COG_10_N24_00_E094_00_DEM,1101.5196533203125,29.134464182886163,142.06149067250584,-0.004525952287718124,28.100438396894642,30.715,True,Copernicus DEM GLO-30 via Microsoft Planetary Computer,,,,,,,,,,,False,False,False,Deferred to Stage 7B-2,,,ESA_WorldCover_10m_2021_v200_N24E093,10.0,Tree cover,ESA WorldCover 2021 v200,2021,6,True,MOD13Q1.A2015209.h26v06.061.2021329191329,2015-08-04T23:59:59.500000+00:00,3.0,6796.0,0.6796,3.0,Cloudy,False,NASA MODIS MOD13Q1/MYD13Q1 v6.1 16-day 250m,True,,,,,"{""2015-07-26"": null, ""2015-07-27"": null, ""2015-07-28"": null, ""2015-07-29"": null, ""2015-07-30"": null, ""2015-07-31"": null, ""2015-08-01"": null}",NASA POWER Daily API / PRECTOTCORR,False,0.422,0.424,0.423,0.423,0.4266666666666667,0.4271428571428571,-0.005142857142857116,"{""2015-07-26"": 0.425, ""2015-07-27"": 0.428, ""2015-07-28"": 0.428, ""2015-07-29"": 0.429, ""2015-07-30"": 0.429, ""2015-07-31"": 0.429, ""2015-08-01"": 0.422}",ERA5-Land via Open-Meteo Historical Weather API,era5_land,True
BG_0263,1050841,Manipur,24.4081595251864,93.91792768027072,2015-08-11,0,matched_background_pseudo_absence,False,14.190985720547856,14.263122796181438,42,Copernicus_DSM_COG_10_N24_00_E093_00_DEM,802.4376831054688,10.597718149924091,108.29705068735507,-0.0013165057572926374,28.158543080061882,30.715,True,Copernicus DEM GLO-30 via Microsoft Planetary Computer,,,,,,,,,,,False,False,False,Deferred to Stage 7B-2,,,ESA_WorldCover_10m_2021_v200_N24E093,40.0,Cropland,ESA WorldCover 2021 v200,2021,6,True,MYD13Q1.A2015217.h26v06.061.2021331134632,2015-08-12T23:59:59.500000+00:00,1.0,6236.0,0.6236,3.0,Cloudy,False,NASA MODIS MOD13Q1/MYD13Q1 v6.1 16-day 250m,True,,,,,"{""2015-08-05"": null, ""2015-08-06"": null, ""2015-08-07"": null, ""2015-08-08"": null, ""2015-08-09"": null, ""2015-08-10"": null, ""2015-08-11"": null}",NASA POWER Daily API / PRECTOTCORR,False,0.447,0.457,0.447,0.449,0.4546666666666667,0.45942857142857146,-0.012428571428571455,"{""2015-08-05"": 0.469, ""2015-08-06"": 0.459, ""2015-08-07"": 0.468, ""2015-08-08"": 0.456, ""2015-08-09"": 0.46, ""2015-08-10"": 0.457, ""2015-08-11"": 0.447}",ERA5-Land via Open-Meteo Historical Weather API,era5_land,True
BG_0264,1050762,Manipur,24.704744629582997,94.40513780957414,2015-08-11,0,matched_background_pseudo_absence,False,13.67239415974304,7.657164412705768,42,Copernicus_DSM_COG_10_N24_00_E094_00_DEM,489.6961364746094,16.146777815516078,286.81329499942944,-0.004836644401994363,28.09202164816033,30.715,True,Copernicus DEM GLO-30 via Microsoft Planetary Computer,,,,,,,,,,,False,False,False,Deferred to Stage 7B-2,,,ESA_WorldCover_10m_2021_v200_N24E093,10.0,Tree cover,ESA WorldCover 2021 v200,2021,6,True,MYD13Q1.A2015217.h26v06.061.2021331134632,2015-08-12T23:59:59.500000+00:00,1.0,3862.0,0.38620000000000004,3.0,Cloudy,False,NASA MODIS MOD13Q1/MYD13Q1 v6.1 16-day 250m,True,,,,,"{""2015-08-05"": null, ""2015-08-06"": null, ""2015-08-07"": null, ""2015-08-08"": null, ""2015-08-09"": null, ""2015-08-10"": null, ""2015-08-11"": null}",NASA POWER Daily API / PRECTOTCORR,False,0.414,0.417,0.425,0.423,0.4206666666666667,0.4227142857142857,-0.00871428571428573,"{""2015-08-05"": 0.425, ""2015-08-06"": 0.422, ""2015-08-07"": 0.425, ""2015-08-08"": 0.425, ""2015-08-09"": 0.424, ""2015-08-10"": 0.424, ""2015-08-11"": 0.414}",ERA5-Land via Open-Meteo Historical Weather API,era5_land,True
BG_0265,1050771,Manipur,24.356674801724623,93.78959976041972,2015-08-11,0,matched_background_pseudo_absence,False,8.547528132580565,3.208691612112485,42,Copernicus_DSM_COG_10_N24_00_E093_00_DEM,936.4567260742188,36.247137681134376,86.28157112217798,-0.0020866548383803754,28.170013844519968,30.715,True,Copernicus DEM GLO-30 via Microsoft Planetary Computer,,,,,,,,,,,False,False,False,Deferred to Stage 7B-2,,,ESA_WorldCover_10m_2021_v200_N24E093,10.0,Tree cover,ESA WorldCover 2021 v200,2021,6,True,MYD13Q1.A2015217.h26v06.061.2021331134632,2015-08-12T23:59:59.500000+00:00,1.0,9013.0,0.9013,1.0,Marginal data,True,NASA MODIS MOD13Q1/MYD13Q1 v6.1 16-day 250m,True,0.9013,,,,"{""2015-08-05"": null, ""2015-08-06"": null, ""2015-08-07"": null, ""2015-08-08"": null, ""2015-08-09"": null, ""2015-08-10"": null, ""2015-08-11"": null}",NASA POWER Daily API / PRECTOTCORR,False,0.397,0.409,0.399,0.401,0.412,0.4172857142857143,-0.020285714285714296,"{""2015-08-05"": 0.422, ""2015-08-06"": 0.412, ""2015-08-07"": 0.428, ""2015-08-08"": 0.423, ""2015-08-09"": 0.423, ""2015-08-10"": 0.416, ""2015-08-11"": 0.397}",ERA5-Land via Open-Meteo Historical Weather API,era5_land,True
BG_0266,1048527,Assam,26.15922109860999,92.1117224295734,2015-08-22,0,matched_background_pseudo_absence,False,18.31549832288418,10.692132884378823,42,Copernicus_DSM_COG_10_N26_00_E092_00_DEM,48.794986724853516,2.054737977485561,107.41828877925786,0.00031253367955105425,27.754932397890737,30.715,True,Copernicus DEM GLO-30 via Microsoft Planetary Computer,,,,,,,,,,,False,False,False,Deferred to Stage 7B-2,,,ESA_WorldCover_10m_2021_v200_N24E090,40.0,Cropland,ESA WorldCover 2021 v200,2021,6,True,MOD13Q1.A2015225.h25v06.061.2021331161616,2015-08-20T23:59:59.500000+00:00,2.0,,,,,False,NASA MODIS MOD13Q1/MYD13Q1 v6.1 16-day 250m,False,,,,,"{""2015-08-16"": null, ""2015-08-17"": null, ""2015-08-18"": null, ""2015-08-19"": null, ""2015-08-20"": null, ""2015-08-21"": null, ""2015-08-22"": null}",NASA POWER Daily API / PRECTOTCORR,False,0.483,0.494,0.487,0.489,0.486,0.484,-0.0010000000000000009,"{""2015-08-16"": 0.481, ""2015-08-17"": 0.49, ""2015-08-18"": 0.48, ""2015-08-19"": 0.479, ""2015-08-20"": 0.481, ""2015-08-21"": 0.494, ""2015-08-22"": 0.483}",ERA5-Land via Open-Meteo Historical Weather API,era5_land,True
BG_0267,1050683,Mizoram,23.59546607688925,92.55177999314128,2015-08-26,0,matched_background_pseudo_absence,False,19.70246758466776,26.22211962839023,42,Copernicus_DSM_COG_10_N23_00_E092_00_DEM,676.213134765625,28.476578042815557,295.52322191255394,0.010822909452351046,28.33695149853574,30.715,True,Copernicus DEM GLO-30 via Microsoft Planetary Computer,,,,,,,,,,,False,False,False,Deferred to Stage 7B-2,,,ESA_WorldCover_10m_2021_v200_N21E090,10.0,Tree cover,ESA WorldCover 2021 v200,2021,6,True,MYD13Q1.A2015233.h26v06.061.2021331175724,2015-08-28T23:59:59.500000+00:00,2.0,4735.0,0.47350000000000003,3.0,Cloudy,False,NASA MODIS MOD13Q1/MYD13Q1 v6.1 16-day 250m,True,,,,,"{""2015-08-20"": null, ""2015-08-21"": null, ""2015-08-22"": null, ""2015-08-23"": null, ""2015-08-24"": null, ""2015-08-25"": null, ""2015-08-26"": null}",NASA POWER Daily API / PRECTOTCORR,False,0.418,0.42,0.419,0.419,0.4166666666666667,0.4188571428571429,-0.0008571428571428896,"{""2015-08-20"": 0.427, ""2015-08-21"": 0.419, ""2015-08-22"": 0.421, ""2015-08-23"": 0.415, ""2015-08-24"": 0.415, ""2015-08-25"": 0.417, ""2015-08-26"": 0.418}",ERA5-Land via Open-Meteo Historical Weather API,era5_land,True
BG_0268,1050618,Mizoram,23.37193253871399,93.28776788208066,2015-08-26,0,matched_background_pseudo_absence,False,20.81559299651608,19.126875158713123,42,Copernicus_DSM_COG_10_N23_00_E093_00_DEM,1282.9874267578125,27.661308772609363,20.988582362782324,-0.0038609172975372415,28.38502501500183,30.715,True,Copernicus DEM GLO-30 via Microsoft Planetary Computer,,,,,,,,,,,False,False,False,Deferred to Stage 7B-2,,,ESA_WorldCover_10m_2021_v200_N21E093,30.0,Grassland,ESA WorldCover 2021 v200,2021,6,True,MYD13Q1.A2015233.h26v06.061.2021331175724,2015-08-28T23:59:59.500000+00:00,2.0,8115.0,0.8115,3.0,Cloudy,False,NASA MODIS MOD13Q1/MYD13Q1 v6.1 16-day 250m,True,,,,,"{""2015-08-20"": null, ""2015-08-21"": null, ""2015-08-22"": null, ""2015-08-23"": null, ""2015-08-24"": null, ""2015-08-25"": null, ""2015-08-26"": null}",NASA POWER Daily API / PRECTOTCORR,False,0.421,0.423,0.421,0.422,0.4183333333333333,0.42099999999999993,5.551115123125783e-17,"{""2015-08-20"": 0.425, ""2015-08-21"": 0.421, ""2015-08-22"": 0.427, ""2015-08-23"": 0.419, ""2015-08-24"": 0.418, ""2015-08-25"": 0.416, ""2015-08-26"": 0.421}",ERA5-Land via Open-Meteo Historical Weather API,era5_land,True
BG_0269,1050578,Mizoram,24.12364218187452,92.37794222926604,2015-08-27,0,matched_background_pseudo_absence,False,18.41815450717,15.728985247345898,42,Copernicus_DSM_COG_10_N24_00_E092_00_DEM,100.78966522216797,10.948987853449333,206.38575980334852,8.204898437629699e-05,28.22164876149039,30.715,True,Copernicus DEM GLO-30 via Microsoft Planetary Computer,,,,,,,,,,,False,False,False,Deferred to Stage 7B-2,,,ESA_WorldCover_10m_2021_v200_N24E090,10.0,Tree cover,ESA WorldCover 2021 v200,2021,6,True,MYD13Q1.A2015233.h25v06.061.2021331175815,2015-08-28T23:59:59.500000+00:00,1.0,,,,,False,NASA MODIS MOD13Q1/MYD13Q1 v6.1 16-day 250m,False,,,,,"{""2015-08-21"": null, ""2015-08-22"": null, ""2015-08-23"": null, ""2015-08-24"": null, ""2015-08-25"": null, ""2015-08-26"": null, ""2015-08-27"": null}",NASA POWER Daily API / PRECTOTCORR,False,0.41,0.413,0.415,0.414,0.4143333333333333,0.41628571428571426,-0.006285714285714283,"{""2015-08-21"": 0.42, ""2015-08-22"": 0.422, ""2015-08-23"": 0.413, ""2015-08-24"": 0.416, ""2015-08-25"": 0.416, ""2015-08-26"": 0.417, ""2015-08-27"": 0.41}",ERA5-Land via Open-Meteo Historical Weather API,era5_land,True
BG_0270,1050677,Mizoram,24.382994155711508,92.77285375377738,2015-08-27,0,matched_background_pseudo_absence,False,15.920861982293047,14.618265207206258,42,Copernicus_DSM_COG_10_N24_00_E092_00_DEM,86.51351165771484,21.214830073325192,84.75028146227407,0.0041379617423361135,28.164152749970686,30.715,True,Copernicus DEM GLO-30 via Microsoft Planetary Computer,,,,,,,,,,,False,False,False,Deferred to Stage 7B-2,,,ESA_WorldCover_10m_2021_v200_N24E090,10.0,Tree cover,ESA WorldCover 2021 v200,2021,6,True,MYD13Q1.A2015233.h26v06.061.2021331175724,2015-08-28T23:59:59.500000+00:00,1.0,2201.0,0.22010000000000002,3.0,Cloudy,False,NASA MODIS MOD13Q1/MYD13Q1 v6.1 16-day 250m,True,,,,,"{""2015-08-21"": null, ""2015-08-22"": null, ""2015-08-23"": null, ""2015-08-24"": null, ""2015-08-25"": null, ""2015-08-26"": null, ""2015-08-27"": null}",NASA POWER Daily API / PRECTOTCORR,False,0.416,0.418,0.421,0.42,0.4163333333333333,0.4197142857142856,-0.0037142857142856145,"{""2015-08-21"": 0.425, ""2015-08-22"": 0.425, ""2015-08-23"": 0.423, ""2015-08-24"": 0.416, ""2015-08-25"": 0.412, ""2015-08-26"": 0.421, ""2015-08-27"": 0.416}",ERA5-Land via Open-Meteo Historical Weather API,era5_land,True
BG_0271,1050606,Mizoram,23.10511957581938,92.51880194626597,2015-08-27,0,matched_background_pseudo_absence,False,22.419745795278427,14.427424405093802,42,Copernicus_DSM_COG_10_N23_00_E092_00_DEM,500.5083312988281,30.264164701124155,140.9991901620674,0.0025924071895859365,28.44184060107125,30.715,True,Copernicus DEM GLO-30 via Microsoft Planetary Computer,,,,,,,,,,,False,False,False,Deferred to Stage 7B-2,,,ESA_WorldCover_10m_2021_v200_N21E090,10.0,Tree cover,ESA WorldCover 2021 v200,2021,6,True,MYD13Q1.A2015233.h26v06.061.2021331175724,2015-08-28T23:59:59.500000+00:00,1.0,2444.0,0.2444,3.0,Cloudy,False,NASA MODIS MOD13Q1/MYD13Q1 v6.1 16-day 250m,True,,,,,"{""2015-08-21"": null, ""2015-08-22"": null, ""2015-08-23"": null, ""2015-08-24"": null, ""2015-08-25"": null, ""2015-08-26"": null, ""2015-08-27"": null}",NASA POWER Daily API / PRECTOTCORR,False,0.407,0.406,0.407,0.407,0.4066666666666667,0.41400000000000003,-0.007000000000000062,"{""2015-08-21"": 0.424, ""2015-08-22"": 0.422, ""2015-08-23"": 0.417, ""2015-08-24"": 0.415, ""2015-08-25"": 0.407, ""2015-08-26"": 0.406, ""2015-08-27"": 0.407}",ERA5-Land via Open-Meteo Historical Weather API,era5_land,True
BG_0272,1050624,Mizoram,23.982997906879437,93.02343097631766,2015-08-28,0,matched_background_pseudo_absence,False,15.638644554071268,2.911344392407661,42,Copernicus_DSM_COG_10_N23_00_E093_00_DEM,884.021240234375,22.876387601249107,219.34713130524048,0.01017406778627444,28.25258659761525,30.715,True,Copernicus DEM GLO-30 via Microsoft Planetary Computer,,,,,,,,,,,False,False,False,Deferred to Stage 7B-2,,,ESA_WorldCover_10m_2021_v200_N21E093,10.0,Tree cover,ESA WorldCover 2021 v200,2021,6,True,MYD13Q1.A2015233.h26v06.061.2021331175724,2015-08-28T23:59:59.500000+00:00,0.0,5603.0,0.5603,3.0,Cloudy,False,NASA MODIS MOD13Q1/MYD13Q1 v6.1 16-day 250m,True,,,,,"{""2015-08-22"": null, ""2015-08-23"": null, ""2015-08-24"": null, ""2015-08-25"": null, ""2015-08-26"": null, ""2015-08-27"": null, ""2015-08-28"": null}",NASA POWER Daily API / PRECTOTCORR,False,0.409,0.413,0.424,0.421,0.418,0.4192857142857143,-0.010285714285714342,"{""2015-08-22"": 0.425, ""2015-08-23"": 0.422, ""2015-08-24"": 0.418, ""2015-08-25"": 0.416, ""2015-08-26"": 0.423, ""2015-08-27"": 0.422, ""2015-08-28"": 0.409}",ERA5-Land via Open-Meteo Historical Weather API,era5_land,True
BG_0273,1048364,Assam,24.561414895989834,92.58718490683394,2015-09-01,0,matched_background_pseudo_absence,False,5.982923712609733,3.9513916772245152,42,Copernicus_DSM_COG_10_N24_00_E092_00_DEM,24.014841079711914,2.72608528340043,260.49208713160266,0.0013449987890336386,28.1242633430771,30.715,True,Copernicus DEM GLO-30 via Microsoft Planetary Computer,,,,,,,,,,,False,False,False,Deferred to Stage 7B-2,,,ESA_WorldCover_10m_2021_v200_N24E090,10.0,Tree cover,ESA WorldCover 2021 v200,2021,6,True,MOD13Q1.A2015241.h26v06.061.2021331190117,2015-09-05T23:59:59.500000+00:00,4.0,1249.0,0.12490000000000001,3.0,Cloudy,False,NASA MODIS MOD13Q1/MYD13Q1 v6.1 16-day 250m,True,,,,,"{""2015-08-26"": null, ""2015-08-27"": null, ""2015-08-28"": null, ""2015-08-29"": null, ""2015-08-30"": null, ""2015-08-31"": null, ""2015-09-01"": null}",NASA POWER Daily API / PRECTOTCORR,False,0.431,0.433,0.431,0.431,0.41566666666666663,0.4111428571428571,0.019857142857142907,"{""2015-08-26"": 0.416, ""2015-08-27"": 0.413, ""2015-08-28"": 0.405, ""2015-08-29"": 0.397, ""2015-08-30"": 0.397, ""2015-08-31"": 0.419, ""2015-09-01"": 0.431}",ERA5-Land via Open-Meteo Historical Weather API,era5_land,True
BG_0274,1048385,Assam,26.112874734024352,89.80246020594117,2015-09-01,0,matched_background_pseudo_absence,False,22.54410213314407,14.138039874003162,42,Copernicus_DSM_COG_10_N26_00_E089_00_DEM,34.1256103515625,5.638604532844666,20.206336380060975,-0.0004897782097376337,27.765950674291012,30.715,True,Copernicus DEM GLO-30 via Microsoft Planetary Computer,,,,,,,,,,,False,False,False,Deferred to Stage 7B-2,,,ESA_WorldCover_10m_2021_v200_N24E087,10.0,Tree cover,ESA WorldCover 2021 v200,2021,6,True,MOD13Q1.A2015241.h25v06.061.2021331192307,2015-09-05T23:59:59.500000+00:00,4.0,,,,,False,NASA MODIS MOD13Q1/MYD13Q1 v6.1 16-day 250m,False,,,,,"{""2015-08-26"": null, ""2015-08-27"": null, ""2015-08-28"": null, ""2015-08-29"": null, ""2015-08-30"": null, ""2015-08-31"": null, ""2015-09-01"": null}",NASA POWER Daily API / PRECTOTCORR,False,0.426,0.43,0.434,0.433,0.425,0.42228571428571426,0.0037142857142857255,"{""2015-08-26"": 0.423, ""2015-08-27"": 0.415, ""2015-08-28"": 0.419, ""2015-08-29"": 0.424, ""2015-08-30"": 0.424, ""2015-08-31"": 0.425, ""2015-09-01"": 0.426}",ERA5-Land via Open-Meteo Historical Weather API,era5_land,True
BG_0275,1048363,Assam,26.49423648245945,92.41103954769414,2015-09-01,0,matched_background_pseudo_absence,False,44.36559632122105,11.27998594723674,42,Copernicus_DSM_COG_10_N26_00_E092_00_DEM,57.05495071411133,1.121909691171385,282.5422240684736,-0.001183653256096174,27.674746979551365,30.715,True,Copernicus DEM GLO-30 via Microsoft Planetary Computer,,,,,,,,,,,False,False,False,Deferred to Stage 7B-2,,,ESA_WorldCover_10m_2021_v200_N24E090,80.0,Permanent water bodies,ESA WorldCover 2021 v200,2021,6,True,MOD13Q1.A2015241.h26v06.061.2021331190117,2015-09-05T23:59:59.500000+00:00,4.0,3153.0,0.3153,0.0,Good data,True,NASA MODIS MOD13Q1/MYD13Q1 v6.1 16-day 250m,True,0.3153,,,,"{""2015-08-26"": null, ""2015-08-27"": null, ""2015-08-28"": null, ""2015-08-29"": null, ""2015-08-30"": null, ""2015-08-31"": null, ""2015-09-01"": null}",NASA POWER Daily API / PRECTOTCORR,False,0.489,0.491,0.483,0.485,0.4883333333333333,0.4811428571428572,0.007857142857142785,"{""2015-08-26"": 0.479, ""2015-08-27"": 0.474, ""2015-08-28"": 0.474, ""2015-08-29"": 0.476, ""2015-08-30"": 0.488, ""2015-08-31"": 0.488, ""2015-09-01"": 0.489}",ERA5-Land via Open-Meteo Historical Weather API,era5_land,True
BG_0276,1050597,Mizoram,23.01595106489595,92.5406490577373,2015-09-14,0,matched_background_pseudo_absence,False,13.89322763381178,7.807541464603727,42,Copernicus_DSM_COG_10_N23_00_E092_00_DEM,508.419677734375,12.135110289854513,140.72134625892977,0.0038689825709839493,28.46069084366498,30.715,True,Copernicus DEM GLO-30 via Microsoft Planetary Computer,,,,,,,,,,,False,False,False,Deferred to Stage 7B-2,,,ESA_WorldCover_10m_2021_v200_N21E090,10.0,Tree cover,ESA WorldCover 2021 v200,2021,6,True,MYD13Q1.A2015249.h26v06.061.2021332092034,2015-09-13T23:59:59.500000+00:00,1.0,7759.0,0.7759,3.0,Cloudy,False,NASA MODIS MOD13Q1/MYD13Q1 v6.1 16-day 250m,True,,,,,"{""2015-09-08"": null, ""2015-09-09"": null, ""2015-09-10"": null, ""2015-09-11"": null, ""2015-09-12"": null, ""2015-09-13"": null, ""2015-09-14"": null}",NASA POWER Daily API / PRECTOTCORR,False,0.422,0.422,0.409,0.412,0.418,0.4088571428571428,0.013142857142857178,"{""2015-09-08"": 0.392, ""2015-09-09"": 0.393, ""2015-09-10"": 0.413, ""2015-09-11"": 0.41, ""2015-09-12"": 0.412, ""2015-09-13"": 0.42, ""2015-09-14"": 0.422}",ERA5-Land via Open-Meteo Historical Weather API,era5_land,True
BG_0277,1050596,Mizoram,22.16206489626773,93.04042473778304,2015-09-14,0,matched_background_pseudo_absence,False,36.0418601395887,17.387298826586974,42,Copernicus_DSM_COG_10_N22_00_E093_00_DEM,464.85784912109375,14.602921639390365,160.61335947033626,-0.005986563207034638,28.637705371061813,30.715,True,Copernicus DEM GLO-30 via Microsoft Planetary Computer,,,,,,,,,,,False,False,False,Deferred to Stage 7B-2,,,ESA_WorldCover_10m_2021_v200_N21E093,10.0,Tree cover,ESA WorldCover 2021 v200,2021,6,True,MYD13Q1.A2015249.h26v06.061.2021332092034,2015-09-13T23:59:59.500000+00:00,1.0,9044.0,0.9044000000000001,1.0,Marginal data,True,NASA MODIS MOD13Q1/MYD13Q1 v6.1 16-day 250m,True,0.9044000000000001,,,,"{""2015-09-08"": null, ""2015-09-09"": null, ""2015-09-10"": null, ""2015-09-11"": null, ""2015-09-12"": null, ""2015-09-13"": null, ""2015-09-14"": null}",NASA POWER Daily API / PRECTOTCORR,False,0.421,0.423,0.425,0.425,0.42166666666666663,0.4208571428571428,0.00014285714285716677,"{""2015-09-08"": 0.418, ""2015-09-09"": 0.42, ""2015-09-10"": 0.421, ""2015-09-11"": 0.422, ""2015-09-12"": 0.423, ""2015-09-13"": 0.421, ""2015-09-14"": 0.421}",ERA5-Land via Open-Meteo Historical Weather API,era5_land,True
BG_0278,1048373,Assam,26.082007860246108,93.02286591872308,2015-09-23,0,matched_background_pseudo_absence,False,12.551873880981889,21.21921826252207,42,Copernicus_DSM_COG_10_N26_00_E093_00_DEM,77.5118637084961,0.3245599646870644,117.34756630778327,4.583352860816092e-05,27.773278814070522,30.715,True,Copernicus DEM GLO-30 via Microsoft Planetary Computer,,,,,,,,,,,False,False,False,Deferred to Stage 7B-2,,,ESA_WorldCover_10m_2021_v200_N24E093,40.0,Cropland,ESA WorldCover 2021 v200,2021,6,True,MOD13Q1.A2015257.h26v06.061.2021332141256,2015-09-21T23:59:59.500000+00:00,2.0,7291.0,0.7291000000000001,0.0,Good data,True,NASA MODIS MOD13Q1/MYD13Q1 v6.1 16-day 250m,True,0.7291000000000001,,,,"{""2015-09-17"": null, ""2015-09-18"": null, ""2015-09-19"": null, ""2015-09-20"": null, ""2015-09-21"": null, ""2015-09-22"": null, ""2015-09-23"": null}",NASA POWER Daily API / PRECTOTCORR,False,0.482,0.491,0.467,0.473,0.48233333333333334,0.47157142857142853,0.010428571428571454,"{""2015-09-17"": 0.465, ""2015-09-18"": 0.452, ""2015-09-19"": 0.46, ""2015-09-20"": 0.477, ""2015-09-21"": 0.471, ""2015-09-22"": 0.494, ""2015-09-23"": 0.482}",ERA5-Land via Open-Meteo Historical Weather API,era5_land,True
BG_0279,1050120,Assam,25.93936185364052,92.16594918742302,2016-05-18,0,matched_background_pseudo_absence,False,31.74353612120418,25.040269793512973,42,Copernicus_DSM_COG_10_N25_00_E092_00_DEM,688.277099609375,25.80782456375362,231.17446066981503,-0.012521740555040429,27.80703983306812,30.715,True,Copernicus DEM GLO-30 via Microsoft Planetary Computer,,,,,,,,,,,False,False,False,Deferred to Stage 7B-2,,,ESA_WorldCover_10m_2021_v200_N24E090,10.0,Tree cover,ESA WorldCover 2021 v200,2021,5,True,MOD13Q1.A2016129.h25v06.061.2021350052121,2016-05-15T23:59:59.500000+00:00,3.0,,,,,False,NASA MODIS MOD13Q1/MYD13Q1 v6.1 16-day 250m,False,,,,,"{""2016-05-12"": null, ""2016-05-13"": null, ""2016-05-14"": null, ""2016-05-15"": null, ""2016-05-16"": null, ""2016-05-17"": null, ""2016-05-18"": null}",NASA POWER Daily API / PRECTOTCORR,False,0.467,0.493,0.489,0.488,0.4733333333333334,0.47657142857142853,-0.009571428571428509,"{""2016-05-12"": 0.472, ""2016-05-13"": 0.484, ""2016-05-14"": 0.48, ""2016-05-15"": 0.48, ""2016-05-16"": 0.457, ""2016-05-17"": 0.496, ""2016-05-18"": 0.467}",ERA5-Land via Open-Meteo Historical Weather API,era5_land,True
BG_0280,1050474,Assam,26.54581163621021,94.33018756742985,2016-05-18,0,matched_background_pseudo_absence,False,64.42992140054254,18.935557010680608,42,Copernicus_DSM_COG_10_N26_00_E094_00_DEM,240.20599365234375,9.653165950497336,26.08813536467744,-0.00489717354789643,27.662318433997555,30.715,True,Copernicus DEM GLO-30 via Microsoft Planetary Computer,,,,,,,,,,,False,False,False,Deferred to Stage 7B-2,,,ESA_WorldCover_10m_2021_v200_N24E093,10.0,Tree cover,ESA WorldCover 2021 v200,2021,5,True,MOD13Q1.A2016129.h26v06.061.2021350044750,2016-05-15T23:59:59.500000+00:00,3.0,8198.0,0.8198000000000001,1.0,Marginal data,True,NASA MODIS MOD13Q1/MYD13Q1 v6.1 16-day 250m,True,0.8198000000000001,,,,"{""2016-05-12"": null, ""2016-05-13"": null, ""2016-05-14"": null, ""2016-05-15"": null, ""2016-05-16"": null, ""2016-05-17"": null, ""2016-05-18"": null}",NASA POWER Daily API / PRECTOTCORR,False,0.484,0.464,0.498,0.49,0.4673333333333333,0.4681428571428571,0.015857142857142903,"{""2016-05-12"": 0.448, ""2016-05-13"": 0.475, ""2016-05-14"": 0.477, ""2016-05-15"": 0.475, ""2016-05-16"": 0.478, ""2016-05-17"": 0.44, ""2016-05-18"": 0.484}",ERA5-Land via Open-Meteo Historical Weather API,era5_land,True
BG_0281,1050501,Assam,26.955923677793034,94.57385732650908,2016-05-18,0,matched_background_pseudo_absence,False,49.77998893334497,14.99624169789942,42,Copernicus_DSM_COG_10_N26_00_E094_00_DEM,90.46134185791016,1.7350382850802282,282.01695365192194,0.0001294180714234282,27.56269300261482,30.715,True,Copernicus DEM GLO-30 via Microsoft Planetary Computer,,,,,,,,,,,False,False,False,Deferred to Stage 7B-2,,,ESA_WorldCover_10m_2021_v200_N24E093,40.0,Cropland,ESA WorldCover 2021 v200,2021,5,True,MOD13Q1.A2016129.h26v06.061.2021350044750,2016-05-15T23:59:59.500000+00:00,3.0,5011.0,0.5011,0.0,Good data,True,NASA MODIS MOD13Q1/MYD13Q1 v6.1 16-day 250m,True,0.5011,,,,"{""2016-05-12"": null, ""2016-05-13"": null, ""2016-05-14"": null, ""2016-05-15"": null, ""2016-05-16"": null, ""2016-05-17"": null, ""2016-05-18"": null}",NASA POWER Daily API / PRECTOTCORR,False,0.477,0.492,0.484,0.486,0.47866666666666663,0.4757142857142857,0.001285714285714279,"{""2016-05-12"": 0.464, ""2016-05-13"": 0.479, ""2016-05-14"": 0.465, ""2016-05-15"": 0.486, ""2016-05-16"": 0.484, ""2016-05-17"": 0.475, ""2016-05-18"": 0.477}",ERA5-Land via Open-Meteo Historical Weather API,era5_land,True
BG_0282,1050604,Assam,26.803286194895552,92.63463740869734,2016-05-18,0,matched_background_pseudo_absence,False,23.15650656167276,17.48175184096964,42,Copernicus_DSM_COG_10_N26_00_E092_00_DEM,90.5669937133789,0.7076623303113125,276.9743347000367,0.00012637366612106542,27.59993733510594,30.715,True,Copernicus DEM GLO-30 via Microsoft Planetary Computer,,,,,,,,,,,False,False,False,Deferred to Stage 7B-2,,,ESA_WorldCover_10m_2021_v200_N24E090,40.0,Cropland,ESA WorldCover 2021 v200,2021,5,True,MOD13Q1.A2016129.h26v06.061.2021350044750,2016-05-15T23:59:59.500000+00:00,3.0,4666.0,0.4666,1.0,Marginal data,True,NASA MODIS MOD13Q1/MYD13Q1 v6.1 16-day 250m,True,0.4666,,,,"{""2016-05-12"": null, ""2016-05-13"": null, ""2016-05-14"": null, ""2016-05-15"": null, ""2016-05-16"": null, ""2016-05-17"": null, ""2016-05-18"": null}",NASA POWER Daily API / PRECTOTCORR,False,0.427,0.429,0.438,0.435,0.43,0.42300000000000004,0.003999999999999948,"{""2016-05-12"": 0.401, ""2016-05-13"": 0.422, ""2016-05-14"": 0.428, ""2016-05-15"": 0.42, ""2016-05-16"": 0.432, ""2016-05-17"": 0.431, ""2016-05-18"": 0.427}",ERA5-Land via Open-Meteo Historical Weather API,era5_land,True
BG_0283,1050605,Assam,25.1077803260968,93.13011029492374,2016-05-18,0,matched_background_pseudo_absence,False,7.15456364098974,12.339236754603938,42,Copernicus_DSM_COG_10_N25_00_E093_00_DEM,880.1453247070312,18.171705718033916,43.69977403154894,-0.005783898976602698,28.00041816903055,30.715,True,Copernicus DEM GLO-30 via Microsoft Planetary Computer,,,,,,,,,,,False,False,False,Deferred to Stage 7B-2,,,ESA_WorldCover_10m_2021_v200_N24E093,10.0,Tree cover,ESA WorldCover 2021 v200,2021,5,True,MOD13Q1.A2016129.h26v06.061.2021350044750,2016-05-15T23:59:59.500000+00:00,3.0,8334.0,0.8334,1.0,Marginal data,True,NASA MODIS MOD13Q1/MYD13Q1 v6.1 16-day 250m,True,0.8334,,,,"{""2016-05-12"": null, ""2016-05-13"": null, ""2016-05-14"": null, ""2016-05-15"": null, ""2016-05-16"": null, ""2016-05-17"": null, ""2016-05-18"": null}",NASA POWER Daily API / PRECTOTCORR,False,0.461,0.466,0.464,0.464,0.45766666666666667,0.44857142857142857,0.012428571428571455,"{""2016-05-12"": 0.416, ""2016-05-13"": 0.466, ""2016-05-14"": 0.433, ""2016-05-15"": 0.452, ""2016-05-16"": 0.447, ""2016-05-17"": 0.465, ""2016-05-18"": 0.461}",ERA5-Land via Open-Meteo Historical Weather API,era5_land,True
BG_0284,1050608,Assam,25.368190345547426,93.1455524699499,2016-05-18,0,matched_background_pseudo_absence,False,7.21832642244743,13.28669538494844,42,Copernicus_DSM_COG_10_N25_00_E093_00_DEM,310.1614074707031,11.862085213302539,10.324368718400251,-0.0036416010328948227,27.940494105045907,30.715,True,Copernicus DEM GLO-30 via Microsoft Planetary Computer,,,,,,,,,,,False,False,False,Deferred to Stage 7B-2,,,ESA_WorldCover_10m_2021_v200_N24E093,10.0,Tree cover,ESA WorldCover 2021 v200,2021,5,True,MOD13Q1.A2016129.h26v06.061.2021350044750,2016-05-15T23:59:59.500000+00:00,3.0,6558.0,0.6558,1.0,Marginal data,True,NASA MODIS MOD13Q1/MYD13Q1 v6.1 16-day 250m,True,0.6558,,,,"{""2016-05-12"": null, ""2016-05-13"": null, ""2016-05-14"": null, ""2016-05-15"": null, ""2016-05-16"": null, ""2016-05-17"": null, ""2016-05-18"": null}",NASA POWER Daily API / PRECTOTCORR,False,0.462,0.447,0.498,0.484,0.4466666666666667,0.46714285714285714,-0.005142857142857116,"{""2016-05-12"": 0.475, ""2016-05-13"": 0.497, ""2016-05-14"": 0.481, ""2016-05-15"": 0.477, ""2016-05-16"": 0.437, ""2016-05-17"": 0.441, ""2016-05-18"": 0.462}",ERA5-Land via Open-Meteo Historical Weather API,era5_land,True
BG_0285,1050541,Assam,26.67108221430697,90.20457203557152,2016-05-18,0,matched_background_pseudo_absence,False,65.72394501362864,13.939482287685506,42,Copernicus_DSM_COG_10_N26_00_E090_00_DEM,115.69623565673828,0.446373468394671,332.9923594044707,-0.00047495310303626384,27.63203749743688,30.715,True,Copernicus DEM GLO-30 via Microsoft Planetary Computer,,,,,,,,,,,False,False,False,Deferred to Stage 7B-2,,,ESA_WorldCover_10m_2021_v200_N24E090,10.0,Tree cover,ESA WorldCover 2021 v200,2021,5,True,MOD13Q1.A2016129.h25v06.061.2021350052121,2016-05-15T23:59:59.500000+00:00,3.0,,,,,False,NASA MODIS MOD13Q1/MYD13Q1 v6.1 16-day 250m,False,,,,,"{""2016-05-12"": null, ""2016-05-13"": null, ""2016-05-14"": null, ""2016-05-15"": null, ""2016-05-16"": null, ""2016-05-17"": null, ""2016-05-18"": null}",NASA POWER Daily API / PRECTOTCORR,False,0.343,0.343,0.304,0.315,0.3463333333333334,0.3227142857142858,0.02028571428571424,"{""2016-05-12"": 0.269, ""2016-05-13"": 0.324, ""2016-05-14"": 0.32, ""2016-05-15"": 0.307, ""2016-05-16"": 0.344, ""2016-05-17"": 0.352, ""2016-05-18"": 0.343}",ERA5-Land via Open-Meteo Historical Weather API,era5_land,True
BG_0286,1050561,Assam,26.447491639270027,91.63540436297905,2016-05-19,0,matched_background_pseudo_absence,False,9.969435193093616,20.15399442363215,42,Copernicus_DSM_COG_10_N26_00_E091_00_DEM,52.59348678588867,0.14636247138780728,92.13986478489761,8.084253589434185e-05,27.685992147992497,30.715,True,Copernicus DEM GLO-30 via Microsoft Planetary Computer,,,,,,,,,,,False,False,False,Deferred to Stage 7B-2,,,ESA_WorldCover_10m_2021_v200_N24E090,30.0,Grassland,ESA WorldCover 2021 v200,2021,5,True,MOD13Q1.A2016129.h25v06.061.2021350052121,2016-05-15T23:59:59.500000+00:00,4.0,,,,,False,NASA MODIS MOD13Q1/MYD13Q1 v6.1 16-day 250m,False,,,,,"{""2016-05-13"": null, ""2016-05-14"": null, ""2016-05-15"": null, ""2016-05-16"": null, ""2016-05-17"": null, ""2016-05-18"": null, ""2016-05-19"": null}",NASA POWER Daily API / PRECTOTCORR,False,0.476,0.472,0.455,0.46,0.4736666666666667,0.47714285714285715,-0.0011428571428571677,"{""2016-05-13"": 0.481, ""2016-05-14"": 0.477, ""2016-05-15"": 0.483, ""2016-05-16"": 0.478, ""2016-05-17"": 0.466, ""2016-05-18"": 0.479, ""2016-05-19"": 0.476}",ERA5-Land via Open-Meteo Historical Weather API,era5_land,True
BG_0287,1050602,Mizoram,22.050453843273225,92.67152577426548,2016-05-21,0,matched_background_pseudo_absence,False,56.526400324581616,39.97933707881703,42,Copernicus_DSM_COG_10_N22_00_E092_00_DEM,188.4233856201172,14.175940736178179,134.39511070950505,0.004867211757006965,28.660373664543695,30.715,True,Copernicus DEM GLO-30 via Microsoft Planetary Computer,,,,,,,,,,,False,False,False,Deferred to Stage 7B-2,,,ESA_WorldCover_10m_2021_v200_N21E090,10.0,Tree cover,ESA WorldCover 2021 v200,2021,5,True,MYD13Q1.A2016137.h26v06.061.2021350230031,2016-05-23T23:59:59.500000+00:00,2.0,7391.0,0.7391000000000001,1.0,Marginal data,True,NASA MODIS MOD13Q1/MYD13Q1 v6.1 16-day 250m,True,0.7391000000000001,,,,"{""2016-05-15"": null, ""2016-05-16"": null, ""2016-05-17"": null, ""2016-05-18"": null, ""2016-05-19"": null, ""2016-05-20"": null, ""2016-05-21"": null}",NASA POWER Daily API / PRECTOTCORR,False,0.419,0.408,0.221,0.274,0.4046666666666667,0.2785714285714286,0.1404285714285714,"{""2016-05-15"": 0.183, ""2016-05-16"": 0.177, ""2016-05-17"": 0.173, ""2016-05-18"": 0.203, ""2016-05-19"": 0.373, ""2016-05-20"": 0.422, ""2016-05-21"": 0.419}",ERA5-Land via Open-Meteo Historical Weather API,era5_land,True
BG_0288,1048435,Assam,26.58130983253997,90.17280080960484,2016-06-22,0,matched_background_pseudo_absence,False,55.26155310303221,3.4926563503667807,42,Copernicus_DSM_COG_10_N26_00_E090_00_DEM,69.47714233398438,0.7417120942514108,244.10579702882606,0.00011124123553991384,27.653751079311412,30.715,True,Copernicus DEM GLO-30 via Microsoft Planetary Computer,,,,,,,,,,,False,False,False,Deferred to Stage 7B-2,,,ESA_WorldCover_10m_2021_v200_N24E090,40.0,Cropland,ESA WorldCover 2021 v200,2021,5,True,MYD13Q1.A2016169.h25v06.061.2021353054103,2016-06-24T23:59:59.500000+00:00,2.0,,,,,False,NASA MODIS MOD13Q1/MYD13Q1 v6.1 16-day 250m,False,,,,,"{""2016-06-16"": null, ""2016-06-17"": null, ""2016-06-18"": null, ""2016-06-19"": null, ""2016-06-20"": null, ""2016-06-21"": null, ""2016-06-22"": null}",NASA POWER Daily API / PRECTOTCORR,False,0.496,0.496,0.516,0.511,0.4836666666666667,0.4828571428571428,0.013142857142857178,"{""2016-06-16"": 0.47, ""2016-06-17"": 0.501, ""2016-06-18"": 0.465, ""2016-06-19"": 0.493, ""2016-06-20"": 0.485, ""2016-06-21"": 0.47, ""2016-06-22"": 0.496}",ERA5-Land via Open-Meteo Historical Weather API,era5_land,True
BG_0289,1048437,Assam,26.46648142059043,90.60085125327032,2016-06-22,0,matched_background_pseudo_absence,False,66.32870397952992,10.189620453588514,42,Copernicus_DSM_COG_10_N26_00_E090_00_DEM,52.62632369995117,7.533766416749362,118.36029381601406,0.0014313990170725988,27.681426095286913,30.715,True,Copernicus DEM GLO-30 via Microsoft Planetary Computer,,,,,,,,,,,False,False,False,Deferred to Stage 7B-2,,,ESA_WorldCover_10m_2021_v200_N24E090,10.0,Tree cover,ESA WorldCover 2021 v200,2021,5,True,MYD13Q1.A2016169.h25v06.061.2021353054103,2016-06-24T23:59:59.500000+00:00,2.0,,,,,False,NASA MODIS MOD13Q1/MYD13Q1 v6.1 16-day 250m,False,,,,,"{""2016-06-16"": null, ""2016-06-17"": null, ""2016-06-18"": null, ""2016-06-19"": null, ""2016-06-20"": null, ""2016-06-21"": null, ""2016-06-22"": null}",NASA POWER Daily API / PRECTOTCORR,False,0.478,0.491,0.487,0.487,0.48233333333333334,0.4740000000000001,0.0039999999999998925,"{""2016-06-16"": 0.467, ""2016-06-17"": 0.462, ""2016-06-18"": 0.485, ""2016-06-19"": 0.457, ""2016-06-20"": 0.481, ""2016-06-21"": 0.488, ""2016-06-22"": 0.478}",ERA5-Land via Open-Meteo Historical Weather API,era5_land,True
BG_0290,1048340,Assam,26.456977184490352,93.2831225344648,2016-07-07,0,matched_background_pseudo_absence,False,19.34424180997234,12.99665382906733,42,Copernicus_DSM_COG_10_N26_00_E093_00_DEM,621.0897827148438,34.98222259809049,4.012116336234044,0.004513555821639424,27.683711748857785,30.715,True,Copernicus DEM GLO-30 via Microsoft Planetary Computer,,,,,,,,,,,False,False,False,Deferred to Stage 7B-2,,,ESA_WorldCover_10m_2021_v200_N24E093,10.0,Tree cover,ESA WorldCover 2021 v200,2021,5,True,MYD13Q1.A2016185.h26v06.061.2021354105745,2016-07-10T23:59:59.500000+00:00,3.0,3695.0,0.3695,3.0,Cloudy,False,NASA MODIS MOD13Q1/MYD13Q1 v6.1 16-day 250m,True,,,,,"{""2016-07-01"": null, ""2016-07-02"": null, ""2016-07-03"": null, ""2016-07-04"": null, ""2016-07-05"": null, ""2016-07-06"": null, ""2016-07-07"": null}",NASA POWER Daily API / PRECTOTCORR,False,0.483,0.479,0.487,0.485,0.4756666666666667,0.4781428571428572,0.004857142857142782,"{""2016-07-01"": 0.479, ""2016-07-02"": 0.478, ""2016-07-03"": 0.485, ""2016-07-04"": 0.478, ""2016-07-05"": 0.468, ""2016-07-06"": 0.476, ""2016-07-07"": 0.483}",ERA5-Land via Open-Meteo Historical Weather API,era5_land,True
BG_0291,1048473,Assam,26.166892117808715,93.32531655388736,2016-07-07,0,matched_background_pseudo_absence,False,20.850645465552684,9.715834616097318,42,Copernicus_DSM_COG_10_N26_00_E093_00_DEM,512.1964111328125,20.268105459592213,295.7106145800109,0.0016912842042028828,27.753106955853976,30.715,True,Copernicus DEM GLO-30 via Microsoft Planetary Computer,,,,,,,,,,,False,False,False,Deferred to Stage 7B-2,,,ESA_WorldCover_10m_2021_v200_N24E093,10.0,Tree cover,ESA WorldCover 2021 v200,2021,5,True,MYD13Q1.A2016185.h26v06.061.2021354105745,2016-07-10T23:59:59.500000+00:00,3.0,6903.0,0.6903,3.0,Cloudy,False,NASA MODIS MOD13Q1/MYD13Q1 v6.1 16-day 250m,True,,,,,"{""2016-07-01"": null, ""2016-07-02"": null, ""2016-07-03"": null, ""2016-07-04"": null, ""2016-07-05"": null, ""2016-07-06"": null, ""2016-07-07"": null}",NASA POWER Daily API / PRECTOTCORR,False,0.478,0.481,0.48,0.48,0.48066666666666663,0.48342857142857143,-0.005428571428571449,"{""2016-07-01"": 0.495, ""2016-07-02"": 0.504, ""2016-07-03"": 0.474, ""2016-07-04"": 0.469, ""2016-07-05"": 0.485, ""2016-07-06"": 0.479, ""2016-07-07"": 0.478}",ERA5-Land via Open-Meteo Historical Weather API,era5_land,True
BG_0292,1057911,Manipur,25.0403620899617,93.67668094573358,2016-07-07,0,matched_background_pseudo_absence,False,13.336201656846717,11.321534113298837,42,Copernicus_DSM_COG_10_N25_00_E093_00_DEM,1484.799072265625,11.490262841172889,107.12701414437362,-0.0026060604507748206,28.01583786071024,30.715,True,Copernicus DEM GLO-30 via Microsoft Planetary Computer,,,,,,,,,,,False,False,False,Deferred to Stage 7B-2,,,ESA_WorldCover_10m_2021_v200_N24E093,10.0,Tree cover,ESA WorldCover 2021 v200,2021,5,True,MYD13Q1.A2016185.h26v06.061.2021354105745,2016-07-10T23:59:59.500000+00:00,3.0,2840.0,0.28400000000000003,3.0,Cloudy,False,NASA MODIS MOD13Q1/MYD13Q1 v6.1 16-day 250m,True,,,,,"{""2016-07-01"": null, ""2016-07-02"": null, ""2016-07-03"": null, ""2016-07-04"": null, ""2016-07-05"": null, ""2016-07-06"": null, ""2016-07-07"": null}",NASA POWER Daily API / PRECTOTCORR,False,0.419,0.421,0.437,0.432,0.4246666666666667,0.43257142857142855,-0.013571428571428568,"{""2016-07-01"": 0.435, ""2016-07-02"": 0.44, ""2016-07-03"": 0.438, ""2016-07-04"": 0.441, ""2016-07-05"": 0.43, ""2016-07-06"": 0.425, ""2016-07-07"": 0.419}",ERA5-Land via Open-Meteo Historical Weather API,era5_land,True
BG_0293,938407,Sikkim,27.198509578839666,88.23978715808354,2016-07-09,0,matched_background_pseudo_absence,False,6.807211828848818,5.457861689171004,42,Copernicus_DSM_COG_10_N27_00_E088_00_DEM,1636.2198486328125,25.874431616847215,241.76756462609234,0.004470827565349327,27.50309841057338,30.715,True,Copernicus DEM GLO-30 via Microsoft Planetary Computer,,,,,,,,,,,False,False,False,Deferred to Stage 7B-2,,,ESA_WorldCover_10m_2021_v200_N27E087,10.0,Tree cover,ESA WorldCover 2021 v200,2021,5,True,MYD13Q1.A2016185.h25v06.061.2021354110745,2016-07-10T23:59:59.500000+00:00,1.0,1056.0,0.1056,3.0,Cloudy,False,NASA MODIS MOD13Q1/MYD13Q1 v6.1 16-day 250m,True,,,,,"{""2016-07-03"": null, ""2016-07-04"": null, ""2016-07-05"": null, ""2016-07-06"": null, ""2016-07-07"": null, ""2016-07-08"": null, ""2016-07-09"": null}",NASA POWER Daily API / PRECTOTCORR,False,0.416,0.413,0.413,0.413,0.4136666666666666,0.41957142857142854,-0.0035714285714285587,"{""2016-07-03"": 0.421, ""2016-07-04"": 0.427, ""2016-07-05"": 0.425, ""2016-07-06"": 0.423, ""2016-07-07"": 0.413, ""2016-07-08"": 0.412, ""2016-07-09"": 0.416}",ERA5-Land via Open-Meteo Historical Weather API,era5_land,True
BG_0294,1048423,Assam,26.290438983967192,92.14404468641672,2016-07-14,0,matched_background_pseudo_absence,False,22.963068881527004,4.579626733651788,42,Copernicus_DSM_COG_10_N26_00_E092_00_DEM,52.05352020263672,1.4885162299101204,203.52528520080173,0.000976759902913362,27.723638493576498,30.715,True,Copernicus DEM GLO-30 via Microsoft Planetary Computer,,,,,,,,,,,False,False,False,Deferred to Stage 7B-2,,,ESA_WorldCover_10m_2021_v200_N24E090,40.0,Cropland,ESA WorldCover 2021 v200,2021,5,True,MOD13Q1.A2016193.h25v06.061.2021354121610,2016-07-18T23:59:59.500000+00:00,4.0,,,,,False,NASA MODIS MOD13Q1/MYD13Q1 v6.1 16-day 250m,False,,,,,"{""2016-07-08"": null, ""2016-07-09"": null, ""2016-07-10"": null, ""2016-07-11"": null, ""2016-07-12"": null, ""2016-07-13"": null, ""2016-07-14"": null}",NASA POWER Daily API / PRECTOTCORR,False,0.479,0.495,0.492,0.492,0.48666666666666664,0.47914285714285715,-0.00014285714285716677,"{""2016-07-08"": 0.474, ""2016-07-09"": 0.461, ""2016-07-10"": 0.497, ""2016-07-11"": 0.462, ""2016-07-12"": 0.486, ""2016-07-13"": 0.495, ""2016-07-14"": 0.479}",ERA5-Land via Open-Meteo Historical Weather API,era5_land,True
BG_0295,1048467,Assam,24.60659328090889,92.8025840882946,2016-07-14,0,matched_background_pseudo_absence,False,12.18862319082421,11.115030724232907,42,Copernicus_DSM_COG_10_N24_00_E092_00_DEM,60.09050369262695,10.836109459141653,318.1264930155743,0.007370669165855754,28.11411955416794,30.715,True,Copernicus DEM GLO-30 via Microsoft Planetary Computer,,,,,,,,,,,False,False,False,Deferred to Stage 7B-2,,,ESA_WorldCover_10m_2021_v200_N24E090,10.0,Tree cover,ESA WorldCover 2021 v200,2021,5,True,MOD13Q1.A2016193.h26v06.061.2021354121207,2016-07-18T23:59:59.500000+00:00,4.0,5032.0,0.5032,3.0,Cloudy,False,NASA MODIS MOD13Q1/MYD13Q1 v6.1 16-day 250m,True,,,,,"{""2016-07-08"": null, ""2016-07-09"": null, ""2016-07-10"": null, ""2016-07-11"": null, ""2016-07-12"": null, ""2016-07-13"": null, ""2016-07-14"": null}",NASA POWER Daily API / PRECTOTCORR,False,0.418,0.415,0.39,0.397,0.4163333333333333,0.4169999999999999,0.0010000000000000564,"{""2016-07-08"": 0.42, ""2016-07-09"": 0.42, ""2016-07-10"": 0.412, ""2016-07-11"": 0.418, ""2016-07-12"": 0.417, ""2016-07-13"": 0.414, ""2016-07-14"": 0.418}",ERA5-Land via Open-Meteo Historical Weather API,era5_land,True
BG_0296,1048557,Assam,26.751662669773435,90.25336765939856,2016-07-14,0,matched_background_pseudo_absence,False,75.69052802473894,10.18703869075708,42,Copernicus_DSM_COG_10_N26_00_E090_00_DEM,192.82276916503906,1.2652349878554119,237.50649246605968,-0.0008889328794498837,27.612489427716856,30.715,True,Copernicus DEM GLO-30 via Microsoft Planetary Computer,,,,,,,,,,,False,False,False,Deferred to Stage 7B-2,,,ESA_WorldCover_10m_2021_v200_N24E090,10.0,Tree cover,ESA WorldCover 2021 v200,2021,5,True,MOD13Q1.A2016193.h25v06.061.2021354121610,2016-07-18T23:59:59.500000+00:00,4.0,,,,,False,NASA MODIS MOD13Q1/MYD13Q1 v6.1 16-day 250m,False,,,,,"{""2016-07-08"": null, ""2016-07-09"": null, ""2016-07-10"": null, ""2016-07-11"": null, ""2016-07-12"": null, ""2016-07-13"": null, ""2016-07-14"": null}",NASA POWER Daily API / PRECTOTCORR,False,0.391,0.391,0.365,0.372,0.37600000000000006,0.3734285714285714,0.017571428571428627,"{""2016-07-08"": 0.359, ""2016-07-09"": 0.373, ""2016-07-10"": 0.387, ""2016-07-11"": 0.367, ""2016-07-12"": 0.367, ""2016-07-13"": 0.37, ""2016-07-14"": 0.391}",ERA5-Land via Open-Meteo Historical Weather API,era5_land,True
BG_0297,1048458,Assam,26.26109381665828,89.86469574068377,2016-07-20,0,matched_background_pseudo_absence,False,24.0774454423532,17.612348525461943,42,Copernicus_DSM_COG_10_N26_00_E089_00_DEM,37.108055114746094,1.5241867171998564,146.19262380964005,-0.0008911093656900849,27.73064959582349,30.715,True,Copernicus DEM GLO-30 via Microsoft Planetary Computer,,,,,,,,,,,False,False,False,Deferred to Stage 7B-2,,,ESA_WorldCover_10m_2021_v200_N24E087,10.0,Tree cover,ESA WorldCover 2021 v200,2021,5,True,MOD13Q1.A2016193.h25v06.061.2021354121610,2016-07-18T23:59:59.500000+00:00,2.0,,,,,False,NASA MODIS MOD13Q1/MYD13Q1 v6.1 16-day 250m,False,,,,,"{""2016-07-14"": null, ""2016-07-15"": null, ""2016-07-16"": null, ""2016-07-17"": null, ""2016-07-18"": null, ""2016-07-19"": null, ""2016-07-20"": null}",NASA POWER Daily API / PRECTOTCORR,False,0.423,0.432,0.43,0.43,0.42566666666666664,0.42371428571428577,-0.0007142857142857784,"{""2016-07-14"": 0.422, ""2016-07-15"": 0.419, ""2016-07-16"": 0.423, ""2016-07-17"": 0.425, ""2016-07-18"": 0.425, ""2016-07-19"": 0.429, ""2016-07-20"": 0.423}",ERA5-Land via Open-Meteo Historical Weather API,era5_land,True
BG_0298,1048430,Assam,26.483262755776156,93.18455783162504,2016-07-20,0,matched_background_pseudo_absence,False,10.619622396463246,5.077938114241647,42,Copernicus_DSM_COG_10_N26_00_E093_00_DEM,181.73431396484375,17.019369031943103,24.25019078375641,-0.006886952360978477,27.67738852787781,30.715,True,Copernicus DEM GLO-30 via Microsoft Planetary Computer,,,,,,,,,,,False,False,False,Deferred to Stage 7B-2,,,ESA_WorldCover_10m_2021_v200_N24E093,10.0,Tree cover,ESA WorldCover 2021 v200,2021,5,True,MOD13Q1.A2016193.h26v06.061.2021354121207,2016-07-18T23:59:59.500000+00:00,2.0,2139.0,0.2139,3.0,Cloudy,False,NASA MODIS MOD13Q1/MYD13Q1 v6.1 16-day 250m,True,,,,,"{""2016-07-14"": null, ""2016-07-15"": null, ""2016-07-16"": null, ""2016-07-17"": null, ""2016-07-18"": null, ""2016-07-19"": null, ""2016-07-20"": null}",NASA POWER Daily API / PRECTOTCORR,False,0.499,0.492,0.483,0.486,0.4843333333333333,0.4864285714285715,0.012571428571428511,"{""2016-07-14"": 0.483, ""2016-07-15"": 0.491, ""2016-07-16"": 0.496, ""2016-07-17"": 0.482, ""2016-07-18"": 0.478, ""2016-07-19"": 0.476, ""2016-07-20"": 0.499}",ERA5-Land via Open-Meteo Historical Weather API,era5_land,True
BG_0299,1057863,Manipur,24.407830165003816,93.12346126143896,2016-07-25,0,matched_background_pseudo_absence,False,9.68525074681483,7.987864576903967,42,Copernicus_DSM_COG_10_N24_00_E093_00_DEM,438.5079650878906,6.80433410732524,334.28339761622567,0.009807607923100656,28.158616533576055,30.715,True,Copernicus DEM GLO-30 via Microsoft Planetary Computer,,,,,,,,,,,False,False,False,Deferred to Stage 7B-2,,,ESA_WorldCover_10m_2021_v200_N24E093,10.0,Tree cover,ESA WorldCover 2021 v200,2021,5,True,MYD13Q1.A2016201.h26v06.061.2021354133858,2016-07-26T23:59:59.500000+00:00,1.0,7972.0,0.7972,3.0,Cloudy,False,NASA MODIS MOD13Q1/MYD13Q1 v6.1 16-day 250m,True,,,,,"{""2016-07-19"": null, ""2016-07-20"": null, ""2016-07-21"": null, ""2016-07-22"": null, ""2016-07-23"": null, ""2016-07-24"": null, ""2016-07-25"": null}",NASA POWER Daily API / PRECTOTCORR,False,0.426,0.427,0.428,0.428,0.426,0.4224285714285715,0.0035714285714285032,"{""2016-07-19"": 0.411, ""2016-07-20"": 0.422, ""2016-07-21"": 0.424, ""2016-07-22"": 0.422, ""2016-07-23"": 0.426, ""2016-07-24"": 0.426, ""2016-07-25"": 0.426}",ERA5-Land via Open-Meteo Historical Weather API,era5_land,True
BG_0300,1050761,Mizoram,23.925678671806413,92.8768910881524,2016-07-28,0,matched_background_pseudo_absence,False,9.97497627849044,15.31116067826958,42,Copernicus_DSM_COG_10_N23_00_E092_00_DEM,405.3824462890625,36.132824346851514,19.37186369981913,-0.016428281926002316,28.26514642071245,30.715,True,Copernicus DEM GLO-30 via Microsoft Planetary Computer,,,,,,,,,,,False,False,False,Deferred to Stage 7B-2,,,ESA_WorldCover_10m_2021_v200_N21E090,10.0,Tree cover,ESA WorldCover 2021 v200,2021,5,True,MYD13Q1.A2016201.h26v06.061.2021354133858,2016-07-26T23:59:59.500000+00:00,2.0,9132.0,0.9132,1.0,Marginal data,True,NASA MODIS MOD13Q1/MYD13Q1 v6.1 16-day 250m,True,0.9132,,,,"{""2016-07-22"": null, ""2016-07-23"": null, ""2016-07-24"": null, ""2016-07-25"": null, ""2016-07-26"": null, ""2016-07-27"": null, ""2016-07-28"": null}",NASA POWER Daily API / PRECTOTCORR,False,0.411,0.412,0.416,0.415,0.4143333333333333,0.41414285714285715,-0.0031428571428571694,"{""2016-07-22"": 0.404, ""2016-07-23"": 0.414, ""2016-07-24"": 0.416, ""2016-07-25"": 0.422, ""2016-07-26"": 0.417, ""2016-07-27"": 0.415, ""2016-07-28"": 0.411}",ERA5-Land via Open-Meteo Historical Weather API,era5_land,True
BG_0301,1050763,Mizoram,23.59845781441231,93.40364455149444,2016-07-28,0,matched_background_pseudo_absence,False,6.045611786737972,18.492953140455583,42,Copernicus_DSM_COG_10_N23_00_E093_00_DEM,1458.1717529296875,13.279259609413097,332.70352095150747,-0.00441231666871813,28.336305163611474,30.715,True,Copernicus DEM GLO-30 via Microsoft Planetary Computer,,,,,,,,,,,False,False,False,Deferred to Stage 7B-2,,,ESA_WorldCover_10m_2021_v200_N21E093,10.0,Tree cover,ESA WorldCover 2021 v200,2021,5,True,MYD13Q1.A2016201.h26v06.061.2021354133858,2016-07-26T23:59:59.500000+00:00,2.0,8096.0,0.8096,1.0,Marginal data,True,NASA MODIS MOD13Q1/MYD13Q1 v6.1 16-day 250m,True,0.8096,,,,"{""2016-07-22"": null, ""2016-07-23"": null, ""2016-07-24"": null, ""2016-07-25"": null, ""2016-07-26"": null, ""2016-07-27"": null, ""2016-07-28"": null}",NASA POWER Daily API / PRECTOTCORR,False,0.414,0.415,0.423,0.421,0.4186666666666667,0.4161428571428572,-0.002142857142857224,"{""2016-07-22"": 0.404, ""2016-07-23"": 0.405, ""2016-07-24"": 0.422, ""2016-07-25"": 0.426, ""2016-07-26"": 0.422, ""2016-07-27"": 0.42, ""2016-07-28"": 0.414}",ERA5-Land via Open-Meteo Historical Weather API,era5_land,True
BG_0302,938250,Sikkim,27.793200391101387,88.42145192291542,2016-07-30,0,matched_background_pseudo_absence,False,11.69848401017884,3.806679300154424,42,Copernicus_DSM_COG_10_N27_00_E088_00_DEM,4472.81494140625,39.915312187379094,299.4022680092884,-0.0010733727352394739,27.35492080124092,30.715,True,Copernicus DEM GLO-30 via Microsoft Planetary Computer,,,,,,,,,,,False,False,False,Deferred to Stage 7B-2,,,ESA_WorldCover_10m_2021_v200_N27E087,100.0,Moss and lichen,ESA WorldCover 2021 v200,2021,5,True,MOD13Q1.A2016209.h25v06.061.2021356183224,2016-08-03T23:59:59.500000+00:00,4.0,7217.0,0.7217,1.0,Marginal data,True,NASA MODIS MOD13Q1/MYD13Q1 v6.1 16-day 250m,True,0.7217,,,,"{""2016-07-24"": null, ""2016-07-25"": null, ""2016-07-26"": null, ""2016-07-27"": null, ""2016-07-28"": null, ""2016-07-29"": null, ""2016-07-30"": null}",NASA POWER Daily API / PRECTOTCORR,False,0.393,0.387,0.274,0.306,0.39033333333333337,0.3922857142857143,0.0007142857142857229,"{""2016-07-24"": 0.395, ""2016-07-25"": 0.4, ""2016-07-26"": 0.395, ""2016-07-27"": 0.385, ""2016-07-28"": 0.385, ""2016-07-29"": 0.393, ""2016-07-30"": 0.393}",ERA5-Land via Open-Meteo Historical Weather API,era5_land,True
BG_0303,938383,Sikkim,27.750891104147875,88.72091748134918,2016-08-16,0,matched_background_pseudo_absence,False,8.771940505721396,1.8473579844055923,42,Copernicus_DSM_COG_10_N27_00_E088_00_DEM,3680.111572265625,30.39877926112187,85.97476949656419,0.015294636461929861,27.36556046100357,30.715,True,Copernicus DEM GLO-30 via Microsoft Planetary Computer,,,,,,,,,,,False,False,False,Deferred to Stage 7B-2,,,ESA_WorldCover_10m_2021_v200_N27E087,60.0,Bare / sparse vegetation,ESA WorldCover 2021 v200,2021,5,True,MOD13Q1.A2016225.h25v06.061.2021357013549,2016-08-19T23:59:59.500000+00:00,3.0,1072.0,0.1072,1.0,Marginal data,True,NASA MODIS MOD13Q1/MYD13Q1 v6.1 16-day 250m,True,0.1072,,,,"{""2016-08-10"": null, ""2016-08-11"": null, ""2016-08-12"": null, ""2016-08-13"": null, ""2016-08-14"": null, ""2016-08-15"": null, ""2016-08-16"": null}",NASA POWER Daily API / PRECTOTCORR,False,0.424,0.425,0.424,0.424,0.4243333333333333,0.42357142857142854,0.0004285714285714448,"{""2016-08-10"": 0.423, ""2016-08-11"": 0.421, ""2016-08-12"": 0.423, ""2016-08-13"": 0.425, ""2016-08-14"": 0.426, ""2016-08-15"": 0.423, ""2016-08-16"": 0.424}",ERA5-Land via Open-Meteo Historical Weather API,era5_land,True
BG_0304,1050651,Assam,27.380674023826018,95.35379906751731,2016-08-31,0,matched_background_pseudo_absence,False,122.61653331585742,11.802422805245012,42,Copernicus_DSM_COG_10_N27_00_E095_00_DEM,129.6221923828125,11.638955628834196,206.61233485396528,-0.0008374294870769958,27.45802301087331,30.715,True,Copernicus DEM GLO-30 via Microsoft Planetary Computer,,,,,,,,,,,False,False,False,Deferred to Stage 7B-2,,,ESA_WorldCover_10m_2021_v200_N27E093,10.0,Tree cover,ESA WorldCover 2021 v200,2021,5,True,MOD13Q1.A2016241.h26v06.061.2021357064013,2016-09-04T23:59:59.500000+00:00,4.0,7376.0,0.7376,3.0,Cloudy,False,NASA MODIS MOD13Q1/MYD13Q1 v6.1 16-day 250m,True,,,,,"{""2016-08-25"": null, ""2016-08-26"": null, ""2016-08-27"": null, ""2016-08-28"": null, ""2016-08-29"": null, ""2016-08-30"": null, ""2016-08-31"": null}",NASA POWER Daily API / PRECTOTCORR,False,0.488,0.496,0.472,0.478,0.4756666666666667,0.46328571428571425,0.024714285714285744,"{""2016-08-25"": 0.421, ""2016-08-26"": 0.451, ""2016-08-27"": 0.467, ""2016-08-28"": 0.477, ""2016-08-29"": 0.446, ""2016-08-30"": 0.493, ""2016-08-31"": 0.488}",ERA5-Land via Open-Meteo Historical Weather API,era5_land,True
BG_0305,1050626,Assam,26.571892382199245,91.28222200831657,2016-09-01,0,matched_background_pseudo_absence,False,26.723524721585942,2.388873487576876,42,Copernicus_DSM_COG_10_N26_00_E091_00_DEM,54.54584884643555,2.0737368767999738,107.85283077315171,0.001721186103657992,27.65602497977613,30.715,True,Copernicus DEM GLO-30 via Microsoft Planetary Computer,,,,,,,,,,,False,False,False,Deferred to Stage 7B-2,,,ESA_WorldCover_10m_2021_v200_N24E090,10.0,Tree cover,ESA WorldCover 2021 v200,2021,5,True,MOD13Q1.A2016241.h25v06.061.2021357063819,2016-09-04T23:59:59.500000+00:00,3.0,,,,,False,NASA MODIS MOD13Q1/MYD13Q1 v6.1 16-day 250m,False,,,,,"{""2016-08-26"": null, ""2016-08-27"": null, ""2016-08-28"": null, ""2016-08-29"": null, ""2016-08-30"": null, ""2016-08-31"": null, ""2016-09-01"": null}",NASA POWER Daily API / PRECTOTCORR,False,0.424,0.422,0.37,0.384,0.42,0.40499999999999997,0.019000000000000017,"{""2016-08-26"": 0.385, ""2016-08-27"": 0.385, ""2016-08-28"": 0.405, ""2016-08-29"": 0.4, ""2016-08-30"": 0.411, ""2016-08-31"": 0.425, ""2016-09-01"": 0.424}",ERA5-Land via Open-Meteo Historical Weather API,era5_land,True
BG_0306,1050633,Mizoram,22.264123334737263,92.90654429766592,2016-09-17,0,matched_background_pseudo_absence,False,24.68866384367346,11.857189649462756,42,Copernicus_DSM_COG_10_N22_00_E092_00_DEM,503.5330505371094,15.156812152265962,170.76720380975712,0.005827673888140766,28.616882102871113,30.715,True,Copernicus DEM GLO-30 via Microsoft Planetary Computer,,,,,,,,,,,False,False,False,Deferred to Stage 7B-2,,,ESA_WorldCover_10m_2021_v200_N21E090,10.0,Tree cover,ESA WorldCover 2021 v200,2021,5,True,MOD13Q1.A2016257.h26v06.061.2021358012039,2016-09-20T23:59:59.500000+00:00,3.0,9225.0,0.9225000000000001,1.0,Marginal data,True,NASA MODIS MOD13Q1/MYD13Q1 v6.1 16-day 250m,True,0.9225000000000001,,,,"{""2016-09-11"": null, ""2016-09-12"": null, ""2016-09-13"": null, ""2016-09-14"": null, ""2016-09-15"": null, ""2016-09-16"": null, ""2016-09-17"": null}",NASA POWER Daily API / PRECTOTCORR,False,0.421,0.424,0.425,0.424,0.42166666666666663,0.4177142857142857,0.0032857142857142807,"{""2016-09-11"": 0.41, ""2016-09-12"": 0.422, ""2016-09-13"": 0.415, ""2016-09-14"": 0.412, ""2016-09-15"": 0.419, ""2016-09-16"": 0.425, ""2016-09-17"": 0.421}",ERA5-Land via Open-Meteo Historical Weather API,era5_land,True
BG_0307,938303,Sikkim,27.639316180020685,88.28803422062064,2016-10-12,0,matched_background_pseudo_absence,False,19.71110833849861,4.554895891466425,42,Copernicus_DSM_COG_10_N27_00_E088_00_DEM,4122.4580078125,45.20000788968617,39.20913511262086,0.0067177185103077,27.39354700690992,30.715,True,Copernicus DEM GLO-30 via Microsoft Planetary Computer,,,,,,,,,,,False,False,False,Deferred to Stage 7B-2,,,ESA_WorldCover_10m_2021_v200_N27E087,70.0,Snow and ice,ESA WorldCover 2021 v200,2021,5,True,MYD13Q1.A2016281.h25v06.061.2021360015154,2016-10-14T23:59:59.500000+00:00,2.0,18.0,0.0018000000000000002,3.0,Cloudy,False,NASA MODIS MOD13Q1/MYD13Q1 v6.1 16-day 250m,True,,,,,"{""2016-10-06"": null, ""2016-10-07"": null, ""2016-10-08"": null, ""2016-10-09"": null, ""2016-10-10"": null, ""2016-10-11"": null, ""2016-10-12"": null}",NASA POWER Daily API / PRECTOTCORR,False,0.424,0.425,0.412,0.415,0.427,0.4241428571428571,-0.00014285714285711126,"{""2016-10-06"": 0.416, ""2016-10-07"": 0.419, ""2016-10-08"": 0.424, ""2016-10-09"": 0.429, ""2016-10-10"": 0.43, ""2016-10-11"": 0.427, ""2016-10-12"": 0.424}",ERA5-Land via Open-Meteo Historical Weather API,era5_land,True
BG_0308,938327,Sikkim,27.835728718934696,88.61072874245421,2016-10-15,0,matched_background_pseudo_absence,False,5.390152717868852,1.697062641227299,42,Copernicus_DSM_COG_10_N27_00_E088_00_DEM,4865.58056640625,28.066234325206512,207.1145255076252,-0.0011945064558485652,27.344211026184006,30.715,True,Copernicus DEM GLO-30 via Microsoft Planetary Computer,,,,,,,,,,,False,False,False,Deferred to Stage 7B-2,,,ESA_WorldCover_10m_2021_v200_N27E087,60.0,Bare / sparse vegetation,ESA WorldCover 2021 v200,2021,5,True,MYD13Q1.A2016281.h25v06.061.2021360015154,2016-10-14T23:59:59.500000+00:00,1.0,26.0,0.0026000000000000003,3.0,Cloudy,False,NASA MODIS MOD13Q1/MYD13Q1 v6.1 16-day 250m,True,,,,,"{""2016-10-09"": null, ""2016-10-10"": null, ""2016-10-11"": null, ""2016-10-12"": null, ""2016-10-13"": null, ""2016-10-14"": null, ""2016-10-15"": null}",NASA POWER Daily API / PRECTOTCORR,False,0.421,0.421,0.409,0.413,0.42133333333333334,0.4217142857142857,-0.0007142857142857229,"{""2016-10-09"": 0.423, ""2016-10-10"": 0.423, ""2016-10-11"": 0.423, ""2016-10-12"": 0.419, ""2016-10-13"": 0.422, ""2016-10-14"": 0.421, ""2016-10-15"": 0.421}",ERA5-Land via Open-Meteo Historical Weather API,era5_land,True
BG_0309,938398,Sikkim,27.96365572583834,88.56213622391095,2016-10-15,0,matched_background_pseudo_absence,False,13.929758739805928,4.837254072016592,42,Copernicus_DSM_COG_10_N27_00_E088_00_DEM,5022.08251953125,29.66051542379519,132.54368315847375,-0.012495011867130158,27.31190477806328,30.715,True,Copernicus DEM GLO-30 via Microsoft Planetary Computer,,,,,,,,,,,False,False,False,Deferred to Stage 7B-2,,,ESA_WorldCover_10m_2021_v200_N27E087,100.0,Moss and lichen,ESA WorldCover 2021 v200,2021,5,True,MYD13Q1.A2016281.h25v06.061.2021360015154,2016-10-14T23:59:59.500000+00:00,1.0,669.0,0.0669,3.0,Cloudy,False,NASA MODIS MOD13Q1/MYD13Q1 v6.1 16-day 250m,True,,,,,"{""2016-10-09"": null, ""2016-10-10"": null, ""2016-10-11"": null, ""2016-10-12"": null, ""2016-10-13"": null, ""2016-10-14"": null, ""2016-10-15"": null}",NASA POWER Daily API / PRECTOTCORR,False,0.41,0.41,0.406,0.407,0.408,0.40857142857142853,0.0014285714285714457,"{""2016-10-09"": 0.407, ""2016-10-10"": 0.411, ""2016-10-11"": 0.411, ""2016-10-12"": 0.407, ""2016-10-13"": 0.406, ""2016-10-14"": 0.408, ""2016-10-15"": 0.41}",ERA5-Land via Open-Meteo Historical Weather API,era5_land,True
BG_0310,1052234,Manipur,25.36692739189463,93.97045537842654,2017-03-30,0,matched_background_pseudo_absence,False,9.185404471764183,7.103974294302096,42,Copernicus_DSM_COG_10_N25_00_E093_00_DEM,1479.4964599609375,21.11723343616172,293.6253441000838,-0.0009188659920189315,27.94078612253075,30.715,True,Copernicus DEM GLO-30 via Microsoft Planetary Computer,,,,,,,,,,,False,False,False,Deferred to Stage 7B-2,,,ESA_WorldCover_10m_2021_v200_N24E093,10.0,Tree cover,ESA WorldCover 2021 v200,2021,4,True,MOD13Q1.A2017081.h26v06.061.2021270102238,2017-03-29T23:59:59.500000+00:00,1.0,5914.0,0.5914,3.0,Cloudy,False,NASA MODIS MOD13Q1/MYD13Q1 v6.1 16-day 250m,True,,,,,"{""2017-03-24"": null, ""2017-03-25"": null, ""2017-03-26"": null, ""2017-03-27"": null, ""2017-03-28"": null, ""2017-03-29"": null, ""2017-03-30"": null}",NASA POWER Daily API / PRECTOTCORR,False,0.428,0.427,0.338,0.363,0.4096666666666667,0.39157142857142857,0.03642857142857142,"{""2017-03-24"": 0.363, ""2017-03-25"": 0.386, ""2017-03-26"": 0.377, ""2017-03-27"": 0.386, ""2017-03-28"": 0.396, ""2017-03-29"": 0.405, ""2017-03-30"": 0.428}",ERA5-Land via Open-Meteo Historical Weather API,era5_land,True
BG_0311,1050744,Assam,26.348346810236364,93.75206304840052,2017-04-04,0,matched_background_pseudo_absence,False,66.0106587155368,13.217258830341663,42,Copernicus_DSM_COG_10_N26_00_E093_00_DEM,178.55520629882812,4.941850789881711,199.1624851821093,0.006107483549415939,27.709781911530655,30.715,True,Copernicus DEM GLO-30 via Microsoft Planetary Computer,,,,,,,,,,,False,False,False,Deferred to Stage 7B-2,,,ESA_WorldCover_10m_2021_v200_N24E093,10.0,Tree cover,ESA WorldCover 2021 v200,2021,4,True,MYD13Q1.A2017089.h26v06.061.2021270220737,2017-04-06T23:59:59.500000+00:00,2.0,5884.0,0.5884,1.0,Marginal data,True,NASA MODIS MOD13Q1/MYD13Q1 v6.1 16-day 250m,True,0.5884,,,,"{""2017-03-29"": null, ""2017-03-30"": null, ""2017-03-31"": null, ""2017-04-01"": null, ""2017-04-02"": null, ""2017-04-03"": null, ""2017-04-04"": null}",NASA POWER Daily API / PRECTOTCORR,False,0.473,0.49,0.494,0.492,0.47866666666666663,0.4795714285714286,-0.006571428571428617,"{""2017-03-29"": 0.491, ""2017-03-30"": 0.466, ""2017-03-31"": 0.472, ""2017-04-01"": 0.492, ""2017-04-02"": 0.481, ""2017-04-03"": 0.482, ""2017-04-04"": 0.473}",ERA5-Land via Open-Meteo Historical Weather API,era5_land,True
BG_0312,1050718,Assam,26.58698096148023,92.33108860724616,2017-04-04,0,matched_background_pseudo_absence,False,55.79898941476978,4.159213308926648,42,Copernicus_DSM_COG_10_N26_00_E092_00_DEM,65.4765625,2.2317143244158637,331.0525032749239,-0.0005278063057957401,27.652381390441818,30.715,True,Copernicus DEM GLO-30 via Microsoft Planetary Computer,,,,,,,,,,,False,False,False,Deferred to Stage 7B-2,,,ESA_WorldCover_10m_2021_v200_N24E090,10.0,Tree cover,ESA WorldCover 2021 v200,2021,4,True,MYD13Q1.A2017089.h25v06.061.2021270220553,2017-04-06T23:59:59.500000+00:00,2.0,,,,,False,NASA MODIS MOD13Q1/MYD13Q1 v6.1 16-day 250m,False,,,,,"{""2017-03-29"": null, ""2017-03-30"": null, ""2017-03-31"": null, ""2017-04-01"": null, ""2017-04-02"": null, ""2017-04-03"": null, ""2017-04-04"": null}",NASA POWER Daily API / PRECTOTCORR,False,0.468,0.492,0.492,0.491,0.47866666666666663,0.4732857142857143,-0.0052857142857142825,"{""2017-03-29"": 0.438, ""2017-03-30"": 0.49, ""2017-03-31"": 0.458, ""2017-04-01"": 0.491, ""2017-04-02"": 0.49, ""2017-04-03"": 0.478, ""2017-04-04"": 0.468}",ERA5-Land via Open-Meteo Historical Weather API,era5_land,True
BG_0313,1050682,Assam,26.54161980271854,92.84579377839032,2017-04-04,0,matched_background_pseudo_absence,False,16.393623346681984,31.91737225532454,42,Copernicus_DSM_COG_10_N26_00_E092_00_DEM,65.2740478515625,4.22130144082306,270.8565375157283,0.00011278145853826837,27.66332941616429,30.715,True,Copernicus DEM GLO-30 via Microsoft Planetary Computer,,,,,,,,,,,False,False,False,Deferred to Stage 7B-2,,,ESA_WorldCover_10m_2021_v200_N24E090,40.0,Cropland,ESA WorldCover 2021 v200,2021,4,True,MYD13Q1.A2017089.h26v06.061.2021270220737,2017-04-06T23:59:59.500000+00:00,2.0,4855.0,0.48550000000000004,1.0,Marginal data,True,NASA MODIS MOD13Q1/MYD13Q1 v6.1 16-day 250m,True,0.48550000000000004,,,,"{""2017-03-29"": null, ""2017-03-30"": null, ""2017-03-31"": null, ""2017-04-01"": null, ""2017-04-02"": null, ""2017-04-03"": null, ""2017-04-04"": null}",NASA POWER Daily API / PRECTOTCORR,False,0.486,0.49,0.515,0.508,0.47633333333333333,0.4708571428571429,0.015142857142857069,"{""2017-03-29"": 0.47, ""2017-03-30"": 0.461, ""2017-03-31"": 0.45, ""2017-04-01"": 0.486, ""2017-04-02"": 0.462, ""2017-04-03"": 0.481, ""2017-04-04"": 0.486}",ERA5-Land via Open-Meteo Historical Weather API,era5_land,True
BG_0314,1050642,Assam,25.99350158687292,92.4765479886545,2017-04-04,0,matched_background_pseudo_absence,False,47.70754350020616,14.243722290932585,42,Copernicus_DSM_COG_10_N25_00_E092_00_DEM,530.25,22.102345076806788,125.22543646666753,-0.0021986042758937716,27.794246489962735,30.715,True,Copernicus DEM GLO-30 via Microsoft Planetary Computer,,,,,,,,,,,False,False,False,Deferred to Stage 7B-2,,,ESA_WorldCover_10m_2021_v200_N24E090,10.0,Tree cover,ESA WorldCover 2021 v200,2021,4,True,MYD13Q1.A2017089.h26v06.061.2021270220737,2017-04-06T23:59:59.500000+00:00,2.0,5818.0,0.5818,1.0,Marginal data,True,NASA MODIS MOD13Q1/MYD13Q1 v6.1 16-day 250m,True,0.5818,,,,"{""2017-03-29"": null, ""2017-03-30"": null, ""2017-03-31"": null, ""2017-04-01"": null, ""2017-04-02"": null, ""2017-04-03"": null, ""2017-04-04"": null}",NASA POWER Daily API / PRECTOTCORR,False,0.48,0.492,0.443,0.456,0.47700000000000004,0.48,0.0,"{""2017-03-29"": 0.483, ""2017-03-30"": 0.477, ""2017-03-31"": 0.477, ""2017-04-01"": 0.492, ""2017-04-02"": 0.463, ""2017-04-03"": 0.488, ""2017-04-04"": 0.48}",ERA5-Land via Open-Meteo Historical Weather API,era5_land,True
BG_0315,1050702,Assam,26.462981142084946,90.98786015944232,2017-04-04,0,matched_background_pseudo_absence,False,29.82656902483672,12.717927696582388,42,Copernicus_DSM_COG_10_N26_00_E090_00_DEM,46.01383590698242,3.6885333981570225,195.73604779215415,-2.6570242994576512e-05,27.682267958444147,30.715,True,Copernicus DEM GLO-30 via Microsoft Planetary Computer,,,,,,,,,,,False,False,False,Deferred to Stage 7B-2,,,ESA_WorldCover_10m_2021_v200_N24E090,10.0,Tree cover,ESA WorldCover 2021 v200,2021,4,True,MYD13Q1.A2017089.h25v06.061.2021270220553,2017-04-06T23:59:59.500000+00:00,2.0,,,,,False,NASA MODIS MOD13Q1/MYD13Q1 v6.1 16-day 250m,False,,,,,"{""2017-03-29"": null, ""2017-03-30"": null, ""2017-03-31"": null, ""2017-04-01"": null, ""2017-04-02"": null, ""2017-04-03"": null, ""2017-04-04"": null}",NASA POWER Daily API / PRECTOTCORR,False,0.41,0.416,0.331,0.354,0.423,0.40299999999999997,0.007000000000000006,"{""2017-03-29"": 0.374, ""2017-03-30"": 0.395, ""2017-03-31"": 0.365, ""2017-04-01"": 0.418, ""2017-04-02"": 0.429, ""2017-04-03"": 0.43, ""2017-04-04"": 0.41}",ERA5-Land via Open-Meteo Historical Weather API,era5_land,True
BG_0316,1048497,Assam,27.437604373314947,94.33814172842524,2017-04-05,0,matched_background_pseudo_absence,False,31.53642487892664,18.339524258232643,42,Copernicus_DSM_COG_10_N27_00_E094_00_DEM,102.73931884765625,7.894620379729728,334.09359584172387,-0.002297684531132607,27.443879021394235,30.715,True,Copernicus DEM GLO-30 via Microsoft Planetary Computer,,,,,,,,,,,False,False,False,Deferred to Stage 7B-2,,,ESA_WorldCover_10m_2021_v200_N27E093,10.0,Tree cover,ESA WorldCover 2021 v200,2021,4,True,MYD13Q1.A2017089.h26v06.061.2021270220737,2017-04-06T23:59:59.500000+00:00,1.0,6053.0,0.6053000000000001,0.0,Good data,True,NASA MODIS MOD13Q1/MYD13Q1 v6.1 16-day 250m,True,0.6053000000000001,,,,"{""2017-03-30"": null, ""2017-03-31"": null, ""2017-04-01"": null, ""2017-04-02"": null, ""2017-04-03"": null, ""2017-04-04"": null, ""2017-04-05"": null}",NASA POWER Daily API / PRECTOTCORR,False,0.391,0.407,0.424,0.418,0.41300000000000003,0.4111428571428571,-0.020142857142857074,"{""2017-03-30"": 0.408, ""2017-03-31"": 0.381, ""2017-04-01"": 0.425, ""2017-04-02"": 0.425, ""2017-04-03"": 0.425, ""2017-04-04"": 0.423, ""2017-04-05"": 0.391}",ERA5-Land via Open-Meteo Historical Weather API,era5_land,True
BG_0317,1050579,Mizoram,23.39027810596018,92.6939235760304,2017-04-25,0,matched_background_pseudo_absence,False,10.263659940636844,17.982533216797332,42,Copernicus_DSM_COG_10_N23_00_E092_00_DEM,802.6927490234375,16.77654138577945,207.4365576822996,-0.010310711140543057,28.381095849178667,30.715,True,Copernicus DEM GLO-30 via Microsoft Planetary Computer,,,,,,,,,,,False,False,False,Deferred to Stage 7B-2,,,ESA_WorldCover_10m_2021_v200_N21E090,10.0,Tree cover,ESA WorldCover 2021 v200,2021,4,True,MYD13Q1.A2017105.h26v06.061.2021271232420,2017-04-22T23:59:59.500000+00:00,3.0,5171.0,0.5171,3.0,Cloudy,False,NASA MODIS MOD13Q1/MYD13Q1 v6.1 16-day 250m,True,,,,,"{""2017-04-19"": null, ""2017-04-20"": null, ""2017-04-21"": null, ""2017-04-22"": null, ""2017-04-23"": null, ""2017-04-24"": null, ""2017-04-25"": null}",NASA POWER Daily API / PRECTOTCORR,False,0.4,0.392,0.259,0.297,0.4093333333333333,0.3218571428571429,0.07814285714285713,"{""2017-04-19"": 0.207, ""2017-04-20"": 0.226, ""2017-04-21"": 0.272, ""2017-04-22"": 0.32, ""2017-04-23"": 0.412, ""2017-04-24"": 0.416, ""2017-04-25"": 0.4}",ERA5-Land via Open-Meteo Historical Weather API,era5_land,True
BG_0318,1050588,Assam,26.496414418908792,92.12611372278376,2017-04-29,0,matched_background_pseudo_absence,False,35.96092253297295,9.784489230040656,42,Copernicus_DSM_COG_10_N26_00_E092_00_DEM,60.596275329589844,3.297898777665767,103.59578380568723,-0.001161282702326647,27.674222595310805,30.715,True,Copernicus DEM GLO-30 via Microsoft Planetary Computer,,,,,,,,,,,False,False,False,Deferred to Stage 7B-2,,,ESA_WorldCover_10m_2021_v200_N24E090,50.0,Built-up,ESA WorldCover 2021 v200,2021,4,True,MOD13Q1.A2017113.h25v06.061.2021271171200,2017-04-30T23:59:59.500000+00:00,1.0,,,,,False,NASA MODIS MOD13Q1/MYD13Q1 v6.1 16-day 250m,False,,,,,"{""2017-04-23"": null, ""2017-04-24"": null, ""2017-04-25"": null, ""2017-04-26"": null, ""2017-04-27"": null, ""2017-04-28"": null, ""2017-04-29"": null}",NASA POWER Daily API / PRECTOTCORR,False,0.49,0.491,0.496,0.494,0.48500000000000004,0.479,0.01100000000000001,"{""2017-04-23"": 0.484, ""2017-04-24"": 0.489, ""2017-04-25"": 0.467, ""2017-04-26"": 0.458, ""2017-04-27"": 0.486, ""2017-04-28"": 0.479, ""2017-04-29"": 0.49}",ERA5-Land via Open-Meteo Historical Weather API,era5_land,True
BG_0319,1050720,Assam,25.335603426547134,93.3491099018863,2017-04-29,0,matched_background_pseudo_absence,False,19.708087449337917,10.16248330255933,42,Copernicus_DSM_COG_10_N25_00_E093_00_DEM,780.1513061523438,11.756843857251635,179.04162369386654,4.22136055036452e-05,27.948024439559592,30.715,True,Copernicus DEM GLO-30 via Microsoft Planetary Computer,,,,,,,,,,,False,False,False,Deferred to Stage 7B-2,,,ESA_WorldCover_10m_2021_v200_N24E093,10.0,Tree cover,ESA WorldCover 2021 v200,2021,4,True,MOD13Q1.A2017113.h26v06.061.2021271171158,2017-04-30T23:59:59.500000+00:00,1.0,7910.0,0.791,0.0,Good data,True,NASA MODIS MOD13Q1/MYD13Q1 v6.1 16-day 250m,True,0.791,,,,"{""2017-04-23"": null, ""2017-04-24"": null, ""2017-04-25"": null, ""2017-04-26"": null, ""2017-04-27"": null, ""2017-04-28"": null, ""2017-04-29"": null}",NASA POWER Daily API / PRECTOTCORR,False,0.437,0.445,0.493,0.479,0.443,0.45842857142857146,-0.021428571428571463,"{""2017-04-23"": 0.481, ""2017-04-24"": 0.488, ""2017-04-25"": 0.458, ""2017-04-26"": 0.453, ""2017-04-27"": 0.45, ""2017-04-28"": 0.442, ""2017-04-29"": 0.437}",ERA5-Land via Open-Meteo Historical Weather API,era5_land,True
BG_0320,938411,Sikkim,27.602361870653528,88.70537559602869,2017-05-26,0,matched_background_pseudo_absence,False,5.8270118810641085,2.196272212168488,42,Copernicus_DSM_COG_10_N27_00_E088_00_DEM,3650.3701171875,39.39791971659429,282.5427145691233,0.026717553205165466,27.40279342956006,30.715,True,Copernicus DEM GLO-30 via Microsoft Planetary Computer,,,,,,,,,,,False,False,False,Deferred to Stage 7B-2,,,ESA_WorldCover_10m_2021_v200_N27E087,10.0,Tree cover,ESA WorldCover 2021 v200,2021,4,True,MYD13Q1.A2017137.h25v06.061.2021273174652,2017-05-24T23:59:59.500000+00:00,2.0,80.0,0.008,3.0,Cloudy,False,NASA MODIS MOD13Q1/MYD13Q1 v6.1 16-day 250m,True,,,,,"{""2017-05-20"": null, ""2017-05-21"": null, ""2017-05-22"": null, ""2017-05-23"": null, ""2017-05-24"": null, ""2017-05-25"": null, ""2017-05-26"": null}",NASA POWER Daily API / PRECTOTCORR,False,0.426,0.427,0.428,0.428,0.425,0.42528571428571427,0.0007142857142857229,"{""2017-05-20"": 0.426, ""2017-05-21"": 0.424, ""2017-05-22"": 0.425, ""2017-05-23"": 0.427, ""2017-05-24"": 0.424, ""2017-05-25"": 0.425, ""2017-05-26"": 0.426}",ERA5-Land via Open-Meteo Historical Weather API,era5_land,True
BG_0321,1050593,Mizoram,23.22801311858899,92.86395372276594,2017-06-01,0,matched_background_pseudo_absence,False,9.209234348633442,5.21130549118795,42,Copernicus_DSM_COG_10_N23_00_E092_00_DEM,420.6256408691406,5.4149725229854315,120.37945858672896,0.004546677311399884,28.41574799396184,30.715,True,Copernicus DEM GLO-30 via Microsoft Planetary Computer,,,,,,,,,,,False,False,False,Deferred to Stage 7B-2,,,ESA_WorldCover_10m_2021_v200_N21E090,10.0,Tree cover,ESA WorldCover 2021 v200,2021,4,True,MOD13Q1.A2017145.h26v06.061.2021275080150,2017-06-01T23:59:59.500000+00:00,0.0,8331.0,0.8331000000000001,1.0,Marginal data,True,NASA MODIS MOD13Q1/MYD13Q1 v6.1 16-day 250m,True,0.8331000000000001,,,,"{""2017-05-26"": null, ""2017-05-27"": null, ""2017-05-28"": null, ""2017-05-29"": null, ""2017-05-30"": null, ""2017-05-31"": null, ""2017-06-01"": null}",NASA POWER Daily API / PRECTOTCORR,False,0.419,0.414,0.338,0.359,0.4226666666666667,0.37128571428571433,0.047714285714285654,"{""2017-05-26"": 0.29, ""2017-05-27"": 0.282, ""2017-05-28"": 0.354, ""2017-05-29"": 0.405, ""2017-05-30"": 0.427, ""2017-05-31"": 0.422, ""2017-06-01"": 0.419}",ERA5-Land via Open-Meteo Historical Weather API,era5_land,True
BG_0322,1050197,Assam,25.941094561158405,93.8329883659199,2017-06-02,0,matched_background_pseudo_absence,False,46.228809627651344,8.05361669251518,42,Copernicus_DSM_COG_10_N25_00_E093_00_DEM,144.19114685058594,0.2244391529351586,306.9873767006841,0.001681867194084871,27.806630774834414,30.715,True,Copernicus DEM GLO-30 via Microsoft Planetary Computer,,,,,,,,,,,False,False,False,Deferred to Stage 7B-2,,,ESA_WorldCover_10m_2021_v200_N24E093,40.0,Cropland,ESA WorldCover 2021 v200,2021,4,True,MOD13Q1.A2017145.h26v06.061.2021275080150,2017-06-01T23:59:59.500000+00:00,1.0,6405.0,0.6405000000000001,1.0,Marginal data,True,NASA MODIS MOD13Q1/MYD13Q1 v6.1 16-day 250m,True,0.6405000000000001,,,,"{""2017-05-27"": null, ""2017-05-28"": null, ""2017-05-29"": null, ""2017-05-30"": null, ""2017-05-31"": null, ""2017-06-01"": null, ""2017-06-02"": null}",NASA POWER Daily API / PRECTOTCORR,False,0.452,0.458,0.51,0.495,0.4746666666666666,0.4827142857142857,-0.030714285714285694,"{""2017-05-27"": 0.495, ""2017-05-28"": 0.495, ""2017-05-29"": 0.484, ""2017-05-30"": 0.481, ""2017-05-31"": 0.495, ""2017-06-01"": 0.477, ""2017-06-02"": 0.452}",ERA5-Land via Open-Meteo Historical Weather API,era5_land,True
BG_0323,1048532,Tripura,24.152540087256348,92.0097985232053,2017-06-03,0,matched_background_pseudo_absence,False,18.898485843867512,22.16067984195752,42,Copernicus_DSM_COG_10_N24_00_E092_00_DEM,32.0671272277832,0.35433691274405565,94.11413362902766,0.00041390461534997506,28.215270958753305,30.715,True,Copernicus DEM GLO-30 via Microsoft Planetary Computer,,,,,,,,,,,False,False,False,Deferred to Stage 7B-2,,,ESA_WorldCover_10m_2021_v200_N24E090,40.0,Cropland,ESA WorldCover 2021 v200,2021,4,True,MOD13Q1.A2017145.h25v06.061.2021275080201,2017-06-01T23:59:59.500000+00:00,2.0,,,,,False,NASA MODIS MOD13Q1/MYD13Q1 v6.1 16-day 250m,False,,,,,"{""2017-05-28"": null, ""2017-05-29"": null, ""2017-05-30"": null, ""2017-05-31"": null, ""2017-06-01"": null, ""2017-06-02"": null, ""2017-06-03"": null}",NASA POWER Daily API / PRECTOTCORR,False,0.417,0.416,0.427,0.424,0.42,0.40971428571428575,0.007285714285714229,"{""2017-05-28"": 0.382, ""2017-05-29"": 0.382, ""2017-05-30"": 0.428, ""2017-05-31"": 0.416, ""2017-06-01"": 0.423, ""2017-06-02"": 0.42, ""2017-06-03"": 0.417}",ERA5-Land via Open-Meteo Historical Weather API,era5_land,True
BG_0324,1048504,Tripura,23.57549184540994,91.58232315311056,2017-06-03,0,matched_background_pseudo_absence,False,16.101711395255794,34.74543635565113,42,Copernicus_DSM_COG_10_N23_00_E091_00_DEM,69.83211517333984,6.5570590892588685,285.04369634510385,0.0149707977286457,28.34126475123189,30.715,True,Copernicus DEM GLO-30 via Microsoft Planetary Computer,,,,,,,,,,,False,False,False,Deferred to Stage 7B-2,,,ESA_WorldCover_10m_2021_v200_N21E090,10.0,Tree cover,ESA WorldCover 2021 v200,2021,4,True,MOD13Q1.A2017145.h25v06.061.2021275080201,2017-06-01T23:59:59.500000+00:00,2.0,,,,,False,NASA MODIS MOD13Q1/MYD13Q1 v6.1 16-day 250m,False,,,,,"{""2017-05-28"": null, ""2017-05-29"": null, ""2017-05-30"": null, ""2017-05-31"": null, ""2017-06-01"": null, ""2017-06-02"": null, ""2017-06-03"": null}",NASA POWER Daily API / PRECTOTCORR,False,0.432,0.43,0.431,0.431,0.43133333333333335,0.4198571428571429,0.012142857142857122,"{""2017-05-28"": 0.385, ""2017-05-29"": 0.397, ""2017-05-30"": 0.432, ""2017-05-31"": 0.431, ""2017-06-01"": 0.434, ""2017-06-02"": 0.428, ""2017-06-03"": 0.432}",ERA5-Land via Open-Meteo Historical Weather API,era5_land,True
BG_0325,1048488,Tripura,24.13841614414567,92.25977896912492,2017-06-03,0,matched_background_pseudo_absence,False,21.251958683717422,12.102988641350006,42,Copernicus_DSM_COG_10_N24_00_E092_00_DEM,204.29380798339844,21.392002596059967,294.40590876215623,-0.010043082343810898,28.21838902694468,30.715,True,Copernicus DEM GLO-30 via Microsoft Planetary Computer,,,,,,,,,,,False,False,False,Deferred to Stage 7B-2,,,ESA_WorldCover_10m_2021_v200_N24E090,10.0,Tree cover,ESA WorldCover 2021 v200,2021,4,True,MOD13Q1.A2017145.h25v06.061.2021275080201,2017-06-01T23:59:59.500000+00:00,2.0,,,,,False,NASA MODIS MOD13Q1/MYD13Q1 v6.1 16-day 250m,False,,,,,"{""2017-05-28"": null, ""2017-05-29"": null, ""2017-05-30"": null, ""2017-05-31"": null, ""2017-06-01"": null, ""2017-06-02"": null, ""2017-06-03"": null}",NASA POWER Daily API / PRECTOTCORR,False,0.416,0.416,0.411,0.412,0.41966666666666663,0.4101428571428571,0.005857142857142894,"{""2017-05-28"": 0.381, ""2017-05-29"": 0.392, ""2017-05-30"": 0.425, ""2017-05-31"": 0.414, ""2017-06-01"": 0.425, ""2017-06-02"": 0.418, ""2017-06-03"": 0.416}",ERA5-Land via Open-Meteo Historical Weather API,era5_land,True
BG_0326,1050666,Assam,26.088891587874336,90.95648460301014,2017-06-04,0,matched_background_pseudo_absence,False,33.392476233792856,12.46116350777078,42,Copernicus_DSM_COG_10_N26_00_E090_00_DEM,39.7092399597168,0.20692641366630168,163.92920349311112,0.000676049400794152,27.771645238716033,30.715,True,Copernicus DEM GLO-30 via Microsoft Planetary Computer,,,,,,,,,,,False,False,False,Deferred to Stage 7B-2,,,ESA_WorldCover_10m_2021_v200_N24E090,40.0,Cropland,ESA WorldCover 2021 v200,2021,4,True,MOD13Q1.A2017145.h25v06.061.2021275080201,2017-06-01T23:59:59.500000+00:00,3.0,,,,,False,NASA MODIS MOD13Q1/MYD13Q1 v6.1 16-day 250m,False,,,,,"{""2017-05-29"": null, ""2017-05-30"": null, ""2017-05-31"": null, ""2017-06-01"": null, ""2017-06-02"": null, ""2017-06-03"": null, ""2017-06-04"": null}",NASA POWER Daily API / PRECTOTCORR,False,0.48,0.467,0.51,0.499,0.48,0.4828571428571428,-0.002857142857142836,"{""2017-05-29"": 0.47, ""2017-05-30"": 0.477, ""2017-05-31"": 0.499, ""2017-06-01"": 0.494, ""2017-06-02"": 0.473, ""2017-06-03"": 0.487, ""2017-06-04"": 0.48}",ERA5-Land via Open-Meteo Historical Weather API,era5_land,True
BG_0327,1057261,Manipur,24.45197929560469,93.21362625159657,2017-06-05,0,matched_background_pseudo_absence,False,15.592101382311869,3.5570021730251624,42,Copernicus_DSM_COG_10_N24_00_E093_00_DEM,313.1123046875,11.15236931174374,119.35523024490033,7.41678989283483e-05,28.148762151086178,30.715,True,Copernicus DEM GLO-30 via Microsoft Planetary Computer,,,,,,,,,,,False,False,False,Deferred to Stage 7B-2,,,ESA_WorldCover_10m_2021_v200_N24E093,10.0,Tree cover,ESA WorldCover 2021 v200,2021,4,True,MOD13Q1.A2017145.h26v06.061.2021275080150,2017-06-01T23:59:59.500000+00:00,4.0,8003.0,0.8003,0.0,Good data,True,NASA MODIS MOD13Q1/MYD13Q1 v6.1 16-day 250m,True,0.8003,,,,"{""2017-05-30"": null, ""2017-05-31"": null, ""2017-06-01"": null, ""2017-06-02"": null, ""2017-06-03"": null, ""2017-06-04"": null, ""2017-06-05"": null}",NASA POWER Daily API / PRECTOTCORR,False,0.409,0.413,0.418,0.416,0.4163333333333333,0.4215714285714286,-0.012571428571428622,"{""2017-05-30"": 0.427, ""2017-05-31"": 0.424, ""2017-06-01"": 0.426, ""2017-06-02"": 0.425, ""2017-06-03"": 0.417, ""2017-06-04"": 0.423, ""2017-06-05"": 0.409}",ERA5-Land via Open-Meteo Historical Weather API,era5_land,True
BG_0328,1050403,Mizoram,23.120240300459628,92.81562712931552,2017-06-09,0,matched_background_pseudo_absence,False,18.844000133844848,10.870981895643547,42,Copernicus_DSM_COG_10_N23_00_E092_00_DEM,775.2985229492188,33.3022344749084,197.2212771400599,0.0012753506236176998,28.43863724417975,30.715,True,Copernicus DEM GLO-30 via Microsoft Planetary Computer,,,,,,,,,,,False,False,False,Deferred to Stage 7B-2,,,ESA_WorldCover_10m_2021_v200_N21E090,10.0,Tree cover,ESA WorldCover 2021 v200,2021,4,True,MYD13Q1.A2017153.h26v06.061.2021277004433,2017-06-09T23:59:59.500000+00:00,0.0,7906.0,0.7906000000000001,1.0,Marginal data,True,NASA MODIS MOD13Q1/MYD13Q1 v6.1 16-day 250m,True,0.7906000000000001,,,,"{""2017-06-03"": null, ""2017-06-04"": null, ""2017-06-05"": null, ""2017-06-06"": null, ""2017-06-07"": null, ""2017-06-08"": null, ""2017-06-09"": null}",NASA POWER Daily API / PRECTOTCORR,False,0.423,0.419,0.35,0.37,0.40499999999999997,0.40028571428571424,0.022714285714285742,"{""2017-06-03"": 0.401, ""2017-06-04"": 0.412, ""2017-06-05"": 0.389, ""2017-06-06"": 0.385, ""2017-06-07"": 0.386, ""2017-06-08"": 0.406, ""2017-06-09"": 0.423}",ERA5-Land via Open-Meteo Historical Weather API,era5_land,True
BG_0329,1050613,Mizoram,23.271219164153987,92.97189743656116,2017-06-10,0,matched_background_pseudo_absence,False,13.256822120718311,12.02914988408027,42,Copernicus_DSM_COG_10_N23_00_E092_00_DEM,491.09710693359375,30.64642644587225,88.72398173212173,0.0029736480793843677,28.406543473219507,30.715,True,Copernicus DEM GLO-30 via Microsoft Planetary Computer,,,,,,,,,,,False,False,False,Deferred to Stage 7B-2,,,ESA_WorldCover_10m_2021_v200_N21E090,10.0,Tree cover,ESA WorldCover 2021 v200,2021,4,True,MYD13Q1.A2017153.h26v06.061.2021277004433,2017-06-09T23:59:59.500000+00:00,1.0,8557.0,0.8557,0.0,Good data,True,NASA MODIS MOD13Q1/MYD13Q1 v6.1 16-day 250m,True,0.8557,,,,"{""2017-06-04"": null, ""2017-06-05"": null, ""2017-06-06"": null, ""2017-06-07"": null, ""2017-06-08"": null, ""2017-06-09"": null, ""2017-06-10"": null}",NASA POWER Daily API / PRECTOTCORR,False,0.417,0.415,0.384,0.393,0.4146666666666667,0.4062857142857143,0.010714285714285676,"{""2017-06-04"": 0.415, ""2017-06-05"": 0.398, ""2017-06-06"": 0.395, ""2017-06-07"": 0.392, ""2017-06-08"": 0.406, ""2017-06-09"": 0.421, ""2017-06-10"": 0.417}",ERA5-Land via Open-Meteo Historical Weather API,era5_land,True
BG_0330,1050629,Mizoram,23.522937726364745,92.64371765264823,2017-06-10,0,matched_background_pseudo_absence,False,18.93203115482715,12.363442810792243,42,Copernicus_DSM_COG_10_N23_00_E092_00_DEM,260.3927307128906,27.145477623280005,222.32238829198783,0.000892396740119578,28.35259687795431,30.715,True,Copernicus DEM GLO-30 via Microsoft Planetary Computer,,,,,,,,,,,False,False,False,Deferred to Stage 7B-2,,,ESA_WorldCover_10m_2021_v200_N21E090,10.0,Tree cover,ESA WorldCover 2021 v200,2021,4,True,MYD13Q1.A2017153.h26v06.061.2021277004433,2017-06-09T23:59:59.500000+00:00,1.0,7725.0,0.7725000000000001,1.0,Marginal data,True,NASA MODIS MOD13Q1/MYD13Q1 v6.1 16-day 250m,True,0.7725000000000001,,,,"{""2017-06-04"": null, ""2017-06-05"": null, ""2017-06-06"": null, ""2017-06-07"": null, ""2017-06-08"": null, ""2017-06-09"": null, ""2017-06-10"": null}",NASA POWER Daily API / PRECTOTCORR,False,0.424,0.422,0.381,0.392,0.4166666666666667,0.4008571428571428,0.023142857142857187,"{""2017-06-04"": 0.403, ""2017-06-05"": 0.385, ""2017-06-06"": 0.384, ""2017-06-07"": 0.384, ""2017-06-08"": 0.404, ""2017-06-09"": 0.422, ""2017-06-10"": 0.424}",ERA5-Land via Open-Meteo Historical Weather API,era5_land,True
BG_0331,1050603,Mizoram,23.769778126164617,92.88472625040464,2017-06-10,0,matched_background_pseudo_absence,False,7.433214158655806,13.25385044813386,42,Copernicus_DSM_COG_10_N23_00_E092_00_DEM,239.3491973876953,30.768498010587454,267.83422988966646,0.01071988673376398,28.299164296020397,30.715,True,Copernicus DEM GLO-30 via Microsoft Planetary Computer,,,,,,,,,,,False,False,False,Deferred to Stage 7B-2,,,ESA_WorldCover_10m_2021_v200_N21E090,10.0,Tree cover,ESA WorldCover 2021 v200,2021,4,True,MYD13Q1.A2017153.h26v06.061.2021277004433,2017-06-09T23:59:59.500000+00:00,1.0,7304.0,0.7304,3.0,Cloudy,False,NASA MODIS MOD13Q1/MYD13Q1 v6.1 16-day 250m,True,,,,,"{""2017-06-04"": null, ""2017-06-05"": null, ""2017-06-06"": null, ""2017-06-07"": null, ""2017-06-08"": null, ""2017-06-09"": null, ""2017-06-10"": null}",NASA POWER Daily API / PRECTOTCORR,False,0.423,0.423,0.402,0.408,0.421,0.4111428571428571,0.0118571428571429,"{""2017-06-04"": 0.413, ""2017-06-05"": 0.401, ""2017-06-06"": 0.398, ""2017-06-07"": 0.403, ""2017-06-08"": 0.415, ""2017-06-09"": 0.425, ""2017-06-10"": 0.423}",ERA5-Land via Open-Meteo Historical Weather API,era5_land,True
BG_0332,1050643,Mizoram,24.045869749900664,92.61049187044006,2017-06-12,0,matched_background_pseudo_absence,False,6.299685173615362,4.165197862642073,42,Copernicus_DSM_COG_10_N24_00_E092_00_DEM,108.6890640258789,9.966066835736036,134.30343167141734,-0.002361104754528782,28.238777567337216,30.715,True,Copernicus DEM GLO-30 via Microsoft Planetary Computer,,,,,,,,,,,False,False,False,Deferred to Stage 7B-2,,,ESA_WorldCover_10m_2021_v200_N24E090,10.0,Tree cover,ESA WorldCover 2021 v200,2021,4,True,MYD13Q1.A2017153.h26v06.061.2021277004433,2017-06-09T23:59:59.500000+00:00,3.0,8270.0,0.8270000000000001,3.0,Cloudy,False,NASA MODIS MOD13Q1/MYD13Q1 v6.1 16-day 250m,True,,,,,"{""2017-06-06"": null, ""2017-06-07"": null, ""2017-06-08"": null, ""2017-06-09"": null, ""2017-06-10"": null, ""2017-06-11"": null, ""2017-06-12"": null}",NASA POWER Daily API / PRECTOTCORR,False,0.429,0.428,0.408,0.413,0.4246666666666667,0.40571428571428575,0.023285714285714243,"{""2017-06-06"": 0.382, ""2017-06-07"": 0.378, ""2017-06-08"": 0.397, ""2017-06-09"": 0.409, ""2017-06-10"": 0.422, ""2017-06-11"": 0.423, ""2017-06-12"": 0.429}",ERA5-Land via Open-Meteo Historical Weather API,era5_land,True
BG_0333,1057926,Manipur,25.085432623508044,93.62403020636611,2017-06-12,0,matched_background_pseudo_absence,False,10.376558248119093,7.296639060261283,42,Copernicus_DSM_COG_10_N25_00_E093_00_DEM,1167.5772705078125,31.42485841447143,46.303448622472956,0.00740374138879704,28.00553376341626,30.715,True,Copernicus DEM GLO-30 via Microsoft Planetary Computer,,,,,,,,,,,False,False,False,Deferred to Stage 7B-2,,,ESA_WorldCover_10m_2021_v200_N24E093,10.0,Tree cover,ESA WorldCover 2021 v200,2021,4,True,MYD13Q1.A2017153.h26v06.061.2021277004433,2017-06-09T23:59:59.500000+00:00,3.0,8794.0,0.8794000000000001,1.0,Marginal data,True,NASA MODIS MOD13Q1/MYD13Q1 v6.1 16-day 250m,True,0.8794000000000001,,,,"{""2017-06-06"": null, ""2017-06-07"": null, ""2017-06-08"": null, ""2017-06-09"": null, ""2017-06-10"": null, ""2017-06-11"": null, ""2017-06-12"": null}",NASA POWER Daily API / PRECTOTCORR,False,0.428,0.426,0.41,0.415,0.40599999999999997,0.3972857142857143,0.030714285714285694,"{""2017-06-06"": 0.395, ""2017-06-07"": 0.395, ""2017-06-08"": 0.389, ""2017-06-09"": 0.384, ""2017-06-10"": 0.377, ""2017-06-11"": 0.413, ""2017-06-12"": 0.428}",ERA5-Land via Open-Meteo Historical Weather API,era5_land,True
BG_0334,1050599,Mizoram,23.81256718564816,93.19653836970886,2017-06-14,0,matched_background_pseudo_absence,False,15.18920335641864,6.20304136213887,42,Copernicus_DSM_COG_10_N23_00_E093_00_DEM,798.4032592773438,22.81525870236252,4.174157378311406,0.014921537232489346,28.289848470465213,30.715,True,Copernicus DEM GLO-30 via Microsoft Planetary Computer,,,,,,,,,,,False,False,False,Deferred to Stage 7B-2,,,ESA_WorldCover_10m_2021_v200_N21E093,10.0,Tree cover,ESA WorldCover 2021 v200,2021,4,True,MOD13Q1.A2017161.h26v06.061.2021275121347,2017-06-17T23:59:59.500000+00:00,3.0,8631.0,0.8631000000000001,1.0,Marginal data,True,NASA MODIS MOD13Q1/MYD13Q1 v6.1 16-day 250m,True,0.8631000000000001,,,,"{""2017-06-08"": null, ""2017-06-09"": null, ""2017-06-10"": null, ""2017-06-11"": null, ""2017-06-12"": null, ""2017-06-13"": null, ""2017-06-14"": null}",NASA POWER Daily API / PRECTOTCORR,False,0.42,0.421,0.415,0.417,0.42333333333333334,0.4137142857142857,0.006285714285714283,"{""2017-06-08"": 0.391, ""2017-06-09"": 0.408, ""2017-06-10"": 0.409, ""2017-06-11"": 0.418, ""2017-06-12"": 0.428, ""2017-06-13"": 0.422, ""2017-06-14"": 0.42}",ERA5-Land via Open-Meteo Historical Weather API,era5_land,True
BG_0335,1050678,Mizoram,23.943732701793238,93.18020474802368,2017-06-17,0,matched_background_pseudo_absence,False,17.109662790491733,8.951010760673373,42,Copernicus_DSM_COG_10_N23_00_E093_00_DEM,587.8453979492188,34.5927598524081,20.281616264079275,0.00590988079267591,28.261193462705112,30.715,True,Copernicus DEM GLO-30 via Microsoft Planetary Computer,,,,,,,,,,,False,False,False,Deferred to Stage 7B-2,,,ESA_WorldCover_10m_2021_v200_N21E093,10.0,Tree cover,ESA WorldCover 2021 v200,2021,4,True,MOD13Q1.A2017161.h26v06.061.2021275121347,2017-06-17T23:59:59.500000+00:00,0.0,6883.0,0.6883,3.0,Cloudy,False,NASA MODIS MOD13Q1/MYD13Q1 v6.1 16-day 250m,True,,,,,"{""2017-06-11"": null, ""2017-06-12"": null, ""2017-06-13"": null, ""2017-06-14"": null, ""2017-06-15"": null, ""2017-06-16"": null, ""2017-06-17"": null}",NASA POWER Daily API / PRECTOTCORR,False,0.415,0.418,0.415,0.416,0.4186666666666667,0.42099999999999993,-0.00599999999999995,"{""2017-06-11"": 0.42, ""2017-06-12"": 0.429, ""2017-06-13"": 0.421, ""2017-06-14"": 0.421, ""2017-06-15"": 0.417, ""2017-06-16"": 0.424, ""2017-06-17"": 0.415}",ERA5-Land via Open-Meteo Historical Weather API,era5_land,True
BG_0336,1050617,Assam,26.90304645668128,93.34877724749543,2017-06-18,0,matched_background_pseudo_absence,False,39.0704422558814,20.354864987980623,42,Copernicus_DSM_COG_10_N26_00_E093_00_DEM,113.16813659667969,3.951582381633126,133.50548720209343,0.003262508698916729,27.575617475373267,30.715,True,Copernicus DEM GLO-30 via Microsoft Planetary Computer,,,,,,,,,,,False,False,False,Deferred to Stage 7B-2,,,ESA_WorldCover_10m_2021_v200_N24E093,10.0,Tree cover,ESA WorldCover 2021 v200,2021,4,True,MOD13Q1.A2017161.h26v06.061.2021275121347,2017-06-17T23:59:59.500000+00:00,1.0,8997.0,0.8997,3.0,Cloudy,False,NASA MODIS MOD13Q1/MYD13Q1 v6.1 16-day 250m,True,,,,,"{""2017-06-12"": null, ""2017-06-13"": null, ""2017-06-14"": null, ""2017-06-15"": null, ""2017-06-16"": null, ""2017-06-17"": null, ""2017-06-18"": null}",NASA POWER Daily API / PRECTOTCORR,False,0.418,0.418,0.41,0.413,0.4223333333333333,0.418,0.0,"{""2017-06-12"": 0.415, ""2017-06-13"": 0.432, ""2017-06-14"": 0.409, ""2017-06-15"": 0.403, ""2017-06-16"": 0.422, ""2017-06-17"": 0.427, ""2017-06-18"": 0.418}",ERA5-Land via Open-Meteo Historical Weather API,era5_land,True
BG_0337,1050724,Manipur,24.149852895960542,94.00577069732272,2017-06-26,0,matched_background_pseudo_absence,False,5.809925242499338,10.420567645937094,42,Copernicus_DSM_COG_10_N24_00_E094_00_DEM,1195.70654296875,32.45208617836988,76.52017235708576,-4.489433376153498e-05,28.215864327835504,30.715,True,Copernicus DEM GLO-30 via Microsoft Planetary Computer,,,,,,,,,,,False,False,False,Deferred to Stage 7B-2,,,ESA_WorldCover_10m_2021_v200_N24E093,10.0,Tree cover,ESA WorldCover 2021 v200,2021,4,True,MYD13Q1.A2017169.h26v06.061.2021276074053,2017-06-25T23:59:59.500000+00:00,1.0,2828.0,0.2828,3.0,Cloudy,False,NASA MODIS MOD13Q1/MYD13Q1 v6.1 16-day 250m,True,,,,,"{""2017-06-20"": null, ""2017-06-21"": null, ""2017-06-22"": null, ""2017-06-23"": null, ""2017-06-24"": null, ""2017-06-25"": null, ""2017-06-26"": null}",NASA POWER Daily API / PRECTOTCORR,False,0.445,0.441,0.446,0.445,0.44366666666666665,0.44385714285714284,0.0011428571428571677,"{""2017-06-20"": 0.446, ""2017-06-21"": 0.449, ""2017-06-22"": 0.445, ""2017-06-23"": 0.436, ""2017-06-24"": 0.441, ""2017-06-25"": 0.445, ""2017-06-26"": 0.445}",ERA5-Land via Open-Meteo Historical Weather API,era5_land,True
BG_0338,1050751,Manipur,24.984920175941784,94.0864989960672,2017-06-26,0,matched_background_pseudo_absence,False,6.854210797307088,2.5314744197503445,42,Copernicus_DSM_COG_10_N24_00_E094_00_DEM,1039.02783203125,30.97497466143291,161.11054262666903,-0.00359089551782314,28.02848930028048,30.715,True,Copernicus DEM GLO-30 via Microsoft Planetary Computer,,,,,,,,,,,False,False,False,Deferred to Stage 7B-2,,,ESA_WorldCover_10m_2021_v200_N24E093,10.0,Tree cover,ESA WorldCover 2021 v200,2021,4,True,MYD13Q1.A2017169.h26v06.061.2021276074053,2017-06-25T23:59:59.500000+00:00,1.0,8152.0,0.8152,1.0,Marginal data,True,NASA MODIS MOD13Q1/MYD13Q1 v6.1 16-day 250m,True,0.8152,,,,"{""2017-06-20"": null, ""2017-06-21"": null, ""2017-06-22"": null, ""2017-06-23"": null, ""2017-06-24"": null, ""2017-06-25"": null, ""2017-06-26"": null}",NASA POWER Daily API / PRECTOTCORR,False,0.47,0.494,0.487,0.487,0.47833333333333333,0.487,-0.017000000000000015,"{""2017-06-20"": 0.501, ""2017-06-21"": 0.501, ""2017-06-22"": 0.501, ""2017-06-23"": 0.471, ""2017-06-24"": 0.471, ""2017-06-25"": 0.494, ""2017-06-26"": 0.47}",ERA5-Land via Open-Meteo Historical Weather API,era5_land,True
BG_0339,1050748,Manipur,25.27349111754129,93.69858019218206,2017-06-27,0,matched_background_pseudo_absence,False,12.682952193068507,14.378444309189163,42,Copernicus_DSM_COG_10_N25_00_E093_00_DEM,588.8081665039062,34.82330227716997,356.854951390136,-0.004909057065808906,27.96235259638935,30.715,True,Copernicus DEM GLO-30 via Microsoft Planetary Computer,,,,,,,,,,,False,False,False,Deferred to Stage 7B-2,,,ESA_WorldCover_10m_2021_v200_N24E093,10.0,Tree cover,ESA WorldCover 2021 v200,2021,4,True,MYD13Q1.A2017169.h26v06.061.2021276074053,2017-06-25T23:59:59.500000+00:00,2.0,7836.0,0.7836000000000001,1.0,Marginal data,True,NASA MODIS MOD13Q1/MYD13Q1 v6.1 16-day 250m,True,0.7836000000000001,,,,"{""2017-06-21"": null, ""2017-06-22"": null, ""2017-06-23"": null, ""2017-06-24"": null, ""2017-06-25"": null, ""2017-06-26"": null, ""2017-06-27"": null}",NASA POWER Daily API / PRECTOTCORR,False,0.423,0.424,0.424,0.424,0.4226666666666667,0.4225714285714286,0.0004285714285713893,"{""2017-06-21"": 0.422, ""2017-06-22"": 0.421, ""2017-06-23"": 0.422, ""2017-06-24"": 0.425, ""2017-06-25"": 0.421, ""2017-06-26"": 0.424, ""2017-06-27"": 0.423}",ERA5-Land via Open-Meteo Historical Weather API,era5_land,True
BG_0340,1056702,Manipur,25.063907182872484,93.54719388804156,2017-06-30,0,matched_background_pseudo_absence,False,9.255015243509693,3.9039620053967847,42,Copernicus_DSM_COG_10_N25_00_E093_00_DEM,1047.931396484375,12.211573377748742,29.979427837744765,-0.0047333250948307795,28.010457106219867,30.715,True,Copernicus DEM GLO-30 via Microsoft Planetary Computer,,,,,,,,,,,False,False,False,Deferred to Stage 7B-2,,,ESA_WorldCover_10m_2021_v200_N24E093,10.0,Tree cover,ESA WorldCover 2021 v200,2021,4,True,MOD13Q1.A2017177.h26v06.061.2021277070931,2017-07-03T23:59:59.500000+00:00,3.0,656.0,0.0656,3.0,Cloudy,False,NASA MODIS MOD13Q1/MYD13Q1 v6.1 16-day 250m,True,,,,,"{""2017-06-24"": null, ""2017-06-25"": null, ""2017-06-26"": null, ""2017-06-27"": null, ""2017-06-28"": null, ""2017-06-29"": null, ""2017-06-30"": null}",NASA POWER Daily API / PRECTOTCORR,False,0.415,0.414,0.412,0.413,0.4163333333333333,0.4151428571428571,-0.00014285714285711126,"{""2017-06-24"": 0.412, ""2017-06-25"": 0.41, ""2017-06-26"": 0.419, ""2017-06-27"": 0.416, ""2017-06-28"": 0.421, ""2017-06-29"": 0.413, ""2017-06-30"": 0.415}",ERA5-Land via Open-Meteo Historical Weather API,era5_land,True
BG_0341,1057890,Manipur,24.41612440825542,93.90278690167432,2017-07-01,0,matched_background_pseudo_absence,False,15.607715284309926,1.7704981346273765,42,Copernicus_DSM_COG_10_N24_00_E093_00_DEM,768.5,0.0,,0.0,28.15676647803845,30.715,True,Copernicus DEM GLO-30 via Microsoft Planetary Computer,,,,,,,,,,,False,False,False,Deferred to Stage 7B-2,,,ESA_WorldCover_10m_2021_v200_N24E093,80.0,Permanent water bodies,ESA WorldCover 2021 v200,2021,4,True,MOD13Q1.A2017177.h26v06.061.2021277070931,2017-07-03T23:59:59.500000+00:00,2.0,1578.0,0.1578,3.0,Cloudy,False,NASA MODIS MOD13Q1/MYD13Q1 v6.1 16-day 250m,True,,,,,"{""2017-06-25"": null, ""2017-06-26"": null, ""2017-06-27"": null, ""2017-06-28"": null, ""2017-06-29"": null, ""2017-06-30"": null, ""2017-07-01"": null}",NASA POWER Daily API / PRECTOTCORR,False,0.46,0.455,0.479,0.473,0.45766666666666667,0.4562857142857143,0.0037142857142857255,"{""2017-06-25"": 0.453, ""2017-06-26"": 0.463, ""2017-06-27"": 0.442, ""2017-06-28"": 0.463, ""2017-06-29"": 0.453, ""2017-06-30"": 0.46, ""2017-07-01"": 0.46}",ERA5-Land via Open-Meteo Historical Weather API,era5_land,True
BG_0342,1048525,Assam,26.901222561253995,94.57694367682228,2017-07-03,0,matched_background_pseudo_absence,False,53.27374049857382,6.090186132817113,42,Copernicus_DSM_COG_10_N26_00_E094_00_DEM,90.29025268554688,0.45605507150794394,224.4331801246814,-0.00013660267908860435,27.57606286059619,30.715,True,Copernicus DEM GLO-30 via Microsoft Planetary Computer,,,,,,,,,,,False,False,False,Deferred to Stage 7B-2,,,ESA_WorldCover_10m_2021_v200_N24E093,40.0,Cropland,ESA WorldCover 2021 v200,2021,4,True,MOD13Q1.A2017177.h26v06.061.2021277070931,2017-07-03T23:59:59.500000+00:00,0.0,745.0,0.0745,3.0,Cloudy,False,NASA MODIS MOD13Q1/MYD13Q1 v6.1 16-day 250m,True,,,,,"{""2017-06-27"": null, ""2017-06-28"": null, ""2017-06-29"": null, ""2017-06-30"": null, ""2017-07-01"": null, ""2017-07-02"": null, ""2017-07-03"": null}",NASA POWER Daily API / PRECTOTCORR,False,0.502,0.497,0.473,0.48,0.49533333333333335,0.4857142857142857,0.016285714285714292,"{""2017-06-27"": 0.495, ""2017-06-28"": 0.473, ""2017-06-29"": 0.474, ""2017-06-30"": 0.472, ""2017-07-01"": 0.486, ""2017-07-02"": 0.498, ""2017-07-03"": 0.502}",ERA5-Land via Open-Meteo Historical Weather API,era5_land,True
BG_0343,1048541,Assam,26.79532427008361,93.76378743880966,2017-07-03,0,matched_background_pseudo_absence,False,17.733576572488158,27.23262753824997,42,Copernicus_DSM_COG_10_N26_00_E093_00_DEM,69.0,0.0,,0.0,27.601874712880274,30.715,True,Copernicus DEM GLO-30 via Microsoft Planetary Computer,,,,,,,,,,,False,False,False,Deferred to Stage 7B-2,,,ESA_WorldCover_10m_2021_v200_N24E093,80.0,Permanent water bodies,ESA WorldCover 2021 v200,2021,4,True,MOD13Q1.A2017177.h26v06.061.2021277070931,2017-07-03T23:59:59.500000+00:00,0.0,284.0,0.0284,3.0,Cloudy,False,NASA MODIS MOD13Q1/MYD13Q1 v6.1 16-day 250m,True,,,,,"{""2017-06-27"": null, ""2017-06-28"": null, ""2017-06-29"": null, ""2017-06-30"": null, ""2017-07-01"": null, ""2017-07-02"": null, ""2017-07-03"": null}",NASA POWER Daily API / PRECTOTCORR,False,0.492,0.493,0.485,0.487,0.48566666666666664,0.47900000000000004,0.012999999999999956,"{""2017-06-27"": 0.459, ""2017-06-28"": 0.479, ""2017-06-29"": 0.483, ""2017-06-30"": 0.475, ""2017-07-01"": 0.49, ""2017-07-02"": 0.475, ""2017-07-03"": 0.492}",ERA5-Land via Open-Meteo Historical Weather API,era5_land,True
BG_0344,1048506,Assam,26.27668525665923,91.25640074806908,2017-07-03,0,matched_background_pseudo_absence,False,6.327530687682557,21.13060207686216,42,Copernicus_DSM_COG_10_N26_00_E091_00_DEM,46.14211654663086,1.9143413812552414,195.9190529938592,-0.0009726142840595117,27.726925418552536,30.715,True,Copernicus DEM GLO-30 via Microsoft Planetary Computer,,,,,,,,,,,False,False,False,Deferred to Stage 7B-2,,,ESA_WorldCover_10m_2021_v200_N24E090,50.0,Built-up,ESA WorldCover 2021 v200,2021,4,True,MOD13Q1.A2017177.h25v06.061.2021277070054,2017-07-03T23:59:59.500000+00:00,0.0,,,,,False,NASA MODIS MOD13Q1/MYD13Q1 v6.1 16-day 250m,False,,,,,"{""2017-06-27"": null, ""2017-06-28"": null, ""2017-06-29"": null, ""2017-06-30"": null, ""2017-07-01"": null, ""2017-07-02"": null, ""2017-07-03"": null}",NASA POWER Daily API / PRECTOTCORR,False,0.506,0.502,0.482,0.488,0.5023333333333333,0.4904285714285714,0.015571428571428625,"{""2017-06-27"": 0.471, ""2017-06-28"": 0.475, ""2017-06-29"": 0.493, ""2017-06-30"": 0.487, ""2017-07-01"": 0.498, ""2017-07-02"": 0.503, ""2017-07-03"": 0.506}",ERA5-Land via Open-Meteo Historical Weather API,era5_land,True
BG_0345,1048519,Assam,27.274986696087364,95.89241186564328,2017-07-03,0,matched_background_pseudo_absence,False,174.1237617110789,32.24129383259781,42,Copernicus_DSM_COG_10_N27_00_E095_00_DEM,419.40380859375,19.85952861894883,64.65311771656172,-0.0030085828998045977,27.484208480163538,30.715,True,Copernicus DEM GLO-30 via Microsoft Planetary Computer,,,,,,,,,,,False,False,False,Deferred to Stage 7B-2,,,ESA_WorldCover_10m_2021_v200_N27E093,10.0,Tree cover,ESA WorldCover 2021 v200,2021,4,True,MOD13Q1.A2017177.h26v06.061.2021277070931,2017-07-03T23:59:59.500000+00:00,0.0,1840.0,0.184,3.0,Cloudy,False,NASA MODIS MOD13Q1/MYD13Q1 v6.1 16-day 250m,True,,,,,"{""2017-06-27"": null, ""2017-06-28"": null, ""2017-06-29"": null, ""2017-06-30"": null, ""2017-07-01"": null, ""2017-07-02"": null, ""2017-07-03"": null}",NASA POWER Daily API / PRECTOTCORR,False,0.49,0.489,0.481,0.484,0.48533333333333334,0.484,0.006000000000000005,"{""2017-06-27"": 0.488, ""2017-06-28"": 0.476, ""2017-06-29"": 0.47, ""2017-06-30"": 0.498, ""2017-07-01"": 0.471, ""2017-07-02"": 0.495, ""2017-07-03"": 0.49}",ERA5-Land via Open-Meteo Historical Weather API,era5_land,True
BG_0346,1048545,Assam,24.911235876021777,92.7259897515081,2017-07-03,0,matched_background_pseudo_absence,False,6.839655464437365,6.503079710068731,42,Copernicus_DSM_COG_10_N24_00_E092_00_DEM,19.376855850219727,0.17038387507157984,276.31929925333264,9.478759057735588e-05,28.045262899422568,30.715,True,Copernicus DEM GLO-30 via Microsoft Planetary Computer,,,,,,,,,,,False,False,False,Deferred to Stage 7B-2,,,ESA_WorldCover_10m_2021_v200_N24E090,40.0,Cropland,ESA WorldCover 2021 v200,2021,4,True,MOD13Q1.A2017177.h26v06.061.2021277070931,2017-07-03T23:59:59.500000+00:00,0.0,2281.0,0.2281,3.0,Cloudy,False,NASA MODIS MOD13Q1/MYD13Q1 v6.1 16-day 250m,True,,,,,"{""2017-06-27"": null, ""2017-06-28"": null, ""2017-06-29"": null, ""2017-06-30"": null, ""2017-07-01"": null, ""2017-07-02"": null, ""2017-07-03"": null}",NASA POWER Daily API / PRECTOTCORR,False,0.475,0.5,0.497,0.496,0.48633333333333334,0.4872857142857142,-0.012285714285714233,"{""2017-06-27"": 0.49, ""2017-06-28"": 0.489, ""2017-06-29"": 0.484, ""2017-06-30"": 0.489, ""2017-07-01"": 0.481, ""2017-07-02"": 0.503, ""2017-07-03"": 0.475}",ERA5-Land via Open-Meteo Historical Weather API,era5_land,True
BG_0347,1057856,Manipur,24.08806433065854,94.20562763718053,2017-07-04,0,matched_background_pseudo_absence,False,11.59364048150381,14.242315989920092,42,Copernicus_DSM_COG_10_N24_00_E094_00_DEM,368.0152282714844,9.214033744636705,105.03353635262954,-0.011907622066881408,28.229490976052098,30.715,True,Copernicus DEM GLO-30 via Microsoft Planetary Computer,,,,,,,,,,,False,False,False,Deferred to Stage 7B-2,,,ESA_WorldCover_10m_2021_v200_N24E093,10.0,Tree cover,ESA WorldCover 2021 v200,2021,4,True,MOD13Q1.A2017177.h26v06.061.2021277070931,2017-07-03T23:59:59.500000+00:00,1.0,2700.0,0.27,3.0,Cloudy,False,NASA MODIS MOD13Q1/MYD13Q1 v6.1 16-day 250m,True,,,,,"{""2017-06-28"": null, ""2017-06-29"": null, ""2017-06-30"": null, ""2017-07-01"": null, ""2017-07-02"": null, ""2017-07-03"": null, ""2017-07-04"": null}",NASA POWER Daily API / PRECTOTCORR,False,0.477,0.492,0.486,0.487,0.47100000000000003,0.4751428571428571,0.0018571428571428905,"{""2017-06-28"": 0.477, ""2017-06-29"": 0.48, ""2017-06-30"": 0.472, ""2017-07-01"": 0.484, ""2017-07-02"": 0.465, ""2017-07-03"": 0.471, ""2017-07-04"": 0.477}",ERA5-Land via Open-Meteo Historical Weather API,era5_land,True
BG_0348,1048460,Assam,26.38692743029392,93.58917547860648,2017-07-06,0,matched_background_pseudo_absence,False,49.69034993710263,16.785409535230574,42,Copernicus_DSM_COG_10_N26_00_E093_00_DEM,529.67236328125,23.59661311110695,30.324859485211732,-0.01350283067988055,27.70053436419373,30.715,True,Copernicus DEM GLO-30 via Microsoft Planetary Computer,,,,,,,,,,,False,False,False,Deferred to Stage 7B-2,,,ESA_WorldCover_10m_2021_v200_N24E093,10.0,Tree cover,ESA WorldCover 2021 v200,2021,4,True,MOD13Q1.A2017177.h26v06.061.2021277070931,2017-07-03T23:59:59.500000+00:00,3.0,3721.0,0.37210000000000004,3.0,Cloudy,False,NASA MODIS MOD13Q1/MYD13Q1 v6.1 16-day 250m,True,,,,,"{""2017-06-30"": null, ""2017-07-01"": null, ""2017-07-02"": null, ""2017-07-03"": null, ""2017-07-04"": null, ""2017-07-05"": null, ""2017-07-06"": null}",NASA POWER Daily API / PRECTOTCORR,False,0.496,0.497,0.455,0.467,0.48299999999999993,0.48328571428571415,0.012714285714285845,"{""2017-06-30"": 0.482, ""2017-07-01"": 0.477, ""2017-07-02"": 0.49, ""2017-07-03"": 0.485, ""2017-07-04"": 0.478, ""2017-07-05"": 0.475, ""2017-07-06"": 0.496}",ERA5-Land via Open-Meteo Historical Weather API,era5_land,True
BG_0349,1057907,Manipur,25.018768667923272,93.9126589934873,2017-07-08,0,matched_background_pseudo_absence,False,5.630502173787463,17.121380207816266,42,Copernicus_DSM_COG_10_N25_00_E093_00_DEM,960.9049682617188,11.21858179165558,82.10563124347647,-0.004110499790721791,28.020768441263556,30.715,True,Copernicus DEM GLO-30 via Microsoft Planetary Computer,,,,,,,,,,,False,False,False,Deferred to Stage 7B-2,,,ESA_WorldCover_10m_2021_v200_N24E093,10.0,Tree cover,ESA WorldCover 2021 v200,2021,4,True,MYD13Q1.A2017185.h26v06.061.2021278021612,2017-07-11T23:59:59.500000+00:00,3.0,7022.0,0.7022,3.0,Cloudy,False,NASA MODIS MOD13Q1/MYD13Q1 v6.1 16-day 250m,True,,,,,"{""2017-07-02"": null, ""2017-07-03"": null, ""2017-07-04"": null, ""2017-07-05"": null, ""2017-07-06"": null, ""2017-07-07"": null, ""2017-07-08"": null}",NASA POWER Daily API / PRECTOTCORR,False,0.502,0.496,0.493,0.494,0.4963333333333333,0.48114285714285715,0.020857142857142852,"{""2017-07-02"": 0.45, ""2017-07-03"": 0.489, ""2017-07-04"": 0.486, ""2017-07-05"": 0.454, ""2017-07-06"": 0.487, ""2017-07-07"": 0.5, ""2017-07-08"": 0.502}",ERA5-Land via Open-Meteo Historical Weather API,era5_land,True
BG_0350,1050713,Assam,26.613470541375136,91.72811837984986,2017-07-09,0,matched_background_pseudo_absence,False,13.358056485141631,20.632559697814425,42,Copernicus_DSM_COG_10_N26_00_E091_00_DEM,70.79520416259766,1.57700195848943,91.98882170567958,0.0024388993874904685,27.645980049516478,30.715,True,Copernicus DEM GLO-30 via Microsoft Planetary Computer,,,,,,,,,,,False,False,False,Deferred to Stage 7B-2,,,ESA_WorldCover_10m_2021_v200_N24E090,10.0,Tree cover,ESA WorldCover 2021 v200,2021,4,True,MYD13Q1.A2017185.h25v06.061.2021278021006,2017-07-11T23:59:59.500000+00:00,2.0,,,,,False,NASA MODIS MOD13Q1/MYD13Q1 v6.1 16-day 250m,False,,,,,"{""2017-07-03"": null, ""2017-07-04"": null, ""2017-07-05"": null, ""2017-07-06"": null, ""2017-07-07"": null, ""2017-07-08"": null, ""2017-07-09"": null}",NASA POWER Daily API / PRECTOTCORR,False,0.474,0.493,0.469,0.474,0.48333333333333334,0.4804285714285714,-0.00642857142857145,"{""2017-07-03"": 0.471, ""2017-07-04"": 0.491, ""2017-07-05"": 0.472, ""2017-07-06"": 0.479, ""2017-07-07"": 0.486, ""2017-07-08"": 0.49, ""2017-07-09"": 0.474}",ERA5-Land via Open-Meteo Historical Weather API,era5_land,True
BG_0351,1050808,Manipur,24.753760957028017,93.67483674446645,2017-07-09,0,matched_background_pseudo_absence,False,5.209415823091729,7.55339941910063,42,Copernicus_DSM_COG_10_N24_00_E093_00_DEM,792.2235107421875,25.723230603983374,264.4700877811687,-0.0013147916665646857,28.08095518790984,30.715,True,Copernicus DEM GLO-30 via Microsoft Planetary Computer,,,,,,,,,,,False,False,False,Deferred to Stage 7B-2,,,ESA_WorldCover_10m_2021_v200_N24E093,10.0,Tree cover,ESA WorldCover 2021 v200,2021,4,True,MYD13Q1.A2017185.h26v06.061.2021278021612,2017-07-11T23:59:59.500000+00:00,2.0,2580.0,0.258,3.0,Cloudy,False,NASA MODIS MOD13Q1/MYD13Q1 v6.1 16-day 250m,True,,,,,"{""2017-07-03"": null, ""2017-07-04"": null, ""2017-07-05"": null, ""2017-07-06"": null, ""2017-07-07"": null, ""2017-07-08"": null, ""2017-07-09"": null}",NASA POWER Daily API / PRECTOTCORR,False,0.479,0.471,0.47,0.471,0.465,0.4658571428571428,0.013142857142857178,"{""2017-07-03"": 0.468, ""2017-07-04"": 0.465, ""2017-07-05"": 0.459, ""2017-07-06"": 0.474, ""2017-07-07"": 0.459, ""2017-07-08"": 0.457, ""2017-07-09"": 0.479}",ERA5-Land via Open-Meteo Historical Weather API,era5_land,True
BG_0352,1050753,Manipur,24.191305393870568,93.80084941183988,2017-07-09,0,matched_background_pseudo_absence,False,22.206665480765118,7.79404379429255,42,Copernicus_DSM_COG_10_N24_00_E093_00_DEM,876.9784545898438,14.140508035854104,21.72060403862622,0.010449927271993687,28.206704136798052,30.715,True,Copernicus DEM GLO-30 via Microsoft Planetary Computer,,,,,,,,,,,False,False,False,Deferred to Stage 7B-2,,,ESA_WorldCover_10m_2021_v200_N24E093,10.0,Tree cover,ESA WorldCover 2021 v200,2021,4,True,MYD13Q1.A2017185.h26v06.061.2021278021612,2017-07-11T23:59:59.500000+00:00,2.0,2036.0,0.2036,3.0,Cloudy,False,NASA MODIS MOD13Q1/MYD13Q1 v6.1 16-day 250m,True,,,,,"{""2017-07-03"": null, ""2017-07-04"": null, ""2017-07-05"": null, ""2017-07-06"": null, ""2017-07-07"": null, ""2017-07-08"": null, ""2017-07-09"": null}",NASA POWER Daily API / PRECTOTCORR,False,0.49,0.497,0.483,0.487,0.4883333333333333,0.48342857142857143,0.006571428571428561,"{""2017-07-03"": 0.485, ""2017-07-04"": 0.476, ""2017-07-05"": 0.479, ""2017-07-06"": 0.479, ""2017-07-07"": 0.48, ""2017-07-08"": 0.495, ""2017-07-09"": 0.49}",ERA5-Land via Open-Meteo Historical Weather API,era5_land,True
BG_0353,1055884,Manipur,24.13494851508521,93.17035489030415,2017-07-09,0,matched_background_pseudo_absence,False,9.99732148519678,7.586479841738533,42,Copernicus_DSM_COG_10_N24_00_E093_00_DEM,1009.0435791015625,23.564664755526145,275.14527423446106,0.005221914122270535,28.21915429489578,30.715,True,Copernicus DEM GLO-30 via Microsoft Planetary Computer,,,,,,,,,,,False,False,False,Deferred to Stage 7B-2,,,ESA_WorldCover_10m_2021_v200_N24E093,10.0,Tree cover,ESA WorldCover 2021 v200,2021,4,True,MYD13Q1.A2017185.h26v06.061.2021278021612,2017-07-11T23:59:59.500000+00:00,2.0,8039.0,0.8039000000000001,3.0,Cloudy,False,NASA MODIS MOD13Q1/MYD13Q1 v6.1 16-day 250m,True,,,,,"{""2017-07-03"": null, ""2017-07-04"": null, ""2017-07-05"": null, ""2017-07-06"": null, ""2017-07-07"": null, ""2017-07-08"": null, ""2017-07-09"": null}",NASA POWER Daily API / PRECTOTCORR,False,0.416,0.418,0.419,0.419,0.41966666666666663,0.42128571428571426,-0.0052857142857142825,"{""2017-07-03"": 0.422, ""2017-07-04"": 0.424, ""2017-07-05"": 0.423, ""2017-07-06"": 0.421, ""2017-07-07"": 0.421, ""2017-07-08"": 0.422, ""2017-07-09"": 0.416}",ERA5-Land via Open-Meteo Historical Weather API,era5_land,True
BG_0354,1054667,Assam,27.57669417503316,95.10874502985756,2017-07-10,0,matched_background_pseudo_absence,False,105.11121501370592,16.25212499225208,42,Copernicus_DSM_COG_10_N27_00_E095_00_DEM,110.6742935180664,1.2128196729265013,172.17434117117784,-0.0006024666502169287,27.409209094260262,30.715,True,Copernicus DEM GLO-30 via Microsoft Planetary Computer,,,,,,,,,,,False,False,False,Deferred to Stage 7B-2,,,ESA_WorldCover_10m_2021_v200_N27E093,80.0,Permanent water bodies,ESA WorldCover 2021 v200,2021,4,True,MYD13Q1.A2017185.h26v06.061.2021278021612,2017-07-11T23:59:59.500000+00:00,1.0,977.0,0.09770000000000001,0.0,Good data,True,NASA MODIS MOD13Q1/MYD13Q1 v6.1 16-day 250m,True,0.09770000000000001,,,,"{""2017-07-04"": null, ""2017-07-05"": null, ""2017-07-06"": null, ""2017-07-07"": null, ""2017-07-08"": null, ""2017-07-09"": null, ""2017-07-10"": null}",NASA POWER Daily API / PRECTOTCORR,False,0.414,0.427,0.422,0.422,0.417,0.416,-0.0020000000000000018,"{""2017-07-04"": 0.404, ""2017-07-05"": 0.422, ""2017-07-06"": 0.418, ""2017-07-07"": 0.417, ""2017-07-08"": 0.42, ""2017-07-09"": 0.417, ""2017-07-10"": 0.414}",ERA5-Land via Open-Meteo Historical Weather API,era5_land,True
BG_0355,1052013,Manipur,24.790747280330187,94.43772216643907,2017-07-10,0,matched_background_pseudo_absence,False,8.25058523270587,10.113331717900031,42,Copernicus_DSM_COG_10_N24_00_E094_00_DEM,666.7152099609375,31.023450238054405,85.17833327396505,-0.008545589367827205,28.072591147335768,30.715,True,Copernicus DEM GLO-30 via Microsoft Planetary Computer,,,,,,,,,,,False,False,False,Deferred to Stage 7B-2,,,ESA_WorldCover_10m_2021_v200_N24E093,10.0,Tree cover,ESA WorldCover 2021 v200,2021,4,True,MYD13Q1.A2017185.h26v06.061.2021278021612,2017-07-11T23:59:59.500000+00:00,1.0,4901.0,0.49010000000000004,3.0,Cloudy,False,NASA MODIS MOD13Q1/MYD13Q1 v6.1 16-day 250m,True,,,,,"{""2017-07-04"": null, ""2017-07-05"": null, ""2017-07-06"": null, ""2017-07-07"": null, ""2017-07-08"": null, ""2017-07-09"": null, ""2017-07-10"": null}",NASA POWER Daily API / PRECTOTCORR,False,0.427,0.427,0.428,0.428,0.425,0.4254285714285714,0.0015714285714286125,"{""2017-07-04"": 0.428, ""2017-07-05"": 0.428, ""2017-07-06"": 0.423, ""2017-07-07"": 0.424, ""2017-07-08"": 0.424, ""2017-07-09"": 0.424, ""2017-07-10"": 0.427}",ERA5-Land via Open-Meteo Historical Weather API,era5_land,True
BG_0356,1055056,Assam,26.703055958209504,90.24671374586654,2017-07-10,0,matched_background_pseudo_absence,False,70.3405467962123,5.445076172981496,42,Copernicus_DSM_COG_10_N26_00_E090_00_DEM,139.96969604492188,3.2693258663753997,87.82866624944677,-0.0013647676090788425,27.624287502869485,30.715,True,Copernicus DEM GLO-30 via Microsoft Planetary Computer,,,,,,,,,,,False,False,False,Deferred to Stage 7B-2,,,ESA_WorldCover_10m_2021_v200_N24E090,10.0,Tree cover,ESA WorldCover 2021 v200,2021,4,True,MYD13Q1.A2017185.h25v06.061.2021278021006,2017-07-11T23:59:59.500000+00:00,1.0,,,,,False,NASA MODIS MOD13Q1/MYD13Q1 v6.1 16-day 250m,False,,,,,"{""2017-07-04"": null, ""2017-07-05"": null, ""2017-07-06"": null, ""2017-07-07"": null, ""2017-07-08"": null, ""2017-07-09"": null, ""2017-07-10"": null}",NASA POWER Daily API / PRECTOTCORR,False,0.382,0.38,0.379,0.379,0.36933333333333335,0.34857142857142864,0.03342857142857136,"{""2017-07-04"": 0.349, ""2017-07-05"": 0.331, ""2017-07-06"": 0.332, ""2017-07-07"": 0.32, ""2017-07-08"": 0.369, ""2017-07-09"": 0.357, ""2017-07-10"": 0.382}",ERA5-Land via Open-Meteo Historical Weather API,era5_land,True
BG_0357,1048428,Assam,26.24273436107187,92.32640503274337,2017-07-10,0,matched_background_pseudo_absence,False,40.12034999700972,5.91560822852255,42,Copernicus_DSM_COG_10_N26_00_E092_00_DEM,51.0,0.0,,0.0,27.735032309659612,30.715,True,Copernicus DEM GLO-30 via Microsoft Planetary Computer,,,,,,,,,,,False,False,False,Deferred to Stage 7B-2,,,ESA_WorldCover_10m_2021_v200_N24E090,90.0,Herbaceous wetland,ESA WorldCover 2021 v200,2021,4,True,MYD13Q1.A2017185.h25v06.061.2021278021006,2017-07-11T23:59:59.500000+00:00,1.0,,,,,False,NASA MODIS MOD13Q1/MYD13Q1 v6.1 16-day 250m,False,,,,,"{""2017-07-04"": null, ""2017-07-05"": null, ""2017-07-06"": null, ""2017-07-07"": null, ""2017-07-08"": null, ""2017-07-09"": null, ""2017-07-10"": null}",NASA POWER Daily API / PRECTOTCORR,False,0.484,0.495,0.476,0.481,0.48133333333333334,0.4814285714285714,0.0025714285714286134,"{""2017-07-04"": 0.473, ""2017-07-05"": 0.489, ""2017-07-06"": 0.489, ""2017-07-07"": 0.475, ""2017-07-08"": 0.48, ""2017-07-09"": 0.48, ""2017-07-10"": 0.484}",ERA5-Land via Open-Meteo Historical Weather API,era5_land,True
BG_0358,1048443,Assam,26.197796472464933,92.67384903184374,2017-07-10,0,matched_background_pseudo_absence,False,23.573953677537016,22.324536401655248,42,Copernicus_DSM_COG_10_N26_00_E092_00_DEM,58.5241813659668,0.26116108319161985,76.12997149679893,0.0019783836758344078,27.745747730138962,30.715,True,Copernicus DEM GLO-30 via Microsoft Planetary Computer,,,,,,,,,,,False,False,False,Deferred to Stage 7B-2,,,ESA_WorldCover_10m_2021_v200_N24E090,40.0,Cropland,ESA WorldCover 2021 v200,2021,4,True,MYD13Q1.A2017185.h26v06.061.2021278021612,2017-07-11T23:59:59.500000+00:00,1.0,4982.0,0.49820000000000003,3.0,Cloudy,False,NASA MODIS MOD13Q1/MYD13Q1 v6.1 16-day 250m,True,,,,,"{""2017-07-04"": null, ""2017-07-05"": null, ""2017-07-06"": null, ""2017-07-07"": null, ""2017-07-08"": null, ""2017-07-09"": null, ""2017-07-10"": null}",NASA POWER Daily API / PRECTOTCORR,False,0.492,0.485,0.505,0.5,0.48100000000000004,0.4802857142857143,0.011714285714285677,"{""2017-07-04"": 0.473, ""2017-07-05"": 0.482, ""2017-07-06"": 0.485, ""2017-07-07"": 0.479, ""2017-07-08"": 0.465, ""2017-07-09"": 0.486, ""2017-07-10"": 0.492}",ERA5-Land via Open-Meteo Historical Weather API,era5_land,True
BG_0359,1057775,Manipur,24.23889395088713,94.14871777639236,2017-07-14,0,matched_background_pseudo_absence,False,6.5350240635491375,4.526182401270746,42,Copernicus_DSM_COG_10_N24_00_E094_00_DEM,690.6891479492188,28.259988476766953,241.64753527218397,-0.008857129704622223,28.196169792910858,30.715,True,Copernicus DEM GLO-30 via Microsoft Planetary Computer,,,,,,,,,,,False,False,False,Deferred to Stage 7B-2,,,ESA_WorldCover_10m_2021_v200_N24E093,10.0,Tree cover,ESA WorldCover 2021 v200,2021,4,True,MYD13Q1.A2017185.h26v06.061.2021278021612,2017-07-11T23:59:59.500000+00:00,3.0,2233.0,0.2233,3.0,Cloudy,False,NASA MODIS MOD13Q1/MYD13Q1 v6.1 16-day 250m,True,,,,,"{""2017-07-08"": null, ""2017-07-09"": null, ""2017-07-10"": null, ""2017-07-11"": null, ""2017-07-12"": null, ""2017-07-13"": null, ""2017-07-14"": null}",NASA POWER Daily API / PRECTOTCORR,False,0.42,0.423,0.424,0.423,0.42166666666666663,0.42457142857142854,-0.00457142857142856,"{""2017-07-08"": 0.427, ""2017-07-09"": 0.426, ""2017-07-10"": 0.427, ""2017-07-11"": 0.427, ""2017-07-12"": 0.422, ""2017-07-13"": 0.423, ""2017-07-14"": 0.42}",ERA5-Land via Open-Meteo Historical Weather API,era5_land,True
BG_0360,1050573,Mizoram,23.88846104661544,92.54878730619497,2017-08-26,0,matched_background_pseudo_absence,False,10.415332907074758,13.06851834047607,42,Copernicus_DSM_COG_10_N23_00_E092_00_DEM,297.5821228027344,33.54124893030365,186.5750299672454,-0.0014572054337735009,28.273286421537307,30.715,True,Copernicus DEM GLO-30 via Microsoft Planetary Computer,,,,,,,,,,,False,False,False,Deferred to Stage 7B-2,,,ESA_WorldCover_10m_2021_v200_N21E090,10.0,Tree cover,ESA WorldCover 2021 v200,2021,4,True,MYD13Q1.A2017233.h26v06.061.2021283024010,2017-08-28T23:59:59.500000+00:00,2.0,9023.0,0.9023,1.0,Marginal data,True,NASA MODIS MOD13Q1/MYD13Q1 v6.1 16-day 250m,True,0.9023,,,,"{""2017-08-20"": null, ""2017-08-21"": null, ""2017-08-22"": null, ""2017-08-23"": null, ""2017-08-24"": null, ""2017-08-25"": null, ""2017-08-26"": null}",NASA POWER Daily API / PRECTOTCORR,False,0.427,0.428,0.429,0.428,0.42366666666666664,0.42357142857142854,0.0034285714285714475,"{""2017-08-20"": 0.423, ""2017-08-21"": 0.421, ""2017-08-22"": 0.426, ""2017-08-23"": 0.424, ""2017-08-24"": 0.421, ""2017-08-25"": 0.423, ""2017-08-26"": 0.427}",ERA5-Land via Open-Meteo Historical Weather API,era5_land,True
BG_0361,1057698,Manipur,25.141125121574472,93.76310782634602,2017-08-26,0,matched_background_pseudo_absence,False,8.039918516313469,1.9174595655752544,42,Copernicus_DSM_COG_10_N25_00_E093_00_DEM,1315.889892578125,23.897419013500066,346.20066136647154,-0.01788548029837078,27.992777319515795,30.715,True,Copernicus DEM GLO-30 via Microsoft Planetary Computer,,,,,,,,,,,False,False,False,Deferred to Stage 7B-2,,,ESA_WorldCover_10m_2021_v200_N24E093,10.0,Tree cover,ESA WorldCover 2021 v200,2021,4,True,MYD13Q1.A2017233.h26v06.061.2021283024010,2017-08-28T23:59:59.500000+00:00,2.0,7681.0,0.7681,3.0,Cloudy,False,NASA MODIS MOD13Q1/MYD13Q1 v6.1 16-day 250m,True,,,,,"{""2017-08-20"": null, ""2017-08-21"": null, ""2017-08-22"": null, ""2017-08-23"": null, ""2017-08-24"": null, ""2017-08-25"": null, ""2017-08-26"": null}",NASA POWER Daily API / PRECTOTCORR,False,0.425,0.414,0.402,0.406,0.40599999999999997,0.40185714285714286,0.02314285714285713,"{""2017-08-20"": 0.403, ""2017-08-21"": 0.405, ""2017-08-22"": 0.397, ""2017-08-23"": 0.39, ""2017-08-24"": 0.39, ""2017-08-25"": 0.403, ""2017-08-26"": 0.425}",ERA5-Land via Open-Meteo Historical Weather API,era5_land,True
BG_0362,938258,Sikkim,27.680480062103182,88.4717839910091,2017-09-20,0,matched_background_pseudo_absence,False,8.845088946339706,3.7965434604042354,42,Copernicus_DSM_COG_10_N27_00_E088_00_DEM,4095.214111328125,30.112307435529456,339.9586911787693,-0.009660883985165233,27.38323388100123,30.715,True,Copernicus DEM GLO-30 via Microsoft Planetary Computer,,,,,,,,,,,False,False,False,Deferred to Stage 7B-2,,,ESA_WorldCover_10m_2021_v200_N27E087,100.0,Moss and lichen,ESA WorldCover 2021 v200,2021,4,True,MOD13Q1.A2017257.h25v06.061.2021285032944,2017-09-21T23:59:59.500000+00:00,1.0,677.0,0.06770000000000001,3.0,Cloudy,False,NASA MODIS MOD13Q1/MYD13Q1 v6.1 16-day 250m,True,,,,,"{""2017-09-14"": null, ""2017-09-15"": null, ""2017-09-16"": null, ""2017-09-17"": null, ""2017-09-18"": null, ""2017-09-19"": null, ""2017-09-20"": null}",NASA POWER Daily API / PRECTOTCORR,False,0.424,0.422,0.41,0.413,0.416,0.4147142857142857,0.009285714285714286,"{""2017-09-14"": 0.422, ""2017-09-15"": 0.416, ""2017-09-16"": 0.412, ""2017-09-17"": 0.405, ""2017-09-18"": 0.41, ""2017-09-19"": 0.414, ""2017-09-20"": 0.424}",ERA5-Land via Open-Meteo Historical Weather API,era5_land,True
BG_0363,938330,Sikkim,27.423797426516945,88.14933752978543,2017-09-20,0,matched_background_pseudo_absence,False,8.866020940934353,3.692000568541474,42,Copernicus_DSM_COG_10_N27_00_E088_00_DEM,3459.771240234375,25.53232599193716,162.07869762912935,-0.0150878241498676,27.44731176030326,30.715,True,Copernicus DEM GLO-30 via Microsoft Planetary Computer,,,,,,,,,,,False,False,False,Deferred to Stage 7B-2,,,ESA_WorldCover_10m_2021_v200_N27E087,10.0,Tree cover,ESA WorldCover 2021 v200,2021,4,True,MOD13Q1.A2017257.h25v06.061.2021285032944,2017-09-21T23:59:59.500000+00:00,1.0,1177.0,0.1177,3.0,Cloudy,False,NASA MODIS MOD13Q1/MYD13Q1 v6.1 16-day 250m,True,,,,,"{""2017-09-14"": null, ""2017-09-15"": null, ""2017-09-16"": null, ""2017-09-17"": null, ""2017-09-18"": null, ""2017-09-19"": null, ""2017-09-20"": null}",NASA POWER Daily API / PRECTOTCORR,False,0.426,0.425,0.403,0.409,0.42133333333333334,0.42042857142857143,0.0055714285714285605,"{""2017-09-14"": 0.424, ""2017-09-15"": 0.422, ""2017-09-16"": 0.417, ""2017-09-17"": 0.416, ""2017-09-18"": 0.422, ""2017-09-19"": 0.416, ""2017-09-20"": 0.426}",ERA5-Land via Open-Meteo Historical Weather API,era5_land,True
BG_0364,1050788,Manipur,24.048965965814563,93.89367544717092,2017-09-21,0,matched_background_pseudo_absence,False,10.225363143587597,7.299643733206922,42,Copernicus_DSM_COG_10_N24_00_E093_00_DEM,1246.9852294921875,29.403644491346125,60.955210723260734,-0.010611118591817785,28.238096642809847,30.715,True,Copernicus DEM GLO-30 via Microsoft Planetary Computer,,,,,,,,,,,False,False,False,Deferred to Stage 7B-2,,,ESA_WorldCover_10m_2021_v200_N24E093,30.0,Grassland,ESA WorldCover 2021 v200,2021,4,True,MOD13Q1.A2017257.h26v06.061.2021285032917,2017-09-21T23:59:59.500000+00:00,0.0,9088.0,0.9088,1.0,Marginal data,True,NASA MODIS MOD13Q1/MYD13Q1 v6.1 16-day 250m,True,0.9088,,,,"{""2017-09-15"": null, ""2017-09-16"": null, ""2017-09-17"": null, ""2017-09-18"": null, ""2017-09-19"": null, ""2017-09-20"": null, ""2017-09-21"": null}",NASA POWER Daily API / PRECTOTCORR,False,0.434,0.454,0.483,0.473,0.4403333333333333,0.4482857142857143,-0.01428571428571429,"{""2017-09-15"": 0.455, ""2017-09-16"": 0.449, ""2017-09-17"": 0.463, ""2017-09-18"": 0.45, ""2017-09-19"": 0.447, ""2017-09-20"": 0.44, ""2017-09-21"": 0.434}",ERA5-Land via Open-Meteo Historical Weather API,era5_land,True
BG_0365,1057697,Manipur,24.916906077915023,93.33491770115046,2017-09-29,0,matched_background_pseudo_absence,False,15.40769752900929,8.371638361675474,42,Copernicus_DSM_COG_10_N24_00_E093_00_DEM,527.0982666015625,22.936401777504983,211.3037626154051,0.011171833763741345,28.043973773556,30.715,True,Copernicus DEM GLO-30 via Microsoft Planetary Computer,,,,,,,,,,,False,False,False,Deferred to Stage 7B-2,,,ESA_WorldCover_10m_2021_v200_N24E093,10.0,Tree cover,ESA WorldCover 2021 v200,2021,4,True,MYD13Q1.A2017265.h26v06.061.2021285231042,2017-09-29T23:59:59.500000+00:00,0.0,8897.0,0.8897,0.0,Good data,True,NASA MODIS MOD13Q1/MYD13Q1 v6.1 16-day 250m,True,0.8897,,,,"{""2017-09-23"": null, ""2017-09-24"": null, ""2017-09-25"": null, ""2017-09-26"": null, ""2017-09-27"": null, ""2017-09-28"": null, ""2017-09-29"": null}",NASA POWER Daily API / PRECTOTCORR,False,0.42,0.415,0.396,0.402,0.4106666666666667,0.39371428571428574,0.026285714285714246,"{""2017-09-23"": 0.386, ""2017-09-24"": 0.378, ""2017-09-25"": 0.38, ""2017-09-26"": 0.38, ""2017-09-27"": 0.41, ""2017-09-28"": 0.402, ""2017-09-29"": 0.42}",ERA5-Land via Open-Meteo Historical Weather API,era5_land,True
BG_0366,1051127,Manipur,24.67577664163224,94.40525882953014,2018-05-10,0,matched_background_pseudo_absence,False,16.71182734463851,3.221120949048849,42,Copernicus_DSM_COG_10_N24_00_E094_00_DEM,919.9072265625,7.20353161821075,311.5248646103322,-0.002657812548943919,28.098552111623988,30.715,True,Copernicus DEM GLO-30 via Microsoft Planetary Computer,,,,,,,,,,,False,False,False,Deferred to Stage 7B-2,,,ESA_WorldCover_10m_2021_v200_N24E093,10.0,Tree cover,ESA WorldCover 2021 v200,2021,3,True,MYD13Q1.A2018121.h26v06.061.2021330094004,2018-05-08T23:59:59.500000+00:00,2.0,6686.0,0.6686000000000001,1.0,Marginal data,True,NASA MODIS MOD13Q1/MYD13Q1 v6.1 16-day 250m,True,0.6686000000000001,,,,"{""2018-05-04"": null, ""2018-05-05"": null, ""2018-05-06"": null, ""2018-05-07"": null, ""2018-05-08"": null, ""2018-05-09"": null, ""2018-05-10"": null}",NASA POWER Daily API / PRECTOTCORR,False,0.386,0.385,0.338,0.351,0.40166666666666667,0.40800000000000003,-0.02200000000000002,"{""2018-05-04"": 0.403, ""2018-05-05"": 0.402, ""2018-05-06"": 0.423, ""2018-05-07"": 0.423, ""2018-05-08"": 0.416, ""2018-05-09"": 0.403, ""2018-05-10"": 0.386}",ERA5-Land via Open-Meteo Historical Weather API,era5_land,True
BG_0367,1050615,Mizoram,23.11974987004149,92.8622119710119,2018-05-12,0,matched_background_pseudo_absence,False,20.969354000520816,4.764282716575151,42,Copernicus_DSM_COG_10_N23_00_E092_00_DEM,418.5549621582031,17.386846420743538,129.76829878147873,-0.0008172174020900267,28.438741173961493,30.715,True,Copernicus DEM GLO-30 via Microsoft Planetary Computer,,,,,,,,,,,False,False,False,Deferred to Stage 7B-2,,,ESA_WorldCover_10m_2021_v200_N21E090,10.0,Tree cover,ESA WorldCover 2021 v200,2021,3,True,MOD13Q1.A2018129.h26v06.061.2021339231700,2018-05-16T23:59:59.500000+00:00,4.0,6852.0,0.6852,1.0,Marginal data,True,NASA MODIS MOD13Q1/MYD13Q1 v6.1 16-day 250m,True,0.6852,,,,"{""2018-05-06"": null, ""2018-05-07"": null, ""2018-05-08"": null, ""2018-05-09"": null, ""2018-05-10"": null, ""2018-05-11"": null, ""2018-05-12"": null}",NASA POWER Daily API / PRECTOTCORR,False,0.364,0.294,0.222,0.247,0.3363333333333334,0.33585714285714285,0.028142857142857136,"{""2018-05-06"": 0.319, ""2018-05-07"": 0.337, ""2018-05-08"": 0.353, ""2018-05-09"": 0.333, ""2018-05-10"": 0.324, ""2018-05-11"": 0.321, ""2018-05-12"": 0.364}",ERA5-Land via Open-Meteo Historical Weather API,era5_land,True
BG_0368,1048345,Tripura,23.673653442603403,91.21794586963264,2018-05-18,0,matched_background_pseudo_absence,False,29.001679489801564,14.281431239960442,42,Copernicus_DSM_COG_10_N23_00_E091_00_DEM,32.932884216308594,15.401047034292796,329.13015505931935,-0.004903758249676321,28.320034531540138,30.715,True,Copernicus DEM GLO-30 via Microsoft Planetary Computer,,,,,,,,,,,False,False,False,Deferred to Stage 7B-2,,,ESA_WorldCover_10m_2021_v200_N21E090,10.0,Tree cover,ESA WorldCover 2021 v200,2021,3,True,MOD13Q1.A2018129.h25v06.061.2021339231702,2018-05-16T23:59:59.500000+00:00,2.0,,,,,False,NASA MODIS MOD13Q1/MYD13Q1 v6.1 16-day 250m,False,,,,,"{""2018-05-12"": null, ""2018-05-13"": null, ""2018-05-14"": null, ""2018-05-15"": null, ""2018-05-16"": null, ""2018-05-17"": null, ""2018-05-18"": null}",NASA POWER Daily API / PRECTOTCORR,False,0.468,0.474,0.478,0.477,0.4613333333333334,0.4548571428571429,0.013142857142857123,"{""2018-05-12"": 0.44, ""2018-05-13"": 0.454, ""2018-05-14"": 0.453, ""2018-05-15"": 0.453, ""2018-05-16"": 0.457, ""2018-05-17"": 0.459, ""2018-05-18"": 0.468}",ERA5-Land via Open-Meteo Historical Weather API,era5_land,True
BG_0369,1048347,Tripura,24.088085624025634,92.10367963502938,2018-05-20,0,matched_background_pseudo_absence,False,30.257182177465765,11.922360212615349,42,Copernicus_DSM_COG_10_N24_00_E092_00_DEM,101.87671661376953,19.54206260994795,330.4251733738177,-0.014263965314810499,28.229486285736584,30.715,True,Copernicus DEM GLO-30 via Microsoft Planetary Computer,,,,,,,,,,,False,False,False,Deferred to Stage 7B-2,,,ESA_WorldCover_10m_2021_v200_N24E090,10.0,Tree cover,ESA WorldCover 2021 v200,2021,3,True,MOD13Q1.A2018129.h25v06.061.2021339231702,2018-05-16T23:59:59.500000+00:00,4.0,,,,,False,NASA MODIS MOD13Q1/MYD13Q1 v6.1 16-day 250m,False,,,,,"{""2018-05-14"": null, ""2018-05-15"": null, ""2018-05-16"": null, ""2018-05-17"": null, ""2018-05-18"": null, ""2018-05-19"": null, ""2018-05-20"": null}",NASA POWER Daily API / PRECTOTCORR,False,0.417,0.421,0.415,0.416,0.421,0.419,-0.0020000000000000018,"{""2018-05-14"": 0.416, ""2018-05-15"": 0.418, ""2018-05-16"": 0.41, ""2018-05-17"": 0.426, ""2018-05-18"": 0.422, ""2018-05-19"": 0.424, ""2018-05-20"": 0.417}",ERA5-Land via Open-Meteo Historical Weather API,era5_land,True
BG_0370,1048360,Tripura,23.85780837753273,92.03142989004688,2018-05-20,0,matched_background_pseudo_absence,False,13.89826596606849,8.900877057860317,42,Copernicus_DSM_COG_10_N23_00_E092_00_DEM,113.0782699584961,3.198836064556492,146.67604906589946,-0.008334285671989457,28.279981618539452,30.715,True,Copernicus DEM GLO-30 via Microsoft Planetary Computer,,,,,,,,,,,False,False,False,Deferred to Stage 7B-2,,,ESA_WorldCover_10m_2021_v200_N21E090,10.0,Tree cover,ESA WorldCover 2021 v200,2021,3,True,MOD13Q1.A2018129.h25v06.061.2021339231702,2018-05-16T23:59:59.500000+00:00,4.0,,,,,False,NASA MODIS MOD13Q1/MYD13Q1 v6.1 16-day 250m,False,,,,,"{""2018-05-14"": null, ""2018-05-15"": null, ""2018-05-16"": null, ""2018-05-17"": null, ""2018-05-18"": null, ""2018-05-19"": null, ""2018-05-20"": null}",NASA POWER Daily API / PRECTOTCORR,False,0.422,0.423,0.422,0.422,0.4243333333333333,0.42242857142857143,-0.0004285714285714448,"{""2018-05-14"": 0.42, ""2018-05-15"": 0.418, ""2018-05-16"": 0.419, ""2018-05-17"": 0.427, ""2018-05-18"": 0.424, ""2018-05-19"": 0.427, ""2018-05-20"": 0.422}",ERA5-Land via Open-Meteo Historical Weather API,era5_land,True
BG_0371,938409,Sikkim,27.88645916562333,88.38418056513244,2018-05-26,0,matched_background_pseudo_absence,False,17.712474634547178,4.600054303702879,42,Copernicus_DSM_COG_10_N27_00_E088_00_DEM,4593.60009765625,11.985865668660958,162.8832969531586,-5.5516216784954966e-05,27.33141603409343,30.715,True,Copernicus DEM GLO-30 via Microsoft Planetary Computer,,,,,,,,,,,False,False,False,Deferred to Stage 7B-2,,,ESA_WorldCover_10m_2021_v200_N27E087,30.0,Grassland,ESA WorldCover 2021 v200,2021,3,True,MYD13Q1.A2018137.h25v06.061.2021340002333,2018-05-24T23:59:59.500000+00:00,2.0,3859.0,0.3859,1.0,Marginal data,True,NASA MODIS MOD13Q1/MYD13Q1 v6.1 16-day 250m,True,0.3859,,,,"{""2018-05-20"": null, ""2018-05-21"": null, ""2018-05-22"": null, ""2018-05-23"": null, ""2018-05-24"": null, ""2018-05-25"": null, ""2018-05-26"": null}",NASA POWER Daily API / PRECTOTCORR,False,0.421,0.4,0.373,0.382,0.41966666666666663,0.4128571428571428,0.008142857142857174,"{""2018-05-20"": 0.402, ""2018-05-21"": 0.405, ""2018-05-22"": 0.41, ""2018-05-23"": 0.414, ""2018-05-24"": 0.418, ""2018-05-25"": 0.42, ""2018-05-26"": 0.421}",ERA5-Land via Open-Meteo Historical Weather API,era5_land,True
BG_0372,1050791,Manipur,25.51848640510125,94.51335592382767,2018-06-03,0,matched_background_pseudo_absence,False,13.625836655228303,7.77883269034248,42,Copernicus_DSM_COG_10_N25_00_E094_00_DEM,880.5419311523438,38.345113588559755,353.4410146234954,0.0038064563135227275,27.905646069774907,30.715,True,Copernicus DEM GLO-30 via Microsoft Planetary Computer,,,,,,,,,,,False,False,False,Deferred to Stage 7B-2,,,ESA_WorldCover_10m_2021_v200_N24E093,10.0,Tree cover,ESA WorldCover 2021 v200,2021,3,True,MOD13Q1.A2018145.h26v06.061.2021339231927,2018-06-01T23:59:59.500000+00:00,2.0,1333.0,0.1333,3.0,Cloudy,False,NASA MODIS MOD13Q1/MYD13Q1 v6.1 16-day 250m,True,,,,,"{""2018-05-28"": null, ""2018-05-29"": null, ""2018-05-30"": null, ""2018-05-31"": null, ""2018-06-01"": null, ""2018-06-02"": null, ""2018-06-03"": null}",NASA POWER Daily API / PRECTOTCORR,False,0.466,0.481,0.47,0.472,0.47333333333333333,0.4697142857142857,-0.00371428571428567,"{""2018-05-28"": 0.467, ""2018-05-29"": 0.468, ""2018-05-30"": 0.46, ""2018-05-31"": 0.473, ""2018-06-01"": 0.481, ""2018-06-02"": 0.473, ""2018-06-03"": 0.466}",ERA5-Land via Open-Meteo Historical Weather API,era5_land,True
BG_0373,1050616,Mizoram,22.838447619656623,93.02764493505114,2018-06-05,0,matched_background_pseudo_absence,False,23.332053958377035,6.515258702561507,42,Copernicus_DSM_COG_10_N22_00_E093_00_DEM,1167.6729736328125,30.929843348153774,344.7522365255283,-0.001375199088591776,28.49800987679291,30.715,True,Copernicus DEM GLO-30 via Microsoft Planetary Computer,,,,,,,,,,,False,False,False,Deferred to Stage 7B-2,,,ESA_WorldCover_10m_2021_v200_N21E093,10.0,Tree cover,ESA WorldCover 2021 v200,2021,3,True,MOD13Q1.A2018145.h26v06.061.2021339231927,2018-06-01T23:59:59.500000+00:00,4.0,5386.0,0.5386000000000001,3.0,Cloudy,False,NASA MODIS MOD13Q1/MYD13Q1 v6.1 16-day 250m,True,,,,,"{""2018-05-30"": null, ""2018-05-31"": null, ""2018-06-01"": null, ""2018-06-02"": null, ""2018-06-03"": null, ""2018-06-04"": null, ""2018-06-05"": null}",NASA POWER Daily API / PRECTOTCORR,False,0.421,0.412,0.294,0.328,0.417,0.39057142857142857,0.030428571428571416,"{""2018-05-30"": 0.348, ""2018-05-31"": 0.375, ""2018-06-01"": 0.373, ""2018-06-02"": 0.387, ""2018-06-03"": 0.415, ""2018-06-04"": 0.415, ""2018-06-05"": 0.421}",ERA5-Land via Open-Meteo Historical Weather API,era5_land,True
BG_0374,938386,Sikkim,27.643283640797573,88.1752878115428,2018-09-14,0,matched_background_pseudo_absence,False,30.38834572413226,7.32532077894813,42,Copernicus_DSM_COG_10_N27_00_E088_00_DEM,4849.38720703125,6.649058202980224,144.2478274390237,-0.0008346930195025431,27.392553621973548,30.715,True,Copernicus DEM GLO-30 via Microsoft Planetary Computer,,,,,,,,,,,False,False,False,Deferred to Stage 7B-2,,,ESA_WorldCover_10m_2021_v200_N27E087,70.0,Snow and ice,ESA WorldCover 2021 v200,2021,3,True,MYD13Q1.A2018249.h25v06.061.2021351015853,2018-09-13T23:59:59.500000+00:00,1.0,24.0,0.0024000000000000002,3.0,Cloudy,False,NASA MODIS MOD13Q1/MYD13Q1 v6.1 16-day 250m,True,,,,,"{""2018-09-08"": null, ""2018-09-09"": null, ""2018-09-10"": null, ""2018-09-11"": null, ""2018-09-12"": null, ""2018-09-13"": null, ""2018-09-14"": null}",NASA POWER Daily API / PRECTOTCORR,False,0.426,0.429,0.416,0.42,0.42566666666666664,0.42157142857142854,0.004428571428571448,"{""2018-09-08"": 0.401, ""2018-09-09"": 0.414, ""2018-09-10"": 0.431, ""2018-09-11"": 0.428, ""2018-09-12"": 0.429, ""2018-09-13"": 0.422, ""2018-09-14"": 0.426}",ERA5-Land via Open-Meteo Historical Weather API,era5_land,True
BG_0375,938402,Sikkim,27.84331150183029,88.49295991541865,2018-09-14,0,matched_background_pseudo_absence,False,6.22140063655,1.3043114763359995,42,Copernicus_DSM_COG_10_N27_00_E088_00_DEM,4621.7646484375,20.85962098694671,309.9387262671205,0.009485310249201911,27.34229989511056,30.715,True,Copernicus DEM GLO-30 via Microsoft Planetary Computer,,,,,,,,,,,False,False,False,Deferred to Stage 7B-2,,,ESA_WorldCover_10m_2021_v200_N27E087,100.0,Moss and lichen,ESA WorldCover 2021 v200,2021,3,True,MYD13Q1.A2018249.h25v06.061.2021351015853,2018-09-13T23:59:59.500000+00:00,1.0,4775.0,0.47750000000000004,1.0,Marginal data,True,NASA MODIS MOD13Q1/MYD13Q1 v6.1 16-day 250m,True,0.47750000000000004,,,,"{""2018-09-08"": null, ""2018-09-09"": null, ""2018-09-10"": null, ""2018-09-11"": null, ""2018-09-12"": null, ""2018-09-13"": null, ""2018-09-14"": null}",NASA POWER Daily API / PRECTOTCORR,False,0.429,0.429,0.422,0.424,0.429,0.429,0.0,"{""2018-09-08"": 0.427, ""2018-09-09"": 0.43, ""2018-09-10"": 0.43, ""2018-09-11"": 0.429, ""2018-09-12"": 0.429, ""2018-09-13"": 0.429, ""2018-09-14"": 0.429}",ERA5-Land via Open-Meteo Historical Weather API,era5_land,True
BG_0376,938400,Sikkim,27.94353791690872,88.49576252246484,2018-09-14,0,matched_background_pseudo_absence,False,13.094364257063198,6.892453606192602,42,Copernicus_DSM_COG_10_N27_00_E088_00_DEM,4560.22021484375,27.119093606863757,66.89056451015267,-0.0001447301827312598,27.31699428695567,30.715,True,Copernicus DEM GLO-30 via Microsoft Planetary Computer,,,,,,,,,,,False,False,False,Deferred to Stage 7B-2,,,ESA_WorldCover_10m_2021_v200_N27E087,100.0,Moss and lichen,ESA WorldCover 2021 v200,2021,3,True,MYD13Q1.A2018249.h25v06.061.2021351015853,2018-09-13T23:59:59.500000+00:00,1.0,6672.0,0.6672,1.0,Marginal data,True,NASA MODIS MOD13Q1/MYD13Q1 v6.1 16-day 250m,True,0.6672,,,,"{""2018-09-08"": null, ""2018-09-09"": null, ""2018-09-10"": null, ""2018-09-11"": null, ""2018-09-12"": null, ""2018-09-13"": null, ""2018-09-14"": null}",NASA POWER Daily API / PRECTOTCORR,False,0.426,0.425,0.42,0.421,0.4263333333333333,0.422,0.0040000000000000036,"{""2018-09-08"": 0.412, ""2018-09-09"": 0.416, ""2018-09-10"": 0.421, ""2018-09-11"": 0.426, ""2018-09-12"": 0.427, ""2018-09-13"": 0.426, ""2018-09-14"": 0.426}",ERA5-Land via Open-Meteo Historical Weather API,era5_land,True
BG_0377,938420,Sikkim,27.44273199452474,88.2378834818042,2018-09-15,0,matched_background_pseudo_absence,False,11.155027800715027,2.74966667794234,42,Copernicus_DSM_COG_10_N27_00_E088_00_DEM,3204.314697265625,46.085474438847115,229.84435944114975,0.011006251696195641,27.44260376564928,30.715,True,Copernicus DEM GLO-30 via Microsoft Planetary Computer,,,,,,,,,,,False,False,False,Deferred to Stage 7B-2,,,ESA_WorldCover_10m_2021_v200_N27E087,10.0,Tree cover,ESA WorldCover 2021 v200,2021,3,True,MYD13Q1.A2018249.h25v06.061.2021351015853,2018-09-13T23:59:59.500000+00:00,2.0,1267.0,0.1267,3.0,Cloudy,False,NASA MODIS MOD13Q1/MYD13Q1 v6.1 16-day 250m,True,,,,,"{""2018-09-09"": null, ""2018-09-10"": null, ""2018-09-11"": null, ""2018-09-12"": null, ""2018-09-13"": null, ""2018-09-14"": null, ""2018-09-15"": null}",NASA POWER Daily API / PRECTOTCORR,False,0.426,0.427,0.428,0.427,0.427,0.42757142857142855,-0.001571428571428557,"{""2018-09-09"": 0.427, ""2018-09-10"": 0.428, ""2018-09-11"": 0.429, ""2018-09-12"": 0.428, ""2018-09-13"": 0.428, ""2018-09-14"": 0.427, ""2018-09-15"": 0.426}",ERA5-Land via Open-Meteo Historical Weather API,era5_land,True
BG_0378,938385,Sikkim,27.519427877562293,88.74740633680099,2018-09-15,0,matched_background_pseudo_absence,False,10.453889471164455,8.742497344551166,42,Copernicus_DSM_COG_10_N27_00_E088_00_DEM,4472.8544921875,37.58127442865102,273.0656735110352,-0.0007443087538993841,27.42350303054403,30.715,True,Copernicus DEM GLO-30 via Microsoft Planetary Computer,,,,,,,,,,,False,False,False,Deferred to Stage 7B-2,,,ESA_WorldCover_10m_2021_v200_N27E087,100.0,Moss and lichen,ESA WorldCover 2021 v200,2021,3,True,MYD13Q1.A2018249.h25v06.061.2021351015853,2018-09-13T23:59:59.500000+00:00,2.0,4141.0,0.4141,1.0,Marginal data,True,NASA MODIS MOD13Q1/MYD13Q1 v6.1 16-day 250m,True,0.4141,,,,"{""2018-09-09"": null, ""2018-09-10"": null, ""2018-09-11"": null, ""2018-09-12"": null, ""2018-09-13"": null, ""2018-09-14"": null, ""2018-09-15"": null}",NASA POWER Daily API / PRECTOTCORR,False,0.418,0.42,0.424,0.422,0.4206666666666667,0.42442857142857143,-0.00642857142857145,"{""2018-09-09"": 0.426, ""2018-09-10"": 0.428, ""2018-09-11"": 0.428, ""2018-09-12"": 0.427, ""2018-09-13"": 0.42, ""2018-09-14"": 0.424, ""2018-09-15"": 0.418}",ERA5-Land via Open-Meteo Historical Weather API,era5_land,True
BG_0379,938429,Sikkim,28.00692166031143,88.708034062364,2018-09-17,0,matched_background_pseudo_absence,False,23.95512787963956,2.483851611651755,42,Copernicus_DSM_COG_10_N28_00_E088_00_DEM,5306.00634765625,19.993810946640682,57.35295789971207,-0.00035527125676263437,27.300947727924196,30.715,True,Copernicus DEM GLO-30 via Microsoft Planetary Computer,,,,,,,,,,,False,False,False,Deferred to Stage 7B-2,,,ESA_WorldCover_10m_2021_v200_N27E087,60.0,Bare / sparse vegetation,ESA WorldCover 2021 v200,2021,3,True,MOD13Q1.A2018257.h25v06.061.2021350195800,2018-09-21T23:59:59.500000+00:00,4.0,-15.0,-0.0015,3.0,Cloudy,False,NASA MODIS MOD13Q1/MYD13Q1 v6.1 16-day 250m,True,,,,,"{""2018-09-11"": null, ""2018-09-12"": null, ""2018-09-13"": null, ""2018-09-14"": null, ""2018-09-15"": null, ""2018-09-16"": null, ""2018-09-17"": null}",NASA POWER Daily API / PRECTOTCORR,False,0.345,0.356,0.331,0.337,0.357,0.3657142857142857,-0.02071428571428574,"{""2018-09-11"": 0.371, ""2018-09-12"": 0.378, ""2018-09-13"": 0.368, ""2018-09-14"": 0.372, ""2018-09-15"": 0.369, ""2018-09-16"": 0.357, ""2018-09-17"": 0.345}",ERA5-Land via Open-Meteo Historical Weather API,era5_land,True
BG_0380,1050715,Assam,26.833573861722023,93.47611186331372,2018-12-18,0,matched_background_pseudo_absence,False,31.10075535957897,14.805571500721216,42,Copernicus_DSM_COG_10_N26_00_E093_00_DEM,81.44949340820312,0.48434407180820854,151.3524652181518,0.00023248265680846114,27.59256255756797,30.715,True,Copernicus DEM GLO-30 via Microsoft Planetary Computer,,,,,,,,,,,False,False,False,Deferred to Stage 7B-2,,,ESA_WorldCover_10m_2021_v200_N24E093,40.0,Cropland,ESA WorldCover 2021 v200,2021,3,True,MYD13Q1.A2018345.h26v06.061.2021351021837,2018-12-18T23:59:59.500000+00:00,0.0,4072.0,0.4072,0.0,Good data,True,NASA MODIS MOD13Q1/MYD13Q1 v6.1 16-day 250m,True,0.4072,,,,"{""2018-12-12"": null, ""2018-12-13"": null, ""2018-12-14"": null, ""2018-12-15"": null, ""2018-12-16"": null, ""2018-12-17"": null, ""2018-12-18"": null}",NASA POWER Daily API / PRECTOTCORR,False,0.406,0.313,0.358,0.352,0.32033333333333336,0.2985714285714286,0.10742857142857143,"{""2018-12-12"": 0.285, ""2018-12-13"": 0.283, ""2018-12-14"": 0.281, ""2018-12-15"": 0.28, ""2018-12-16"": 0.278, ""2018-12-17"": 0.277, ""2018-12-18"": 0.406}",ERA5-Land via Open-Meteo Historical Weather API,era5_land,True
BG_0381,1050610,Mizoram,23.85182788493253,92.31436468713656,2021-06-12,0,matched_background_pseudo_absence,False,22.94917247874758,6.259993046133785,42,Copernicus_DSM_COG_10_N23_00_E092_00_DEM,139.92825317382812,3.874833991652978,35.02219529695611,0.0034013992136013517,28.281286942137243,30.715,True,Copernicus DEM GLO-30 via Microsoft Planetary Computer,,,,,,,,,,,False,False,False,Deferred to Stage 7B-2,,,ESA_WorldCover_10m_2021_v200_N21E090,10.0,Tree cover,ESA WorldCover 2021 v200,2021,0,True,MYD13Q1.A2021153.h25v06.061.2021170023635,2021-06-09T23:59:59.500000+00:00,3.0,,,,,False,NASA MODIS MOD13Q1/MYD13Q1 v6.1 16-day 250m,False,,,,,"{""2021-06-06"": null, ""2021-06-07"": null, ""2021-06-08"": null, ""2021-06-09"": null, ""2021-06-10"": null, ""2021-06-11"": null, ""2021-06-12"": null}",NASA POWER Daily API / PRECTOTCORR,False,0.413,0.403,0.302,0.331,0.4086666666666667,0.4045714285714285,0.008428571428571452,"{""2021-06-06"": 0.403, ""2021-06-07"": 0.41, ""2021-06-08"": 0.409, ""2021-06-09"": 0.384, ""2021-06-10"": 0.406, ""2021-06-11"": 0.407, ""2021-06-12"": 0.413}",ERA5-Land via Open-Meteo Historical Weather API,era5_land,True
