grid_id,state,latitude,longitude,inference_date,elevation_m,slope_deg,aspect_deg,curvature_1_per_m,land_cover_code,land_cover,ndvi_model_value,ndvi_pixel_reliability,ndvi_missing,distance_to_road_m,distance_to_river_m,rainfall_24h_mm,rainfall_72h_mm,rainfall_7d_mm,soil_moisture_surface_m3_m3,soil_moisture_7_28cm_m3_m3,soil_moisture_28_100cm_m3_m3,soil_moisture_0_100cm_m3_m3,soil_moisture_surface_3d_mean_m3_m3,soil_moisture_surface_7d_mean_m3_m3,soil_moisture_surface_anomaly_vs_7d,aspect_sin,aspect_cos,prob_xgboost,prob_lightgbm,prob_random_forest,risk_probability,risk_level,prototype_alert_threshold,prototype_alert,grid_resolution_deg
NER_000001,Arunachal Pradesh,26.8,95.4,2026-08-30,1207.6102294921875,38.99015523904544,291.78963403381624,0.0026428414685363,10.0,Tree cover,,,1,38951.05479747422,358675.4913246092,7.16,20.37,134.53,,,,,,,,-0.9285529996428432,0.37119984759463187,0.042960804,0.007801254593785766,0.21263697070916976,0.08779967673002381,LOW,0.3,False,0.2
NER_000002,Arunachal Pradesh,27.0,92.2,2026-08-30,1351.8416748046875,35.400496313510786,16.67909280313046,0.0055802670683923,,,,,1,3616.753346944145,3642.1733943104578,9.36,25.7,86.53000000000002,,,,,,,,0.28701099185076084,0.9579272887630055,0.08725179,0.052994716184877194,0.2381892289205484,0.1261452449911012,LOW,0.3,False,0.2
NER_000003,Arunachal Pradesh,27.0,92.4,2026-08-30,512.7823486328125,42.665355819743326,178.07806024761794,-0.0032565557242834,,,,,1,1498.9832633474623,145.97304833377143,9.36,25.7,86.53000000000002,,,,,,,,0.033537886340751784,-0.999437446856878,0.23528074,0.03304705367488933,0.2620132543103656,0.17678034842203352,LOW,0.3,False,0.2
NER_000004,Arunachal Pradesh,27.0,92.6,2026-08-30,260.8676147460937,23.669611349923223,287.85288099846827,0.0039455747536007,,,,,1,2964.576179277491,2657.716788048024,9.36,25.7,86.53000000000002,,,,,,,,-0.9518468465268278,0.306573940113855,0.024718752,0.002727716227598437,0.16826854501678987,0.06523833779175145,LOW,0.3,False,0.2
NER_000005,Arunachal Pradesh,27.0,93.0,2026-08-30,385.2584228515625,29.248778947234268,220.3317938480145,-0.0050082088695473,,,,,1,3115.084983522119,2529.377341645792,9.46,26.61,91.13999999999999,,,,,,,,-0.6472128901545974,-0.7623093039034307,0.01944893,0.0020204476157664446,0.14963909293007027,0.057036157136375915,LOW,0.3,False,0.2
NER_000006,Arunachal Pradesh,27.0,93.2,2026-08-30,246.36019897460935,14.89804781031968,190.18507710643613,0.0032547698314275,,,,,1,4221.321146846127,813.27071628042,9.46,26.61,91.13999999999999,,,,,,,,-0.17682839700071948,-0.9842416969495633,0.030268958,0.004206933607914257,0.15330902711951838,0.06259497285528291,LOW,0.3,False,0.2
NER_000007,Arunachal Pradesh,27.0,93.4,2026-08-30,416.8906555175781,31.88988782989934,1.1558666575719485,0.0116640193258008,,,,,1,3528.419925666516,229.676804570891,9.46,26.61,91.13999999999999,,,,,,,,0.020172310544869107,0.9997965182412276,0.1593681,0.10273793278911751,0.3213847650635062,0.1944969318782529,LOW,0.3,False,0.2
NER_000008,Arunachal Pradesh,27.0,93.6,2026-08-30,253.6912841796875,36.68886434653341,310.7127855173901,0.0076118260391888,,,,,1,1351.5442964192362,1284.372155327204,9.49,20.990000000000002,76.21999999999998,,,,,,,,-0.7579888019716948,0.6522675647964681,0.46986505,0.5538365383419157,0.3911548542881182,0.4716188254414973,MODERATE,0.3,True,0.2
NER_000009,Arunachal Pradesh,27.0,95.2,2026-08-30,219.56292724609372,15.31179770294894,69.99161446417094,-0.0138224200743187,,,,,1,462.84780077459965,97.62585450196656,7.63,16.93,70.5,,,,,,,,0.9396425542922319,0.34215766857279434,0.25910616,0.09849157828234423,0.32456876432917287,0.2273888389076278,LOW,0.3,False,0.2
NER_000010,Arunachal Pradesh,27.0,95.4,2026-08-30,568.6338500976562,20.81992509586249,317.9324521886317,-0.0052262678267348,,,,,1,335.064097493016,1739.2107012397214,7.16,20.37,134.53,,,,,,,,-0.6700062581508871,0.7423554499285682,0.5758738,0.7207716997805421,0.542374324101657,0.6130066103182794,HIGH,0.3,True,0.2
NER_000011,Arunachal Pradesh,27.0,95.6,2026-08-30,1715.2947998046875,27.928368620694798,176.8460056453979,-0.0068399167896274,,,,,1,2248.921012723544,808.7303110528369,7.16,20.37,134.53,,,,,,,,0.055019789086129554,-0.9984852641921752,0.11708,0.03570559251774823,0.2391332666030904,0.13063962319818892,LOW,0.3,False,0.2
NER_000012,Arunachal Pradesh,27.2,92.2,2026-08-30,2940.041748046875,38.09382893185997,108.53303788703728,0.004249113533693,10.0,Tree cover,,,1,2074.3227350332604,3002.6961646247205,9.36,25.7,86.53000000000002,,,,,,,,0.9481405333806591,-0.31785142592198545,0.6158367,0.1857130334636943,0.39794162616221757,0.39983045645456317,MODERATE,0.3,True,0.2
NER_000013,Arunachal Pradesh,27.2,92.4,2026-08-30,1494.866455078125,7.334017065906999,323.7125529364183,0.003549611857381,30.0,Grassland,,,1,19.08191857105808,66.6100170487634,9.36,25.7,86.53000000000002,,,,,,,,-0.5918365937073649,0.806057967114564,0.96327364,0.9878504605758966,0.8812498065434198,0.9441246570570959,CRITICAL,0.3,True,0.2
NER_000014,Arunachal Pradesh,27.2,92.6,2026-08-30,1043.3665771484375,32.021955031360285,202.91131781179664,0.0188856468293051,10.0,Tree cover,,,1,454.66083914527366,7.032106669962762,9.36,25.7,86.53000000000002,,,,,,,,-0.3893059071377345,-0.9211085227418458,0.36505306,0.4255365589234642,0.46211280138085015,0.41756747762535623,MODERATE,0.3,True,0.2
NER_000015,Arunachal Pradesh,27.2,92.8,2026-08-30,1518.6328125,26.351568187922627,137.14975940880254,-0.0006990529280276,10.0,Tree cover,,,1,7887.391664018901,2249.879894627092,9.36,25.7,86.53000000000002,,,,,,,,0.6800844240804043,-0.733133805061003,0.05458258,0.01750889019279863,0.19775711993900705,0.08994953159371002,LOW,0.3,False,0.2
NER_000016,Arunachal Pradesh,27.2,93.0,2026-08-30,1378.2342529296875,38.51423058610935,355.6400932235148,-0.0063650802965296,10.0,Tree cover,,,1,4549.511400382428,2594.0466476303823,9.46,26.61,91.13999999999999,,,,,,,,-0.07602131300492078,0.9971061929248097,0.052453507,0.019842636930583878,0.24873048910821363,0.10700887821313004,LOW,0.3,False,0.2
NER_000017,Arunachal Pradesh,27.2,93.2,2026-08-30,1805.72412109375,25.60883299328498,227.0205931029804,0.008800615027309,10.0,Tree cover,,,1,506.6155324004709,4045.8603302973515,9.46,26.61,91.13999999999999,,,,,,,,-0.7315987764870487,-0.6817354547349384,0.5319177,0.7943543869221095,0.45267285291928233,0.5929816536248294,HIGH,0.3,True,0.2
NER_000018,Arunachal Pradesh,27.2,93.4,2026-08-30,1289.3294677734375,31.55858873968056,12.209883442062448,-0.0114287189467983,10.0,Tree cover,,,1,1446.4034621794037,1366.9244716478609,9.46,26.61,91.13999999999999,,,,,,,,0.21149339618916613,0.9773794265117168,0.44005567,0.1721168789288481,0.35225254598506583,0.32147503605636985,MODERATE,0.3,True,0.2
NER_000019,Arunachal Pradesh,27.2,93.6,2026-08-30,810.5845947265625,38.2734961243182,355.0633785292506,0.0067386560797992,10.0,Tree cover,,,1,740.894920454573,596.3708684908622,9.49,20.990000000000002,76.21999999999998,,,,,,,,-0.08605373492808276,0.9962904971467546,0.17595384,0.08219903016446249,0.3187034438949453,0.19228543767788175,LOW,0.3,False,0.2
NER_000020,Arunachal Pradesh,27.2,93.8,2026-08-30,280.0218200683594,25.332323066731536,11.369729236814749,-0.0104451865416801,10.0,Tree cover,,,1,230.27209004757296,509.29371487177906,9.49,20.990000000000002,76.21999999999998,,,,,,,,0.1971394115543206,0.9803754650194059,0.5658328,0.415794062777366,0.6560053108790136,0.545877399057106,HIGH,0.3,True,0.2
NER_000021,Arunachal Pradesh,27.2,95.6,2026-08-30,696.9422607421875,23.383157049716303,305.4131565930866,-0.0003515872119125,10.0,Tree cover,,,1,2153.5211201890775,2557.7181189966386,7.16,20.37,134.53,,,,,,,,-0.8149947562978328,0.5794683314962398,0.26171803,0.05624911425602028,0.3053353150655605,0.20776749050547466,LOW,0.3,False,0.2
NER_000022,Arunachal Pradesh,27.2,95.8,2026-08-30,843.2741088867188,20.21686235500325,167.03421766359156,0.0041009236277039,10.0,Tree cover,,,1,1267.483010749883,1985.6669064050122,7.16,20.37,134.53,,,,,,,,0.22436910984729888,-0.9745042342372509,0.47756845,0.5020540008141,0.4047816130332997,0.4614680304131988,MODERATE,0.3,True,0.2
NER_000023,Arunachal Pradesh,27.2,96.0,2026-08-30,1167.9874267578125,21.754459622405832,307.5626691740049,0.0017324741874643,10.0,Tree cover,,,1,175.5380913043573,3340.610317546623,9.52,30.279999999999998,127.57000000000001,,,,,,,,-0.7926870126937113,0.609628821420641,0.5703854,0.4762000897194386,0.7212657210519777,0.5892837456847664,HIGH,0.3,True,0.2
NER_000024,Arunachal Pradesh,27.2,97.0,2026-08-30,1188.34619140625,2.436196149153962,264.1129532864591,-0.00103209940455,30.0,Grassland,,,1,566.2362334092741,33.17741493952421,13.6,36.29,81.10999999999999,,,,,,,,-0.9947260307763267,-0.10256765423843113,0.1509247,0.03229939945138283,0.34964660528392233,0.17762356990141148,LOW,0.3,False,0.2
NER_000025,Arunachal Pradesh,27.4,92.2,2026-08-30,1695.128662109375,8.29880208401064,128.62818870108947,0.0010069831027958,40.0,Cropland,,,1,545.1332290339406,300.2558386189257,9.54,29.549999999999997,104.52000000000001,,,,,,,,0.7812134380414033,-0.6242640180432719,0.4521214,0.1867164171929674,0.3024358354797144,0.31375789145581245,MODERATE,0.3,True,0.2
NER_000026,Arunachal Pradesh,27.4,92.4,2026-08-30,2122.871337890625,12.98422020808062,130.42820190507376,0.0019269856558107,10.0,Tree cover,,,1,1313.023275919568,7517.110408805717,9.54,29.549999999999997,104.52000000000001,,,,,,,,0.7612192002488282,-0.6484946639507024,0.5937135,0.7405366900921595,0.42002591889283064,0.584758715281183,HIGH,0.3,True,0.2
NER_000027,Arunachal Pradesh,27.4,92.6,2026-08-30,2071.492919921875,19.74962264448233,266.48919821719414,-0.0002998670369164,10.0,Tree cover,,,1,1113.501188186144,2407.1947501742743,9.54,29.549999999999997,104.52000000000001,,,,,,,,-0.9981232714057534,-0.061236713483634526,0.30861482,0.2888735515911972,0.3577893059127033,0.3184258975489966,MODERATE,0.3,True,0.2
NER_000028,Arunachal Pradesh,27.4,92.8,2026-08-30,693.3298950195312,6.864017982330137,110.68675553839672,0.0029269982015755,10.0,Tree cover,,,1,2041.5743998246537,30.43198081021639,9.54,29.549999999999997,104.52000000000001,,,,,,,,0.9355257148914972,-0.3532585975977842,0.28757477,0.08015461633163865,0.2813938005736281,0.21637439995761137,LOW,0.3,False,0.2
NER_000029,Arunachal Pradesh,27.4,93.0,2026-08-30,743.723388671875,23.41810344659332,271.466874136161,0.0007882128640714,10.0,Tree cover,,,1,565.6399078047231,807.1335635861045,11.72,29.32,110.56,,,,,,,,-0.999672292243961,0.025598986692925034,0.049218733,0.006574647786144823,0.18452604962913188,0.08010647800141055,LOW,0.3,False,0.2
NER_000030,Arunachal Pradesh,27.4,93.2,2026-08-30,2578.244384765625,28.35099472230576,159.26524797898594,-0.0010082487782322,10.0,Tree cover,,,1,6597.931347603928,5518.828356737881,11.72,29.32,110.56,,,,,,,,0.3540421603173881,-0.9352294631360781,0.018984705,0.007078840069193284,0.15930689747064808,0.061790147893632,LOW,0.3,False,0.2
NER_000031,Arunachal Pradesh,27.4,93.4,2026-08-30,2587.832275390625,24.668420787579493,150.05405729955544,-0.0052861342587646,10.0,Tree cover,,,1,8114.523537067159,670.7487262920306,11.72,29.32,110.56,,,,,,,,0.4991827017872353,-0.8664967571990078,0.026613012,0.006890104118394699,0.11558842618835215,0.049697180754320586,LOW,0.3,False,0.2
NER_000032,Arunachal Pradesh,27.4,93.6,2026-08-30,1668.8448486328125,15.302024646038271,283.18192459508623,0.0036826497065207,10.0,Tree cover,,,1,5055.441743128689,4181.851295775957,10.01,21.979999999999997,92.04,,,,,,,,-0.9736508934903613,0.22804371862741837,0.06178429,0.009469247941431355,0.18219909517216737,0.0844842122053893,LOW,0.3,False,0.2
NER_000033,Arunachal Pradesh,27.4,93.8,2026-08-30,1487.96240234375,11.80117723220059,130.72594642898173,0.0001974687854773,10.0,Tree cover,,,1,1997.3534113521666,4133.17345170531,10.01,21.979999999999997,92.04,,,,,,,,0.7578389553079201,-0.6524416585548475,0.74426526,0.8449558806736716,0.4077218113518994,0.6656476501125987,HIGH,0.3,True,0.2
NER_000034,Arunachal Pradesh,27.4,94.0,2026-08-30,911.5718994140624,46.9040096551396,165.31310924131958,0.0081314325208063,10.0,Tree cover,,,1,5745.318335076313,2128.0567613259836,10.01,21.979999999999997,92.04,,,,,,,,0.2535366276405555,-0.967325787128956,0.13205025,0.05781281942303742,0.32728429417311894,0.1723824531988154,LOW,0.3,False,0.2
NER_000035,Arunachal Pradesh,27.4,96.0,2026-08-30,209.436767578125,1.7376258280107064,69.10396858349111,0.0004379408903425,10.0,Tree cover,,,1,426.130849791253,565.5386342822878,11.52,24.22,126.86,,,,,,,,0.9342291814835295,0.3566732909324924,0.15705328,0.04255782959286364,0.2581995915797544,0.15260356850655848,LOW,0.3,False,0.2
NER_000036,Arunachal Pradesh,27.4,96.2,2026-08-30,300.1459655761719,20.502315360284413,317.02907717740686,0.0021490035945699,10.0,Tree cover,,,1,4046.555190867225,286.9804145473087,11.52,24.22,126.86,,,,,,,,-0.6816271157486244,0.7316997164658541,0.022657525,0.002534255957313346,0.13616809417139392,0.05378662497434913,LOW,0.3,False,0.2
NER_000037,Arunachal Pradesh,27.4,96.4,2026-08-30,1522.228759765625,20.917052169659893,225.1185359551917,-0.0012225294232107,10.0,Tree cover,,,1,6294.621189333202,7132.342422835389,11.52,24.22,126.86,,,,,,,,-0.7085681595985294,-0.7056423762807567,0.029384196,0.015492239525035456,0.18888660159456178,0.0779210129289461,LOW,0.3,False,0.2
NER_000038,Arunachal Pradesh,27.4,96.6,2026-08-30,1465.0252685546875,33.329386427025106,25.2787936358406,-0.0004253270793691,10.0,Tree cover,,,1,6321.497559809264,1062.0250744549796,16.83,36.949999999999996,76.91,,,,,,,,0.4270232142969471,0.904240661799448,0.017802114,0.0022675934359421526,0.12779832367508528,0.04928934390316016,LOW,0.3,False,0.2
NER_000039,Arunachal Pradesh,27.4,96.8,2026-08-30,1083.43603515625,1.8713061302511744,161.30258899009266,0.0017981215156653,10.0,Tree cover,,,1,1731.0615864207555,265.2441228795146,16.83,36.949999999999996,76.91,,,,,,,,0.32057018923453723,-0.9472247641263044,0.20204908,0.04663740678735383,0.2367942997188877,0.16182693017132718,LOW,0.3,False,0.2
NER_000040,Arunachal Pradesh,27.6,91.6,2026-08-30,3386.62744140625,19.80209753339758,172.27504993819673,0.0010929587000772,10.0,Tree cover,,,1,4504.628988906553,1786.733091501986,21.01,61.730000000000004,130.52999999999997,,,,,,,,0.13441770696565428,-0.9909247600368534,0.022723129,0.003634383254575738,0.16154189332795157,0.06263313551099703,LOW,0.3,False,0.2
NER_000041,Arunachal Pradesh,27.6,91.8,2026-08-30,3392.436767578125,46.54972064206009,171.7849066569636,0.015808391002071,10.0,Tree cover,,,1,2271.943510723682,3612.099164283305,21.01,61.730000000000004,130.52999999999997,,,,,,,,0.14288966405230152,-0.9897386240351643,0.21616313,0.1740355831876913,0.35019257777696,0.24679709900988583,LOW,0.3,False,0.2
NER_000042,Arunachal Pradesh,27.6,92.0,2026-08-30,2740.812744140625,22.79738616083003,357.3551325544605,0.001755647000541,30.0,Grassland,,,1,943.927687389972,1033.90763061154,21.01,61.730000000000004,130.52999999999997,,,,,,,,-0.04614525266114834,0.9989347404394537,0.29702225,0.06958555477796478,0.35982490224240804,0.24214423924862366,LOW,0.3,False,0.2
NER_000043,Arunachal Pradesh,27.6,92.2,2026-08-30,4575.56494140625,32.622820398489885,274.1259729804263,-0.0155334539093593,100.0,Moss and lichen,,,1,8507.450380771877,1078.0820797654771,9.54,29.549999999999997,104.52000000000001,,,,,,,,-0.9974082696539373,0.07194959086707056,0.0031593826,0.00043735050563715745,0.06670313838094023,0.023433290538789498,LOW,0.3,False,0.2
NER_000044,Arunachal Pradesh,27.6,92.4,2026-08-30,4398.5791015625,17.69011638686059,150.61752506867435,-3.0630946548978327e-06,100.0,Moss and lichen,,,1,4405.836730109035,2057.8563339647853,9.54,29.549999999999997,104.52000000000001,,,,,,,,0.49063725235657135,-0.8713639231687264,0.0072896467,0.0009371796080563256,0.06617652746082356,0.024801117986918978,LOW,0.3,False,0.2
NER_000045,Arunachal Pradesh,27.6,92.6,2026-08-30,2946.918701171875,23.31617149069022,173.07247598638855,0.0101939186179401,10.0,Tree cover,,,1,17820.055314707744,1589.0133792999184,9.54,29.549999999999997,104.52000000000001,,,,,,,,0.12061373035339262,-0.992699515488065,0.03485417,0.014330075855942847,0.189141406295143,0.07944188464957301,LOW,0.3,False,0.2
NER_000046,Arunachal Pradesh,27.6,92.8,2026-08-30,2106.443359375,22.203029567283597,173.4486082636122,-0.0058079488318117,10.0,Tree cover,,,1,3949.3874243855184,2229.056166177968,9.54,29.549999999999997,104.52000000000001,,,,,,,,0.11409435736285746,-0.9934699178223549,0.05722083,0.014885191351779669,0.19425101931880473,0.08878568134887813,LOW,0.3,False,0.2
NER_000047,Arunachal Pradesh,27.6,93.0,2026-08-30,1001.2960205078124,23.17628669985829,112.23258758301694,0.0036466224721179,10.0,Tree cover,,,1,189.68186421349546,1702.6396410091727,11.72,29.32,110.56,,,,,,,,0.925655534107515,-0.37836732440332527,0.76531935,0.7751743790902464,0.7505809288191558,0.7636915517636647,CRITICAL,0.3,True,0.2
NER_000048,Arunachal Pradesh,27.6,93.2,2026-08-30,2541.9775390625,3.2347014269769887,88.51712292018999,0.0143320304672095,30.0,Grassland,,,1,5774.130849700958,4744.099710240854,11.72,29.32,110.56,,,,,,,,0.9996651033506282,0.025878198217377836,0.18460403,0.11827375534707146,0.32238415214344224,0.2084206495896253,LOW,0.3,False,0.2
NER_000049,Arunachal Pradesh,27.6,93.4,2026-08-30,2212.02978515625,43.368546152191314,168.63671474576938,-0.0024841137286017,10.0,Tree cover,,,1,14514.167179533846,8008.963106663114,11.72,29.32,110.56,,,,,,,,0.19702914874088287,-0.9803976308347767,0.050471086,0.026865593825709688,0.25455363761551897,0.11063010645297139,LOW,0.3,False,0.2
NER_000050,Arunachal Pradesh,27.6,93.6,2026-08-30,1804.21728515625,9.350675839527849,224.33544658143975,0.0057500250378005,10.0,Tree cover,,,1,4857.999495314285,6445.439224503409,10.01,21.979999999999997,92.04,,,,,,,,-0.6988579218950921,-0.7152605154798309,0.12712395,0.0957644720566313,0.2696413446553089,0.16417659078305225,LOW,0.3,False,0.2
NER_000051,Arunachal Pradesh,27.6,93.8,2026-08-30,1782.037353515625,23.54325452433896,118.51636223440812,-0.0025298413528785,10.0,Tree cover,,,1,1703.420640541208,2594.4721764011238,10.01,21.979999999999997,92.04,,,,,,,,0.8786808122809471,-0.4774097088762388,0.6116728,0.6659229983691839,0.40686294173574833,0.5614862628559969,HIGH,0.3,True,0.2
NER_000052,Arunachal Pradesh,27.6,94.0,2026-08-30,2241.9560546875,36.65406631525893,283.1385488331528,-0.0034717037284976,10.0,Tree cover,,,1,11324.462875008612,12228.922244852203,10.01,21.979999999999997,92.04,,,,,,,,-0.9738232549278538,0.2273065510752391,0.04403246,0.017657612151188447,0.1771478500257022,0.07961264044138838,LOW,0.3,False,0.2
NER_000053,Arunachal Pradesh,27.6,94.2,2026-08-30,332.4701538085937,45.67090615224954,267.7071287668972,-0.0018160388474105,10.0,Tree cover,,,1,8232.907419235124,559.83721811951,12.59,20.27,71.11,,,,,,,,-0.9991993805962892,-0.04000747200201366,0.019505259,0.003603598674319717,0.19160022014457462,0.07156969248949399,LOW,0.3,False,0.2
NER_000054,Arunachal Pradesh,27.6,94.4,2026-08-30,552.9066162109375,40.35500078000589,330.27032122272783,-0.0044556370335435,10.0,Tree cover,,,1,4337.769237750233,2595.070929044514,12.59,20.27,71.11,,,,,,,,-0.49590854644921045,0.8683747541002279,0.016326468,0.003007375695796499,0.17293617398095815,0.06409000634866244,LOW,0.3,False,0.2
NER_000055,Arunachal Pradesh,27.6,95.8,2026-08-30,146.53024291992188,4.797493679663074,238.6389923857572,0.0013234281512451,10.0,Tree cover,,,1,47.10336859443495,6312.030946337993,9.44,22.490000000000002,170.86,,,,,,,,-0.853905170358319,-0.5204286310680168,0.7205386,0.6867549020049819,0.7453235349855081,0.7175390177236366,HIGH,0.3,True,0.2
NER_000056,Arunachal Pradesh,27.6,96.0,2026-08-30,161.0179443359375,1.2884667000858363,320.6784767268362,-0.0014909257286604,10.0,Tree cover,,,1,12.323538924001621,1363.6640675159244,11.52,24.22,126.86,,,,,,,,-0.6336715225400622,0.7736022243516104,0.8091917,0.7930242039641664,0.7348880564552585,0.7790346547386038,CRITICAL,0.3,True,0.2
NER_000057,Arunachal Pradesh,27.6,96.2,2026-08-30,651.166259765625,8.627853035257758,53.13328465583192,-0.01074253508755,10.0,Tree cover,,,1,8112.09609105967,9665.46181941622,11.52,24.22,126.86,,,,,,,,0.8000333237512554,0.5999555657609311,0.04760991,0.007709848279853435,0.21772788544534113,0.09101588260646808,LOW,0.3,False,0.2
NER_000058,Arunachal Pradesh,27.6,96.4,2026-08-30,659.465576171875,15.2133172301722,118.55201208564552,0.0089299758234677,10.0,Tree cover,,,1,9599.585227593838,8075.987451617737,11.52,24.22,126.86,,,,,,,,0.8783835944157078,-0.47795633802821497,0.07308798,0.036779924877287484,0.2521205545223451,0.12066282074433934,LOW,0.3,False,0.2
NER_000059,Arunachal Pradesh,27.6,96.6,2026-08-30,2371.902587890625,34.43026518667374,6.329055743057495,0.0003224167001548,10.0,Tree cover,,,1,13448.992117066688,2373.736601269965,16.83,36.949999999999996,76.91,,,,,,,,0.110238352831769,0.9939051793631717,0.020788819,0.00496720806672666,0.15928026599671738,0.06167876422041254,LOW,0.3,False,0.2
NER_000060,Arunachal Pradesh,27.6,96.8,2026-08-30,3371.39599609375,13.252866434387432,41.98659199477589,0.0083292629760431,60.0,Bare/sparse vegetation,,,1,19841.228041381954,1792.9233158013096,16.83,36.949999999999996,76.91,,,,,,,,0.6689566818665524,0.7433013909485788,0.06602235,0.02462603806491763,0.18529890380759584,0.09198243108555879,LOW,0.3,False,0.2
NER_000061,Arunachal Pradesh,27.8,91.8,2026-08-30,4573.1962890625,16.15856587045493,291.1241653665483,-0.0007387786177074,30.0,Grassland,,,1,710.1702591751301,1219.884331110292,10.74,24.64,59.440000000000005,,,,,,,,-0.9328016177205404,0.36039026343388203,0.12024414,0.04503590510089539,0.2189791818538814,0.1280864107827161,LOW,0.3,False,0.2
NER_000062,Arunachal Pradesh,27.8,92.2,2026-08-30,4652.6064453125,36.81110802954238,55.45342540588922,0.005022545709724,60.0,Bare/sparse vegetation,,,1,407.2299217325997,737.6857177864742,7.7,17.25,47.88,,,,,,,,0.8236654960818157,0.5670759654264114,0.162587,0.07915972328282588,0.2236854903276389,0.15514407308516714,LOW,0.3,False,0.2
NER_000063,Arunachal Pradesh,27.8,92.4,2026-08-30,5811.92529296875,34.5139095456012,84.94077343768015,0.0055576640144366,70.0,Snow and ice,,,1,15021.870931869978,3153.624161605768,7.7,17.25,47.88,,,,,,,,0.9961040731125332,0.08818546098207479,0.04535186,0.012709055261712213,0.1241290975430033,0.060730004306052486,LOW,0.3,False,0.2
NER_000064,Arunachal Pradesh,27.8,92.6,2026-08-30,4215.57568359375,14.812865756005763,275.067945629836,0.0012897551960688,100.0,Moss and lichen,,,1,14536.993675089887,2258.052576692763,7.7,17.25,47.88,,,,,,,,-0.9960906418297145,0.08833704352799733,0.0080450745,0.0007631086676082169,0.07984661669118255,0.029551600118132636,LOW,0.3,False,0.2
NER_000065,Arunachal Pradesh,27.8,92.8,2026-08-30,3069.86376953125,43.15845816939196,156.08127815468015,0.0164378349647397,10.0,Tree cover,,,1,23508.906790707028,2024.7238716781474,7.7,17.25,47.88,,,,,,,,0.4054403047961811,-0.9141215232379006,0.08527764,0.059947739694109624,0.24198858242412782,0.12907132048255696,LOW,0.3,False,0.2
NER_000066,Arunachal Pradesh,27.8,93.0,2026-08-30,2711.64794921875,33.38809685105023,6.423306770509782,-0.0051744852802618,10.0,Tree cover,,,1,8759.828313695301,2045.2909002478268,13.99,30.33,64.92999999999999,,,,,,,,0.11187316777108736,0.9937224936232761,0.022452066,0.002556333690409331,0.15705081568007248,0.06068640518576576,LOW,0.3,False,0.2
NER_000067,Arunachal Pradesh,27.8,93.2,2026-08-30,2042.433837890625,37.022463797097686,348.0455664905621,0.0001962870224563,10.0,Tree cover,,,1,941.4690741931379,825.9773766890914,13.99,30.33,64.92999999999999,,,,,,,,-0.20713371875268258,0.9783126404967303,0.19314778,0.029959031285195725,0.23745186190101564,0.1535195621994733,LOW,0.3,False,0.2
NER_000068,Arunachal Pradesh,27.8,93.4,2026-08-30,1717.2286376953125,31.74871302854589,209.0869896644334,-0.0097055501676498,10.0,Tree cover,,,1,2579.8844124877496,1553.495021586697,13.99,30.33,64.92999999999999,,,,,,,,-0.4861369576387876,-0.8738826342351149,0.06482415,0.01984345913108687,0.22112118345774973,0.10192959844223083,LOW,0.3,False,0.2
NER_000069,Arunachal Pradesh,27.8,93.6,2026-08-30,661.1818237304688,23.140024178295107,213.8962833287333,0.0135052168991293,10.0,Tree cover,,,1,233.54033656596647,84.03954536316697,13.35,27.119999999999997,81.36,,,,,,,,-0.5576912664441758,-0.8300484632428948,0.5344429,0.3452142713727353,0.6564152062754952,0.5120241363539603,HIGH,0.3,True,0.2
NER_000070,Arunachal Pradesh,27.8,93.8,2026-08-30,1085.164794921875,32.89007735303064,37.68317875742213,-0.0022523772233357,10.0,Tree cover,,,1,539.088964313866,2414.2766174382937,13.35,27.119999999999997,81.36,,,,,,,,0.611294721629193,0.7914030346847853,0.2551541,0.11350248483619006,0.3252343488940838,0.23129698389071007,LOW,0.3,False,0.2
NER_000071,Arunachal Pradesh,27.8,94.0,2026-08-30,872.95703125,38.298817797885626,130.99189255233932,0.0036734636204164,10.0,Tree cover,,,1,972.8951557847877,3122.4453793996095,13.35,27.119999999999997,81.36,,,,,,,,0.7548024061055749,-0.6559522297677132,0.38275602,0.2537727535889196,0.4067063177676705,0.34774504191932926,MODERATE,0.3,True,0.2
NER_000072,Arunachal Pradesh,27.8,94.2,2026-08-30,1011.2095947265624,26.527270983817964,330.499470974453,0.0112811577356877,10.0,Tree cover,,,1,2133.164594542889,3254.0813046734056,13.92,23.96,87.86,,,,,,,,-0.49243159628343364,0.8703511492390582,0.15979531,0.07572589253963201,0.2953866671529019,0.17696929249712895,LOW,0.3,False,0.2
NER_000073,Arunachal Pradesh,27.8,94.4,2026-08-30,1401.1346435546875,27.353154276578344,14.54485516193489,0.0026368499246944,10.0,Tree cover,,,1,5061.216228693509,540.2038292725294,13.92,23.96,87.86,,,,,,,,0.25113786124699133,0.9679513286567083,0.02847297,0.004629615812692773,0.14256281928195405,0.0585551351114883,LOW,0.3,False,0.2
NER_000074,Arunachal Pradesh,27.8,94.6,2026-08-30,569.513671875,29.430185517244414,143.53428283946192,-0.011835140447786,10.0,Tree cover,,,1,1726.786424138816,843.3697786280452,13.92,23.96,87.86,,,,,,,,0.5943416938136562,-0.8042126279751607,0.09287777,0.004709610200822722,0.15457685855153477,0.0840547455774854,LOW,0.3,False,0.2
NER_000075,Arunachal Pradesh,27.8,94.8,2026-08-30,957.4432983398438,28.819903882727917,3.242390030419017,-0.002059708900987,10.0,Tree cover,,,1,4378.095621491136,1666.367932021438,7.92,13.42,84.7,,,,,,,,0.056560181655295624,0.9983991916318442,0.05198522,0.0179017796211571,0.24665155872366634,0.10551285373036434,LOW,0.3,False,0.2
NER_000076,Arunachal Pradesh,27.8,95.0,2026-08-30,309.910888671875,30.12660209160721,294.5613200120661,0.0200863858739099,10.0,Tree cover,,,1,788.6389976487819,2321.956820334443,7.92,13.42,84.7,,,,,,,,-0.9095169301420755,0.41566687838332156,0.30904382,0.23044025682572264,0.3873907245294451,0.30895827115948243,MODERATE,0.3,True,0.2
NER_000077,Arunachal Pradesh,27.8,96.0,2026-08-30,154.40509033203125,2.8011254849711062,267.3465645759984,-0.00067763970368,40.0,Cropland,,,1,121.73155783896091,488.05599671425574,19.9,39.87,91.50999999999999,,,,,,,,-0.9989278287353855,-0.04629463228073164,0.33955833,0.4650475146644111,0.4771959589973924,0.4272672714236257,MODERATE,0.3,True,0.2
NER_000078,Arunachal Pradesh,27.8,96.2,2026-08-30,210.50942993164065,0.8800024488312281,340.2898034799182,0.0004497552069584,10.0,Tree cover,,,1,1605.6826677143367,2477.374560668148,19.9,39.87,91.50999999999999,,,,,,,,-0.33726279986331925,0.9414105394716774,0.26638275,0.2583630652939338,0.25928204637471436,0.26134262432275274,MODERATE,0.3,False,0.2
NER_000079,Arunachal Pradesh,27.8,96.4,2026-08-30,1379.3741455078125,9.847057301107958,236.32548564947257,0.0107520865305127,10.0,Tree cover,,,1,5055.573169513999,14.483966616718567,19.9,39.87,91.50999999999999,,,,,,,,-0.8322008393342731,-0.5544743123097149,0.26916903,0.19046984735025935,0.33282293104421834,0.2641539394729194,MODERATE,0.3,False,0.2
NER_000080,Arunachal Pradesh,27.8,96.6,2026-08-30,3246.326416015625,32.451082342956,68.68299386445966,0.0131569525584291,10.0,Tree cover,,,1,19014.051316980054,473.3995377106637,24.24,42.33,78.17999999999999,,,,,,,,0.9315833688384508,0.3635277525906419,0.07318997,0.044884122568355916,0.18675893012498648,0.10161100697886123,LOW,0.3,False,0.2
NER_000081,Arunachal Pradesh,27.8,96.8,2026-08-30,2047.578125,51.75337051977532,303.5217849457932,0.0118556176926911,10.0,Tree cover,,,1,6753.416716775851,919.3444695534797,24.24,42.33,78.17999999999999,,,,,,,,-0.8336759048502611,0.5522540046682309,0.11576928,0.024037316089102492,0.28060139127678835,0.14013599644975547,LOW,0.3,False,0.2
NER_000082,Arunachal Pradesh,27.8,97.0,2026-08-30,1941.036376953125,41.910913885189466,256.64099737266093,0.005992095630484,10.0,Tree cover,,,1,12085.13601112542,657.2075738282805,24.24,42.33,78.17999999999999,,,,,,,,-0.9729414538614592,-0.23105178501355472,0.055608194,0.012815771211037587,0.1821315246056893,0.08351849671270695,LOW,0.3,False,0.2
NER_000083,Arunachal Pradesh,28.0,92.8,2026-08-30,4356.26025390625,47.36185493902032,97.47030524225625,-0.0077432791019386,70.0,Snow and ice,,,1,13497.297301560826,6572.663508339404,7.7,17.25,47.88,,,,,,,,0.991512376195635,-0.1300123373026014,0.02061329,0.004137030677220214,0.11815847799224571,0.04763626634632553,LOW,0.3,False,0.2
NER_000084,Arunachal Pradesh,28.0,93.0,2026-08-30,2802.492431640625,43.48713066676062,197.3590941672332,-0.0027715863895444,10.0,Tree cover,,,1,13879.422651237712,1552.5622836463078,13.99,30.33,64.92999999999999,,,,,,,,-0.2983594443634115,-0.954453582925412,0.0394829,0.021929078791038357,0.2168317936884601,0.09274792382989328,LOW,0.3,False,0.2
NER_000085,Arunachal Pradesh,28.0,93.2,2026-08-30,1939.7320556640625,40.233291570379805,100.7782319336352,-0.0024362020720693,10.0,Tree cover,,,1,799.2474487722934,954.1435845988742,13.99,30.33,64.92999999999999,,,,,,,,0.9823583705731527,-0.18700810614746205,0.34312552,0.050430519787499024,0.2832905902619372,0.22561554406204148,LOW,0.3,False,0.2
NER_000086,Arunachal Pradesh,28.0,93.4,2026-08-30,2187.563720703125,46.09384252332834,78.71583111361281,0.0193824346898817,10.0,Tree cover,,,1,6929.014801914592,4318.501104462209,13.99,30.33,64.92999999999999,,,,,,,,0.980668762024179,0.19567518797733213,0.2178745,0.1509209459379059,0.3192627080782701,0.22935271706379756,LOW,0.3,False,0.2
NER_000087,Arunachal Pradesh,28.0,93.6,2026-08-30,1269.9586181640625,14.41409487078582,263.18859924886544,0.0160705601764397,10.0,Tree cover,,,1,34.82227458414433,1778.2327393981168,13.35,27.119999999999997,81.36,,,,,,,,-0.9929419283513785,-0.1186015468779637,0.75281435,0.8413990535882504,0.7542445638174375,0.7828193233060158,CRITICAL,0.3,True,0.2
NER_000088,Arunachal Pradesh,28.0,93.8,2026-08-30,500.9107971191406,25.464749513607988,286.92974554368715,-0.0018245323683391,10.0,Tree cover,,,1,289.45690342576484,196.9642585320887,13.35,27.119999999999997,81.36,,,,,,,,-0.9566625348469611,0.2911988915160686,0.2646061,0.14620298796807052,0.40393622146771246,0.2715817659452233,MODERATE,0.3,False,0.2
NER_000089,Arunachal Pradesh,28.0,94.0,2026-08-30,1789.093994140625,16.125503691018917,324.83582290267185,-0.0050905240720885,10.0,Tree cover,,,1,6434.400470971493,6805.092219245932,13.35,27.119999999999997,81.36,,,,,,,,-0.5759213019936124,0.8175051399899467,0.027740661,0.00807175262717572,0.1646105785365805,0.06680766469375034,LOW,0.3,False,0.2
NER_000090,Arunachal Pradesh,28.0,94.2,2026-08-30,411.4058837890625,20.76272290667088,83.3148708353325,-0.0011787007648781,10.0,Tree cover,,,1,302.8229602622329,440.72945278658005,13.92,23.96,87.86,,,,,,,,0.9932008973973767,0.11641296065750363,0.2823922,0.11426755478779232,0.3767801355500728,0.257813303015619,MODERATE,0.3,False,0.2
NER_000091,Arunachal Pradesh,28.0,94.4,2026-08-30,1018.7476196289062,34.44274073723641,246.5544249222807,-0.005314532978774,10.0,Tree cover,,,1,1044.7058293177756,7426.070617924099,13.92,23.96,87.86,,,,,,,,-0.9174384299806441,-0.3978777792169989,0.39664954,0.24572520868791337,0.34463578938322065,0.32900351251393556,MODERATE,0.3,True,0.2
NER_000092,Arunachal Pradesh,28.0,94.6,2026-08-30,1224.669189453125,25.95904156037593,340.17888862313976,-0.0068235036970278,10.0,Tree cover,,,1,2888.9326060306025,2991.3391950980085,13.92,23.96,87.86,,,,,,,,-0.33908457702756184,0.9407558926852595,0.016801048,0.0016961641610792372,0.13123076171018594,0.04990932480237293,LOW,0.3,False,0.2
NER_000093,Arunachal Pradesh,28.0,94.8,2026-08-30,1517.535888671875,39.79182065700851,28.046008440909645,-0.0046987351131643,10.0,Tree cover,,,1,8314.270567943671,3992.719962923334,7.92,13.42,84.7,,,,,,,,0.4701804171881551,0.8825703231430186,0.08819008,0.024244288115307985,0.25851910664179056,0.12365115907258013,LOW,0.3,False,0.2
NER_000094,Arunachal Pradesh,28.0,95.0,2026-08-30,780.5020751953125,10.636365754427226,178.52258121759291,-0.0004700199231654,10.0,Tree cover,,,1,2563.6019958188094,4843.414945274487,7.92,13.42,84.7,,,,,,,,0.025782964742876283,-0.9996675641077226,0.11087644,0.011132909131463765,0.22790094851509474,0.11663676621615018,LOW,0.3,False,0.2
NER_000095,Arunachal Pradesh,28.0,95.2,2026-08-30,389.9433288574219,35.153104992042266,124.56525150765576,0.0039195288434511,10.0,Tree cover,,,1,2623.4257816816657,242.58273804928922,7.92,13.42,84.7,,,,,,,,0.8234806005101939,-0.5673444285294167,0.17646316,0.06891768533805956,0.23299835040091238,0.15945973089250826,LOW,0.3,False,0.2
NER_000096,Arunachal Pradesh,28.0,95.4,2026-08-30,137.79229736328125,0.0937424299012814,130.54824896157027,0.0005563035899944,80.0,Permanent water bodies,,,1,5619.251160900233,1422.7455130278897,9.6,18.979999999999997,93.27999999999999,,,,,,,,0.7598587937425973,-0.6500881583078136,0.04577114,0.004827125396727662,0.1793869197612107,0.07666172920859826,LOW,0.3,False,0.2
NER_000097,Arunachal Pradesh,28.0,95.6,2026-08-30,153.7539520263672,2.183752275640907,209.23582781446024,0.0020454046382497,60.0,Bare/sparse vegetation,,,1,896.1789328897628,456.0832935091867,9.6,18.979999999999997,93.27999999999999,,,,,,,,-0.48840541353009764,-0.8726168414799788,0.18833604,0.08645137743440426,0.24938095686212597,0.1747227929488241,LOW,0.3,False,0.2
NER_000098,Arunachal Pradesh,28.0,95.8,2026-08-30,158.365478515625,0.5609503315664128,39.24933360797138,0.0004807322072026,40.0,Cropland,,,1,449.0292348533831,225.21945646799168,9.6,18.979999999999997,93.27999999999999,,,,,,,,0.6326963217640862,0.7744000028578227,0.23691306,0.19965944141778802,0.2518395807468173,0.2294706949322297,LOW,0.3,False,0.2
NER_000099,Arunachal Pradesh,28.0,96.0,2026-08-30,243.4186553955078,7.012706201053393,7.782836114205736,-0.0036678049414744,10.0,Tree cover,,,1,956.6087131794886,3175.5011509130654,19.9,39.87,91.50999999999999,,,,,,,,0.13541877166501876,0.9907884518305295,0.3203057,0.31927115524839494,0.3348507867017394,0.32480921815707015,MODERATE,0.3,True,0.2
NER_000100,Arunachal Pradesh,28.0,96.2,2026-08-30,439.3216857910156,3.7543863622579647,216.6566552783326,-0.0002082285267832,10.0,Tree cover,,,1,11.475480522750694,1198.6380517654534,19.9,39.87,91.50999999999999,,,,,,,,-0.5970184262471697,-0.8022275230390395,0.8297402,0.6564870608120322,0.7784684485045916,0.7548985983966789,CRITICAL,0.3,True,0.2
NER_000101,Arunachal Pradesh,28.0,96.4,2026-08-30,1305.768310546875,27.58853571409216,234.2769053297524,0.0020093334265516,10.0,Tree cover,,,1,1473.229074534887,1583.0173962307822,19.9,39.87,91.50999999999999,,,,,,,,-0.8118482482827017,-0.5838684969753966,0.38090497,0.3080099078762207,0.34377353546071526,0.34422947196339637,MODERATE,0.3,True,0.2
NER_000102,Arunachal Pradesh,28.0,96.6,2026-08-30,1558.82275390625,31.52246369165289,18.663044977022537,-0.0092418971676817,10.0,Tree cover,,,1,3027.879473781194,2134.439878137798,24.24,42.33,78.17999999999999,,,,,,,,0.3200019857885531,0.947416871863375,0.040900227,0.006189942718609552,0.17525298210503928,0.07411438445623951,LOW,0.3,False,0.2
NER_000103,Arunachal Pradesh,28.0,96.8,2026-08-30,2874.09033203125,4.663836742082374,259.3146196454087,-0.0025318290075306,10.0,Tree cover,,,1,4621.064319040653,2864.937543012512,24.24,42.33,78.17999999999999,,,,,,,,-0.982660139425129,-0.18541588493164815,0.020286348,0.0034658567455887234,0.16003632919507846,0.06126284486301216,LOW,0.3,False,0.2
NER_000104,Arunachal Pradesh,28.0,97.0,2026-08-30,2402.783935546875,26.21217222815156,182.17756678820103,0.0130458804286233,10.0,Tree cover,,,1,3094.240054297433,1973.6029738909406,24.24,42.33,78.17999999999999,,,,,,,,-0.03799656134028119,-0.9992778699272361,0.042185977,0.016490454735520067,0.19906121981668962,0.08591255117206027,LOW,0.3,False,0.2
NER_000105,Arunachal Pradesh,28.0,97.2,2026-08-30,4208.32421875,43.397457169422175,14.74337955736354,-0.0164716348940259,100.0,Moss and lichen,,,1,22149.528334275183,741.0511742346463,24.14,43.86,107.48,,,,,,,,0.2544902057772272,0.9670753513369393,0.005679435,0.000675103765335504,0.08804931333735949,0.03146795073312537,LOW,0.3,False,0.2
NER_000106,Arunachal Pradesh,28.2,92.8,2026-08-30,5651.2080078125,8.265668824525802,26.83028321051501,0.0024748689066485,70.0,Snow and ice,,,1,6443.134481819348,5877.17299941778,7.7,17.25,47.88,,,,,,,,0.45134924654376407,0.8923473861923822,0.011182233,0.001052437466579748,0.10482775081726672,0.0390208070145798,LOW,0.3,False,0.2
NER_000107,Arunachal Pradesh,28.2,93.0,2026-08-30,3475.473388671875,13.637021786841364,353.9611329043139,0.0001676684574177,10.0,Tree cover,,,1,7596.805838528042,481.0357792450328,13.99,30.33,64.92999999999999,,,,,,,,-0.10520308183542591,0.9944507587469219,0.031837728,0.0041804055422404104,0.14547917582677566,0.060499103391618694,LOW,0.3,False,0.2
NER_000108,Arunachal Pradesh,28.2,93.2,2026-08-30,1787.5233154296875,43.72865754636759,67.63242116789718,0.0014318115629101,10.0,Tree cover,,,1,10673.603515193974,767.0836063912578,13.99,30.33,64.92999999999999,,,,,,,,0.9247615165914856,0.38054715533218153,0.11660944,0.026697262508305685,0.24194170473110102,0.12841613549773792,LOW,0.3,False,0.2
NER_000109,Arunachal Pradesh,28.2,93.4,2026-08-30,1746.035888671875,42.54517397823977,170.6318172953322,-0.0198726013065918,10.0,Tree cover,,,1,11348.750696624289,362.55470109687104,13.99,30.33,64.92999999999999,,,,,,,,0.1627780772252711,-0.9866627070964239,0.07591978,0.015275232701576215,0.20580852903102215,0.09900118087093704,LOW,0.3,False,0.2
NER_000110,Arunachal Pradesh,28.2,93.6,2026-08-30,1725.4918212890625,18.74650165631558,79.11563670247983,0.0042245347671162,10.0,Tree cover,,,1,8755.872938087348,2469.1891178746023,13.35,27.119999999999997,81.36,,,,,,,,0.9820102825318556,0.18882744769155,0.14009462,0.014755640145367042,0.25778087914547454,0.13754371532858642,LOW,0.3,False,0.2
NER_000111,Arunachal Pradesh,28.2,93.8,2026-08-30,2232.194580078125,31.69176648026697,132.04974042574577,-0.0017032750445899,10.0,Tree cover,,,1,12391.703973475842,3357.461372989981,13.35,27.119999999999997,81.36,,,,,,,,0.7425636503481784,-0.6697755035693589,0.04393344,0.011887303654371736,0.191221155894522,0.0823473001600117,LOW,0.3,False,0.2
NER_000112,Arunachal Pradesh,28.2,94.0,2026-08-30,1921.23779296875,31.952289657046247,316.6817502646179,-0.0015015937781122,10.0,Tree cover,,,1,4498.855036515718,2581.8481362283587,13.35,27.119999999999997,81.36,,,,,,,,-0.686050126835469,0.7275542752736986,0.03131957,0.0061319208551102134,0.1663157381087157,0.06792240989715742,LOW,0.3,False,0.2
NER_000113,Arunachal Pradesh,28.2,94.2,2026-08-30,926.3660278320312,25.664493319345567,160.27214048682117,0.006797527799822,10.0,Tree cover,,,1,2957.22082897756,3594.284611626116,13.92,23.96,87.86,,,,,,,,0.33755299941244865,-0.9413065242457738,0.033419617,0.015256547035457459,0.20971774106210225,0.08613130184976237,LOW,0.3,False,0.2
NER_000114,Arunachal Pradesh,28.2,94.4,2026-08-30,2012.63818359375,34.02203377938959,73.12602677113034,-0.0279421675238013,10.0,Tree cover,,,1,8667.382295038846,1855.6188725964805,13.92,23.96,87.86,,,,,,,,0.956945537635817,0.29026752832326447,0.13166498,0.02371289294312554,0.23380094803090234,0.12972627372564705,LOW,0.3,False,0.2
NER_000115,Arunachal Pradesh,28.2,94.6,2026-08-30,411.7615051269531,9.873311014143464,338.5523676104387,0.0105067047661285,10.0,Tree cover,,,1,300.15968044778816,164.08578443724073,13.92,23.96,87.86,,,,,,,,-0.3656506839904487,0.9307521567513647,0.40904227,0.47507191523928255,0.4820222238344554,0.4553788076554565,MODERATE,0.3,True,0.2
NER_000116,Arunachal Pradesh,28.2,94.8,2026-08-30,244.59915161132807,4.492838985919938,56.17055400143983,0.0050552240554736,10.0,Tree cover,,,1,67.88188904427412,1675.9302057809527,7.92,13.42,84.7,,,,,,,,0.830698462747737,0.5567226095539382,0.8641688,0.900778499679132,0.8095303615917634,0.8581592379461893,CRITICAL,0.3,True,0.2
NER_000117,Arunachal Pradesh,28.2,95.0,2026-08-30,511.0773620605469,21.24481686336268,165.74019033992852,-0.0149508098670898,10.0,Tree cover,,,1,284.1471092316908,625.4262477575444,7.92,13.42,84.7,,,,,,,,0.24631923228454766,-0.9691887513826969,0.41029212,0.24187168680544424,0.46001527898925987,0.3707263714615973,MODERATE,0.3,True,0.2
NER_000118,Arunachal Pradesh,28.2,95.2,2026-08-30,614.2669677734375,37.83767830570167,220.04609421660848,-0.0072233837686075,10.0,Tree cover,,,1,2547.6460375412757,2223.3440053182617,7.92,13.42,84.7,,,,,,,,-0.6434036811819411,-0.7655270753157768,0.17085186,0.01163915804381766,0.2643594751210755,0.14895016569519393,LOW,0.3,False,0.2
NER_000119,Arunachal Pradesh,28.2,95.4,2026-08-30,574.8551025390625,25.69138827252261,169.3557276483417,0.0044435629003426,10.0,Tree cover,,,1,3553.8051969358175,455.8411771183909,9.6,18.979999999999997,93.27999999999999,,,,,,,,0.184710808099168,-0.9827929168300676,0.05388578,0.015464664277919747,0.17039787868545847,0.07991610774608207,LOW,0.3,False,0.2
NER_000120,Arunachal Pradesh,28.2,95.6,2026-08-30,294.8846435546875,1.9168599653483456,71.43587077693479,0.0018452702532307,10.0,Tree cover,,,1,3562.190687848084,1515.1059688628338,9.6,18.979999999999997,93.27999999999999,,,,,,,,0.9479679129291947,0.31836588393963744,0.12980023,0.02259747338344908,0.29132848766906005,0.1479087304390576,LOW,0.3,False,0.2
NER_000121,Arunachal Pradesh,28.2,95.8,2026-08-30,571.2662963867188,5.457892961167728,317.325993723376,0.0004746335960731,10.0,Tree cover,,,1,723.7711941459183,2763.275801542514,9.6,18.979999999999997,93.27999999999999,,,,,,,,-0.677826186933111,0.7352221843141835,0.36242062,0.28739602444768286,0.3375484754245861,0.32912170613545233,MODERATE,0.3,True,0.2
NER_000122,Arunachal Pradesh,28.2,96.0,2026-08-30,3037.08056640625,36.99640175690892,61.99574445703428,-0.0020228820866571,10.0,Tree cover,,,1,8091.432781026661,2947.040885966104,19.9,39.87,91.50999999999999,,,,,,,,0.8829127212512852,0.46953714086603465,0.05085474,0.009060463839236942,0.17756303047351701,0.07915941103815724,LOW,0.3,False,0.2
NER_000123,Arunachal Pradesh,28.2,96.2,2026-08-30,3288.71044921875,30.47759026799555,251.9005669884364,-0.0129429915928529,10.0,Tree cover,,,1,20503.21793364319,1261.1258712344563,19.9,39.87,91.50999999999999,,,,,,,,-0.9505188059777266,-0.3106670234876513,0.030741995,0.004315756110792955,0.1658740575945943,0.06697726994574155,LOW,0.3,False,0.2
NER_000124,Arunachal Pradesh,28.2,96.4,2026-08-30,3442.316650390625,31.17115996036361,45.04043704909395,0.0061311139452239,10.0,Tree cover,,,1,12107.115513717083,2610.462948227191,19.9,39.87,91.50999999999999,,,,,,,,0.7076056524732702,0.7066075576923003,0.048082832,0.028566060476324838,0.18216803860742492,0.08627231044358952,LOW,0.3,False,0.2
NER_000125,Arunachal Pradesh,28.2,96.6,2026-08-30,3638.226806640625,20.229685526688343,71.75206163949349,-0.0169254860634129,10.0,Tree cover,,,1,5116.907169632128,5859.885474377602,24.24,42.33,78.17999999999999,,,,,,,,0.9497103939715292,0.3131296338298927,0.042004958,0.006097702426641501,0.17795603022071693,0.07535289681416718,LOW,0.3,False,0.2
NER_000126,Arunachal Pradesh,28.2,96.8,2026-08-30,3166.141357421875,36.40217161280781,351.9172503301966,0.0137053196505136,100.0,Moss and lichen,,,1,14102.30771916072,5586.335708655166,24.24,42.33,78.17999999999999,,,,,,,,-0.14060315412485988,0.9900660346916972,0.023603179,0.0082657803725075,0.18725230746081076,0.07304042244179154,LOW,0.3,False,0.2
NER_000127,Arunachal Pradesh,28.2,97.0,2026-08-30,2771.57177734375,41.62720000807228,67.60918326889106,-0.0014628848596246,10.0,Tree cover,,,1,1925.0314024887805,2773.3123608347832,24.24,42.33,78.17999999999999,,,,,,,,0.9246070990404732,0.3809221868098005,0.565144,0.29898134336685067,0.36965825288363996,0.4112612094968015,MODERATE,0.3,True,0.2
NER_000128,Arunachal Pradesh,28.2,97.2,2026-08-30,4224.1494140625,34.09343264127676,237.2013545795232,0.0029514428364951,100.0,Moss and lichen,,,1,11160.956127012963,1229.0373540484363,24.14,43.86,107.48,,,,,,,,-0.8405794102572973,-0.5416883375627486,0.0073556555,0.001015021687791439,0.09047915470513637,0.032949944056421536,LOW,0.3,False,0.2
NER_000129,Arunachal Pradesh,28.4,93.4,2026-08-30,1739.139892578125,52.06988812614649,61.76471081375814,0.0095330305624796,10.0,Tree cover,,,1,10.967194516692265,100.47954921656797,14.51,21.439999999999998,44.84,,,,,,,,0.8810122350045925,0.4730934810079429,0.97806454,0.9957063748944351,0.8653470748454922,0.9463726721968633,CRITICAL,0.3,True,0.2
NER_000130,Arunachal Pradesh,28.4,93.6,2026-08-30,2811.44677734375,34.672323572429555,46.2521313030984,-0.0004668305326322,10.0,Tree cover,,,1,3021.441127296563,2935.5779793058728,16.85,27.97,62.21000000000001,,,,,,,,0.7223896846399487,0.6914861846239557,0.025725238,0.005654914465239989,0.15234220626461942,0.06124078687256433,LOW,0.3,False,0.2
NER_000131,Arunachal Pradesh,28.4,93.8,2026-08-30,1295.06640625,29.96121880638613,254.43805283373817,-0.0038585167473792,10.0,Tree cover,,,1,766.9194079662658,788.0385929113773,16.85,27.97,62.21000000000001,,,,,,,,-0.9633409567193238,-0.26828007959425126,0.1297436,0.018374003709761378,0.21938126154021462,0.12249962618422788,LOW,0.3,False,0.2
NER_000132,Arunachal Pradesh,28.4,94.0,2026-08-30,1830.5469970703125,28.98492450043884,270.9499911899031,-0.0155928117078814,10.0,Tree cover,,,1,3932.6100815272243,3729.711040832172,16.85,27.97,62.21000000000001,,,,,,,,-0.9998625470878323,0.016579714443634076,0.01939638,0.006995997306350967,0.18617315602292783,0.07085517795021196,LOW,0.3,False,0.2
NER_000133,Arunachal Pradesh,28.4,94.2,2026-08-30,2405.298095703125,21.528857402503004,241.72000581034385,0.0229740361584605,10.0,Tree cover,,,1,12864.22640009525,4846.478283557386,13.16,26.79,82.63000000000001,,,,,,,,-0.8806428359138438,-0.47378074628843103,0.037238456,0.015849972947449394,0.17237670251121154,0.07515504423294173,LOW,0.3,False,0.2
NER_000134,Arunachal Pradesh,28.4,94.4,2026-08-30,2245.442138671875,28.34726182373282,61.4217843731239,0.0175540375396308,10.0,Tree cover,,,1,4170.82582050501,3677.667641801052,13.16,26.79,82.63000000000001,,,,,,,,0.8781649149335503,0.47835800628791647,0.09907018,0.061019111086643374,0.24662333872406256,0.1355708779144957,LOW,0.3,False,0.2
NER_000135,Arunachal Pradesh,28.4,94.6,2026-08-30,1468.4395751953125,29.56339785621145,174.68144712708272,0.0133845173573325,10.0,Tree cover,,,1,5502.798097978212,2850.0949579755165,13.16,26.79,82.63000000000001,,,,,,,,0.09269300693641307,-0.9956947355816872,0.025778037,0.010824655171395926,0.226072321108367,0.08755833792522467,LOW,0.3,False,0.2
NER_000136,Arunachal Pradesh,28.4,94.8,2026-08-30,1118.592041015625,49.693030281243786,11.529945780292962,0.0073020170132567,10.0,Tree cover,,,1,7460.634873021481,163.3288225025827,10.96,23.02,88.34,,,,,,,,0.19988006722426174,0.9798203706427135,0.17912762,0.1409830307262075,0.32685509720162736,0.21565524886609946,LOW,0.3,False,0.2
NER_000137,Arunachal Pradesh,28.4,95.0,2026-08-30,2274.2568359375,26.256596921699032,14.221601794941648,-0.0102656572324714,10.0,Tree cover,,,1,3127.1477556614172,6030.064853479126,10.96,23.02,88.34,,,,,,,,0.24567287109257205,0.9693527946053142,0.033236414,0.007809211135072991,0.1703745329646227,0.07047338609793424,LOW,0.3,False,0.2
NER_000138,Arunachal Pradesh,28.4,95.2,2026-08-30,1563.02197265625,31.50893824035668,189.10916700972425,0.0011668872879434,10.0,Tree cover,,,1,3487.8261630787642,3131.916174429211,10.96,23.02,88.34,,,,,,,,-0.15831604601005184,-0.987388489691744,0.033910245,0.019740315129414657,0.21680657708891796,0.09015237959475686,LOW,0.3,False,0.2
NER_000139,Arunachal Pradesh,28.4,95.4,2026-08-30,962.471923828125,15.734678556690422,359.5938680653008,-0.0048086327625726,10.0,Tree cover,,,1,12602.825076083382,163.97182332833313,15.21,28.78,63.02,,,,,,,,-0.007088280099733045,0.9999748778270521,0.06493651,0.015403333710472457,0.2524900115337358,0.11094328672934878,LOW,0.3,False,0.2
NER_000140,Arunachal Pradesh,28.4,95.6,2026-08-30,1330.7059326171875,32.5975550219726,160.40548750420248,-0.0011001127850885,10.0,Tree cover,,,1,14118.406101021796,1298.166947460669,15.21,28.78,63.02,,,,,,,,0.3353613426442079,-0.942089576346047,0.04010628,0.012342677143643638,0.20979593316550174,0.08741496460331198,LOW,0.3,False,0.2
NER_000141,Arunachal Pradesh,28.4,95.8,2026-08-30,764.8474731445312,43.8660028832921,33.12415713776983,-0.0100012592510163,10.0,Tree cover,,,1,6441.049663108084,887.6701301182887,15.21,28.78,63.02,,,,,,,,0.546455112764022,0.8374883937906602,0.028485324,0.0032693762633150634,0.19120912632164874,0.07432127591668558,LOW,0.3,False,0.2
NER_000142,Arunachal Pradesh,28.4,96.0,2026-08-30,1275.8211669921875,47.51106267724608,14.481865255538366,-0.0144235060614978,10.0,Tree cover,,,1,6857.956090281971,355.3866298873211,17.37,32.03,65.99000000000001,,,,,,,,0.25007356214045057,0.9682268399080797,0.03321003,0.004005904136725809,0.2473158931670226,0.09484394361820231,LOW,0.3,False,0.2
NER_000143,Arunachal Pradesh,28.4,96.2,2026-08-30,2486.3935546875,37.058534250794,199.5701877798046,-0.0183623408448735,10.0,Tree cover,,,1,24098.154566474605,1432.2607788536397,17.37,32.03,65.99000000000001,,,,,,,,-0.3349613517107719,-0.9422318678860807,0.049263682,0.009291094470753127,0.18050765629428875,0.079687478902246,LOW,0.3,False,0.2
NER_000144,Arunachal Pradesh,28.4,96.6,2026-08-30,3271.888916015625,42.41917195799952,228.8334441245479,-0.0037244598394635,10.0,Tree cover,,,1,7087.3087474886715,527.2697542505396,23.34,36.21,77.06,,,,,,,,-0.752799264376706,-0.6582501557568295,0.029483637,0.004257633697890554,0.13757309719337313,0.05710478955458806,LOW,0.3,False,0.2
NER_000145,Arunachal Pradesh,28.6,93.4,2026-08-30,3029.787841796875,26.786184264534008,7.193735824270391,-0.0123656369762676,10.0,Tree cover,,,1,407.74092508030964,354.8070342446636,14.51,21.439999999999998,44.84,,,,,,,,0.12522476442763142,0.9921283981290144,0.15267085,0.045914839254387614,0.30645758584725014,0.16834775683033465,LOW,0.3,False,0.2
NER_000146,Arunachal Pradesh,28.6,93.6,2026-08-30,3339.55615234375,47.34463396658192,45.59388560750602,0.005115756102992,10.0,Tree cover,,,1,10576.63135316382,1023.3390088020891,16.85,27.97,62.21000000000001,,,,,,,,0.7143980100951103,0.6997395823962989,0.07199188,0.041665025743038535,0.23185816341864637,0.11517169203508787,LOW,0.3,False,0.2
NER_000147,Arunachal Pradesh,28.6,93.8,2026-08-30,4083.9462890625,21.94849930393532,267.1424173702786,-0.0002962757041371,70.0,Snow and ice,,,1,13196.429809596635,3238.0024312465844,16.85,27.97,62.21000000000001,,,,,,,,-0.9987565385984312,-0.04985355159745822,0.0016827727,0.00046865937675748265,0.044653106890455485,0.01560151299193468,LOW,0.3,False,0.2
NER_000148,Arunachal Pradesh,28.6,94.0,2026-08-30,2915.394775390625,15.418275808000748,334.64928678587626,-0.0140167838771755,10.0,Tree cover,,,1,4428.973825298502,514.3587410213229,16.85,27.97,62.21000000000001,,,,,,,,-0.4281579107021031,0.9037039357572866,0.022999398,0.003935662601658237,0.12938626008668436,0.05210710718810805,LOW,0.3,False,0.2
NER_000149,Arunachal Pradesh,28.6,94.2,2026-08-30,2487.2158203125,13.48545947391539,223.33200517133247,0.0031791918608488,10.0,Tree cover,,,1,2668.17177581375,3218.978764445314,13.16,26.79,82.63000000000001,,,,,,,,-0.6862247765815106,-0.7273895490077211,0.051689122,0.007333042052130037,0.18106176984837716,0.080027978545113,LOW,0.3,False,0.2
NER_000150,Arunachal Pradesh,28.6,94.4,2026-08-30,1424.5587158203125,25.918573072644698,228.99853144794895,-0.0048357895519783,10.0,Tree cover,,,1,113.46948398955944,459.29174018911675,13.16,26.79,82.63000000000001,,,,,,,,-0.7546927644809397,-0.6560783727879748,0.7875164,0.9490753396448587,0.8233704523918248,0.8533207357186182,CRITICAL,0.3,True,0.2
NER_000151,Arunachal Pradesh,28.6,94.6,2026-08-30,1870.6199951171875,42.975307814984056,174.6030358065129,-0.0073087959102887,10.0,Tree cover,,,1,4780.119650505601,1644.154753857686,13.16,26.79,82.63000000000001,,,,,,,,0.09405556351583853,-0.9955669495175692,0.05960831,0.017645972560040978,0.24525918740091707,0.10750449076154917,LOW,0.3,False,0.2
NER_000152,Arunachal Pradesh,28.6,94.8,2026-08-30,1447.3128662109375,32.43415515811526,53.06602127167042,0.0004410295145903,10.0,Tree cover,,,1,15314.068883079988,2517.4194660779326,10.96,23.02,88.34,,,,,,,,0.7993284442628069,0.600894365252663,0.07652765,0.02247617644812212,0.21113591313229793,0.10337991241816791,LOW,0.3,False,0.2
NER_000153,Arunachal Pradesh,28.6,95.0,2026-08-30,919.9984130859376,53.09770387915125,314.4117190739262,-0.0119653892765703,10.0,Tree cover,,,1,2319.1393774998214,92.44585018878142,10.96,23.02,88.34,,,,,,,,-0.7143295580501858,0.6998094615649506,0.20053028,0.03390800794321326,0.3392843679122412,0.19124088633617053,LOW,0.3,False,0.2
NER_000154,Arunachal Pradesh,28.6,95.2,2026-08-30,2198.510986328125,27.86275433142108,76.7456290661371,-0.0085157076334483,10.0,Tree cover,,,1,6113.241698977663,4335.008936254482,10.96,23.02,88.34,,,,,,,,0.9733617705749105,0.2292746466211981,0.16590318,0.031962888517567914,0.2448137291315066,0.14755993531242878,LOW,0.3,False,0.2
NER_000155,Arunachal Pradesh,28.6,95.4,2026-08-30,3316.61181640625,33.10122551816242,347.039333020606,0.0061948095581914,30.0,Grassland,,,1,19239.51328917238,4821.078928114506,15.21,28.78,63.02,,,,,,,,-0.2242821053883236,0.9745242619876536,0.02195347,0.009535750572832643,0.18827057393223412,0.07325326485956904,LOW,0.3,False,0.2
NER_000156,Arunachal Pradesh,28.6,95.6,2026-08-30,2798.8017578125,46.371490495996746,66.07948492333026,-0.0051915703639213,10.0,Tree cover,,,1,19524.923171611,3261.725224900233,15.21,28.78,63.02,,,,,,,,0.9141088334041417,0.4054689145822637,0.075511225,0.01919974545859885,0.23563286182741394,0.11011461061796765,LOW,0.3,False,0.2
NER_000157,Arunachal Pradesh,28.6,95.8,2026-08-30,778.4002075195312,55.86496669828048,149.34407941097993,0.0096289953280118,10.0,Tree cover,,,1,3827.4943804509903,97.54033469260814,15.21,28.78,63.02,,,,,,,,0.5098812560069897,-0.8602447935167842,0.1666593,0.14959892140395661,0.3431775965232687,0.2198119403122451,LOW,0.3,False,0.2
NER_000158,Arunachal Pradesh,28.6,96.0,2026-08-30,2333.92578125,44.11014312859736,271.22013843034034,0.0050180470477382,10.0,Tree cover,,,1,4130.681277402565,2532.04836630248,17.37,32.03,65.99000000000001,,,,,,,,-0.999773260836918,0.021293823412343333,0.03709907,0.01453609880380546,0.21162126152477825,0.0877521440356469,LOW,0.3,False,0.2
NER_000159,Arunachal Pradesh,28.6,96.2,2026-08-30,3644.88623046875,32.50110889081061,324.3062280391398,0.0008647899085237,10.0,Tree cover,,,1,8591.425610342523,3642.7729812242287,17.37,32.03,65.99000000000001,,,,,,,,-0.5834529346008654,0.812146952900544,0.011376276,0.00212788060944881,0.11204583726095206,0.04184999792806358,LOW,0.3,False,0.2
NER_000160,Arunachal Pradesh,28.6,96.4,2026-08-30,4070.73095703125,13.988947926201982,329.1379879703333,0.0137848342077223,100.0,Moss and lichen,,,1,23880.37197617467,2333.4387354332925,17.37,32.03,65.99000000000001,,,,,,,,-0.512972229186844,0.8584052027353282,0.007113463,0.0014292402409847745,0.07536859728769871,0.027970433436118144,LOW,0.3,False,0.2
NER_000161,Arunachal Pradesh,28.8,94.0,2026-08-30,4253.01171875,33.13291638131925,12.67022733824291,-0.0034789584202963,70.0,Snow and ice,,,1,4253.770412981852,2639.438006067946,13.11,21.14,51.199999999999996,,,,,,,,0.2193392567286492,0.9756486511330417,0.003786391,0.0005643648702934778,0.04464543352493258,0.016332063247003377,LOW,0.3,False,0.2
NER_000162,Arunachal Pradesh,28.8,94.2,2026-08-30,2735.02197265625,14.075806462155612,127.38090387697304,-0.0135759243492934,10.0,Tree cover,,,1,4975.970771480883,3360.960477943889,10.33,21.21,58.980000000000004,,,,,,,,0.7946170088369053,-0.6071110353692226,0.10063515,0.017857662319132172,0.199839928136356,0.10611091425520705,LOW,0.3,False,0.2
NER_000163,Arunachal Pradesh,28.8,94.4,2026-08-30,4013.078369140625,48.4310456427947,125.72035941708634,-0.0034087625591681,10.0,Tree cover,,,1,6652.315319870494,1980.0262568033313,10.33,21.21,58.980000000000004,,,,,,,,0.8118761207570797,-0.5838297393456723,0.10062138,0.023801805837731622,0.26749945832294486,0.13064088259928877,LOW,0.3,False,0.2
NER_000164,Arunachal Pradesh,28.8,94.6,2026-08-30,2196.093017578125,26.081892509056004,259.27920797946,0.0018968888167251,10.0,Tree cover,,,1,12610.847163659953,2254.840530855469,10.33,21.21,58.980000000000004,,,,,,,,-0.9825453554330514,-0.1860231827405891,0.02413236,0.0063377580149865855,0.16764100260394774,0.06603704013061831,LOW,0.3,False,0.2
NER_000165,Arunachal Pradesh,28.8,94.8,2026-08-30,875.0960693359375,45.37382592818913,102.86578009504224,0.0085152150102069,10.0,Tree cover,,,1,356.1905098116694,782.3026283370727,8.18,24.0,63.54,,,,,,,,0.9748943564652438,-0.22266790009388016,0.61573803,0.6074594183401407,0.5312526619512365,0.5848167098136301,HIGH,0.3,True,0.2
NER_000166,Arunachal Pradesh,28.8,95.0,2026-08-30,2199.53125,47.13819097435041,202.72629019751065,-0.0046601125234643,10.0,Tree cover,,,1,6660.7008848787455,4169.516888694452,8.18,24.0,63.54,,,,,,,,-0.3863293087549961,-0.9223609191617383,0.17320208,0.08802766810759254,0.2913903239190226,0.18420669151379265,LOW,0.3,False,0.2
NER_000167,Arunachal Pradesh,28.8,95.2,2026-08-30,1999.328125,39.22631117267324,358.7291750972275,-0.0030392963833106,10.0,Tree cover,,,1,1625.4767278610605,1120.8037771852519,8.18,24.0,63.54,,,,,,,,-0.022178260211036648,0.9997540321369109,0.79549783,0.6466190757599444,0.49710285992791503,0.6464066000575488,HIGH,0.3,True,0.2
NER_000168,Arunachal Pradesh,28.8,95.4,2026-08-30,3221.07958984375,34.17965197865797,17.016272348985638,0.0169769051668029,10.0,Tree cover,,,1,19005.014246260987,596.5545359725133,10.73,31.02,66.08,,,,,,,,0.2926432892802505,0.9562216820587346,0.026014058,0.014637298174782926,0.14620210309620701,0.062284486396790996,LOW,0.3,False,0.2
NER_000169,Arunachal Pradesh,28.8,95.6,2026-08-30,2734.1376953125,32.51798782107153,356.0660078293617,0.0206521698529568,10.0,Tree cover,,,1,21988.39336570097,1717.9586855150933,10.73,31.02,66.08,,,,,,,,-0.06860718009804097,0.9976437514659203,0.03043558,0.013387302050738233,0.2165658941569771,0.08679625929975948,LOW,0.3,False,0.2
NER_000170,Arunachal Pradesh,28.8,95.8,2026-08-30,2076.272216796875,37.82919657732612,60.00741792573706,-0.011681346384395,10.0,Tree cover,,,1,7243.792037831199,5769.449749829487,10.73,31.02,66.08,,,,,,,,0.8660901301400916,0.4998878739016573,0.08023461,0.03156816458917892,0.24617198733088674,0.119324921108996,LOW,0.3,False,0.2
NER_000171,Arunachal Pradesh,28.8,96.0,2026-08-30,2739.395263671875,40.26074116841468,297.38991157626725,0.002182353821106,10.0,Tree cover,,,1,4044.102646956519,3794.0507325092667,11.05,23.15,55.120000000000005,,,,,,,,-0.8878964016077523,0.4600434544822967,0.05716674,0.013616141368322532,0.16939475752816477,0.08005921368580121,LOW,0.3,False,0.2
NER_000172,Arunachal Pradesh,28.8,96.2,2026-08-30,2978.05908203125,41.73207008456546,17.483878815877006,0.0020580193013743,10.0,Tree cover,,,1,14238.755489193967,238.51086661426976,11.05,23.15,55.120000000000005,,,,,,,,0.30043744241951137,0.9538015219071643,0.059520684,0.01726379910892217,0.17172600398377397,0.08283683033354344,LOW,0.3,False,0.2
NER_000173,Arunachal Pradesh,28.8,96.4,2026-08-30,2753.40283203125,27.46836651424333,214.5707716316887,0.0042373726072514,10.0,Tree cover,,,1,26515.641650350837,369.1899256323583,11.05,23.15,55.120000000000005,,,,,,,,-0.5674237635907244,-0.8234259362641777,0.036995098,0.010225590722797547,0.14654851341576983,0.06458973466533896,LOW,0.3,False,0.2
NER_000174,Arunachal Pradesh,28.8,96.6,2026-08-30,4008.39111328125,44.259166359257534,173.66297624601032,-0.0095778043860319,30.0,Grassland,,,1,9937.642523489822,286.7280409723393,15.58,26.979999999999997,60.8,,,,,,,,0.11037657219625234,-0.993889839122126,0.061228715,0.015552278938335096,0.3056583463955675,0.12747978131417345,LOW,0.3,False,0.2
NER_000175,Arunachal Pradesh,29.0,94.2,2026-08-30,3732.839111328125,30.01478166940538,245.72717917169777,0.0047333167614575,10.0,Tree cover,,,1,3908.7060162260746,3095.660833736777,10.33,21.21,58.980000000000004,,,,,,,,-0.9115983825189782,-0.4110819735634034,0.037939984,0.008144471506728906,0.16671612575373446,0.07093352782483503,LOW,0.3,False,0.2
NER_000176,Arunachal Pradesh,29.0,94.4,2026-08-30,3825.23291015625,47.380341729352914,307.2300934211532,0.0070978996907241,30.0,Grassland,,,1,6164.905058400672,2731.759447104709,10.33,21.21,58.980000000000004,,,,,,,,-0.7962122550119323,0.6050173922862166,0.07209453,0.021521867540758206,0.2655226568938465,0.11971301872147404,LOW,0.3,False,0.2
NER_000177,Arunachal Pradesh,29.0,94.6,2026-08-30,3393.69384765625,36.95874037101051,296.4554932370753,0.0016714926701096,10.0,Tree cover,,,1,15977.587394579436,1001.9624684649438,10.33,21.21,58.980000000000004,,,,,,,,-0.8952806933641319,0.445502502899186,0.037309054,0.008104244706731578,0.10614506893883058,0.050519456287390865,LOW,0.3,False,0.2
NER_000178,Arunachal Pradesh,29.0,94.8,2026-08-30,2034.8519287109373,36.3048709720097,72.98900057568773,0.0110865564870693,10.0,Tree cover,,,1,5618.65295776834,1594.2590467987184,8.18,24.0,63.54,,,,,,,,0.9562486099410358,0.2925552870584239,0.28000122,0.18869625396892917,0.3219984294447657,0.26356530465052874,MODERATE,0.3,False,0.2
NER_000179,Arunachal Pradesh,29.0,95.0,2026-08-30,1394.31982421875,48.34167544336978,166.93242886323355,0.0039360878437835,10.0,Tree cover,,,1,4141.1841238192,789.6221099057246,8.18,24.0,63.54,,,,,,,,0.22610001008048652,-0.9741040937402963,0.1961838,0.059011661895032055,0.3320122342355473,0.1957359014261622,LOW,0.3,False,0.2
NER_000180,Arunachal Pradesh,29.0,95.2,2026-08-30,3426.7451171875,27.555306716107104,34.59819344270329,-0.0062303681205248,10.0,Tree cover,,,1,11170.981288818068,974.7066940198939,8.18,24.0,63.54,,,,,,,,0.5678177909741491,0.8231542724503333,0.023424497,0.0032566315188133285,0.09525547068067496,0.040645533024567165,LOW,0.3,False,0.2
NER_000181,Arunachal Pradesh,29.0,95.4,2026-08-30,2801.414794921875,36.88432585364923,157.2730866176273,-0.0001799326388007,10.0,Tree cover,,,1,15720.455617676636,1007.6313984885124,10.73,31.02,66.08,,,,,,,,0.38633934090845895,-0.9223567171471229,0.037959334,0.007421577758911523,0.13798452346699103,0.06112181188881063,LOW,0.3,False,0.2
NER_000182,Arunachal Pradesh,29.0,95.6,2026-08-30,3802.19189453125,26.068840969207585,125.51918702012205,-0.0001859995885214,10.0,Tree cover,,,1,7194.21703781962,2745.261459611078,10.73,31.02,66.08,,,,,,,,0.8139210088366843,-0.5809755514428073,0.043065973,0.006111194338816707,0.16671973363532205,0.07196563353344934,LOW,0.3,False,0.2
NER_000183,Arunachal Pradesh,29.0,95.8,2026-08-30,1870.199951171875,45.276983901593375,133.76838588482292,-0.001708090806096,10.0,Tree cover,,,1,729.7766803695354,538.1507864858344,10.73,31.02,66.08,,,,,,,,0.7221420223246939,-0.6917448225992019,0.551486,0.15370421457123795,0.3682775033478841,0.35782258768042285,MODERATE,0.3,True,0.2
NER_000184,Arunachal Pradesh,29.0,96.0,2026-08-30,3780.613525390625,38.61285208599519,233.33209587402925,-0.0012194711248425,30.0,Grassland,,,1,2738.9654228119994,1802.3184895423215,11.05,23.15,55.120000000000005,,,,,,,,-0.8021102952924306,-0.5971759156110449,0.07182648,0.012803717111898554,0.2797865975586579,0.12147226624162782,LOW,0.3,False,0.2
NER_000185,Arunachal Pradesh,29.0,96.4,2026-08-30,4069.16650390625,33.33177539041628,111.14201394884776,0.0028164125629693,30.0,Grassland,,,1,12999.518307453143,519.8842482012866,11.05,23.15,55.120000000000005,,,,,,,,0.9326893049380661,-0.3606808290637959,0.011143804,0.0020598594904750736,0.146448968932988,0.053217544084263435,LOW,0.3,False,0.2
NER_000186,Arunachal Pradesh,29.2,94.4,2026-08-30,3782.059326171875,42.93686061866057,106.41721757102243,0.0034190151877221,10.0,Tree cover,,,1,1034.4052306965955,7720.2957728055335,10.33,21.21,58.980000000000004,,,,,,,,0.9592290866867298,-0.2826297211089844,0.5118682,0.486386726057633,0.4137942352165313,0.47068305664031285,MODERATE,0.3,True,0.2
NER_000187,Arunachal Pradesh,29.2,94.6,2026-08-30,4161.40283203125,17.11477380956163,40.70135351156705,-0.0140297668630369,100.0,Moss and lichen,,,1,7042.4477301366705,1367.01936771304,10.33,21.21,58.980000000000004,,,,,,,,0.6521163132327399,0.7581189313133785,0.011468035,0.0009403379091425593,0.08827740503107483,0.03356192611399794,LOW,0.3,False,0.2
NER_000188,Arunachal Pradesh,29.2,95.6,2026-08-30,4081.168212890625,28.69957552190274,234.1852642513849,0.0020163327763692,100.0,Moss and lichen,,,1,2371.2930501626565,1754.3901697845274,10.73,31.02,66.08,,,,,,,,-0.8109133484637212,-0.5851662509777503,0.017335223,0.005684331466449341,0.12804314021073096,0.05035423157040151,LOW,0.3,False,0.2
NER_000189,Arunachal Pradesh,29.2,95.8,2026-08-30,4012.426513671875,23.929638360951586,125.49454368029076,-0.0030272984153949,100.0,Moss and lichen,,,1,18126.29654226517,5548.756036053916,10.73,31.02,66.08,,,,,,,,0.8141708154391685,-0.5806254242514012,0.02908566,0.0051281169378562036,0.1710419445845217,0.068418574579442,LOW,0.3,False,0.2
NER_000190,Arunachal Pradesh,29.2,96.0,2026-08-30,3166.23291015625,38.45632137228432,189.9644790565618,-0.0214723746340478,30.0,Grassland,,,1,12880.508738976152,765.7372536687977,11.05,23.15,55.120000000000005,,,,,,,,-0.1730376054652267,-0.9849152182268586,0.0458746,0.01347085999517739,0.22315963089803156,0.09416836373063722,LOW,0.3,False,0.2
NER_000191,Arunachal Pradesh,29.2,96.2,2026-08-30,4337.45263671875,51.80102232003623,157.54313195573752,0.0022198037087718,100.0,Moss and lichen,,,1,6066.942777423016,3192.212300508836,11.05,23.15,55.120000000000005,,,,,,,,0.38198783243698664,-0.9241673527398014,0.0094131185,0.0027142383626006313,0.12701501982934457,0.04638079237726398,LOW,0.3,False,0.2
NER_000192,Arunachal Pradesh,29.4,96.0,2026-08-30,4045.270263671875,2.306661127534872,234.42076723867467,0.0037406015542833,80.0,Permanent water bodies,,,1,7289.827621210892,14.88704813932733,11.3,23.46,43.870000000000005,,,,,,,,-0.8133117019976747,-0.5818282181139427,0.034936648,0.010997921505090116,0.20966020901187968,0.08519826008060363,LOW,0.3,False,0.2
NER_000193,Assam,24.4,92.4,2026-08-30,30.748891830444336,0.0958862410152437,224.21540135570348,6.538083760437648e-05,40.0,Cropland,,,1,430.80043914008553,795.7960741210932,15.76,32.22,68.52,,,,,,,,-0.6973577863667177,-0.7167231807285929,0.021861477,0.003031214786415817,0.14093867483301417,0.05527712230292628,LOW,0.3,False,0.2
NER_000194,Assam,24.4,92.6,2026-08-30,56.4935188293457,12.785548115401618,171.17719052291068,-0.0083769962226398,10.0,Tree cover,,,1,589.0336969202756,613.7424908798262,15.76,32.22,68.52,,,,,,,,0.1533792383396627,-0.9881673994047491,0.04701994,0.0033921921827839686,0.17324066497847185,0.07455093234363269,LOW,0.3,False,0.2
NER_000195,Assam,24.6,92.4,2026-08-30,16.19510269165039,2.4370098569550795,272.16748792854696,0.0004643347480311,40.0,Cropland,,,1,47.13948265896387,1707.9799253678157,15.76,32.22,68.52,,,,,,,,-0.9992845384143046,0.03782077849687946,0.08233254,0.018901688795661873,0.376670380138208,0.1593015364124462,LOW,0.3,False,0.2
NER_000196,Assam,24.6,92.6,2026-08-30,30.687820434570312,7.912420916920534,335.88741862393283,0.000872636756249,10.0,Tree cover,,,1,62.754363405797534,960.7529376902514,15.76,32.22,68.52,,,,,,,,-0.4085308965396653,0.9127444913953178,0.2018349,0.1258634537836397,0.5560658770415039,0.29458808014768145,MODERATE,0.3,False,0.2
NER_000197,Assam,24.6,92.8,2026-08-30,77.02777862548828,16.406783414460946,322.1571176005199,-0.0020094751568752,10.0,Tree cover,,,1,809.6580647594678,1911.0139128732833,15.76,32.22,68.52,,,,,,,,-0.6134982648108127,0.7896960675311242,0.15560144,0.0620105461923526,0.2770316161045251,0.16488120386921906,LOW,0.3,False,0.2
NER_000198,Assam,24.6,93.0,2026-08-30,134.92848205566406,13.151126147190755,203.6330030782389,0.0126498351886744,10.0,Tree cover,,,1,1395.500016121219,3839.652718053309,15.19,30.479999999999997,61.809999999999995,,,,,,,,-0.40087680238723405,-0.9161319715563836,0.3171698,0.3270852587208801,0.393881495298905,0.34604551317311927,MODERATE,0.3,True,0.2
NER_000199,Assam,24.8,92.4,2026-08-30,13.132919311523438,1.826793931509604,295.1495174664025,0.0010375790295887,40.0,Cropland,,,1,824.0009486233591,572.9353881464116,9.94,25.28,61.52,,,,,,,,-0.9052018495571514,0.42498189556534316,0.0614985,0.008314844482930833,0.19317574843320798,0.0876630323493904,LOW,0.3,False,0.2
NER_000200,Assam,24.8,92.6,2026-08-30,28.164913177490234,2.6075379394741853,16.055617648486987,-0.0040033952154965,10.0,Tree cover,,,1,165.82890086079234,217.6582598180963,9.94,25.28,61.52,,,,,,,,0.2765703331937014,0.9609936788538855,0.32962668,0.2871164009764838,0.5749995178560086,0.39724753275098784,MODERATE,0.3,True,0.2
NER_000201,Assam,24.8,92.8,2026-08-30,24.028636932373047,2.8590545110691115,81.54033263981836,-0.0010348862107288,50.0,Built-up,,,1,13.72327235561399,1414.5595509140724,9.94,25.28,61.52,,,,,,,,0.9891196668776819,0.14711316934857846,0.8873966,0.9464960117974683,0.8088302864294107,0.8809076340165289,CRITICAL,0.3,True,0.2
NER_000202,Assam,24.8,93.0,2026-08-30,23.78310775756836,0.7221811670666181,16.3230455395107,0.0004821591861262,40.0,Cropland,,,1,33.62795819379719,351.5931698591687,10.52,25.11,52.97999999999999,,,,,,,,0.28105273961215554,0.9596923244230423,0.46923906,0.5781560188062728,0.49642119915777566,0.5146054246914769,HIGH,0.3,True,0.2
NER_000203,Assam,25.0,92.6,2026-08-30,23.81093406677246,5.576077961354977,354.3522766553904,0.0010910741494529,10.0,Tree cover,,,1,6.1735596244584885,276.51399850808156,9.94,25.28,61.52,,,,,,,,-0.09841182006736658,0.9951457750857551,0.65751815,0.37959459346868435,0.641207518446166,0.5594400867790306,HIGH,0.3,True,0.2
NER_000204,Assam,25.0,92.8,2026-08-30,573.9697875976562,29.548392055220933,156.77560257426842,-0.0038838060632242,10.0,Tree cover,,,1,3517.0969215259097,2840.7348645136826,9.94,25.28,61.52,,,,,,,,0.39433325585411155,-0.9189675093970928,0.022562344,0.0027298793025062615,0.16522083374092772,0.0635043523787699,LOW,0.3,False,0.2
NER_000205,Assam,25.0,93.0,2026-08-30,500.26751708984375,18.22113781420291,215.8280901677112,-0.0077576251434766,10.0,Tree cover,,,1,2431.6941537355046,1545.7749352409387,10.52,25.11,52.97999999999999,,,,,,,,-0.5853552416154064,-0.8107769367177197,0.10344949,0.023050990605089416,0.235394209468731,0.1206315645734807,LOW,0.3,False,0.2
NER_000206,Assam,25.0,93.2,2026-08-30,210.8451232910156,12.752739615698877,289.6371306014729,-0.0009901831517368,10.0,Tree cover,,,1,271.6835168581466,932.125301352608,10.52,25.11,52.97999999999999,,,,,,,,-0.941839865175649,0.33606200077651643,0.30378756,0.208033717569862,0.46058823033128427,0.32413650735772204,MODERATE,0.3,True,0.2
NER_000207,Assam,25.2,92.8,2026-08-30,1077.591552734375,11.322753433428645,81.73155321012422,-0.0007414726963957,10.0,Tree cover,,,1,1592.722396807476,155.34383882590342,9.94,25.28,61.52,,,,,,,,0.9896051370429616,0.14381123995773482,0.2473682,0.03674244378610983,0.21917349129518907,0.1677613788982417,LOW,0.3,False,0.2
NER_000208,Assam,25.2,93.0,2026-08-30,534.512939453125,15.772194743836616,326.3849470678919,0.0062356918630373,30.0,Grassland,,,1,116.25244099484082,584.5479202154131,10.52,25.11,52.97999999999999,,,,,,,,-0.5536103578988182,0.832775823152391,0.6882943,0.7990358447629154,0.795029515744259,0.7607865556348707,CRITICAL,0.3,True,0.2
NER_000209,Assam,25.2,93.2,2026-08-30,754.7987670898438,25.94741410701022,196.053790797366,0.0005385986978804,10.0,Tree cover,,,1,1284.5693888965998,1449.1692846547508,10.52,25.11,52.97999999999999,,,,,,,,-0.27653969218577734,-0.961002496690719,0.3150149,0.15793616193454524,0.3333122051994381,0.26875442197033045,MODERATE,0.3,False,0.2
NER_000210,Assam,25.4,92.8,2026-08-30,921.0195922851562,27.458536285651014,40.804599042577024,-0.0080633848775383,10.0,Tree cover,,,1,406.3450731440805,919.7275047195785,13.01,36.43,73.64,,,,,,,,0.6534813646937677,0.7569426041635989,0.09540246,0.011744756558734496,0.25294915063528733,0.12003212382153784,LOW,0.3,False,0.2
NER_000211,Assam,25.4,93.0,2026-08-30,261.8580017089844,34.05972239734329,190.6884137270928,-8.718428244030839e-05,10.0,Tree cover,,,1,440.84011671240137,213.85125663440888,12.19,35.03,69.47,,,,,,,,-0.18546790899661217,-0.982650321697614,0.20169605,0.04141818524340644,0.2783723545870569,0.1738288668094533,LOW,0.3,False,0.2
NER_000212,Assam,25.4,93.2,2026-08-30,341.0852966308594,10.54486675398268,307.92756318266345,0.0240855801818569,10.0,Tree cover,,,1,1818.8478281280231,4706.551485543011,12.19,35.03,69.47,,,,,,,,-0.7887884804078633,0.6146647323345091,0.41890413,0.5702471454012183,0.36495939211875983,0.45137022603719984,MODERATE,0.3,True,0.2
NER_000213,Assam,25.4,93.4,2026-08-30,545.5319213867188,13.857054119510938,331.5543427189321,0.0010042350121055,30.0,Grassland,,,1,195.3765899731381,571.8823650474301,12.19,35.03,69.47,,,,,,,,-0.476325023439616,0.8792692830101876,0.57587457,0.6361483544027822,0.7107697540846952,0.6409308918397791,HIGH,0.3,True,0.2
NER_000214,Assam,25.6,90.0,2026-08-30,33.16983795166016,4.931003488768464,155.19786855774169,-0.0002146013082961,10.0,Tree cover,,,1,1473.930775324035,885.5578911320839,9.2,19.03,53.36,,,,,,,,0.41948585210016337,-0.9077618739998943,0.08181064,0.008080583508659228,0.21089321350843274,0.10026147844187235,LOW,0.3,False,0.2
NER_000215,Assam,25.6,92.6,2026-08-30,752.7100219726562,10.59958834088745,154.35115889526958,-0.0112854283726371,30.0,Grassland,,,1,602.3194212017081,4035.507581771442,13.01,36.43,73.64,,,,,,,,0.43285434811556084,-0.9014638724416264,0.511107,0.3051486627900233,0.40037827321077324,0.4055446594775426,MODERATE,0.3,True,0.2
NER_000216,Assam,25.6,92.8,2026-08-30,310.7205810546875,2.1467146296345065,109.67470035360624,0.0009970644162695,10.0,Tree cover,,,1,1481.2044580468596,3709.9970082926407,13.01,36.43,73.64,,,,,,,,0.9416193015246371,-0.3366795078353515,0.43711552,0.43058137515812067,0.40839839880835616,0.4253651030355048,MODERATE,0.3,True,0.2
NER_000217,Assam,25.6,93.0,2026-08-30,185.2630157470703,12.271862687251314,344.40457275685344,0.005488965417062,10.0,Tree cover,,,1,4324.357658129371,3524.7468352689675,12.19,35.03,69.47,,,,,,,,-0.26884295007903725,0.9631840261304172,0.04062765,0.01486368393447852,0.21039788644731666,0.08862974074323138,LOW,0.3,False,0.2
NER_000218,Assam,25.6,93.2,2026-08-30,348.9577331542969,15.183245164626918,256.7113744593415,-0.0047868908165277,10.0,Tree cover,,,1,9441.594959720689,2772.440692625022,12.19,35.03,69.47,,,,,,,,-0.9732245234799922,-0.22985653546754367,0.010709625,0.0010467693702865852,0.12236249873153568,0.04470629761310781,LOW,0.3,False,0.2
NER_000219,Assam,25.6,93.4,2026-08-30,243.2748870849609,16.00448788888875,151.96848319614708,-0.0022567487751913,10.0,Tree cover,,,1,14273.981186723973,89.60898397342027,12.19,35.03,69.47,,,,,,,,0.4699571764808302,-0.8826892161311171,0.04575113,0.006566738867326042,0.1758562104403264,0.07605802619490099,LOW,0.3,False,0.2
NER_000220,Assam,25.8,91.2,2026-08-30,605.6472778320312,8.086738171608491,160.3331339437119,-0.0017970350908184,10.0,Tree cover,,,1,45607.63638718801,69146.15711172328,15.37,39.58,62.599999999999994,,,,,,,,0.3365507530485807,-0.9416653283531433,0.017423168,0.004372290245240219,0.17024666398717878,0.06401404099616224,LOW,0.3,False,0.2
NER_000221,Assam,25.8,92.2,2026-08-30,1033.800048828125,42.40107961366524,27.78375708811797,0.0082689293975396,10.0,Tree cover,,,1,1283.3458225957693,4486.948795258194,10.21,38.7,66.75999999999999,,,,,,,,0.46613584971347377,0.8847131566852037,0.46015644,0.31766395272427583,0.40596926067087613,0.3945965613107792,MODERATE,0.3,True,0.2
NER_000222,Assam,25.8,92.4,2026-08-30,853.768310546875,31.34175297560023,210.9496613926084,0.0032451354602382,10.0,Tree cover,,,1,350.20833452067933,4318.186647380676,10.21,38.7,66.75999999999999,,,,,,,,-0.5142847909487221,-0.8576194691113473,0.38988015,0.3757573044075175,0.47266351719818556,0.4127670006548632,MODERATE,0.3,True,0.2
NER_000223,Assam,25.8,92.6,2026-08-30,558.8314208984375,17.453785743823676,151.79573373359915,-0.004290892999932,10.0,Tree cover,,,1,704.611616839167,2573.6565105189893,10.21,38.7,66.75999999999999,,,,,,,,0.47261638576256265,-0.8812682633050691,0.3111961,0.1634365806353279,0.3387966737247441,0.2711431193507089,MODERATE,0.3,False,0.2
NER_000224,Assam,25.8,92.8,2026-08-30,243.43441772460935,1.6295850502249385,103.61975731775276,-0.0065974068914181,10.0,Tree cover,,,1,3878.425218395706,4727.194694478581,10.21,38.7,66.75999999999999,,,,,,,,0.9718798586804926,-0.23547726066689662,0.10506835,0.01791985640040685,0.2605886467346724,0.1278589517361701,LOW,0.3,False,0.2
NER_000225,Assam,25.8,93.0,2026-08-30,81.0,27.670113863670856,270.0,-0.0088149374495066,10.0,Tree cover,,,1,393.01914693799426,45.32442263836525,10.1,38.410000000000004,72.98,,,,,,,,-1.0,-1.8369701987210297e-16,0.12997748,0.06597301308360044,0.3141454854645391,0.17003199270840136,LOW,0.3,False,0.2
NER_000226,Assam,25.8,93.2,2026-08-30,307.83221435546875,23.12651839471743,19.59116275024365,0.0012393125119653,10.0,Tree cover,,,1,3054.358149186605,3291.8666262295824,10.1,38.410000000000004,72.98,,,,,,,,0.3353062636622429,0.9421091813313712,0.013439074,0.0016089963859040543,0.14874078366321902,0.054596284735930534,LOW,0.3,False,0.2
NER_000227,Assam,25.8,93.4,2026-08-30,215.62136840820312,9.491637355436511,352.29399458388133,0.0033311017249606,10.0,Tree cover,,,1,2235.163889096242,4217.736112213407,10.1,38.410000000000004,72.98,,,,,,,,-0.13409005387686895,0.9909691506052539,0.13090372,0.08623038666446226,0.302702871847418,0.17327899436429448,LOW,0.3,False,0.2
NER_000228,Assam,25.8,93.6,2026-08-30,173.41619873046875,5.232946224268086,207.9122996234452,0.0039114717751152,30.0,Grassland,,,1,574.0467147083342,2055.547348522315,8.64,30.54,72.83,,,,,,,,-0.46811952049590616,-0.8836651597356788,0.36569306,0.38614734001871626,0.4079158300165939,0.38658541334325325,MODERATE,0.3,True,0.2
NER_000229,Assam,26.0,90.0,2026-08-30,24.0,0.0,0.0,0.0,40.0,Cropland,,,1,1846.2585318280032,1583.6276323165278,18.17,33.480000000000004,71.03,,,,,,,,0.0,1.0,0.24707344,0.26562400905466926,0.3364776388229722,0.2830583656906909,MODERATE,0.3,False,0.2
NER_000230,Assam,26.0,90.2,2026-08-30,28.616111755371094,1.2036120966883237,80.8925517223787,0.0012425350040683,40.0,Cropland,,,1,34.165455900395784,1402.865341293587,18.17,33.480000000000004,71.03,,,,,,,,0.9873932383384891,0.15828642671888074,0.26026118,0.07782267239848083,0.4223634987714456,0.253482449728863,MODERATE,0.3,False,0.2
NER_000231,Assam,26.0,90.6,2026-08-30,311.5597839355469,12.544926698940484,323.6985980967913,0.0028562184833335,10.0,Tree cover,,,1,785.0823787996242,2894.078494985582,21.49,44.16,70.58,,,,,,,,-0.5920328979356185,0.8059137967313585,0.23620957,0.19228842004361976,0.3106149193610663,0.24637097522246298,LOW,0.3,False,0.2
NER_000232,Assam,26.0,90.8,2026-08-30,51.49018096923828,14.730570998315558,140.36622047485764,0.0041560156703213,10.0,Tree cover,,,1,35.263515423094596,739.1499955510802,21.49,44.16,70.58,,,,,,,,0.6378781457608872,-0.7701373066931976,0.6761474,0.7167810369358506,0.6898365927689857,0.6942550202800046,HIGH,0.3,True,0.2
NER_000233,Assam,26.0,91.0,2026-08-30,44.17255401611328,0.9969905249487234,81.66748131544722,0.0001702206663755,40.0,Cropland,,,1,612.501879522468,1293.7966072592594,15.37,39.58,62.599999999999994,,,,,,,,0.9894436991660894,0.1449177911111163,0.15023687,0.05652790158777394,0.21752537553710732,0.14143005064789438,LOW,0.3,False,0.2
NER_000234,Assam,26.0,91.2,2026-08-30,46.09748458862305,1.837157372409888,46.96124717892019,-3.836896594940683e-05,40.0,Cropland,,,1,71.31181772198957,467.60012501375513,15.37,39.58,62.599999999999994,,,,,,,,0.7308922550100356,0.6824928655790806,0.22660895,0.17413835351393123,0.4387772151037196,0.27984150766255755,MODERATE,0.3,False,0.2
NER_000235,Assam,26.0,91.4,2026-08-30,52.32416915893555,13.49969678110862,22.14587961187118,-0.0033343506154567,10.0,Tree cover,,,1,1348.870892507454,814.731999848951,15.37,39.58,62.599999999999994,,,,,,,,0.376966060509191,0.9262270721719275,0.058793046,0.009296524756989792,0.1600675074661244,0.0760523605095972,LOW,0.3,False,0.2
NER_000236,Assam,26.0,92.4,2026-08-30,650.5361328125,20.503030379765374,357.84549144006365,0.0016193759727386,10.0,Tree cover,,,1,3033.087560383495,2775.1036599974664,10.21,38.7,66.75999999999999,,,,,,,,-0.03759440688676112,0.9992930804177684,0.04952535,0.008390075801929997,0.2484842592933217,0.10213322909671899,LOW,0.3,False,0.2
NER_000237,Assam,26.0,92.6,2026-08-30,64.77391052246094,0.2881424404768429,206.31698544613675,0.0005366319935585,10.0,Tree cover,,,1,88.7560746322275,2369.788483365631,10.21,38.7,66.75999999999999,,,,,,,,-0.4433369365103114,-0.8963550416691213,0.12440296,0.03013579845633702,0.38560608493483994,0.18004828324716465,LOW,0.3,False,0.2
NER_000238,Assam,26.0,92.8,2026-08-30,75.48177337646484,4.526433146182204,75.86034617417556,-0.0020373008046907,10.0,Tree cover,,,1,81.09182595933419,1092.424919209536,10.21,38.7,66.75999999999999,,,,,,,,0.9697031795494737,0.24428619193814674,0.3110157,0.07114310509198547,0.6109224868906771,0.33102709825557464,MODERATE,0.3,True,0.2
NER_000239,Assam,26.0,93.0,2026-08-30,76.05583190917969,0.7698277799072429,335.090966878144,-0.0004604102710408,40.0,Cropland,,,1,522.9947049962605,156.00201349069775,10.1,38.410000000000004,72.98,,,,,,,,-0.4211788106238036,0.906977623473434,0.094750084,0.039556802442020304,0.2071426640373677,0.1138165168207775,LOW,0.3,False,0.2
NER_000240,Assam,26.0,93.2,2026-08-30,112.55695343017578,1.432205132607565,331.35365714174696,-0.000304076451591,10.0,Tree cover,,,1,637.1915273712021,3023.630067430184,10.1,38.410000000000004,72.98,,,,,,,,-0.4794018450444787,0.8775955053257449,0.15411529,0.09283571054357655,0.26091909766435495,0.16929003379430452,LOW,0.3,False,0.2
NER_000241,Assam,26.0,93.4,2026-08-30,154.94638061523438,7.4626189950118675,144.06790694222508,0.0005767538951,10.0,Tree cover,,,1,87.83530426503965,1280.420791289266,10.1,38.410000000000004,72.98,,,,,,,,0.5868259929658026,-0.8097130689199105,0.55345684,0.464416866819095,0.7065711915647024,0.5748149670943732,HIGH,0.3,True,0.2
NER_000242,Assam,26.0,93.6,2026-08-30,212.4283447265625,11.306729350146432,125.9915027187904,0.0026458565824636,10.0,Tree cover,,,1,149.3351595682686,8177.41004256021,8.64,30.54,72.83,,,,,,,,0.8091041572837097,-0.587665264131051,0.56490546,0.5628607896816199,0.66468942562476,0.5974852365859675,HIGH,0.3,True,0.2
NER_000243,Assam,26.0,93.8,2026-08-30,130.51666259765625,0.5369465091674926,232.9851786163613,-0.0011305036902555,60.0,Bare/sparse vegetation,,,1,267.96194411843743,206.68803483549425,8.64,30.54,72.83,,,,,,,,-0.7984798046479075,-0.602021595600556,0.23757279,0.1803759307952445,0.3953221412948349,0.2710902895776199,MODERATE,0.3,False,0.2
NER_000244,Assam,26.2,89.8,2026-08-30,30.57916641235352,1.007645249958392,324.7979619665168,0.0007832321806087,80.0,Permanent water bodies,,,1,11943.742783111675,46594.59159694885,18.17,33.480000000000004,71.03,,,,,,,,-0.5764613819715569,0.8171243938932693,0.010338286,0.002641453953874044,0.1648108989683948,0.05926354636433493,LOW,0.3,False,0.2
NER_000245,Assam,26.2,90.0,2026-08-30,31.103012084960938,1.9400068160766009,190.38459193847729,0.0010131919907045,40.0,Cropland,,,1,225.9220093627616,1387.6968390581374,18.17,33.480000000000004,71.03,,,,,,,,-0.18025463530451954,-0.9836199807096411,0.087172836,0.012226155507145927,0.36124113130313507,0.15354670824607283,LOW,0.3,False,0.2
NER_000246,Assam,26.2,90.2,2026-08-30,31.0,0.3498617363440011,112.03442912318695,0.001618385686986,40.0,Cropland,,,1,2080.294836858307,1279.2149572511244,18.17,33.480000000000004,71.03,,,,,,,,0.9269585854996317,-0.3751636719733429,0.09022178,0.027247820733807306,0.2232469615465698,0.11357218661290128,LOW,0.3,False,0.2
NER_000247,Assam,26.2,90.4,2026-08-30,30.0,0.0,0.0,0.0,80.0,Permanent water bodies,,,1,4772.221515584004,679.063237904941,21.49,44.16,70.58,,,,,,,,0.0,1.0,0.026354808,0.00480478355863352,0.23566950095509231,0.08894303157890306,LOW,0.3,False,0.2
NER_000248,Assam,26.2,90.6,2026-08-30,32.84892272949219,3.857097807176868,7.848155698286973,-0.0011180968245443,80.0,Permanent water bodies,,,1,1375.7328780594112,58.637730273229806,21.49,44.16,70.58,,,,,,,,0.1365482236769987,0.9906334249411617,0.07328664,0.006705859048219877,0.2083953198772069,0.09612927281730438,LOW,0.3,False,0.2
NER_000249,Assam,26.2,90.8,2026-08-30,37.357032775878906,1.6758443136927286,313.96393575941084,0.0001784354235211,80.0,Permanent water bodies,,,1,5299.982733594428,3054.7022389967483,21.49,44.16,70.58,,,,,,,,-0.7197769033950344,0.694205451821761,0.009253567,0.0013552719875087695,0.12892630435190128,0.04651171455230359,LOW,0.3,False,0.2
NER_000250,Assam,26.2,91.0,2026-08-30,35.5,0.0,0.0,0.0,80.0,Permanent water bodies,,,1,3840.8766985632215,1265.2255268168005,15.37,39.58,62.599999999999994,,,,,,,,0.0,1.0,0.03478969,0.008430648227021303,0.25132056722557944,0.09818030175637842,LOW,0.3,False,0.2
NER_000251,Assam,26.2,91.2,2026-08-30,42.79795837402344,0.9566656124593204,224.5058880510581,-0.0010888971164203,80.0,Permanent water bodies,,,1,6339.879109877066,695.1142166401938,15.37,39.58,62.599999999999994,,,,,,,,-0.7009825584069087,-0.7131784158324653,0.009152698,0.001216374054663961,0.13087266987073046,0.047080580907212295,LOW,0.3,False,0.2
NER_000252,Assam,26.2,91.4,2026-08-30,44.84456634521485,0.4720601967279265,351.92085689440216,-0.0004888481670783,80.0,Permanent water bodies,,,1,214.5272336243298,5340.2391112477435,15.37,39.58,62.599999999999994,,,,,,,,-0.14054083273383075,0.9900748831954487,0.1452913,0.1487368715546803,0.3550772143990849,0.21636846401073306,LOW,0.3,False,0.2
NER_000253,Assam,26.2,91.6,2026-08-30,41.0,0.0,0.0,0.0,80.0,Permanent water bodies,,,1,547.0256848860511,2523.378216078646,10.41,36.16,61.67,,,,,,,,0.0,1.0,0.25786754,0.29066338232378336,0.35290020682675954,0.3004770471635245,MODERATE,0.3,True,0.2
NER_000254,Assam,26.2,91.8,2026-08-30,118.09232330322266,15.258590990256533,334.4397975399324,-0.0093257663690178,10.0,Tree cover,,,1,18.560685448645085,564.2430265847204,10.41,36.16,61.67,,,,,,,,-0.4314592334541185,0.9021324347717382,0.79925305,0.8433761720523741,0.8123529645459717,0.8183273943703164,CRITICAL,0.3,True,0.2
NER_000255,Assam,26.2,92.0,2026-08-30,51.13834762573242,0.4440248449212356,351.84569947227953,0.0005152084438996,40.0,Cropland,,,1,104.16567288286511,505.21648184452454,10.41,36.16,61.67,,,,,,,,-0.14183943670518845,0.9898896777899823,0.3730981,0.536240398880205,0.4571620211110135,0.4555001775446612,MODERATE,0.3,True,0.2
NER_000256,Assam,26.2,92.2,2026-08-30,52.54610443115234,0.9067971609445884,266.4068379837687,0.0009194200937038,40.0,Cropland,,,1,50.92956899328369,1222.9465525588496,10.21,38.7,66.75999999999999,,,,,,,,-0.9980342150759872,-0.0626714092522106,0.15515742,0.03956606422823024,0.3304324458174592,0.17505197694330815,LOW,0.3,False,0.2
NER_000257,Assam,26.2,92.4,2026-08-30,62.91333770751953,5.250798918516848,202.06964649328225,0.0017442107772337,10.0,Tree cover,,,1,128.97965009169113,1321.9552676752382,10.21,38.7,66.75999999999999,,,,,,,,-0.3757333645626981,-0.926727812658277,0.2894771,0.04728142327242979,0.5631327734675818,0.29996377136654995,MODERATE,0.3,False,0.2
NER_000258,Assam,26.2,92.6,2026-08-30,62.681976318359375,3.0633677495667366,220.85238955235732,-0.000646709839344,10.0,Tree cover,,,1,46.804454601903025,107.32371549436874,10.21,38.7,66.75999999999999,,,,,,,,-0.6541125044470886,-0.756397270966757,0.45932966,0.12346823160336594,0.6271479622068568,0.4033152911395226,MODERATE,0.3,True,0.2
NER_000259,Assam,26.2,92.8,2026-08-30,248.7068023681641,19.33566756000195,13.55189058038576,-0.004438009041215,10.0,Tree cover,,,1,3660.852298068941,5757.834245535121,10.21,38.7,66.75999999999999,,,,,,,,0.234325905976689,0.9721580991732794,0.013648822,0.002000182681730193,0.1559212762632315,0.0571900939495316,LOW,0.3,False,0.2
NER_000260,Assam,26.2,93.0,2026-08-30,72.50721740722656,0.8991862298487985,150.58189990564404,4.016887394999389e-05,40.0,Cropland,,,1,130.0145445913036,615.9661951812419,10.1,38.410000000000004,72.98,,,,,,,,0.4911789509958186,-0.8710586880909043,0.36063468,0.1771783660632575,0.4298306242958404,0.3225478941241205,MODERATE,0.3,True,0.2
NER_000261,Assam,26.2,93.2,2026-08-30,106.15901947021484,1.011256850192157,211.399225128775,-0.0006732645027262,10.0,Tree cover,,,1,6006.774368186093,8059.924165268615,10.1,38.410000000000004,72.98,,,,,,,,-0.5209980883257234,-0.8535578433597466,0.016418234,0.00521317505430797,0.1747531180405986,0.0654615091800204,LOW,0.3,False,0.2
NER_000262,Assam,26.2,93.4,2026-08-30,564.6001586914062,19.046474110357263,24.532547464874995,-0.0053025188635412,10.0,Tree cover,,,1,10046.06295813208,5630.597501825155,10.1,38.410000000000004,72.98,,,,,,,,0.41521008870570153,0.9097255532505413,0.013525199,0.0015419863449085038,0.14876922466092227,0.054612136872190235,LOW,0.3,False,0.2
NER_000263,Assam,26.2,93.6,2026-08-30,928.0275268554688,25.0212244313725,80.27805460321338,0.0011109070804785,10.0,Tree cover,,,1,,,8.64,30.54,72.83,,,,,,,,0.9856388620811172,0.16886691077721705,0.3767711,0.2716837852973712,0.4516781636145646,0.36671101874265094,MODERATE,0.3,True,0.2
NER_000264,Assam,26.2,93.8,2026-08-30,122.65040588378906,2.222668721392165,133.55310589186462,0.0036701233632747,10.0,Tree cover,,,1,186.84267453233696,2217.2407182579836,8.64,30.54,72.83,,,,,,,,0.7247360424814555,-0.6890266095937934,0.55553627,0.23764016108420694,0.6372988938246767,0.47682510835016173,MODERATE,0.3,True,0.2
NER_000265,Assam,26.2,94.0,2026-08-30,112.77320861816406,1.5086073254878376,135.8608660772996,-0.0005774941819795,40.0,Cropland,,,1,379.93849804141985,30151.686481402918,8.64,30.54,72.83,,,,,,,,0.6964031258368557,-0.7176508108576597,0.19381717,0.11045995315942236,0.3504356903197393,0.21823760895150673,LOW,0.3,False,0.2
NER_000266,Assam,26.4,90.0,2026-08-30,45.313514709472656,0.471428558776534,191.15502367524,0.0005330375288621,40.0,Cropland,,,1,41.76948504870742,1086.0277681662717,13.92,24.71,58.540000000000006,,,,,,,,-0.19346425641928572,-0.9811073241435582,0.141353,0.03134247550789835,0.3493415981902622,0.174012356642762,LOW,0.3,False,0.2
NER_000267,Assam,26.4,90.2,2026-08-30,44.47216033935547,0.8338720790818548,103.44071478436524,0.0039038151987392,40.0,Cropland,,,1,1036.5113261172069,1024.7951714428093,13.92,24.71,58.540000000000006,,,,,,,,0.9726109509236058,-0.23243910631277023,0.09899895,0.029254272193673492,0.22164322477276058,0.11663214863270936,LOW,0.3,False,0.2
NER_000268,Assam,26.4,90.4,2026-08-30,47.5,0.0,0.0,0.0024487374821988,80.0,Permanent water bodies,,,1,399.28592184407853,3105.6317109551896,15.0,27.740000000000002,55.73,,,,,,,,0.0,1.0,0.25903356,0.31129283076636355,0.36841356928655555,0.31291332523564963,MODERATE,0.3,True,0.2
NER_000269,Assam,26.4,90.6,2026-08-30,51.10470962524414,4.440828295318614,210.95394281918425,-0.0007561872776009,10.0,Tree cover,,,1,360.0037341329931,441.95809939191685,15.0,27.740000000000002,55.73,,,,,,,,-0.5143488751194473,-0.8575810367909025,0.081992656,0.015711625554788503,0.3026846544545629,0.13346297990904987,LOW,0.3,False,0.2
NER_000270,Assam,26.4,90.8,2026-08-30,40.05598449707031,0.0950107359975065,124.54655608622376,0.001524817425522,40.0,Cropland,,,1,2881.4708555926636,213.0033730142001,15.0,27.740000000000002,55.73,,,,,,,,0.8236656792606735,-0.5670756993630157,0.020604517,0.006629918598075579,0.14752136807370445,0.058251934660879266,LOW,0.3,False,0.2
NER_000271,Assam,26.4,91.0,2026-08-30,41.526344299316406,0.0589517683709548,168.72211540437115,0.0012850434968408,40.0,Cropland,,,1,1280.8249923207552,263.4790084227354,10.69,21.009999999999998,45.17999999999999,,,,,,,,0.19556762551610396,-0.9806902180862176,0.058387313,0.009930710224658305,0.17690684280630226,0.08174162264390548,LOW,0.3,False,0.2
NER_000272,Assam,26.4,91.2,2026-08-30,42.37467956542969,0.1675365098174095,124.26287799369908,-0.0004580604136527,40.0,Cropland,,,1,844.494064587217,134.07020720802993,10.69,21.009999999999998,45.17999999999999,,,,,,,,0.8264632303051063,-0.5629907005925132,0.051431503,0.006039213679184008,0.19417250648453963,0.08388107443687015,LOW,0.3,False,0.2
NER_000273,Assam,26.4,91.4,2026-08-30,45.98674774169922,0.3858556168732805,291.8086443725928,-6.321750768497428e-05,40.0,Cropland,,,1,88.43471406257655,4472.353204474637,10.69,21.009999999999998,45.17999999999999,,,,,,,,-0.9284297870221251,0.37150791454564114,0.12590325,0.09715004899418542,0.3239865883744638,0.18234662871852517,LOW,0.3,False,0.2
NER_000274,Assam,26.4,91.6,2026-08-30,48.475284576416016,0.335637479435378,79.04886461753227,9.466520444506576e-06,40.0,Cropland,,,1,586.6866804034687,3041.57828707897,7.93,18.58,45.81,,,,,,,,0.9817895575930067,0.18997174685023077,0.26033142,0.2277993646397949,0.3203780387853466,0.26950294432208416,MODERATE,0.3,False,0.2
NER_000275,Assam,26.4,91.8,2026-08-30,55.6725959777832,3.662992506582398,120.36304167773984,-0.0011434225869875,10.0,Tree cover,,,1,49.518861116906606,1660.6818742484631,7.93,18.58,45.81,,,,,,,,0.8628399039968371,-0.5054772992635068,0.54691863,0.27284257767377224,0.619306448900964,0.479689224025291,MODERATE,0.3,True,0.2
NER_000276,Assam,26.4,92.0,2026-08-30,52.871463775634766,0.6946742497901645,275.844934185388,-0.0004784601140595,40.0,Cropland,,,1,141.21671570231484,246.51312008178158,7.93,18.58,45.81,,,,,,,,-0.9948011495389156,0.10183650070604358,0.26153463,0.39892137466232636,0.43077769226341617,0.36374457102639746,MODERATE,0.3,True,0.2
NER_000277,Assam,26.4,92.2,2026-08-30,51.5,0.0,0.0,0.0,80.0,Permanent water bodies,,,1,1246.987470125681,1974.7907824405434,10.22,28.770000000000003,58.78,,,,,,,,0.0,1.0,0.31306976,0.35768913717271394,0.3524856245408537,0.3410815075043252,MODERATE,0.3,True,0.2
NER_000278,Assam,26.4,92.4,2026-08-30,54.77239227294922,0.7910416259215031,255.3896203590454,4.973489918329312e-05,40.0,Cropland,,,1,209.29007676671208,2063.3247955476577,10.22,28.770000000000003,58.78,,,,,,,,-0.9676634899926733,-0.2522446632442389,0.17597504,0.07967370281708289,0.3314281257172145,0.1956922893785411,LOW,0.3,False,0.2
NER_000279,Assam,26.4,92.6,2026-08-30,63.28140258789063,4.468217644652222,353.43052404258884,-0.0037817802250221,10.0,Tree cover,,,1,463.3698219974385,4063.5401722138386,10.22,28.770000000000003,58.78,,,,,,,,-0.11440791978941471,0.9934338568266429,0.4465005,0.2519032696516336,0.3987575349906104,0.36572044814063565,MODERATE,0.3,True,0.2
NER_000280,Assam,26.4,92.8,2026-08-30,66.03054809570312,2.3007931228848864,58.041071830031285,-0.0012911896645937,10.0,Tree cover,,,1,84.69109970816848,315.03619299749266,10.22,28.770000000000003,58.78,,,,,,,,0.8484277448532226,0.5293112144695926,0.38281745,0.2429045750048136,0.6013439518689633,0.4090220012872052,MODERATE,0.3,True,0.2
NER_000281,Assam,26.4,93.0,2026-08-30,531.9664306640625,11.122619010450853,280.5351400568543,-0.0049956769904978,10.0,Tree cover,,,1,3040.636970015994,6000.311257056821,11.88,38.97,77.89999999999999,,,,,,,,-0.9831429558319914,0.18283853094447813,0.010094621,0.0017390284575742566,0.13365540735282638,0.048496352420657404,LOW,0.3,False,0.2
NER_000282,Assam,26.4,93.2,2026-08-30,709.5237426757812,1.0670051298069274,177.53165781654195,-0.0025378649196919,10.0,Tree cover,,,1,8728.418663468392,3503.3242260170387,11.88,38.97,77.89999999999999,,,,,,,,0.04306737349154123,-0.9990721702362347,0.023305744,0.0031159760407027024,0.1805530908673147,0.06899160392402132,LOW,0.3,False,0.2
NER_000283,Assam,26.4,93.4,2026-08-30,498.906982421875,10.726282416016533,269.24761495213846,0.0027452234249271,10.0,Tree cover,,,1,4276.524953771629,1837.9760110493426,11.88,38.97,77.89999999999999,,,,,,,,-0.9999137818278971,-0.013131218931712544,0.014695671,0.0019229112937357246,0.16796287823706826,0.06152715394971444,LOW,0.3,False,0.2
NER_000284,Assam,26.4,93.6,2026-08-30,183.00108337402344,3.940597165662023,71.59992040473799,-0.0023518709164146,10.0,Tree cover,,,1,355.00241194780887,121.9001509486679,10.06,28.43,68.94,,,,,,,,0.948875573144131,0.3156503551247755,0.31451243,0.10573290690652999,0.38071537333160343,0.2669869039532283,MODERATE,0.3,False,0.2
NER_000285,Assam,26.4,93.8,2026-08-30,140.9264678955078,0.9338318831421726,284.97012939482266,-0.0011611093161686,10.0,Tree cover,,,1,619.184734391081,700.6101331947077,10.06,28.43,68.94,,,,,,,,-0.9660606278427222,0.2583154337861474,0.13121417,0.013460517678939625,0.1906618995066195,0.11177886542805507,LOW,0.3,False,0.2
NER_000286,Assam,26.4,94.0,2026-08-30,107.28986358642578,1.819684167849534,335.98681280059134,-0.0007615856477508,40.0,Cropland,,,1,81.95691655583201,17744.915491045598,10.06,28.43,68.94,,,,,,,,-0.40694689396789246,0.9134518189208913,0.13334541,0.08533429317803227,0.40343639371597073,0.20737203485745306,LOW,0.3,False,0.2
NER_000287,Assam,26.6,90.0,2026-08-30,65.22596740722656,0.3666162128115847,175.03740675378208,7.607470698676514e-05,40.0,Cropland,,,1,301.83401790647,396.1682175092486,13.92,24.71,58.540000000000006,,,,,,,,0.086505337574549,-0.9962513872367322,0.057647433,0.0179661966018476,0.24688059056713618,0.107498073433639,LOW,0.3,False,0.2
NER_000288,Assam,26.6,90.2,2026-08-30,76.50020599365234,0.4539798494596461,117.1673260019668,-0.0001277108346104,30.0,Grassland,,,1,556.0538421785297,1134.9617217651348,13.92,24.71,58.540000000000006,,,,,,,,0.8896768973622853,-0.4565906463122275,0.20080677,0.07828254113192584,0.2731726889801931,0.18408733477037595,LOW,0.3,False,0.2
NER_000289,Assam,26.6,90.4,2026-08-30,73.98429870605469,0.2904874191373043,299.3083997691372,0.0003478853411584,40.0,Cropland,,,1,660.807279506285,3478.445105758082,15.0,27.740000000000002,55.73,,,,,,,,-0.8719975178180159,0.48951029500840837,0.07429802,0.019404869582406708,0.1706760860045425,0.08812632410463997,LOW,0.3,False,0.2
NER_000290,Assam,26.6,90.6,2026-08-30,69.71782684326172,3.6451595397073366,277.0269789391557,0.0032456541772624,40.0,Cropland,,,1,541.9607208894957,1878.450200555197,15.0,27.740000000000002,55.73,,,,,,,,-0.9924886568316524,0.12233669139102292,0.07324152,0.02535913127868548,0.2587808576938868,0.11912716864010618,LOW,0.3,False,0.2
NER_000291,Assam,26.6,90.8,2026-08-30,59.79422378540039,3.3082480722216414,330.0092075013576,-0.0004003831988016,10.0,Tree cover,,,1,1196.031254135878,1626.8941414208618,15.0,27.740000000000002,55.73,,,,,,,,-0.4998608222101411,0.8661057432088773,0.15754454,0.08526416969685278,0.26608699574300393,0.16963190251462085,LOW,0.3,False,0.2
NER_000292,Assam,26.6,91.0,2026-08-30,53.81528472900391,7.403222662443449,271.0018229356646,-0.0050280852883875,40.0,Cropland,,,1,249.3328468107238,1915.7002486269282,10.69,21.009999999999998,45.17999999999999,,,,,,,,-0.9998471393805655,0.017484217812078144,0.107169196,0.049496376839719025,0.4247530428406784,0.19380620771353796,LOW,0.3,False,0.2
NER_000293,Assam,26.6,91.2,2026-08-30,49.91456604003906,0.0887227109131522,194.54647460721907,0.0003184839616555,40.0,Cropland,,,1,680.3164411715289,917.7074488634365,10.69,21.009999999999998,45.17999999999999,,,,,,,,-0.2511652199543855,-0.967944229945747,0.042068586,0.00678570774652214,0.16868692335554358,0.07251373957271724,LOW,0.3,False,0.2
NER_000294,Assam,26.6,91.4,2026-08-30,63.006832122802734,1.268742318563464,110.64783513652378,0.0002540948814318,40.0,Cropland,,,1,358.4414603413756,241.93805203082562,10.69,21.009999999999998,45.17999999999999,,,,,,,,0.9357654637671061,-0.3526230236679572,0.2589094,0.13882337640975126,0.3392253068275624,0.2456526983218986,LOW,0.3,False,0.2
NER_000295,Assam,26.6,91.6,2026-08-30,66.8655014038086,0.8486765033333558,279.85051782590085,0.0012202506909937,50.0,Built-up,,,1,69.89414746644738,125.10220423300855,7.93,18.58,45.81,,,,,,,,-0.9852574413526357,0.17107826939520268,0.8301276,0.9096151368257352,0.8148966214847739,0.8515464517218909,CRITICAL,0.3,True,0.2
NER_000296,Assam,26.6,91.8,2026-08-30,68.9210205078125,0.1879975791781641,182.0747532771377,0.0003136730216589,40.0,Cropland,,,1,51.85268428990947,5540.292750745582,7.93,18.58,45.81,,,,,,,,-0.036203362659625156,-0.9993444433888327,0.09176471,0.017816164130138427,0.3252601330850936,0.14494700330714674,LOW,0.3,False,0.2
NER_000297,Assam,26.6,92.0,2026-08-30,69.05072021484375,1.9729453566181083,339.3525599312951,0.0020792426540831,40.0,Cropland,,,1,729.0964072041694,2031.2121701337637,7.93,18.58,45.81,,,,,,,,-0.3526165713375385,0.9357678951631963,0.3374007,0.27337091373717276,0.32849940024997293,0.3130903395364715,MODERATE,0.3,True,0.2
NER_000298,Assam,26.6,92.2,2026-08-30,80.01994323730469,4.162989588165684,286.1931678484152,-0.0042190834750314,10.0,Tree cover,,,1,860.3689046429837,1165.211211335246,10.22,28.770000000000003,58.78,,,,,,,,-0.9603269467368002,0.27887659523734687,0.2547444,0.061862677852730044,0.3065448753202066,0.20771732122925607,LOW,0.3,False,0.2
NER_000299,Assam,26.6,92.4,2026-08-30,57.40820693969727,0.4695518498193062,294.06987935600216,-1.624817804237123e-05,90.0,Herbaceous wetland,,,1,1016.5073901305343,3108.9602822952966,10.22,28.770000000000003,58.78,,,,,,,,-0.9130487122093895,0.40785052302623737,0.12468368,0.08412950709103682,0.2510296442053011,0.15328094439060175,LOW,0.3,False,0.2
NER_000300,Assam,26.6,92.6,2026-08-30,61.088497161865234,0.72565860045544,326.5919115460789,-0.0013126893932084,30.0,Grassland,,,1,5509.704160523245,1153.0224898993222,10.22,28.770000000000003,58.78,,,,,,,,-0.550598590199356,0.8347701434948914,0.024907695,0.0055861324435140984,0.22122358944418125,0.08390580629328473,LOW,0.3,False,0.2
NER_000301,Assam,26.6,92.8,2026-08-30,60.5,0.0,0.0,0.0,40.0,Cropland,,,1,1878.957206808799,878.794410983659,10.22,28.770000000000003,58.78,,,,,,,,0.0,1.0,0.17576085,0.04361196810690066,0.30229734258293034,0.1738900549084823,LOW,0.3,False,0.2
NER_000302,Assam,26.6,93.0,2026-08-30,62.0,0.0,0.0,0.0,30.0,Grassland,,,1,881.014872084224,581.0223068954459,11.88,38.97,77.89999999999999,,,,,,,,0.0,1.0,0.14870283,0.031764306212371946,0.3298223487908851,0.17009649502649157,LOW,0.3,False,0.2
NER_000303,Assam,26.6,93.2,2026-08-30,67.5,0.0,0.0,0.0,80.0,Permanent water bodies,,,1,576.1533041782924,777.830238041551,11.88,38.97,77.89999999999999,,,,,,,,0.0,1.0,0.15121716,0.0377999153541674,0.3128904252436722,0.16730250231074342,LOW,0.3,False,0.2
NER_000304,Assam,26.6,93.4,2026-08-30,70.02482604980469,0.475782706492637,189.5780959164915,8.703036412376938e-05,40.0,Cropland,,,1,196.32883837298286,64.96496155478764,11.88,38.97,77.89999999999999,,,,,,,,-0.16639178985392955,-0.986059720437462,0.24956612,0.2128758676762677,0.39757191762475136,0.286671307697233,MODERATE,0.3,False,0.2
NER_000305,Assam,26.6,93.6,2026-08-30,93.07615661621094,3.4894076554332814,171.99487791072545,-0.002008091800681,10.0,Tree cover,,,1,593.6151407548617,2004.236979467655,10.06,28.43,68.94,,,,,,,,0.13926162771764553,-0.9902556230819555,0.19677702,0.06114883390832156,0.29213304625073194,0.18335296784469593,LOW,0.3,False,0.2
NER_000306,Assam,26.6,93.8,2026-08-30,82.1148452758789,0.5645333722269493,280.4934799796671,0.0005566048603606,40.0,Cropland,,,1,678.58944261258,898.8916951513172,10.06,28.43,68.94,,,,,,,,-0.9832756388390259,0.18212363401191375,0.03400717,0.00832517862065537,0.140678936167669,0.06100376136486753,LOW,0.3,False,0.2
NER_000307,Assam,26.6,94.0,2026-08-30,89.3678970336914,0.2756484861973637,187.04030035271856,0.000284841162706,40.0,Cropland,,,1,10954.269670160265,26434.124368720768,10.06,28.43,68.94,,,,,,,,-0.1225674442037596,-0.9924601864162402,0.0075420495,0.0021174842711170665,0.1307020739043997,0.046787202640204834,LOW,0.3,False,0.2
NER_000308,Assam,26.6,94.2,2026-08-30,97.58267211914062,0.3977207237584504,212.45074110934615,-0.0006755638157803,10.0,Tree cover,,,1,13740.156120068355,42357.06061942599,8.24,23.34,75.75999999999999,,,,,,,,-0.5365743210851172,-0.843853066565528,0.011638252,0.005034641092234943,0.16863494426318767,0.06176927921761298,LOW,0.3,False,0.2
NER_000309,Assam,26.6,94.4,2026-08-30,132.97543334960938,4.845348494087699,115.52788313024156,0.003966842468888,10.0,Tree cover,,,1,24033.612165788392,60680.23865184698,8.24,23.34,75.75999999999999,,,,,,,,0.902375668207483,-0.43095029113239774,0.07180419,0.039801456735237356,0.2907760053738915,0.1341272167670065,LOW,0.3,False,0.2
NER_000310,Assam,26.8,90.2,2026-08-30,276.372802734375,4.3259065447783485,22.124507020963392,0.003318478764542,10.0,Tree cover,,,1,1909.2339822329363,1562.1366179136915,12.44,46.25,121.7,,,,,,,,0.37662053114068234,0.9263676243928812,0.43040726,0.5128645005326083,0.32017429379672535,0.4211486933398804,MODERATE,0.3,True,0.2
NER_000311,Assam,26.8,90.4,2026-08-30,181.38058471679688,8.000733730022025,232.01293262699227,-0.0051607592014225,10.0,Tree cover,,,1,4778.388505172317,2852.2565998953546,11.26,36.54,114.96000000000001,,,,,,,,-0.7881496987448774,-0.6154835922820031,0.032614477,0.003660330966610271,0.16400334620804077,0.06675938471780996,LOW,0.3,False,0.2
NER_000312,Assam,26.8,90.6,2026-08-30,271.8792724609375,8.2856647178778,148.07895391338343,-5.07029591445328e-05,10.0,Tree cover,,,1,733.5381910601727,1031.618838515699,11.26,36.54,114.96000000000001,,,,,,,,0.5287501463220478,-0.8487775225372153,0.1258768,0.0138620664439817,0.18703438650992674,0.1089244198767654,LOW,0.3,False,0.2
NER_000313,Assam,26.8,91.2,2026-08-30,147.14105224609375,5.3844143078085445,265.4811425121093,0.0006651608128574,10.0,Tree cover,,,1,3968.619983913637,228.73531889179327,9.48,30.44,95.55999999999999,,,,,,,,-0.9968914568691608,-0.07878720214147754,0.02310041,0.00555239463453953,0.15379256530559238,0.06081512350940585,LOW,0.3,False,0.2
NER_000314,Assam,26.8,91.4,2026-08-30,180.9283905029297,0.753829022191751,128.57738831873712,0.0008392370172311,40.0,Cropland,,,1,1384.3849112957346,597.3525504530476,9.48,30.44,95.55999999999999,,,,,,,,0.7817666245670037,-0.6235711224175743,0.16155966,0.037028072449096686,0.19378838116894898,0.13079203911034132,LOW,0.3,False,0.2
NER_000315,Assam,26.8,91.6,2026-08-30,165.637451171875,1.4437158681813345,195.4082092935525,-0.0006754751197426,40.0,Cropland,,,1,2531.455800008075,34.66124471198852,10.08,32.53,94.69000000000001,,,,,,,,-0.2656942495804779,-0.9640573456697826,0.118822314,0.013818906381334173,0.22363408706155283,0.11875843700444497,LOW,0.3,False,0.2
NER_000316,Assam,26.8,91.8,2026-08-30,161.4423370361328,0.7136448721134515,189.61680321731288,0.0003432663561874,30.0,Grassland,,,1,2281.5479691963833,666.9864122149608,10.08,32.53,94.69000000000001,,,,,,,,-0.16705790404450654,-0.9859470861543517,0.057210576,0.015350260392801473,0.2194489798828198,0.09733660659670824,LOW,0.3,False,0.2
NER_000317,Assam,26.8,92.0,2026-08-30,150.67767333984375,3.87252669078071,60.70584331010622,0.0009172149072004,10.0,Tree cover,,,1,76.3916799436765,473.68557951107994,10.08,32.53,94.69000000000001,,,,,,,,0.8721191775664837,0.48929351121873677,0.7227563,0.8413327079268377,0.7623670874846837,0.7754853838041404,CRITICAL,0.3,True,0.2
NER_000318,Assam,26.8,92.2,2026-08-30,111.4828643798828,0.8592261320511456,338.5787493868869,0.0001346097488359,30.0,Grassland,,,1,1353.1519868471746,485.94394603124573,9.36,25.7,86.53000000000002,,,,,,,,-0.36522208147325735,0.9309204215207342,0.10158607,0.03419783405173959,0.2323097792323046,0.12269789564035094,LOW,0.3,False,0.2
NER_000319,Assam,26.8,92.4,2026-08-30,114.42639923095705,1.016581342911077,178.61464529896898,0.0009427536722721,50.0,Built-up,,,1,749.0892977639837,1290.1078431009573,9.36,25.7,86.53000000000002,,,,,,,,0.02417664497214514,-0.9997077021999434,0.568083,0.4463915845073131,0.5410266720383884,0.5185004248700668,HIGH,0.3,True,0.2
NER_000320,Assam,26.8,92.6,2026-08-30,88.93245697021484,0.4831677791658259,278.9042811958719,4.593752720618381e-05,60.0,Bare/sparse vegetation,,,1,191.70479668637964,1523.1720967572198,9.36,25.7,86.53000000000002,,,,,,,,-0.9879483029022124,0.15478420718096042,0.16090341,0.08686887464453359,0.38743948207760426,0.21173725776537972,LOW,0.3,False,0.2
NER_000321,Assam,26.8,92.8,2026-08-30,76.83329010009766,0.3344412416069043,310.28441801938374,6.344571224259177e-05,40.0,Cropland,,,1,326.7178141730155,920.3807527483327,9.36,25.7,86.53000000000002,,,,,,,,-0.7628442004110665,0.6465823427060166,0.0903833,0.05626212850730406,0.2788026127391787,0.14181601455562015,LOW,0.3,False,0.2
NER_000322,Assam,26.8,93.0,2026-08-30,81.13172912597656,0.764886174531462,47.92288808277107,-0.0034400407586493,10.0,Tree cover,,,1,985.1133788702963,10824.954350065322,9.46,26.61,91.13999999999999,,,,,,,,0.7422435986999723,0.670130166601172,0.35640174,0.5049891434767124,0.3604306430248271,0.4072738426687362,MODERATE,0.3,True,0.2
NER_000323,Assam,26.8,93.2,2026-08-30,84.66092681884766,0.5154400489962435,272.61984425211915,4.705972748085336e-05,40.0,Cropland,,,1,443.977565967973,768.2448282572014,9.46,26.61,91.13999999999999,,,,,,,,-0.9989547985152517,0.04570897639799836,0.043939896,0.012120624537432604,0.18360608368710912,0.07988886867169764,LOW,0.3,False,0.2
NER_000324,Assam,26.8,93.4,2026-08-30,79.88356018066406,2.5954047287776034,195.08012069315268,0.0003013816266015,10.0,Tree cover,,,1,50.76538534318052,2727.793533703403,9.46,26.61,91.13999999999999,,,,,,,,-0.2601695132058055,-0.965562957242175,0.42031196,0.07556454412279721,0.6030561174067554,0.3663108829765358,MODERATE,0.3,True,0.2
NER_000325,Assam,26.8,93.6,2026-08-30,74.79618835449219,0.4554566894718426,80.83213115179075,-0.000260430109045,40.0,Cropland,,,1,2807.813473964745,527.5627847594876,9.49,20.990000000000002,76.21999999999998,,,,,,,,0.9872257703191951,0.1593275820994966,0.020456675,0.0027248593350110107,0.16322208028356702,0.062134538508104104,LOW,0.3,False,0.2
NER_000326,Assam,26.8,93.8,2026-08-30,77.66972351074219,1.4325473984520545,319.5990005053312,-0.0004246638299749,80.0,Permanent water bodies,,,1,937.6359079030597,2217.259158109333,9.49,20.990000000000002,76.21999999999998,,,,,,,,-0.6481331855988275,0.7615270013108634,0.25128722,0.16314346058378817,0.2993719452940573,0.23793420926213826,LOW,0.3,False,0.2
NER_000327,Assam,26.8,94.0,2026-08-30,80.13421630859375,0.1442935742466507,122.15849952555698,0.0001449504360294,40.0,Cropland,,,1,21684.118582151135,43673.352976988695,9.49,20.990000000000002,76.21999999999998,,,,,,,,0.8465789170224538,-0.5322632217738601,0.014559191,0.003137510287346606,0.16088812942019093,0.05952827696450619,LOW,0.3,False,0.2
NER_000328,Assam,26.8,94.2,2026-08-30,85.93534851074219,0.2585155231326545,52.20499435890957,0.0007000512142146,40.0,Cropland,,,1,8354.574189049821,39149.60669379163,8.8,19.62,59.61,,,,,,,,0.7902084352600627,0.6128381750869011,0.024028268,0.0038762444215700883,0.1752363035744654,0.06771360523581216,LOW,0.3,False,0.2
NER_000329,Assam,26.8,94.4,2026-08-30,93.06163787841795,0.1077653333609783,55.02483277516137,-0.0004067655541534,40.0,Cropland,,,1,14631.26938291908,44134.5284117801,8.8,19.62,59.61,,,,,,,,0.8194005632225957,0.5732213507803883,0.022769192,0.0041789112124605435,0.17496336770893528,0.0673038238735796,LOW,0.3,False,0.2
NER_000330,Assam,26.8,94.6,2026-08-30,101.35015869140624,0.9621687531081048,92.71144758007466,0.0001739280078869,10.0,Tree cover,,,1,10608.001078083149,51442.15949375782,8.8,19.62,59.61,,,,,,,,0.9988804432516488,-0.047306025931054686,0.031998195,0.012698678784965774,0.2383502045735154,0.09434902603753495,LOW,0.3,False,0.2
NER_000331,Assam,26.8,94.8,2026-08-30,108.1137237548828,19.1370326820961,332.0134271607122,0.0003368374587832,10.0,Tree cover,,,1,5360.854447616432,58036.27879638382,7.63,16.93,70.5,,,,,,,,-0.46926463274935476,0.8830575884112051,0.018053927,0.003115687968768822,0.1757504788373498,0.06564003111120625,LOW,0.3,False,0.2
NER_000332,Assam,27.0,92.8,2026-08-30,129.73240661621094,1.055073864302729,297.19601923259734,-0.0023634370589453,,,,,1,4102.672911004262,1992.8179146414054,9.36,25.7,86.53000000000002,,,,,,,,-0.8894481291648934,0.45703613153127304,0.055035572,0.005133484089658614,0.1955275942387332,0.08523221818423964,LOW,0.3,False,0.2
NER_000333,Assam,27.0,93.8,2026-08-30,88.19862365722656,0.5332912352366862,19.819525538220542,-2.3361827355795808e-05,,,,,1,582.6051666296115,357.5407822418775,9.49,20.990000000000002,76.21999999999998,,,,,,,,0.33905853855667684,0.9407652775436658,0.08586852,0.013569648894551454,0.17853837087959504,0.09265884805387511,LOW,0.3,False,0.2
NER_000334,Assam,27.0,94.0,2026-08-30,82.25543212890625,0.8545282978076417,138.2499448079284,0.0002887396393683,,,,,1,170.7728533406068,1323.9333252805534,9.49,20.990000000000002,76.21999999999998,,,,,,,,0.6658823846651881,-0.7460567336286178,0.35863236,0.06199732778204708,0.4987961518204653,0.30647527851031114,MODERATE,0.3,True,0.2
NER_000335,Assam,27.0,94.2,2026-08-30,84.4804916381836,0.8953740720489886,117.49436926878629,-0.0002974839955706,,,,,1,191.8630169164754,868.6478017865325,8.8,19.62,59.61,,,,,,,,0.887056207146944,-0.4616614401940863,0.44944757,0.2650104114653747,0.5308591113576998,0.4151056983514557,MODERATE,0.3,True,0.2
NER_000336,Assam,27.0,94.4,2026-08-30,86.0,0.0,0.0,0.0,,,,,1,2231.780907511919,2917.558343202834,8.8,19.62,59.61,,,,,,,,0.0,1.0,0.15773813,0.080329840765817,0.313087344447454,0.1837184423095992,LOW,0.3,False,0.2
NER_000337,Assam,27.0,94.6,2026-08-30,89.89759063720703,0.8457225606640941,164.48398100766508,0.0002934068234169,,,,,1,68.14128956508851,1958.8771061273753,8.8,19.62,59.61,,,,,,,,0.2675077814400355,-0.9635556999307462,0.3931059,0.0918392258664516,0.5478493549504455,0.34426482504802025,MODERATE,0.3,True,0.2
NER_000338,Assam,27.0,94.8,2026-08-30,103.691162109375,5.555875632886013,179.50391020650943,-0.0007016928428164,,,,,1,266.4241148065713,98.6535576778533,7.63,16.93,70.5,,,,,,,,0.008658292098680105,-0.9999625162864526,0.19119479,0.07996375943080042,0.4306333022365815,0.23393061642962668,LOW,0.3,False,0.2
NER_000339,Assam,27.0,95.0,2026-08-30,117.07471466064452,3.650145813685872,339.10661932121064,-0.0005937679059548,,,,,1,87.99368107982886,2082.3386877010007,7.63,16.93,70.5,,,,,,,,-0.35663006927776775,0.9342456816528159,0.37941968,0.21167435079158653,0.6362473066836191,0.4091137855954873,MODERATE,0.3,True,0.2
NER_000340,Assam,27.2,94.0,2026-08-30,97.35061645507812,0.3648295034999613,32.11255743690475,0.0007441853023093,40.0,Cropland,,,1,329.0022939400648,2540.745204055333,9.49,20.990000000000002,76.21999999999998,,,,,,,,0.5315842292959037,0.8470054351442381,0.1368805,0.11560154279402522,0.27597331525993013,0.17615178671957152,LOW,0.3,False,0.2
NER_000341,Assam,27.2,94.2,2026-08-30,87.9796371459961,4.125491175322509,229.17914325561887,-0.0035487994268306,30.0,Grassland,,,1,2165.786744636901,1257.5024380303616,8.8,19.62,59.61,,,,,,,,-0.7567571480785837,-0.653696121169438,0.20851436,0.03837668691096251,0.3556683087831363,0.20085312190610102,LOW,0.3,False,0.2
NER_000342,Assam,27.2,94.4,2026-08-30,90.59397888183594,4.173931765092514,38.29704396031167,0.0021443697459367,10.0,Tree cover,,,1,419.56419504109255,1051.915257638733,8.8,19.62,59.61,,,,,,,,0.6197385422970018,0.7848083455160166,0.1075208,0.02981936605240861,0.2827850727852482,0.14004174506541406,LOW,0.3,False,0.2
NER_000343,Assam,27.2,94.6,2026-08-30,91.0,0.0,0.0,0.0,30.0,Grassland,,,1,974.6945883219332,212.6890038454354,8.8,19.62,59.61,,,,,,,,0.0,1.0,0.2172335,0.05235010351696293,0.3416008954307851,0.20372816429062965,LOW,0.3,False,0.2
NER_000344,Assam,27.2,94.8,2026-08-30,95.17204284667967,0.4715356278160229,115.35989691445847,0.0003278483910022,40.0,Cropland,,,1,36.931426269948226,291.12174047159357,7.63,16.93,70.5,,,,,,,,0.9036352965119859,-0.4283027561173232,0.50623643,0.4077735719426493,0.49580636713541393,0.46993880095441154,MODERATE,0.3,True,0.2
NER_000345,Assam,27.2,95.0,2026-08-30,102.46780395507812,0.5430016085223213,93.32954520418308,-2.9124541584358768e-05,40.0,Cropland,,,1,93.3717117466967,2017.0630401120447,7.63,16.93,70.5,,,,,,,,0.9983120003536731,-0.05807882531394643,0.25458512,0.07875110357208788,0.396957718630943,0.24343131806862045,LOW,0.3,False,0.2
NER_000346,Assam,27.2,95.2,2026-08-30,123.52728271484376,12.621707838493876,341.44222803396207,-0.0070345730780537,10.0,Tree cover,,,1,269.6759285977944,3047.566324984451,7.63,16.93,70.5,,,,,,,,-0.3182607001373089,0.9480032314017236,0.47420207,0.44384138622988856,0.5580301704072301,0.49202454606606905,MODERATE,0.3,True,0.2
NER_000347,Assam,27.2,95.4,2026-08-30,171.82855224609375,14.64804615793329,182.06760452144331,0.0015707889084085,10.0,Tree cover,,,1,467.28105188892084,2699.7251114732735,7.16,20.37,134.53,,,,,,,,-0.03607867484722084,-0.9993489526793273,0.36948398,0.38361957699544774,0.40364115365002995,0.3855815743676225,MODERATE,0.3,True,0.2
NER_000348,Assam,27.4,94.2,2026-08-30,94.96766662597656,0.663245793342387,133.31181615792332,-0.0002087674091412,40.0,Cropland,,,1,549.19482435104,3076.954385290111,12.59,20.27,71.11,,,,,,,,0.727631305272494,-0.6859684275441885,0.21097884,0.12514497892551268,0.26500362960402407,0.20037581975061655,LOW,0.3,False,0.2
NER_000349,Assam,27.4,94.4,2026-08-30,93.07738494873048,0.0765015907220654,96.77353606803138,0.0002580453982388,40.0,Cropland,,,1,711.6513161642268,956.0700805894081,12.59,20.27,71.11,,,,,,,,0.993020090937117,-0.11794532205746858,0.030529102,0.003238537366638444,0.14287301893493062,0.05888022015825083,LOW,0.3,False,0.2
NER_000350,Assam,27.4,94.6,2026-08-30,102.71497344970705,1.983281041515263,210.5503116874905,-0.0007905540568149,10.0,Tree cover,,,1,1742.299799811554,1460.889338539144,12.59,20.27,71.11,,,,,,,,-0.5082947677186368,-0.8611831565409631,0.19826166,0.10556517309022216,0.2822009127636183,0.19534258554070047,LOW,0.3,False,0.2
NER_000351,Assam,27.4,94.8,2026-08-30,107.87911987304688,3.563557373214561,315.7714992405432,-0.006744165822664,10.0,Tree cover,,,1,57.77933683811439,1372.2813961027405,8.35,17.21,70.01,,,,,,,,-0.697521630930277,0.716563726673606,0.5646061,0.3158885245850556,0.723087737176551,0.5345274440933667,HIGH,0.3,True,0.2
NER_000352,Assam,27.4,95.0,2026-08-30,106.44930267333984,2.1165933948066984,99.2141709258034,-0.0003361570271459,10.0,Tree cover,,,1,9.721867390301725,2099.694383184239,8.35,17.21,70.01,,,,,,,,0.9870966915765801,-0.16012533053383537,0.68296,0.2503696935281056,0.6737044185146045,0.5356780286182712,HIGH,0.3,True,0.2
NER_000353,Assam,27.4,95.2,2026-08-30,112.0454559326172,0.2686959778318738,225.04582343305,0.0003205294777153,40.0,Cropland,,,1,201.0124592358154,3060.922029949151,8.35,17.21,70.01,,,,,,,,-0.7076720776180527,-0.7065410324671517,0.09414929,0.01496733173708495,0.3497856544460706,0.15296742589950196,LOW,0.3,False,0.2
NER_000354,Assam,27.4,95.4,2026-08-30,125.94570922851562,2.26528962562188,69.71882670812204,0.0001992722372858,10.0,Tree cover,,,1,32.32064205378502,3132.787414989046,9.44,22.490000000000002,170.86,,,,,,,,0.9380028828850231,0.3466274537589104,0.73460114,0.5163698480595396,0.7056589761568085,0.6522099980136494,HIGH,0.3,True,0.2
NER_000355,Assam,27.4,95.6,2026-08-30,140.61288452148438,1.2159505806604565,279.3460246398122,0.0005255277039915,10.0,Tree cover,,,1,306.9928059023091,8480.703906510746,9.44,22.490000000000002,170.86,,,,,,,,-0.9867255846708403,0.1623964918216785,0.2375476,0.1989493767082226,0.43148239500595387,0.28932645931465284,MODERATE,0.3,False,0.2
NER_000356,Assam,27.4,95.8,2026-08-30,149.88699340820312,1.6977983617535986,247.31786040941225,0.001585179544667,10.0,Tree cover,,,1,2510.305938694839,148.3031128277243,9.44,22.490000000000002,170.86,,,,,,,,-0.9226583404021684,-0.3856184472847691,0.072749786,0.009077813229483601,0.1850469207368606,0.08895817459018812,LOW,0.3,False,0.2
NER_000357,Assam,27.6,94.6,2026-08-30,117.44181060791016,0.6259800433336632,159.48115654679896,0.0006468827310489,40.0,Cropland,,,1,472.9231817479842,476.1478397267186,12.59,20.27,71.11,,,,,,,,0.3505154153456591,-0.9365569622852953,0.10493102,0.027680554101162366,0.21454066490458415,0.11571741399253833,LOW,0.3,False,0.2
NER_000358,Assam,27.6,94.8,2026-08-30,104.51936340332033,0.5790222400935104,257.8165929568005,0.0004642336299652,10.0,Tree cover,,,1,640.4830197325794,79.36837723854484,8.35,17.21,70.01,,,,,,,,-0.977477053324109,-0.211041726264777,0.08520651,0.02572514479910914,0.25174476692809805,0.12089214074210897,LOW,0.3,False,0.2
NER_000359,Assam,27.6,95.0,2026-08-30,109.41043853759766,0.3016341152474303,168.65738294628477,1.905287245433105e-05,80.0,Permanent water bodies,,,1,1098.4358079113395,4033.7855660551686,8.35,17.21,70.01,,,,,,,,0.19667547890626183,-0.9804686410064284,0.18104354,0.12108707808223222,0.3174795371449253,0.2065367193829002,LOW,0.3,False,0.2
NER_000360,Assam,27.6,95.2,2026-08-30,112.42547607421876,0.7391610116764074,119.7392938068997,-0.0021511348929911,60.0,Bare/sparse vegetation,,,1,1182.3934616929469,447.1064632823916,8.35,17.21,70.01,,,,,,,,0.8682915215137846,-0.49605426484133447,0.10788102,0.018002808637432456,0.2599868955993738,0.1286235737553639,LOW,0.3,False,0.2
NER_000361,Assam,27.6,95.4,2026-08-30,124.32980346679688,3.886785511066111,167.3673271473874,-0.0020131677361934,10.0,Tree cover,,,1,56.79900441270785,1999.0120425553478,9.44,22.490000000000002,170.86,,,,,,,,0.21869972131326335,-0.9757922073359169,0.7219945,0.37209600863909953,0.7241564177268184,0.6060823151998738,HIGH,0.3,True,0.2
NER_000362,Assam,27.6,95.6,2026-08-30,132.44911193847656,0.9733126452666364,45.03720510970675,0.0007271758759098,10.0,Tree cover,,,1,144.95403019703352,1638.4793423308822,9.44,22.490000000000002,170.86,,,,,,,,0.7075657930400624,0.7066474711761075,0.6642144,0.6852323691951804,0.6420665921471468,0.663837777992405,HIGH,0.3,True,0.2
NER_000363,Assam,27.8,95.2,2026-08-30,123.00841522216795,0.2229993803763614,86.11369796307997,-0.0002388906940711,40.0,Cropland,,,1,85.89930773953826,791.5498589244336,7.92,13.42,84.7,,,,,,,,0.9977005110487633,0.0677767677972059,0.2275818,0.2473316277685468,0.4234781330008693,0.2994638582336271,MODERATE,0.3,False,0.2
NER_000364,Assam,27.8,95.4,2026-08-30,117.0,0.0,0.0,0.0009907379566383,80.0,Permanent water bodies,,,1,6426.349582548359,392.19107648018297,9.6,18.979999999999997,93.27999999999999,,,,,,,,0.0,1.0,0.054746334,0.01000169667319568,0.2688292331204524,0.11119242110111056,LOW,0.3,False,0.2
NER_000365,Assam,27.8,95.6,2026-08-30,122.0,0.0,0.0,0.0,80.0,Permanent water bodies,,,1,2971.1486917503194,803.5271873204711,9.6,18.979999999999997,93.27999999999999,,,,,,,,0.0,1.0,0.05741793,0.00663206508605988,0.26523362117696636,0.10976120576606241,LOW,0.3,False,0.2
NER_000366,Assam,27.8,95.8,2026-08-30,138.0990753173828,1.819388987630309,77.66228028102137,0.0001161080586232,30.0,Grassland,,,1,3717.637929026795,2105.0296643899123,9.6,18.979999999999997,93.27999999999999,,,,,,,,0.9769051177234216,0.21367356169116417,0.09220617,0.013942785350492436,0.294098152317996,0.1334157046796236,LOW,0.3,False,0.2
NER_000367,Manipur,24.0,93.6,2026-08-30,1421.6954345703125,18.45618438134005,168.67511735694984,0.0036013164316778,,,,,1,1764.863815179567,1272.0022375280712,11.63,20.71,49.800000000000004,,,,,,,,0.19637199105442116,-0.9805294697913584,0.6163084,0.5662367270937207,0.41308663410407653,0.5318772606981091,HIGH,0.3,True,0.2
NER_000368,Manipur,24.0,93.8,2026-08-30,990.3434448242188,31.67681216854905,74.00204659238142,0.009037590459795,,,,,1,7608.613224028309,3760.1177905555433,11.63,20.71,49.800000000000004,,,,,,,,0.9612715410295485,0.2756030195891858,0.12481838,0.07033437948193744,0.2850093026066362,0.16005402224531434,LOW,0.3,False,0.2
NER_000369,Manipur,24.0,94.0,2026-08-30,1140.5181884765625,38.36968757589476,32.23423754446014,-0.0061101429155318,,,,,1,6801.318166624557,2662.101052527635,11.63,20.71,49.800000000000004,,,,,,,,0.533381830295391,0.8458745906520296,0.023469841,0.0040815967989089475,0.20154454940346184,0.07636532972424734,LOW,0.3,False,0.2
NER_000370,Manipur,24.0,94.2,2026-08-30,214.47073364257807,20.720357024040148,213.383236801397,0.0020122709285174,,,,,1,531.0479985102335,1902.8468756123052,18.44,28.61,61.83,,,,,,,,-0.5502364625769542,-0.8350088833364588,0.25323737,0.1589196071325529,0.32612155194703346,0.24609284191863895,LOW,0.3,False,0.2
NER_000371,Manipur,24.2,93.2,2026-08-30,1378.5633544921875,8.315184842287428,81.71293187385578,0.0081117323815688,10.0,Tree cover,,,1,360.6753440154758,2442.278448003068,27.0,48.09,77.49,,,,,,,,0.9895583456042184,0.14413285761769348,0.7508936,0.6052741701580352,0.49245867173878205,0.616208821511204,HIGH,0.3,True,0.2
NER_000372,Manipur,24.2,93.4,2026-08-30,753.458984375,33.79770099672838,75.91901068781613,-0.0008944369900369,10.0,Tree cover,,,1,744.048148354274,1451.6016050756493,27.0,48.09,77.49,,,,,,,,0.9699527931369,0.24329319572467747,0.5349912,0.32507704393085673,0.35603599929260127,0.4053680876210787,MODERATE,0.3,True,0.2
NER_000373,Manipur,24.2,93.6,2026-08-30,1214.5401611328125,6.246061398749249,114.62520521347192,-0.0038061714222425,10.0,Tree cover,,,1,7.289424251956686,2747.2956626240098,11.63,20.71,49.800000000000004,,,,,,,,0.9090528933399803,-0.41668073762799546,0.88131416,0.8270858274622171,0.7952433146253529,0.8345477668424021,CRITICAL,0.3,True,0.2
NER_000374,Manipur,24.2,93.8,2026-08-30,818.7459106445312,17.56668855178242,346.9342109015974,0.0028026061103751,10.0,Tree cover,,,1,3123.3062646389803,3348.2331402314803,11.63,20.71,49.800000000000004,,,,,,,,-0.22606971296007472,0.974111125530424,0.019597748,0.0017522064716862845,0.15054870751645016,0.05729955424942347,LOW,0.3,False,0.2
NER_000375,Manipur,24.2,94.0,2026-08-30,911.4292602539062,2.379054141147113,278.55868232275526,0.0105973061849257,10.0,Tree cover,,,1,1152.0852635547692,5366.016103122575,11.63,20.71,49.800000000000004,,,,,,,,-0.9888639582958109,0.14882228322244195,0.19855735,0.17475235728918959,0.3544237770273169,0.24257783209230585,LOW,0.3,False,0.2
NER_000376,Manipur,24.2,94.2,2026-08-30,709.58740234375,21.04422105031137,113.82581108101942,0.0057662331314127,10.0,Tree cover,,,1,176.11625917232027,3880.0174145132287,18.44,28.61,61.83,,,,,,,,0.914777782561522,-0.4039574340593632,0.76784486,0.7246223970679427,0.7112352012967422,0.7345675045848998,HIGH,0.3,True,0.2
NER_000377,Manipur,24.4,93.2,2026-08-30,371.2167663574219,24.72949032227169,173.92717397264312,-0.0213296315206106,10.0,Tree cover,,,1,5007.3185788142255,2694.3796951218837,15.19,30.479999999999997,61.809999999999995,,,,,,,,0.10579246948228811,-0.9943882307232116,0.0142318085,0.0019157439242620297,0.14037618830359447,0.05217458054759323,LOW,0.3,False,0.2
NER_000378,Manipur,24.4,93.4,2026-08-30,366.9119567871094,16.672363773653828,223.0214877245907,-0.0177305253869919,10.0,Tree cover,,,1,2257.2295496740626,3781.656777551682,15.19,30.479999999999997,61.809999999999995,,,,,,,,-0.682272592802094,-0.7310978792959997,0.10750292,0.022772311355436028,0.2467025710176732,0.12565926950471096,LOW,0.3,False,0.2
NER_000379,Manipur,24.4,93.6,2026-08-30,1229.6705322265625,23.389275091139048,347.76937211218944,0.0126748036443898,10.0,Tree cover,,,1,279.12152299408865,2334.250766864303,7.59,17.77,44.81,,,,,,,,-0.2118472512197644,0.9773027893905911,0.4854667,0.5145121823953369,0.534805777297155,0.5115948828546251,HIGH,0.3,True,0.2
NER_000380,Manipur,24.4,93.8,2026-08-30,770.155517578125,0.3689594867013582,356.4687499749928,-1.6066816050381276e-05,40.0,Cropland,,,1,839.470565846243,2572.6756347114556,7.59,17.77,44.81,,,,,,,,-0.06159292894479797,0.9981013531220169,0.42883092,0.48928740650722463,0.4200450528278034,0.4460544702624277,MODERATE,0.3,True,0.2
NER_000381,Manipur,24.4,94.0,2026-08-30,1070.8946533203125,23.721382094853983,114.4062069244203,-0.0046421879888958,10.0,Tree cover,,,1,971.3719567139922,1131.2329469797703,7.59,17.77,44.81,,,,,,,,0.9106389033360099,-0.4132030829156399,0.6472441,0.5304033057268129,0.4592046606506578,0.5456173639940334,HIGH,0.3,True,0.2
NER_000382,Manipur,24.4,94.2,2026-08-30,1246.5555419921875,29.82298263726837,81.04567802184107,-0.0086345633812468,10.0,Tree cover,,,1,734.3887445005109,4236.372946816453,12.81,22.759999999999998,50.949999999999996,,,,,,,,0.9878127412473043,0.15564699878085106,0.58294034,0.34711087681971814,0.4196345374478142,0.4498952564036026,MODERATE,0.3,True,0.2
NER_000383,Manipur,24.6,93.2,2026-08-30,97.84413146972656,6.294209266075182,129.14257690875377,0.0055151360882018,10.0,Tree cover,,,1,5255.908861241079,1285.3450551641804,15.19,30.479999999999997,61.809999999999995,,,,,,,,0.7755775330794922,-0.6312523189520409,0.07646398,0.07698964103190793,0.27260727526617534,0.14202030020787046,LOW,0.3,False,0.2
NER_000384,Manipur,24.6,93.4,2026-08-30,140.7846221923828,50.27530481610589,296.9284206763958,0.0159475208976276,10.0,Tree cover,,,1,6153.238195776615,59.369888428307135,15.19,30.479999999999997,61.809999999999995,,,,,,,,-0.8915729967310235,0.4528770158664076,0.11608975,0.05319117236661191,0.3576578489746154,0.17564625714084267,LOW,0.3,False,0.2
NER_000385,Manipur,24.6,93.6,2026-08-30,1053.9893798828125,15.769547988541731,148.54357632023283,0.0075985204169562,30.0,Grassland,,,1,1135.215768682812,975.1743735508443,7.59,17.77,44.81,,,,,,,,0.5218499379602315,-0.8530373041379272,0.42108095,0.21670183351573966,0.3814531596058914,0.33974532328208523,MODERATE,0.3,True,0.2
NER_000386,Manipur,24.6,93.8,2026-08-30,767.0,0.0,0.0,0.0,90.0,Herbaceous wetland,,,1,1389.8844636874348,219.69215037837876,7.59,17.77,44.81,,,,,,,,0.0,1.0,0.4584527,0.14196297145561804,0.41007437295292204,0.336830025259822,MODERATE,0.3,True,0.2
NER_000387,Manipur,24.6,94.0,2026-08-30,772.2076416015625,0.3992053984571169,259.5162137914336,-6.498900240471537e-05,40.0,Cropland,,,1,53.156832226906936,1118.2078886394463,7.59,17.77,44.81,,,,,,,,-0.9833064379398555,-0.1819572727483928,0.31046304,0.22973209949534026,0.4866759381795411,0.342290364547722,MODERATE,0.3,True,0.2
NER_000388,Manipur,24.6,94.2,2026-08-30,932.9783325195312,19.43520197729613,59.20586644520984,0.0050396788608252,10.0,Tree cover,,,1,1415.1079803261518,2199.818120841124,12.81,22.759999999999998,50.949999999999996,,,,,,,,0.8590123198745789,0.5119549143271251,0.54451734,0.5707387537577756,0.42892594135170137,0.5147273494288491,HIGH,0.3,True,0.2
NER_000389,Manipur,24.6,94.4,2026-08-30,686.1168823242188,27.89815054674237,354.42621707286787,0.0057001980200684,10.0,Tree cover,,,1,489.75612294394256,3597.2503411071193,12.81,22.759999999999998,50.949999999999996,,,,,,,,-0.09712749913642542,0.9952719472141791,0.3081206,0.4613793163287875,0.42976535375017705,0.3997550952864393,MODERATE,0.3,True,0.2
NER_000390,Manipur,24.8,93.2,2026-08-30,39.46333312988281,10.99325500998198,319.29519777688904,0.0186724735730015,10.0,Tree cover,,,1,936.3723465097902,11.931340314026128,10.52,25.11,52.97999999999999,,,,,,,,-0.6521619442695578,0.7580796781648683,0.11384352,0.052189385521512886,0.3121430995842551,0.1593920026905587,LOW,0.3,False,0.2
NER_000391,Manipur,24.8,93.4,2026-08-30,370.681640625,21.404418933863287,18.976542585724133,-0.0065971714780047,10.0,Tree cover,,,1,1014.6024874285316,1332.881714516802,10.52,25.11,52.97999999999999,,,,,,,,0.3251810232613114,0.9456517869230335,0.24939498,0.09188523128184026,0.32077751539998767,0.2206859123952053,LOW,0.3,False,0.2
NER_000392,Manipur,24.8,93.6,2026-08-30,570.7593994140625,10.165029355455754,179.5626025588092,0.0065551201135045,10.0,Tree cover,,,1,3076.359379481242,2898.601572196603,7.07,19.48,44.5,,,,,,,,0.007633951339064847,-0.9999708609689348,0.075971775,0.017490584194033147,0.27315356620839776,0.12220530900732815,LOW,0.3,False,0.2
NER_000393,Manipur,24.8,93.8,2026-08-30,812.5905151367188,1.281846474890249,94.22450942281448,0.0001849168513729,40.0,Cropland,,,1,264.2026061908199,511.4117077313901,7.07,19.48,44.5,,,,,,,,0.9972830568646787,-0.0736648117532517,0.5340297,0.6162431320291459,0.4744348521715298,0.5415692404385273,HIGH,0.3,True,0.2
NER_000394,Manipur,24.8,94.0,2026-08-30,782.5574340820312,2.469758281939805,263.34227341079645,-0.000217140934731,40.0,Cropland,,,1,478.9588868904279,1848.9455807387665,7.07,19.48,44.5,,,,,,,,-0.9932564600679575,-0.1159379339701629,0.3419049,0.4337799644770933,0.39099517813521856,0.3888933528271826,MODERATE,0.3,True,0.2
NER_000395,Manipur,24.8,94.2,2026-08-30,1492.922119140625,29.194540979397026,265.7463677079256,0.0085406584535567,10.0,Tree cover,,,1,295.1182296051657,1263.016991168029,10.08,23.04,59.769999999999996,,,,,,,,-0.9972454849539863,-0.07417171117675939,0.30660948,0.32222135685673436,0.4914620329424894,0.37343095712410956,MODERATE,0.3,True,0.2
NER_000396,Manipur,24.8,94.4,2026-08-30,1192.1002197265625,29.47609805656857,318.4363597307917,0.0045113922713197,10.0,Tree cover,,,1,4253.085403822559,3890.14349596752,10.08,23.04,59.769999999999996,,,,,,,,-0.6634515285602267,0.7482192654904701,0.046864316,0.010653632359411629,0.1869035992364464,0.08147384915442735,LOW,0.3,False,0.2
NER_000397,Manipur,24.8,94.6,2026-08-30,526.1806030273438,26.58487056526264,45.073689958186776,0.0002603552051141,10.0,Tree cover,,,1,961.3912629784165,310.3742923269735,10.08,23.04,59.769999999999996,,,,,,,,0.7080156290490516,0.7061967636730402,0.1269863,0.014513970447393986,0.1721704058445895,0.1045568929091272,LOW,0.3,False,0.2
NER_000398,Manipur,25.0,93.4,2026-08-30,782.815673828125,10.624913739034676,278.8113500878381,0.0002379956319792,10.0,Tree cover,,,1,76.04825934818751,3002.040190654107,10.52,25.11,52.97999999999999,,,,,,,,-0.9881980561127275,0.1531815977688792,0.42452797,0.6093968847236461,0.6883362695398683,0.5740870424000482,HIGH,0.3,True,0.2
NER_000399,Manipur,25.0,93.6,2026-08-30,517.3944702148438,16.0015743976417,136.37526568451045,-0.003077653621876,30.0,Grassland,,,1,1.1698671365836326,511.70462374208944,7.07,19.48,44.5,,,,,,,,0.689932101015015,-0.7238740884912287,0.9445627,0.9913714590075507,0.8690251497249032,0.9349864373678339,CRITICAL,0.3,True,0.2
NER_000400,Manipur,25.0,93.8,2026-08-30,1819.1107177734373,15.771409607435444,24.64990966215356,0.0052423774301379,10.0,Tree cover,,,1,4531.287555369037,273.3142187071359,7.07,19.48,44.5,,,,,,,,0.41707265882748845,0.9088731469564768,0.22590674,0.21839800235903176,0.24233933318907086,0.2288813625326752,LOW,0.3,False,0.2
NER_000401,Manipur,25.0,94.0,2026-08-30,829.171630859375,16.64174566959347,126.50886945269372,0.0085854302188585,10.0,Tree cover,,,1,190.80050477747787,2121.1335846945276,7.07,19.48,44.5,,,,,,,,0.8037647717331784,-0.5949472175922093,0.8165347,0.5555014625689805,0.731951899182396,0.7013293532536224,HIGH,0.3,True,0.2
NER_000402,Manipur,25.0,94.2,2026-08-30,1756.222412109375,21.045157612650478,112.26749000707927,0.0001724360437013,40.0,Cropland,,,1,368.0668548607938,2104.7782946040243,10.08,23.04,59.769999999999996,,,,,,,,0.9254248752981884,-0.3789311285436082,0.61366034,0.6250206584602342,0.4562627541257201,0.5649812593096828,HIGH,0.3,True,0.2
NER_000403,Manipur,25.0,94.4,2026-08-30,1576.9910888671875,26.6524423330442,231.7953893039464,0.0055411374009835,10.0,Tree cover,,,1,53.24035884386539,2175.0723082788127,10.08,23.04,59.769999999999996,,,,,,,,-0.7858071261775912,-0.6184716326950779,0.92050034,0.9550305760369086,0.8702899317415939,0.9152736152853491,CRITICAL,0.3,True,0.2
NER_000404,Manipur,25.0,94.6,2026-08-30,1354.8704833984375,37.97195102538929,4.913430366892101,-0.0027330594423425,10.0,Tree cover,,,1,311.2519283092017,5670.291362851559,10.08,23.04,59.769999999999996,,,,,,,,0.08565046823298024,0.9963252467399746,0.5277744,0.5080244397188223,0.5123756926663248,0.5160581852486572,HIGH,0.3,True,0.2
NER_000405,Manipur,25.2,93.4,2026-08-30,1290.8916015625,6.595742333673557,127.4754164200703,0.0009047122056417,10.0,Tree cover,,,1,318.45259520404176,2487.461965532545,10.52,25.11,52.97999999999999,,,,,,,,0.7936144651209304,-0.6084209732995893,0.6848835,0.42552526097558624,0.5372782322073407,0.5492289894955256,HIGH,0.3,True,0.2
NER_000406,Manipur,25.2,93.6,2026-08-30,299.4560852050781,9.727346940665692,86.68743152950975,0.0009987708460818,10.0,Tree cover,,,1,54.12278153077704,89.67621730886047,7.07,19.48,44.5,,,,,,,,0.998329165280789,0.057783023023750116,0.92561203,0.9813219387265036,0.779704002460395,0.895546011068342,CRITICAL,0.3,True,0.2
NER_000407,Manipur,25.2,93.8,2026-08-30,1013.1150512695312,34.6574953087731,137.08701596066044,-0.0132320606784027,10.0,Tree cover,,,1,622.8049755545904,299.82266120601207,7.07,19.48,44.5,,,,,,,,0.6808868561284701,-0.7323886189390767,0.38544494,0.17563313571515576,0.2998891741041045,0.2869890929193626,MODERATE,0.3,False,0.2
NER_000408,Manipur,25.2,94.0,2026-08-30,1216.4130859375,34.997835935549915,168.6156037786402,0.0059807676634921,10.0,Tree cover,,,1,739.213434307192,618.2151308068946,7.07,19.48,44.5,,,,,,,,0.19739036863480855,-0.9803249677378488,0.54395103,0.4162691761983321,0.38331877591737984,0.44784633385425715,MODERATE,0.3,True,0.2
NER_000409,Manipur,25.2,94.2,2026-08-30,921.1224975585938,5.402912298075338,216.0226278488438,0.0038417192898758,40.0,Cropland,,,1,2129.035132333224,898.9108568591566,10.08,23.04,59.769999999999996,,,,,,,,-0.5881047119034692,-0.8087847969867741,0.14418472,0.034991115285622994,0.2619236668950806,0.14703316980081033,LOW,0.3,False,0.2
NER_000410,Manipur,25.2,94.4,2026-08-30,1433.4639892578125,24.2401930054031,183.4892258938061,0.0059642619886723,10.0,Tree cover,,,1,1393.610132716634,1189.198272144134,10.08,23.04,59.769999999999996,,,,,,,,-0.06086084556883906,-0.9981462605633735,0.41530263,0.5988374757072115,0.41271235186857974,0.4756174922387164,MODERATE,0.3,True,0.2
NER_000411,Manipur,25.4,93.8,2026-08-30,1536.597900390625,21.946616379310456,189.6171036377274,0.0065205243748483,10.0,Tree cover,,,1,4496.960909832,2797.5438047453404,7.02,25.470000000000002,60.230000000000004,,,,,,,,-0.16706307368358378,-0.9859462102018515,0.07554474,0.026950882493635992,0.2472332032167559,0.1165762755716991,LOW,0.3,False,0.2
NER_000412,Manipur,25.4,94.0,2026-08-30,1242.173828125,27.923206442720197,279.2263525261468,0.0068415156918543,10.0,Tree cover,,,1,882.7919648576293,2225.645502817597,7.02,25.470000000000002,60.230000000000004,,,,,,,,-0.987062625175299,0.16033519258742668,0.25704765,0.2017142850075545,0.37939472982718864,0.2793855609780488,MODERATE,0.3,False,0.2
NER_000413,Manipur,25.4,94.2,2026-08-30,1737.304443359375,30.512894235004413,242.3381836783479,0.0150862396899996,10.0,Tree cover,,,1,1455.4637398337068,3435.17054854111,8.61,25.009999999999998,83.44,,,,,,,,-0.8857032142229545,-0.4642518888654382,0.35469413,0.43689382158796086,0.3999073357048894,0.39716509759331,MODERATE,0.3,True,0.2
NER_000414,Manipur,25.4,94.4,2026-08-30,1293.178955078125,29.32199393436576,270.983775172186,0.0065996013606542,10.0,Tree cover,,,1,1044.7723211516054,1566.014143092172,8.61,25.009999999999998,83.44,,,,,,,,-0.9998525971821872,0.017169272204576008,0.2131272,0.14081311239761735,0.38834883366177897,0.24742971893189034,LOW,0.3,False,0.2
NER_000415,Manipur,25.4,94.6,2026-08-30,1446.5582275390625,18.7382989064962,353.376185921512,0.0129628498725307,30.0,Grassland,,,1,894.3297022054104,4858.607566373534,8.61,25.009999999999998,83.44,,,,,,,,-0.11535002012667123,0.9933249080017961,0.49589726,0.34875376973800926,0.42438206712384047,0.42301103338344925,MODERATE,0.3,True,0.2
NER_000416,Meghalaya,25.2,90.4,2026-08-30,94.88286590576172,20.05339404292043,119.7991789178866,0.004689898001507,10.0,Tree cover,,,1,2141.5622480858756,2715.4734300885607,13.79,23.29,61.57999999999999,,,,,,,,0.8677725752080651,-0.4969615253888002,0.28336376,0.2886832702671751,0.3688184964667029,0.31362184208384924,MODERATE,0.3,True,0.2
NER_000417,Meghalaya,25.2,90.6,2026-08-30,217.9571990966797,23.63657197884377,125.85693284598348,-0.0063361385114811,10.0,Tree cover,,,1,301.3624473888151,1169.717612065144,13.79,23.29,61.57999999999999,,,,,,,,0.8104821663465893,-0.5857633122978423,0.46674624,0.22935860673708242,0.4591473040095308,0.38508405550067926,MODERATE,0.3,True,0.2
NER_000418,Meghalaya,25.2,90.8,2026-08-30,80.30249786376953,15.029193285683656,283.9152351814273,-0.0168834124297557,10.0,Tree cover,,,1,354.5618389443041,264.02486035886693,13.79,23.29,61.57999999999999,,,,,,,,-0.9706525696455441,0.24048615145263977,0.14387085,0.061656713203001895,0.35306607369250703,0.1861978799277131,LOW,0.3,False,0.2
NER_000419,Meghalaya,25.2,91.0,2026-08-30,86.39955139160156,35.34735100727589,347.3004234055723,0.0103733714846236,10.0,Tree cover,,,1,51505.6974833083,85041.05813389778,11.25,20.98,65.98999999999998,,,,,,,,-0.21983899532087522,0.9755361685433853,0.02781484,0.011168967243972594,0.19955568563135362,0.07951316521196303,LOW,0.3,False,0.2
NER_000420,Meghalaya,25.2,91.4,2026-08-30,27.584949493408203,5.776245000476796,270.9139810255575,-0.0009307100187099,10.0,Tree cover,,,1,20395.557703682087,48860.282361986,11.25,20.98,65.98999999999998,,,,,,,,-0.9998727698938137,0.015951301667035074,0.0070217755,0.002080897718960321,0.16467859483525435,0.05792708949635329,LOW,0.3,False,0.2
NER_000421,Meghalaya,25.2,91.6,2026-08-30,215.18605041503903,18.354485102608628,171.62085379052246,0.0079976845218005,10.0,Tree cover,,,1,22475.106953688904,28761.479687289702,9.14,20.810000000000002,67.07000000000001,,,,,,,,0.14572295610832586,-0.9893254368826524,0.026505347,0.009456830076507572,0.215403511422109,0.08378856356752026,LOW,0.3,False,0.2
NER_000422,Meghalaya,25.2,91.8,2026-08-30,609.3837280273438,5.830431519752579,140.01641161421054,0.0011405237513606,10.0,Tree cover,,,1,27382.926913516585,8761.481429263436,9.14,20.810000000000002,67.07000000000001,,,,,,,,0.6425681600754156,-0.7662285296550208,0.024277955,0.004485072737976503,0.20281552395671779,0.07719285097322408,LOW,0.3,False,0.2
NER_000423,Meghalaya,25.2,92.0,2026-08-30,352.7989807128906,8.103990075546209,167.2309826589917,-0.0012033543057201,10.0,Tree cover,,,1,58.78327908047954,522.3627339130194,9.14,20.810000000000002,67.07000000000001,,,,,,,,0.22102115381525692,-0.9752690139475223,0.7640286,0.7361162246611822,0.7844624255932703,0.7615357728860259,CRITICAL,0.3,True,0.2
NER_000424,Meghalaya,25.2,92.2,2026-08-30,602.9517822265625,24.517354694316836,305.31402830199045,0.0105864584607192,10.0,Tree cover,,,1,743.960757641939,1085.0881926859677,9.94,25.28,61.52,,,,,,,,-0.8159960829248313,0.5780574302362456,0.12573928,0.04965269564771723,0.28059463129838247,0.15199553445174963,LOW,0.3,False,0.2
NER_000425,Meghalaya,25.2,92.4,2026-08-30,648.516845703125,2.4382788696347144,320.1844287180622,0.0050607027515535,10.0,Tree cover,,,1,164.99409677120124,2291.940373583075,9.94,25.28,61.52,,,,,,,,-0.640318472363121,0.7681095325216053,0.65273994,0.7538706757577848,0.701921133581414,0.702843927071781,HIGH,0.3,True,0.2
NER_000426,Meghalaya,25.2,92.6,2026-08-30,1534.51513671875,10.489647555051242,138.89228948409925,0.0001522696456983,10.0,Tree cover,,,1,10539.37005083626,4541.185720091067,9.94,25.28,61.52,,,,,,,,0.657476649797897,-0.7534749199346542,0.10130242,0.03847992554257472,0.2422116558742441,0.12733133715016753,LOW,0.3,False,0.2
NER_000427,Meghalaya,25.4,90.0,2026-08-30,90.89729309082033,23.00313967401631,163.82263496778023,0.0075919316457833,10.0,Tree cover,,,1,636.1790651146287,1654.5539712397197,9.2,19.03,53.36,,,,,,,,0.2786117157310687,-0.9604038274899732,0.26997358,0.1859319030545047,0.37194782220534567,0.27595110540996326,MODERATE,0.3,False,0.2
NER_000428,Meghalaya,25.4,90.2,2026-08-30,133.92034912109375,10.100956836168743,179.03751625638154,0.0116366995905171,10.0,Tree cover,,,1,1772.4741609760156,4077.5652192697553,9.2,19.03,53.36,,,,,,,,0.016797720272415002,-0.9998589083433971,0.40948498,0.5837854336966708,0.4070040323710243,0.4667581495194115,MODERATE,0.3,True,0.2
NER_000429,Meghalaya,25.4,90.4,2026-08-30,479.3454284667969,9.753196445449111,25.1932580845222,0.0103915925307152,10.0,Tree cover,,,1,4610.699578453109,2367.348237891863,10.27,26.31,50.099999999999994,,,,,,,,0.4256728188643709,0.9048771470647606,0.06961294,0.026887771133808004,0.22845154447602445,0.10831742065704525,LOW,0.3,False,0.2
NER_000430,Meghalaya,25.4,90.6,2026-08-30,359.5079650878906,19.61829292465568,63.03574236486253,-0.0088432523268893,10.0,Tree cover,,,1,1981.882943086819,8311.536982532869,10.27,26.31,50.099999999999994,,,,,,,,0.8912895600392179,0.4534345820127722,0.44483602,0.34672889917461297,0.3715877493076614,0.38771756625142073,MODERATE,0.3,True,0.2
NER_000431,Meghalaya,25.4,90.8,2026-08-30,257.0103759765625,3.8965295595217615,210.02436876353545,0.010744208734224,10.0,Tree cover,,,1,458.3966306209173,2713.2427751091536,10.27,26.31,50.099999999999994,,,,,,,,-0.500368288497381,-0.8658126678827248,0.33343595,0.2761805339209768,0.42337285324458906,0.34432977994299585,MODERATE,0.3,True,0.2
NER_000432,Meghalaya,25.4,91.0,2026-08-30,356.0125427246094,17.61042701583193,287.8286864430569,-0.0023619098366067,10.0,Tree cover,,,1,47882.53966492616,80094.66001661238,11.36,32.489999999999995,55.37,,,,,,,,-0.9519762200624523,0.30617197199548735,0.015576991,0.001656929080660287,0.1463713882463916,0.05453510301510477,LOW,0.3,False,0.2
NER_000433,Meghalaya,25.4,91.2,2026-08-30,1128.595947265625,1.9563402257933131,197.30870876483107,5.530798958448076e-05,10.0,Tree cover,,,1,27842.694096306128,60083.563700406965,11.36,32.489999999999995,55.37,,,,,,,,-0.2975199910566183,-0.9547155884983076,0.032525636,0.007327093024094474,0.1941605536475024,0.07800442795288685,LOW,0.3,False,0.2
NER_000434,Meghalaya,25.4,91.4,2026-08-30,1396.5760498046875,9.524976823561683,266.31766998945443,0.0088371708053907,10.0,Tree cover,,,1,8162.426333785923,40173.228293091444,11.36,32.489999999999995,55.37,,,,,,,,-0.9979354725471244,-0.06422454851649412,0.048756123,0.019560602606442556,0.23577575115766294,0.1013641587844056,LOW,0.3,False,0.2
NER_000435,Meghalaya,25.4,91.6,2026-08-30,1589.0010986328125,15.130633769291094,54.59422907031052,0.0097049667490243,10.0,Tree cover,,,1,12587.248571187245,20657.093135790514,8.93,26.07,49.96999999999999,,,,,,,,0.8150694453956229,0.5793632704810271,0.16737688,0.11416134939903694,0.25766630098309323,0.17973484457003036,LOW,0.3,False,0.2
NER_000436,Meghalaya,25.4,91.8,2026-08-30,1814.5208740234373,11.148371577833029,151.00504958310046,-2.0378090027272052e-05,10.0,Tree cover,,,1,13253.003028879786,6965.364522861347,8.93,26.07,49.96999999999999,,,,,,,,0.4847325365099517,-0.8746624309118509,0.059420306,0.0341255444708213,0.2225845895545451,0.10537681342030607,LOW,0.3,False,0.2
NER_000437,Meghalaya,25.4,92.0,2026-08-30,1277.046142578125,34.33623227579695,134.75352944723852,0.011950637740273,10.0,Tree cover,,,1,486.0569850898068,2393.476330654782,8.93,26.07,49.96999999999999,,,,,,,,0.7101420066343763,-0.7040584708767458,0.6817702,0.43996087101962034,0.5069341972347885,0.5428884345181576,HIGH,0.3,True,0.2
NER_000438,Meghalaya,25.4,92.2,2026-08-30,1336.25244140625,11.292529771390836,98.11792475041068,-0.0107796395911195,30.0,Grassland,,,1,3130.1813685878146,2519.3304868810164,13.01,36.43,73.64,,,,,,,,0.9899795288947549,-0.14121094989170982,0.17721184,0.04022703326436861,0.3251204165971008,0.18085309652239168,LOW,0.3,False,0.2
NER_000439,Meghalaya,25.4,92.4,2026-08-30,1228.92822265625,14.682956260485623,188.1633927296296,-0.0101376108989885,30.0,Grassland,,,1,496.46829893368545,1336.5523140319547,13.01,36.43,73.64,,,,,,,,-0.14199651938268715,-0.9898671569878466,0.5154379,0.37627048159833776,0.439033105549236,0.44358050102292834,MODERATE,0.3,True,0.2
NER_000440,Meghalaya,25.4,92.6,2026-08-30,921.0038452148438,12.291181000823718,301.6667611925004,-0.002640122203353,30.0,Grassland,,,1,2896.1894604961117,1601.7079600232819,13.01,36.43,73.64,,,,,,,,-0.8511158063362899,0.5249779844950901,0.045762505,0.005426215269192386,0.24261683277450363,0.09793518478577266,LOW,0.3,False,0.2
NER_000441,Meghalaya,25.6,90.2,2026-08-30,373.5027770996094,6.5393456037032776,209.876928502756,0.0009796846808694,10.0,Tree cover,,,1,3198.604922677246,2464.1409582322044,9.2,19.03,53.36,,,,,,,,-0.4981386229230731,-0.867097406496124,0.03584895,0.006132176866782214,0.19943280692348253,0.08047131127537827,LOW,0.3,False,0.2
NER_000442,Meghalaya,25.6,90.4,2026-08-30,697.5601806640625,15.225595122352564,0.105510482277964,-0.0073461899225055,10.0,Tree cover,,,1,4465.91073916265,5199.724654755673,10.27,26.31,50.099999999999994,,,,,,,,0.0018415042703168326,0.9999983044295737,0.051590677,0.007852285948762446,0.23985057505251375,0.09976451402577534,LOW,0.3,False,0.2
NER_000443,Meghalaya,25.6,90.6,2026-08-30,496.9722595214844,25.52429219084876,306.9813712699579,-0.0006961613691617,10.0,Tree cover,,,1,416.0025290826463,6027.450294665533,10.27,26.31,50.099999999999994,,,,,,,,-0.7988311375596165,0.6015553288478201,0.26320547,0.4250645612618546,0.3900218061072969,0.35943061697498174,MODERATE,0.3,True,0.2
NER_000444,Meghalaya,25.6,90.8,2026-08-30,421.2213745117188,18.15088012672082,57.20918919078304,-0.0044313710719689,10.0,Tree cover,,,1,548.5432143857959,1240.2419416132966,10.27,26.31,50.099999999999994,,,,,,,,0.8406534727329987,0.5415733918703441,0.47575358,0.29840642142306056,0.38181669936752716,0.385325575385447,MODERATE,0.3,True,0.2
NER_000445,Meghalaya,25.6,91.0,2026-08-30,938.6044311523438,5.876726913551629,301.26587059715786,0.0023322473147574,30.0,Grassland,,,1,53947.51134749752,81094.61226773694,11.36,32.489999999999995,55.37,,,,,,,,-0.8547681407074161,0.5190100438638802,0.032861307,0.005362243837666241,0.24542040572007062,0.09454798560703706,LOW,0.3,False,0.2
NER_000446,Meghalaya,25.6,91.2,2026-08-30,1227.002197265625,13.798125498641925,9.858078387194212,-0.008254119883764,30.0,Grassland,,,1,37387.23329230665,61486.10816335845,11.36,32.489999999999995,55.37,,,,,,,,0.1712082792140274,0.9852348578529749,0.030651191,0.00233408443315974,0.2248104896422789,0.085931922085417,LOW,0.3,False,0.2
NER_000447,Meghalaya,25.6,91.4,2026-08-30,1592.6387939453125,13.931741981429315,228.3714405638369,-0.0104270204847087,30.0,Grassland,,,1,25571.81106022864,42308.6233727716,11.36,32.489999999999995,55.37,,,,,,,,-0.7474670594810504,-0.6642988747474677,0.081388354,0.025723021807429667,0.2625481578080193,0.12321984588073064,LOW,0.3,False,0.2
NER_000448,Meghalaya,25.6,91.6,2026-08-30,1627.693115234375,6.290196728693672,236.10296014372324,-0.0097521162943742,10.0,Tree cover,,,1,10007.509323842813,23403.199602411434,8.93,26.07,49.96999999999999,,,,,,,,-0.8300410994727685,-0.5577022262695726,0.107220605,0.031478574139510176,0.2422166057934846,0.1269719307997767,LOW,0.3,False,0.2
NER_000449,Meghalaya,25.6,91.8,2026-08-30,1698.33154296875,13.509492475852692,121.73304502925232,-0.0031174098093749,30.0,Grassland,,,1,8966.005587832522,10568.071437776052,8.93,26.07,49.96999999999999,,,,,,,,0.850507905019209,-0.525962264330661,0.10762325,0.032933806006161234,0.2764373116808054,0.13899812480997362,LOW,0.3,False,0.2
NER_000450,Meghalaya,25.6,92.0,2026-08-30,1246.7132568359375,30.2610767903331,80.05221214137248,-0.0114162767354394,30.0,Grassland,,,1,228.49162357050136,2840.7435532620893,8.93,26.07,49.96999999999999,,,,,,,,0.9849655851189986,0.17275067621051093,0.71105397,0.7370908315951632,0.6669408984675775,0.7050285658462105,HIGH,0.3,True,0.2
NER_000451,Meghalaya,25.6,92.2,2026-08-30,1126.8426513671875,6.285400720215603,93.75191303409775,0.0110228170409116,10.0,Tree cover,,,1,1228.7376345899563,2063.50833409873,13.01,36.43,73.64,,,,,,,,0.9978567389540737,-0.06543644644952624,0.6098345,0.6635667561477228,0.4498802414988134,0.5744271682514236,HIGH,0.3,True,0.2
NER_000452,Meghalaya,25.6,92.4,2026-08-30,1027.01513671875,23.89691885341425,121.56971664770975,0.0060505984956841,10.0,Tree cover,,,1,3002.149695698931,2819.8408079026763,13.01,36.43,73.64,,,,,,,,0.8520037648760023,-0.5235356574648166,0.08263946,0.025240075049809574,0.25253005113685617,0.1201365298108448,LOW,0.3,False,0.2
NER_000453,Meghalaya,25.8,90.0,2026-08-30,87.32215881347656,11.117429161344258,325.0451073166139,-0.0016922734562706,10.0,Tree cover,,,1,1402.0698621966908,3847.243513240377,18.17,33.480000000000004,71.03,,,,,,,,-0.5729313638614509,0.8196033505933572,0.26134643,0.1758204304386372,0.3266717641158031,0.25461287968067065,MODERATE,0.3,False,0.2
NER_000454,Meghalaya,25.8,90.2,2026-08-30,107.32779693603516,0.7932136126230468,151.24682857778794,0.009178366466501,10.0,Tree cover,,,1,443.0246121592011,2029.8314985302904,18.17,33.480000000000004,71.03,,,,,,,,0.4810372965511237,-0.8767001307897623,0.2703719,0.12534959616978594,0.35013585025256516,0.24861912259428126,LOW,0.3,False,0.2
NER_000455,Meghalaya,25.8,90.4,2026-08-30,154.48873901367188,12.130091468572248,198.3458239779696,0.0057997345364956,10.0,Tree cover,,,1,2987.9677076452404,2589.032318408811,21.49,44.16,70.58,,,,,,,,-0.3147516863005561,-0.9491740493560474,0.0564022,0.021674485571417778,0.24348758997799663,0.10718809212745914,LOW,0.3,False,0.2
NER_000456,Meghalaya,25.8,90.6,2026-08-30,107.38040161132812,9.02586210628675,340.84818490649604,0.0116213411727253,10.0,Tree cover,,,1,1451.881168113348,2722.595089040053,21.49,44.16,70.58,,,,,,,,-0.32807232392078517,0.9446526082519517,0.21531737,0.2391717004912461,0.3340766090472187,0.2628552260152833,MODERATE,0.3,False,0.2
NER_000457,Meghalaya,25.8,90.8,2026-08-30,220.51031494140625,17.669888193289104,238.90276088352897,-0.0070335339037304,10.0,Tree cover,,,1,130.77028403036695,1184.7540609793962,21.49,44.16,70.58,,,,,,,,-0.8562919735435216,-0.5164920677463894,0.7001023,0.7149868335942631,0.7731037423771684,0.7293976350751938,HIGH,0.3,True,0.2
NER_000458,Meghalaya,25.8,91.0,2026-08-30,579.5407104492188,19.64585904288292,196.6851854870729,-0.0007627019780497,10.0,Tree cover,,,1,65098.95147075579,87329.79686646696,15.37,39.58,62.599999999999994,,,,,,,,-0.28711285372042245,-0.9578967633458813,0.010472703,0.0029475455533153564,0.14815084862955216,0.0538570324807686,LOW,0.3,False,0.2
NER_000459,Meghalaya,25.8,91.4,2026-08-30,267.9278564453125,30.57170377188741,51.09750670258308,-0.0041726049758101,10.0,Tree cover,,,1,26941.033329221547,52339.931521602026,15.37,39.58,62.599999999999994,,,,,,,,0.7782158211922863,0.6279969232775074,0.020340206,0.00722606548426947,0.19045462480012262,0.07267363228386338,LOW,0.3,False,0.2
NER_000460,Meghalaya,25.8,91.6,2026-08-30,513.6148681640625,24.8385414993268,339.3633163126067,0.0073768948171862,10.0,Tree cover,,,1,13234.871463396988,38746.94292249455,10.41,36.16,61.67,,,,,,,,-0.3524408894225255,0.9358340768870619,0.018789722,0.008153832536839524,0.17503832009950257,0.06732729158495626,LOW,0.3,False,0.2
NER_000461,Meghalaya,25.8,91.8,2026-08-30,723.2085571289062,12.918938502022527,134.61125687847084,-0.008112524700979,10.0,Tree cover,,,1,20459.131198457602,32661.330434906162,10.41,36.16,61.67,,,,,,,,0.71188808052526,-0.702292930909931,0.030074712,0.003882506239987661,0.1974613979903327,0.07713953901689048,LOW,0.3,False,0.2
NER_000462,Meghalaya,25.8,92.0,2026-08-30,901.7462158203124,26.83384004491022,332.16700372176024,0.0006433801838976,10.0,Tree cover,,,1,884.6703535825882,5348.256246666188,10.41,36.16,61.67,,,,,,,,-0.46689598757973644,0.8843122394165663,0.15815516,0.1754743812400231,0.31831757824203727,0.21731570588139243,LOW,0.3,False,0.2
NER_000463,Meghalaya,26.0,90.4,2026-08-30,123.58181762695312,25.288423998728213,151.12275316721377,0.0042749420755585,10.0,Tree cover,,,1,765.0350441906842,856.5690058601809,21.49,44.16,70.58,,,,,,,,0.4829346827121007,-0.8756563779438614,0.14682472,0.042150148663445706,0.2207157697495213,0.13656354779507168,LOW,0.3,False,0.2
NER_000464,Meghalaya,26.0,91.6,2026-08-30,282.4291687011719,5.422580456958792,121.59057927687286,0.0011722901344062,10.0,Tree cover,,,1,3946.1841853994647,2366.1305255181965,10.41,36.16,61.67,,,,,,,,0.8518130777736663,-0.5238458556997029,0.061445843,0.011150933040820796,0.2385161511711199,0.10370430921343801,LOW,0.3,False,0.2
NER_000465,Meghalaya,26.0,91.8,2026-08-30,160.2959747314453,18.76246848178939,323.10354660145737,-0.0039294997117868,10.0,Tree cover,,,1,2636.658487462994,299.39305322869416,10.41,36.16,61.67,,,,,,,,-0.6003707237970822,0.7997218228905396,0.020476518,0.0021190198318176553,0.11620691121700052,0.04626748323777574,LOW,0.3,False,0.2
NER_000466,Meghalaya,26.0,92.0,2026-08-30,326.5209350585937,21.55882318122985,192.4572464193633,-0.0009256463604961,10.0,Tree cover,,,1,660.1094400309615,10110.287794298987,10.41,36.16,61.67,,,,,,,,-0.21571105069993074,-0.9764572405415057,0.2412984,0.22004569621930464,0.32648650249602157,0.26261020201051133,MODERATE,0.3,False,0.2
NER_000467,Meghalaya,26.0,92.2,2026-08-30,307.10711669921875,25.90100430724985,104.35474523077336,-0.0015036873966181,10.0,Tree cover,,,1,1052.5124835926483,307.2256879902995,10.21,38.7,66.75999999999999,,,,,,,,0.9687792853762459,-0.24792477937045815,0.101826705,0.012707025163940138,0.18717193253894465,0.10056855673067097,LOW,0.3,False,0.2
NER_000468,Mizoram,22.0,93.0,2026-08-30,1102.8592529296875,31.42522866753347,261.1438185721679,0.0013223812424533,10.0,Tree cover,,,1,4149.41997563146,3562.2264078413336,8.74,34.42,80.39,,,,,,,,-0.9880778959911305,-0.15395477080539188,0.0070021576,0.0009979611472344092,0.13642069871090012,0.04814027264953558,LOW,0.3,False,0.2
NER_000469,Mizoram,22.2,92.6,2026-08-30,223.58897399902344,33.351881663083574,62.01927149876013,0.005264222971072,10.0,Tree cover,,,1,162.48166823092424,502.3395654195835,8.81,28.009999999999998,67.86,,,,,,,,0.8831054501900908,0.4691745558366918,0.79681873,0.9421808658716019,0.7836435179242546,0.8408810489378369,CRITICAL,0.3,True,0.2
NER_000470,Mizoram,22.2,92.8,2026-08-30,633.6991577148438,18.686868451131648,52.6246135079345,-0.0132514622618876,10.0,Tree cover,,,1,53.57370816098843,3841.259417045344,8.81,28.009999999999998,67.86,,,,,,,,0.7946754678402564,0.6070345136916595,0.89778686,0.8922839679010981,0.8387427666274124,0.8762711967420473,CRITICAL,0.3,True,0.2
NER_000471,Mizoram,22.2,93.0,2026-08-30,645.9652099609375,18.91887639600516,250.55155621189687,-8.422700841602534e-05,10.0,Tree cover,,,1,2250.9701576273574,150.05170464752945,8.74,34.42,80.39,,,,,,,,-0.942941477403004,-0.33295851121880027,0.055257566,0.0033909858078761323,0.14768741483989167,0.06877865626120847,LOW,0.3,False,0.2
NER_000472,Mizoram,22.4,92.6,2026-08-30,206.3280487060547,39.0083989548691,84.43612665069708,0.0033453345502514,10.0,Tree cover,,,1,1936.8192274174364,3509.816557533253,5.77,38.84,85.08999999999999,,,,,,,,0.9952887309914977,0.09695536066321496,0.6939094,0.8662638420596683,0.4608073375561646,0.6736602003929938,HIGH,0.3,True,0.2
NER_000473,Mizoram,22.4,92.8,2026-08-30,214.0897674560547,44.39239461215269,254.15318590343213,-0.008859586974659,10.0,Tree cover,,,1,4554.762747615842,353.0323861210422,5.77,38.84,85.08999999999999,,,,,,,,-0.9619952030401109,-0.2730663460183547,0.10333733,0.010874259704533039,0.21703349510754166,0.11041502913946344,LOW,0.3,False,0.2
NER_000474,Mizoram,22.4,93.0,2026-08-30,576.2880859375,33.23390408668854,323.63691381140694,0.0004058543356198,10.0,Tree cover,,,1,1325.6617428783911,1642.739603719219,10.68,63.21,120.47,,,,,,,,-0.5929001965275903,0.8052759508128532,0.3979238,0.4127193732865731,0.33804782473675865,0.3828970034311654,MODERATE,0.3,True,0.2
NER_000475,Mizoram,22.6,92.6,2026-08-30,235.9757080078125,12.256785354423103,207.7053099896082,0.0165923708268539,10.0,Tree cover,,,1,1674.8855258706865,1376.9766114113672,5.77,38.84,85.08999999999999,,,,,,,,-0.46492409917790645,-0.8853505418779684,0.45588008,0.548359609458708,0.4149008149517252,0.4730468383349083,MODERATE,0.3,True,0.2
NER_000476,Mizoram,22.6,92.8,2026-08-30,373.6585693359375,13.46308724354922,346.0432735924201,0.0073979739300884,10.0,Tree cover,,,1,4642.994475517337,315.49021965801364,5.77,38.84,85.08999999999999,,,,,,,,-0.2411889946507734,0.9704781650605794,0.07173354,0.018830115999165443,0.17925054078268354,0.08993806743126999,LOW,0.3,False,0.2
NER_000477,Mizoram,22.6,93.0,2026-08-30,764.4699096679688,22.525475387722132,287.40836154284216,0.0051966178530358,10.0,Tree cover,,,1,1201.558777411686,3068.0348210600173,10.68,63.21,120.47,,,,,,,,-0.9541966774024231,0.2991800475201782,0.42534742,0.298708491959519,0.3593688994581047,0.3611416079705957,MODERATE,0.3,True,0.2
NER_000478,Mizoram,22.8,92.6,2026-08-30,180.86720275878903,16.486895859387683,238.29274544433028,0.0145360433467069,10.0,Tree cover,,,1,476.0736908961203,1937.8195445876495,10.27,71.39,128.83,,,,,,,,-0.8507445695476304,-0.5255793730591194,0.5067846,0.6978762071458632,0.4493674916315483,0.5513427722260866,HIGH,0.3,True,0.2
NER_000479,Mizoram,22.8,92.8,2026-08-30,488.0377502441406,27.994971497037024,10.061131865277105,-0.0099182816309438,10.0,Tree cover,,,1,996.6070970685277,1177.9224726110558,10.27,71.39,128.83,,,,,,,,0.17469882155183925,0.9846219181738738,0.388733,0.238691475091309,0.3423379226370938,0.32325413243053996,MODERATE,0.3,True,0.2
NER_000480,Mizoram,22.8,93.0,2026-08-30,1241.6744384765625,12.624280883093718,256.4621841483885,-0.0110089756816449,30.0,Grassland,,,1,5.674822098770223,4135.458256062945,23.94,103.52,164.01999999999998,,,,,,,,-0.9722156320834924,-0.2340870879234805,0.9701404,0.9900683779677685,0.8562531536530935,0.93882065299062,CRITICAL,0.3,True,0.2
NER_000481,Mizoram,23.0,92.4,2026-08-30,51.56357955932617,0.9085299675464248,0.8798424276763512,0.0002336632557973,10.0,Tree cover,,,1,1535.6383737718936,1719.3914983587913,10.27,71.39,128.83,,,,,,,,0.015355543743405791,0.9998820966875767,0.563452,0.6346165757911019,0.42600772806097253,0.5413587697461423,HIGH,0.3,True,0.2
NER_000482,Mizoram,23.0,92.6,2026-08-30,104.58653259277344,29.009591692595933,302.859546865463,-0.0132497994645729,10.0,Tree cover,,,1,79.51634173841214,400.01750147838493,10.27,71.39,128.83,,,,,,,,-0.8400031583309443,0.5425815090786256,0.75684756,0.7663764000477868,0.7870767042261494,0.7701002314939965,CRITICAL,0.3,True,0.2
NER_000483,Mizoram,23.0,92.8,2026-08-30,1052.955810546875,27.10027057129205,236.4240424992335,0.0060558248414026,10.0,Tree cover,,,1,996.014025590441,3987.3537359149336,10.27,71.39,128.83,,,,,,,,-0.8331533819613665,-0.5530419894785,0.5704359,0.6345109348532981,0.41616289691287695,0.5403699094273404,HIGH,0.3,True,0.2
NER_000484,Mizoram,23.0,93.0,2026-08-30,1070.1162109375,22.01831700550081,236.7889019571956,0.0050163052083457,10.0,Tree cover,,,1,436.11431588426797,2573.5480740635785,23.94,103.52,164.01999999999998,,,,,,,,-0.8366582361966176,-0.5477252922810529,0.4756261,0.5236862478942768,0.4417799944034378,0.4803641177760977,MODERATE,0.3,True,0.2
NER_000485,Mizoram,23.2,92.4,2026-08-30,73.96691131591797,12.076775116369488,279.91462249591143,0.0089573510531101,40.0,Cropland,,,1,1649.9878480220166,2343.2168436563506,10.27,71.39,128.83,,,,,,,,-0.9850654159281563,0.1721805051168345,0.24406299,0.3202650468400394,0.31188772566347234,0.292071925784951,MODERATE,0.3,False,0.2
NER_000486,Mizoram,23.2,92.6,2026-08-30,584.0841064453125,33.84835883279286,122.84436364804036,-0.0008091092612029,10.0,Tree cover,,,1,1000.7574482390114,660.2176601856758,10.27,71.39,128.83,,,,,,,,0.8401469113807369,-0.5423588915998411,0.18384236,0.018560133838827358,0.19686571901991498,0.13308940461070018,LOW,0.3,False,0.2
NER_000487,Mizoram,23.2,92.8,2026-08-30,819.7398071289062,26.145211201193,138.76162127403938,-0.0023237681085003,30.0,Grassland,,,1,439.1108069737344,4202.2923824236705,10.27,71.39,128.83,,,,,,,,0.6591933062497656,-0.7519735267916702,0.59086615,0.36825204185660154,0.4404136124770092,0.4665106009351477,MODERATE,0.3,True,0.2
NER_000488,Mizoram,23.2,93.0,2026-08-30,827.4818115234375,26.44240807837575,226.9089207508344,-0.0195047535661405,10.0,Tree cover,,,1,349.9032585894155,780.8968767998152,23.94,103.52,164.01999999999998,,,,,,,,-0.7302686510874566,-0.6831600817077258,0.28351665,0.10481094832427179,0.4045484574329446,0.2642920170629116,MODERATE,0.3,False,0.2
NER_000489,Mizoram,23.2,93.2,2026-08-30,921.5000610351562,20.94249448707002,230.80030179408377,-0.0022776792943913,30.0,Grassland,,,1,24.567902531593802,1758.0440431567533,23.94,103.52,164.01999999999998,,,,,,,,-0.7749478177816439,-0.6320252207906486,0.9140342,0.9552553248635857,0.8542883408111438,0.907859304357702,CRITICAL,0.3,True,0.2
NER_000490,Mizoram,23.4,92.4,2026-08-30,143.1597900390625,36.37835481389519,284.81362313459124,0.0070088723992724,10.0,Tree cover,,,1,1776.5674477351554,3009.97844824223,18.52,67.6,119.55,,,,,,,,-0.9667626243076411,0.2556756309111265,0.4870647,0.38308768541439686,0.3550222934471851,0.40839156105351837,MODERATE,0.3,True,0.2
NER_000491,Mizoram,23.4,92.6,2026-08-30,447.7821350097656,20.74370309036201,347.60752894813226,-0.0017993641875624,10.0,Tree cover,,,1,1175.2580099808802,2174.199139837567,18.52,67.6,119.55,,,,,,,,-0.2146069857570966,0.9767004871833808,0.31827894,0.2383496093166908,0.2997950246874615,0.28547452666220285,MODERATE,0.3,False,0.2
NER_000492,Mizoram,23.4,92.8,2026-08-30,997.2307739257812,32.45742045721565,44.561199415902536,0.0007701723185668,10.0,Tree cover,,,1,2094.627666359283,2115.901106019024,18.52,67.6,119.55,,,,,,,,0.7016707094548015,0.7125013792921355,0.25660735,0.03750064431506149,0.2704139639044432,0.18817398978579056,LOW,0.3,False,0.2
NER_000493,Mizoram,23.4,93.0,2026-08-30,746.8751831054688,43.45051679044474,338.4222004516216,0.0014574859256381,10.0,Tree cover,,,1,1277.1350659766824,3318.738647700843,35.21,80.53999999999999,121.91999999999999,,,,,,,,-0.36776426365707177,0.9299190536690664,0.3386938,0.23019387036174535,0.34162238626372476,0.30350335140460616,MODERATE,0.3,True,0.2
NER_000494,Mizoram,23.4,93.2,2026-08-30,1099.4595947265625,11.091472613911725,183.5651356745796,-0.0024090901869058,10.0,Tree cover,,,1,91.8358329097047,2066.924577801428,35.21,80.53999999999999,121.91999999999999,,,,,,,,-0.062183211402393815,-0.9980647515164961,0.7827814,0.8857996057774018,0.7524397384643967,0.8070069221266709,CRITICAL,0.3,True,0.2
NER_000495,Mizoram,23.6,92.4,2026-08-30,449.9120788574219,36.9263368307824,139.02848047714087,0.0044134573355672,10.0,Tree cover,,,1,4308.307072638139,3313.8336204922857,18.52,67.6,119.55,,,,,,,,0.6556837983510807,-0.7550355995447495,0.07803896,0.025019285466516706,0.2220018900863749,0.1083533787493861,LOW,0.3,False,0.2
NER_000496,Mizoram,23.6,92.6,2026-08-30,995.4044189453124,20.772097266783074,19.50483049345121,0.0044818350937906,10.0,Tree cover,,,1,31.801268628768014,5126.3650544771535,18.52,67.6,119.55,,,,,,,,0.33388633028053133,0.9426133451483699,0.86568135,0.8133476093224294,0.8272201541284108,0.8354163712273369,CRITICAL,0.3,True,0.2
NER_000497,Mizoram,23.6,92.8,2026-08-30,290.85552978515625,7.816492025714601,67.14412171888347,0.0096749518191922,10.0,Tree cover,,,1,680.6890842768772,1458.654799425096,18.52,67.6,119.55,,,,,,,,0.9214847847962998,0.38841445826451554,0.62110984,0.6203384676396531,0.38940399281772764,0.5436174345704899,HIGH,0.3,True,0.2
NER_000498,Mizoram,23.6,93.0,2026-08-30,914.2623291015624,23.959552912280227,120.77834901451324,0.0082954812653435,10.0,Tree cover,,,1,2263.2482405795845,2873.4266950891015,35.21,80.53999999999999,121.91999999999999,,,,,,,,0.8591533268600232,-0.5117182437097137,0.3376513,0.2911871193308854,0.3223143677748907,0.3170509331523343,MODERATE,0.3,True,0.2
NER_000499,Mizoram,23.6,93.2,2026-08-30,973.2730712890624,30.15557004321469,4.477595420036948,0.0139108211888979,10.0,Tree cover,,,1,139.1243675072456,521.9192444623402,35.21,80.53999999999999,121.91999999999999,,,,,,,,0.07806926147777085,0.996947937663906,0.76281875,0.8918551095154099,0.760895770991288,0.8051898979435574,CRITICAL,0.3,True,0.2
NER_000500,Mizoram,23.6,93.4,2026-08-30,1398.811279296875,29.933707582607298,225.03551968860637,0.0042345940669834,10.0,Tree cover,,,1,26.54029160894579,552.4522375121597,35.21,80.53999999999999,121.91999999999999,,,,,,,,-0.7075450058877023,-0.7066682847300927,0.95862025,0.9930278158514234,0.8866598146642682,0.9461026269135863,CRITICAL,0.3,True,0.2
NER_000501,Mizoram,23.8,92.4,2026-08-30,200.7650909423828,23.29314543272265,270.1240958291843,0.0006646769757473,10.0,Tree cover,,,1,6120.9790610200425,632.5406562661736,28.25,48.9,86.11,,,,,,,,-0.9999976544810812,0.002165879113886073,0.0089656515,0.0009397520887032654,0.10897950846769122,0.03962830409797351,LOW,0.3,False,0.2
NER_000502,Mizoram,23.8,92.6,2026-08-30,335.7891845703125,15.923650089156094,112.68643560084224,0.0012013180148735,30.0,Grassland,,,1,196.91242219896225,2446.8974247416136,28.25,48.9,86.11,,,,,,,,0.9226294243211514,-0.3856876266835908,0.6823173,0.49926764568393467,0.6872536830765258,0.6229462150975318,HIGH,0.3,True,0.2
NER_000503,Mizoram,23.8,92.8,2026-08-30,121.5,31.44545384991568,144.61444198395645,0.0260322771086739,10.0,Tree cover,,,1,1282.4987327676217,21.699127920690582,28.25,48.9,86.11,,,,,,,,0.5790756926915143,-0.8152737835438123,0.22896363,0.09165320219333717,0.33341114160125707,0.21800932903568282,LOW,0.3,False,0.2
NER_000504,Mizoram,23.8,93.0,2026-08-30,543.65625,41.61038453676757,15.388611978710117,-0.0002839713625324,10.0,Tree cover,,,1,644.533915166288,1011.3878066704688,27.0,48.09,77.49,,,,,,,,0.2653644901182925,0.9641481667172628,0.120074086,0.009051047237953847,0.23055345223941656,0.11989286427306593,LOW,0.3,False,0.2
NER_000505,Mizoram,23.8,93.2,2026-08-30,806.6773681640625,21.600876976712343,82.3385109874323,0.0006084703967768,10.0,Tree cover,,,1,14.523245546542302,163.25713083470976,27.0,48.09,77.49,,,,,,,,0.9910730338038823,0.13332007225758855,0.8648079,0.88332674115698,0.7991262735688194,0.8490869827649179,CRITICAL,0.3,True,0.2
NER_000506,Mizoram,23.8,93.4,2026-08-30,1037.6021728515625,35.77094962675012,71.96379113096054,-0.0076341476920722,30.0,Grassland,,,1,1068.2887188830448,237.25970355990856,27.0,48.09,77.49,,,,,,,,0.9508610387817779,0.3096179660918248,0.19814275,0.012554080068659983,0.2740292738878127,0.16157537115280224,LOW,0.3,False,0.2
NER_000507,Mizoram,24.0,92.4,2026-08-30,167.26425170898438,22.218533237272386,245.92567157622955,0.0021210350792565,,,,,1,2409.74981761749,3135.4207626361394,28.25,48.9,86.11,,,,,,,,-0.9130170395042237,-0.40792142083364874,0.06520024,0.009547355153263031,0.20241619922106466,0.09238793250651837,LOW,0.3,False,0.2
NER_000508,Mizoram,24.0,92.6,2026-08-30,345.7991943359375,17.798548865123394,218.88646450619424,0.0091140866419171,,,,,1,4396.645779993543,2245.2205319931277,28.25,48.9,86.11,,,,,,,,-0.6277791887972434,-0.7783914761307932,0.073856905,0.01923616381880999,0.22557278325448493,0.10622195072534156,LOW,0.3,False,0.2
NER_000509,Mizoram,24.0,92.8,2026-08-30,315.9576416015625,17.887288077542234,256.4444883757859,-0.0087361752844709,,,,,1,2704.404331626344,1588.1905522458342,28.25,48.9,86.11,,,,,,,,-0.9721432880367532,-0.23438734506173828,0.030073008,0.0017957347788375572,0.1507973158313437,0.060888686370073615,LOW,0.3,False,0.2
NER_000510,Mizoram,24.0,93.0,2026-08-30,300.67779541015625,22.792723836457583,233.2205046865127,0.0087473784969986,,,,,1,321.05646123510337,290.65893815499396,27.0,48.09,77.49,,,,,,,,-0.8009456948137716,-0.5987369989897773,0.354103,0.4406885251758212,0.44109765415265895,0.4119630594334731,MODERATE,0.3,True,0.2
NER_000511,Mizoram,24.0,93.2,2026-08-30,807.0053100585938,32.04323214614074,238.39684287745013,-0.00159205539545,,,,,1,1726.4492585339324,206.97700556572957,27.0,48.09,77.49,,,,,,,,-0.8516980600825523,-0.5240328371882979,0.114798695,0.011725091962338428,0.1716432089390153,0.09938900106698287,LOW,0.3,False,0.2
NER_000512,Mizoram,24.2,92.4,2026-08-30,167.94300842285156,14.538475319837584,245.9463603899637,-0.0094662656660109,10.0,Tree cover,,,1,1472.2723927625968,7227.939804485717,28.25,48.9,86.11,,,,,,,,-0.913164275475949,-0.4075917148256146,0.4268122,0.2026305716082847,0.3353599606670732,0.3216009212720126,MODERATE,0.3,True,0.2
NER_000513,Mizoram,24.2,92.6,2026-08-30,107.08409118652344,26.21949411314541,208.72002279500327,-0.0188674927920019,10.0,Tree cover,,,1,387.54880252718056,2781.58363538013,28.25,48.9,86.11,,,,,,,,-0.4805299988556147,-0.8769782894689143,0.34793827,0.1296667907886291,0.386836240350712,0.2881471026555588,MODERATE,0.3,False,0.2
NER_000514,Mizoram,24.2,92.8,2026-08-30,464.7102966308594,17.176133600753776,306.16248755095137,-0.0064935503683099,10.0,Tree cover,,,1,644.4329427200104,3858.082214367247,28.25,48.9,86.11,,,,,,,,-0.8073468179938164,0.5900772114522469,0.5066141,0.19182385112961076,0.3423403839008586,0.3469261179483125,MODERATE,0.3,True,0.2
NER_000515,Mizoram,24.2,93.0,2026-08-30,53.428489685058594,13.209477456994929,260.28979167715744,-0.0043530833749317,10.0,Tree cover,,,1,108.41776877196244,215.9671113156716,27.0,48.09,77.49,,,,,,,,-0.9856734338857565,-0.16866499853811187,0.2545977,0.283638705199279,0.5951194788404305,0.3777852925738088,MODERATE,0.3,True,0.2
NER_000516,Mizoram,24.4,92.8,2026-08-30,100.7653350830078,8.406939602271823,9.928354640257908,0.0117114227290981,10.0,Tree cover,,,1,28.048866127426447,1253.3088928038408,15.76,32.22,68.52,,,,,,,,0.17241659191288822,0.9850241209397588,0.71903765,0.8596351294239798,0.7413132461267435,0.7733286758554697,CRITICAL,0.3,True,0.2
NER_000517,Mizoram,24.4,93.0,2026-08-30,86.9761962890625,39.96131715564085,280.43515686129854,-0.0024885209280063,10.0,Tree cover,,,1,4963.20477481259,57.72777101608289,15.19,30.479999999999997,61.809999999999995,,,,,,,,-0.983460518572519,0.18112263361897088,0.020638099,0.005614249375184328,0.21011188265499675,0.0787880771453652,LOW,0.3,False,0.2
NER_000518,Nagaland,25.4,93.6,2026-08-30,1112.510986328125,30.718222352372592,72.24981873834088,-0.0050445309636449,10.0,Tree cover,,,1,2357.1104324339562,910.459809233895,7.02,25.470000000000002,60.230000000000004,,,,,,,,0.952394835165926,0.30486731203798895,0.0849147,0.0060432094076325535,0.18217040088121275,0.09104277107031702,LOW,0.3,False,0.2
NER_000519,Nagaland,25.6,93.6,2026-08-30,359.1357421875,2.985109517316332,353.7242102810088,0.0013279902414319,10.0,Tree cover,,,1,646.4763285244712,537.1375439264667,7.02,25.470000000000002,60.230000000000004,,,,,,,,-0.10931430398363609,0.9940072348552466,0.25804526,0.08193465513857984,0.2637050581815284,0.20122832811970576,LOW,0.3,False,0.2
NER_000520,Nagaland,25.6,93.8,2026-08-30,1043.3167724609375,41.09467435252987,10.624917648199414,0.0254245448015004,10.0,Tree cover,,,1,2359.545488736988,569.912054665321,7.02,25.470000000000002,60.230000000000004,,,,,,,,0.1843788068751008,0.9828552566758313,0.13990165,0.031380607927619805,0.2739080314560089,0.14839676410526526,LOW,0.3,False,0.2
NER_000521,Nagaland,25.6,94.0,2026-08-30,2674.393798828125,20.506498321848756,146.97550037539088,0.0032562974173234,10.0,Tree cover,,,1,2941.9477869320235,1328.0184737100824,7.02,25.470000000000002,60.230000000000004,,,,,,,,0.5449976000054987,-0.8384376041115084,0.06883781,0.011587833825161091,0.21893563007640837,0.09978709140310354,LOW,0.3,False,0.2
NER_000522,Nagaland,25.6,94.2,2026-08-30,1332.7437744140625,21.135586962478293,120.8732471218832,-0.0017816889081163,10.0,Tree cover,,,1,184.79359626955167,832.0298401834027,8.61,25.009999999999998,83.44,,,,,,,,0.8583045978412159,-0.5131405434426601,0.74076515,0.9126167797493712,0.7591041073263095,0.8041620138124684,CRITICAL,0.3,True,0.2
NER_000523,Nagaland,25.6,94.4,2026-08-30,1326.5135498046875,29.670585705185797,152.69588279892548,0.0010125996668086,10.0,Tree cover,,,1,8.192037200038765,1695.4228295960297,8.61,25.009999999999998,83.44,,,,,,,,0.4587134081923154,-0.8885842723932211,0.9469989,0.9629680676390929,0.8937670563857225,0.9345780259480301,CRITICAL,0.3,True,0.2
NER_000524,Nagaland,25.6,94.6,2026-08-30,1236.6883544921875,28.76700188687629,258.44624476527247,0.0004220516999134,10.0,Tree cover,,,1,472.91469353534245,2868.116790674714,8.61,25.009999999999998,83.44,,,,,,,,-0.9797372252090302,-0.20028721761438015,0.19007517,0.1559633224206737,0.36782004126310996,0.237952850852994,LOW,0.3,False,0.2
NER_000525,Nagaland,25.6,94.8,2026-08-30,1212.8525390625,29.25163751978677,226.9938849376248,-0.014459087118891,30.0,Grassland,,,1,225.17240378643552,1118.856326489995,5.01,28.04,100.36000000000001,,,,,,,,-0.7312809091517771,-0.6820764120757662,0.8089117,0.9181291650769663,0.7275794549456603,0.8182067670659529,CRITICAL,0.3,True,0.2
NER_000526,Nagaland,25.8,93.8,2026-08-30,224.19378662109372,7.8643402004374705,248.0312575610421,-0.0018334412286104,10.0,Tree cover,,,1,36.67165476797524,242.90787133294333,8.64,30.54,72.83,,,,,,,,-0.927388082218236,-0.37410071499474895,0.7046054,0.7740679426445344,0.7731743110424448,0.7506158847497552,CRITICAL,0.3,True,0.2
NER_000527,Nagaland,25.8,94.0,2026-08-30,576.9517211914062,17.007934231917567,149.43921085773565,0.0002846876916939,10.0,Tree cover,,,1,191.27008825914075,584.8650126514162,8.64,30.54,72.83,,,,,,,,0.50845224040968,-0.8610901922692982,0.583469,0.680260004248243,0.7105431880299555,0.6580907219716086,HIGH,0.3,True,0.2
NER_000528,Nagaland,25.8,94.2,2026-08-30,1024.05126953125,26.00178530293857,166.83951921811945,-0.0001338269126001,10.0,Tree cover,,,1,2168.6662976591374,818.3316626895622,7.74,24.509999999999998,94.81999999999998,,,,,,,,0.22767929907191956,-0.97373617411192,0.1722484,0.009268515058643805,0.19209185732335815,0.12453625770992599,LOW,0.3,False,0.2
NER_000529,Nagaland,25.8,94.4,2026-08-30,1829.7579345703125,31.113165684152413,317.09502338944617,-0.0111202497472735,10.0,Tree cover,,,1,53.243168465175785,2875.3316709725277,7.74,24.509999999999998,94.81999999999998,,,,,,,,-0.6807844937777714,0.73248376980773,0.9279105,0.9857610561246242,0.8624787872563641,0.9253834699036481,CRITICAL,0.3,True,0.2
NER_000530,Nagaland,25.8,94.6,2026-08-30,1802.3082275390625,32.5435332791706,179.8206755428439,0.0024961435296546,10.0,Tree cover,,,1,1368.0308532206657,2148.225709051484,7.74,24.509999999999998,94.81999999999998,,,,,,,,0.003129797096980707,-0.9999951021730715,0.6071115,0.7367572743875542,0.4431993059464598,0.5956893696166099,HIGH,0.3,True,0.2
NER_000531,Nagaland,25.8,94.8,2026-08-30,1089.6776123046875,36.73329205834071,23.764536086002863,-0.0037279192197658,10.0,Tree cover,,,1,201.1752540138098,2036.4471019473765,6.58,28.060000000000002,123.52,,,,,,,,0.4029788937613126,0.9152092717968436,0.78257453,0.7152863450189451,0.7071007231662017,0.7349872008671151,HIGH,0.3,True,0.2
NER_000532,Nagaland,25.8,95.0,2026-08-30,2460.19287109375,16.27593888949949,205.76312778064528,0.0044440329860968,10.0,Tree cover,,,1,2847.747779652838,2058.013972942124,6.58,28.060000000000002,123.52,,,,,,,,-0.43465161667785085,-0.9005986742824634,0.124785535,0.026667542794302248,0.2235292714534799,0.12499411767019665,LOW,0.3,False,0.2
NER_000533,Nagaland,26.0,94.0,2026-08-30,694.660400390625,20.80399492307325,123.9908706249957,0.0034078251212565,10.0,Tree cover,,,1,13560.701847990367,49814.55003004145,8.64,30.54,72.83,,,,,,,,0.8291266625151792,-0.5590607994721506,0.030726703,0.004609337992422091,0.20562841920665073,0.08032148731518586,LOW,0.3,False,0.2
NER_000534,Nagaland,26.0,94.2,2026-08-30,987.0494995117188,27.79557368837553,298.7121466488969,0.0166649457158436,10.0,Tree cover,,,1,25788.255639077848,59901.95546972893,7.74,24.509999999999998,94.81999999999998,,,,,,,,-0.8770443370862271,0.4804094407742009,0.04115571,0.0125067605768388,0.20924690181506808,0.08763645804653761,LOW,0.3,False,0.2
NER_000535,Nagaland,26.0,94.4,2026-08-30,793.2640991210938,37.03655830618133,284.9252996117051,0.0006354656704789,10.0,Tree cover,,,1,43976.725378041316,74134.06387347507,7.74,24.509999999999998,94.81999999999998,,,,,,,,-0.9662624451667231,0.2575594825674749,0.036410972,0.006548962121872049,0.18600319134325616,0.07632104229081878,LOW,0.3,False,0.2
NER_000536,Nagaland,26.0,94.6,2026-08-30,2028.9835205078125,33.98749843366046,249.71350949637653,-0.0027139878280498,10.0,Tree cover,,,1,47986.62862555127,90577.78351556502,7.74,24.509999999999998,94.81999999999998,,,,,,,,-0.9379707108295706,-0.3467145016088453,0.08035708,0.027938081482537694,0.2087737235799137,0.10568962908352694,LOW,0.3,False,0.2
NER_000537,Nagaland,26.0,94.8,2026-08-30,1478.988037109375,34.47848013124779,64.63590902068665,0.0020287201616909,10.0,Tree cover,,,1,31923.547449559872,108229.71213897789,6.58,28.060000000000002,123.52,,,,,,,,0.9036039422261847,0.4283689012910459,0.11561189,0.03207798157308861,0.2556669774568305,0.1344522837411583,LOW,0.3,False,0.2
NER_000538,Nagaland,26.0,95.0,2026-08-30,1163.0994873046875,20.856178297545476,346.6178818736524,-0.0047772652830399,10.0,Tree cover,,,1,23159.652838055103,430438.4306486214,6.58,28.060000000000002,123.52,,,,,,,,-0.23144429122303814,0.9728481587895746,0.02395917,0.0025605869686819395,0.17752424544114412,0.0680146675018162,LOW,0.3,False,0.2
NER_000539,Nagaland,26.2,94.2,2026-08-30,522.3444213867188,18.559041217724637,183.20488305570757,-0.0053951637858428,10.0,Tree cover,,,1,15854.845033569578,44856.44109121928,7.74,24.509999999999998,94.81999999999998,,,,,,,,-0.05590659730349419,-0.9984360031458926,0.023600811,0.004292838444860016,0.171702939453175,0.06653219696647643,LOW,0.3,False,0.2
NER_000540,Nagaland,26.2,94.4,2026-08-30,686.829833984375,30.239640915740843,56.438593903562605,-0.0040887837331114,10.0,Tree cover,,,1,32119.618751803446,62555.59402081235,7.74,24.509999999999998,94.81999999999998,,,,,,,,0.8332938111181567,0.5528303757502636,0.042523738,0.00861779833634473,0.19392007573267525,0.08168720433238638,LOW,0.3,False,0.2
NER_000541,Nagaland,26.2,94.6,2026-08-30,1127.62158203125,24.173058498324167,235.21475266755107,-0.0122359780812125,10.0,Tree cover,,,1,42017.14839481656,81316.85130065354,7.74,24.509999999999998,94.81999999999998,,,,,,,,-0.8212961307380354,-0.5705021171167831,0.03372566,0.003816628711372029,0.1636671375447813,0.06706980885014922,LOW,0.3,False,0.2
NER_000542,Nagaland,26.2,94.8,2026-08-30,1912.7283935546875,30.324677629839734,308.61331257276964,0.000676460514501,10.0,Tree cover,,,1,22050.38977125022,100547.4226116121,6.58,28.060000000000002,123.52,,,,,,,,-0.7813754940066631,0.6240611647633935,0.047636762,0.01817915664720114,0.2102633750345124,0.09202643193524979,LOW,0.3,False,0.2
NER_000543,Nagaland,26.2,95.0,2026-08-30,1165.75,36.55279017809144,207.91866716756704,0.0008490129715718,10.0,Tree cover,,,1,2263.7458173420155,408947.8941073093,6.58,28.060000000000002,123.52,,,,,,,,-0.4682177233879223,-0.8836131299983218,0.18074553,0.15751840967637368,0.33233116601335944,0.22353170094599328,LOW,0.3,False,0.2
NER_000544,Nagaland,26.4,94.2,2026-08-30,387.3229675292969,22.85289832012874,340.68741587940747,0.0033439241858316,10.0,Tree cover,,,1,13039.804690884026,37603.97585386872,8.24,23.34,75.75999999999999,,,,,,,,-0.33072167583669826,0.9437283365099121,0.012253459,0.002101568340434109,0.1450858357532637,0.05314695454556251,LOW,0.3,False,0.2
NER_000545,Nagaland,26.4,94.4,2026-08-30,477.4175720214844,25.737514064384563,31.165910786310462,0.0145890477277937,10.0,Tree cover,,,1,30933.00997344259,57520.54244618957,8.24,23.34,75.75999999999999,,,,,,,,0.5175180024812958,0.8556723187691474,0.024403347,0.01561785451442329,0.1899612848158845,0.07666082867758808,LOW,0.3,False,0.2
NER_000546,Nagaland,26.4,94.6,2026-08-30,1097.287353515625,22.548494470696763,326.55423641831686,0.0072906247610897,10.0,Tree cover,,,1,46970.85437512896,77450.26427095517,8.24,23.34,75.75999999999999,,,,,,,,-0.5511473784293169,0.8344079141825606,0.021860799,0.0065707077363204,0.1725665217987299,0.06699934309574203,LOW,0.3,False,0.2
NER_000547,Nagaland,26.4,94.8,2026-08-30,1558.726318359375,28.01077679761389,336.4322977387856,0.0052820554248679,10.0,Tree cover,,,1,30519.605031609983,97385.06506148374,9.11,22.31,102.61000000000001,,,,,,,,-0.39983241358089283,0.9165882614620797,0.039231848,0.034494046455467435,0.22244044832939924,0.0987221148730632,LOW,0.3,False,0.2
NER_000548,Nagaland,26.4,95.0,2026-08-30,899.2549438476562,38.6553577832811,104.700287295056,-0.0011922182798491,10.0,Tree cover,,,1,21252.517282649354,387527.35850000626,9.11,22.31,102.61000000000001,,,,,,,,0.9672664803593004,-0.25376279469877183,0.039718784,0.01568011552649204,0.25395672976342165,0.10311854353770541,LOW,0.3,False,0.2
NER_000549,Nagaland,26.6,94.6,2026-08-30,165.49966430664062,9.518421062660076,350.7513285316859,0.0012768213114117,10.0,Tree cover,,,1,31304.334449231013,73341.97544126905,8.24,23.34,75.75999999999999,,,,,,,,-0.1607196798270086,0.9870000934733004,0.017203262,0.0036997281683502693,0.17554233343482917,0.06548177471487418,LOW,0.3,False,0.2
NER_000550,Nagaland,26.6,94.8,2026-08-30,855.8519897460938,46.11013599923079,212.1304280929577,0.0034031936199715,10.0,Tree cover,,,1,26850.07988957623,78141.08824320349,9.11,22.31,102.61000000000001,,,,,,,,-0.5318483859439804,-0.8468395918760429,0.033503942,0.01616890721492549,0.24419641030498918,0.0979564199038385,LOW,0.3,False,0.2
NER_000551,Nagaland,26.6,95.0,2026-08-30,534.2177734375,21.831205942736045,306.9436573384903,0.0040341279967342,10.0,Tree cover,,,1,31727.22271621881,366189.1107135141,9.11,22.31,102.61000000000001,,,,,,,,-0.7992269276107921,0.6010293821285393,0.019160014,0.0042090779030922315,0.16597305491185854,0.06311404882027938,LOW,0.3,False,0.2
NER_000552,Nagaland,26.8,95.0,2026-08-30,611.9737548828125,33.651974040210405,283.1864636245302,-0.0011440291647128,10.0,Tree cover,,,1,16354.241460643962,344948.42442594015,7.63,16.93,70.5,,,,,,,,-0.973632824581675,0.22812085151758763,0.024369659,0.004770927581543726,0.1833225931794734,0.07082106019820905,LOW,0.3,False,0.2
NER_000553,Nagaland,26.8,95.2,2026-08-30,1188.832275390625,13.837751371018989,292.44416039395776,0.0035517165816136,10.0,Tree cover,,,1,31351.850459589168,351317.29863548034,7.63,16.93,70.5,,,,,,,,-0.9242520512192419,0.3817828516539524,0.050238304,0.005624321876242831,0.19417336054924567,0.083345329376098,LOW,0.3,False,0.2
NER_000554,Sikkim,27.2,88.2,2026-08-30,2257.768310546875,16.303893317406843,79.87817027261178,0.008425691246046,10.0,Tree cover,,,1,35387.000104371975,40284.37706147632,14.68,49.809999999999995,147.57000000000002,,,,,,,,0.9844362936891177,0.17574180967440084,0.1298496,0.07908902855782547,0.25820769962007895,0.1557154444800613,LOW,0.3,False,0.2
NER_000555,Sikkim,27.2,88.4,2026-08-30,2278.573974609375,35.048185771523364,304.19974916524905,-0.0011334936571093,10.0,Tree cover,,,1,28220.204654330082,56076.55461234141,14.68,49.809999999999995,147.57000000000002,,,,,,,,-0.827083035007118,0.562079756977081,0.033508122,0.01088678448209991,0.17420909640007282,0.07286800094982947,LOW,0.3,False,0.2
NER_000556,Sikkim,27.2,88.6,2026-08-30,868.583740234375,37.47785935710784,108.43467605717518,-0.0039100115008483,10.0,Tree cover,,,1,26478.78075785354,63417.28593464331,16.97,62.79,169.41,,,,,,,,0.9486848034927566,-0.3162232496542748,0.04681523,0.011243773625262694,0.2553133581172582,0.1044574543949908,LOW,0.3,False,0.2
NER_000557,Sikkim,27.4,88.2,2026-08-30,2330.638671875,34.475921764605125,86.12972103732017,-0.0005576232599131,10.0,Tree cover,,,1,28782.84556583126,26457.17668706312,15.08,45.65,119.88000000000001,,,,,,,,0.9977194261740928,0.06749775281325256,0.044242788,0.016548913721956417,0.20746682787113996,0.08941951021020733,LOW,0.3,False,0.2
NER_000558,Sikkim,27.4,88.4,2026-08-30,2808.734619140625,23.09060228102397,32.90127427169557,0.0070667309973553,30.0,Grassland,,,1,12482.827013030292,41116.20082435309,15.08,45.65,119.88000000000001,,,,,,,,0.5431931231608199,0.8396077839984538,0.029345231,0.01799815188982801,0.22610752725974861,0.09115030404764699,LOW,0.3,False,0.2
NER_000559,Sikkim,27.4,88.6,2026-08-30,1387.720703125,21.691336222486328,339.98971568853216,0.0040272944305533,10.0,Tree cover,,,1,7733.20366420091,45011.22812077047,18.95,53.36,129.4,,,,,,,,-0.3421888080326448,0.9396312147098976,0.026181787,0.005416982987743351,0.19372842225795406,0.07510906447648204,LOW,0.3,False,0.2
NER_000560,Sikkim,27.4,88.8,2026-08-30,4426.88720703125,18.10967454559906,337.7663873205235,-0.0012011433016433,70.0,Snow and ice,,,1,13367.237718975879,35360.79738751386,18.95,53.36,129.4,,,,,,,,-0.3783838855313718,0.9256487644728867,0.004874219,0.0007119866784549156,0.07504103254608956,0.026875746137049496,LOW,0.3,False,0.2
NER_000561,Sikkim,27.6,88.2,2026-08-30,4829.17529296875,15.347640391066651,48.65743125622129,-0.0022482466836198,100.0,Moss and lichen,,,1,32309.92301682848,15069.355621272562,15.08,45.65,119.88000000000001,,,,,,,,0.7507735682351047,0.6605596485099046,0.008246035,0.001208018101823441,0.09603656568406613,0.03516353970032865,LOW,0.3,False,0.2
NER_000562,Sikkim,27.6,88.4,2026-08-30,2683.833984375,32.74360819942809,216.95762178194065,-0.0216737012970984,10.0,Tree cover,,,1,22212.34293123497,34797.95301135775,15.08,45.65,119.88000000000001,,,,,,,,-0.601224156271065,-0.7990804176778118,0.02199919,0.007647995509412859,0.17221258184070778,0.06728658930386466,LOW,0.3,False,0.2
NER_000563,Sikkim,27.6,88.6,2026-08-30,3161.584716796875,57.88201880889224,339.28719877170005,0.0078041976896558,30.0,Grassland,,,1,19914.993106304675,31752.333449848924,18.95,53.36,129.4,,,,,,,,-0.3536838352113763,0.9353650328669402,0.046441432,0.02010024449325816,0.29999177158248597,0.12217781605478586,LOW,0.3,False,0.2
NER_000564,Sikkim,27.6,88.8,2026-08-30,4551.77392578125,20.138149147501583,323.5261486262276,0.0094663203237556,60.0,Bare/sparse vegetation,,,1,15163.926263387484,15348.336583389882,18.95,53.36,129.4,,,,,,,,-0.5944558609279019,0.8041282418920921,0.008498866,0.0022211369960201594,0.10411415684251867,0.03827805339413653,LOW,0.3,False,0.2
NER_000565,Sikkim,27.8,88.2,2026-08-30,5992.96484375,59.55736824534521,342.294935832904,-0.0110867050270128,70.0,Snow and ice,,,1,29616.38364385494,21745.04504362123,12.35,24.09,45.93,,,,,,,,-0.3041172620467352,0.9526346051478486,0.0056003616,0.00192351591943925,0.10862206326655728,0.03871531360171373,LOW,0.3,False,0.2
NER_000566,Sikkim,27.8,88.4,2026-08-30,4572.13623046875,36.75118448441316,58.84671950967498,-0.0001768530221204,30.0,Grassland,,,1,31519.361711916306,31519.361711916306,12.35,24.09,45.93,,,,,,,,0.8557863797760724,0.517329365288463,0.007150696,0.0023035651910614735,0.11143002415059554,0.04029476197739993,LOW,0.3,False,0.2
NER_000567,Sikkim,27.8,88.6,2026-08-30,4789.85498046875,25.2789099859441,329.5802359690102,-0.0309257017511533,60.0,Bare/sparse vegetation,,,1,34027.07699115466,31118.368051741418,17.73,30.8,51.71000000000001,,,,,,,,-0.5063312558690479,0.8623390628575703,0.002966079,0.0006123457585605602,0.07267736421985856,0.02541859630267407,LOW,0.3,False,0.2
NER_000568,Sikkim,27.8,88.8,2026-08-30,4858.12890625,18.379795468685305,187.47977686474476,0.0150245998048588,100.0,Moss and lichen,,,1,14410.378137057478,11502.498094525341,17.73,30.8,51.71000000000001,,,,,,,,-0.1301762434257536,-0.9914908701786209,0.0054754224,0.001976953949356127,0.08720182036203235,0.03155139889294735,LOW,0.3,False,0.2
NER_000569,Sikkim,28.0,88.6,2026-08-30,4856.890625,17.9150460745168,303.3174962103353,0.004876141564134,100.0,Moss and lichen,,,1,645.0252169731414,473.2154738480023,17.73,30.8,51.71000000000001,,,,,,,,-0.8356396692381978,0.5492780199457059,0.06151387,0.0247312029795711,0.1520809786804931,0.07944201753819258,LOW,0.3,False,0.2
NER_000570,Sikkim,28.0,88.8,2026-08-30,5305.642578125,7.76000440221144,243.3119906346132,0.0046998165897391,100.0,Moss and lichen,,,1,1215.2760101984156,283.8631385103282,17.73,30.8,51.71000000000001,,,,,,,,-0.8934654004706462,-0.4491320275395954,0.0643076,0.04245890957904701,0.18279910552291834,0.09652187302901216,LOW,0.3,False,0.2
NER_000571,Tripura,23.0,91.6,2026-08-30,88.20123291015625,38.30910047942482,112.81088231338993,-0.0044367877918571,10.0,Tree cover,,,1,2433.61003991909,2663.162800064,6.63,27.349999999999998,75.28999999999999,,,,,,,,0.9217895332737485,-0.38769067095684023,0.2336457,0.11114223197296982,0.3981852139864991,0.2476577177761065,LOW,0.3,False,0.2
NER_000572,Tripura,23.2,91.6,2026-08-30,27.634469985961918,4.418444705784564,308.79316309472387,-0.0008190994107745,40.0,Cropland,,,1,563.9505758087084,2240.9936389321165,6.63,27.349999999999998,75.28999999999999,,,,,,,,-0.7794127298274033,0.6265108112259479,0.27629018,0.2320127258111545,0.3637157315527564,0.29067288352134074,MODERATE,0.3,False,0.2
NER_000573,Tripura,23.4,91.4,2026-08-30,50.344825744628906,14.998364127790513,24.18357420589507,0.0020983213290792,10.0,Tree cover,,,1,1432.7580569699044,1514.5501844821154,7.7,12.32,42.27,,,,,,,,0.4096615265836864,0.9122375971407469,0.34400097,0.40789551947695196,0.38729862695990996,0.3797317064147564,MODERATE,0.3,True,0.2
NER_000574,Tripura,23.4,91.6,2026-08-30,96.17081451416016,15.194481004253625,253.1043199119593,-0.0063685016462482,10.0,Tree cover,,,1,1241.4624884592522,6402.692599635744,2.62,18.310000000000002,48.78,,,,,,,,-0.9568354993203324,-0.2906300521976523,0.40191653,0.3719693943665066,0.3981331947209373,0.39067304589905916,MODERATE,0.3,True,0.2
NER_000575,Tripura,23.4,91.8,2026-08-30,125.83625793457033,6.385340034743457,24.028407528843506,0.0101581489536235,10.0,Tree cover,,,1,1342.2982400109534,2014.7222821506787,2.62,18.310000000000002,48.78,,,,,,,,0.40718953338875646,0.9133436833408587,0.5021926,0.4383415075454855,0.4139448719158644,0.45149300360840616,MODERATE,0.3,True,0.2
NER_000576,Tripura,23.6,91.2,2026-08-30,51.46022415161133,2.129357602927888,66.37310502429068,-0.0056001302798762,10.0,Tree cover,,,1,247.70260916317588,5109.29918108894,7.7,12.32,42.27,,,,,,,,0.9161747024233176,0.4007791344862474,0.44114673,0.3504211487110771,0.5105834328997017,0.434050447596583,MODERATE,0.3,True,0.2
NER_000577,Tripura,23.6,91.4,2026-08-30,41.450931549072266,19.0212371432451,313.7559201425834,-0.0031617353913739,10.0,Tree cover,,,1,137.75009242488912,8302.829957134853,7.7,12.32,42.27,,,,,,,,-0.7222925069394537,0.6915876910552408,0.47120902,0.40112113951131917,0.563467294349576,0.4785991610285829,MODERATE,0.3,True,0.2
NER_000578,Tripura,23.6,91.6,2026-08-30,198.0448760986328,3.194076856315931,126.40670722998648,-0.0173805722846835,10.0,Tree cover,,,1,3623.074279409695,4656.789318529074,2.62,18.310000000000002,48.78,,,,,,,,0.8048243242993507,-0.5935131060188086,0.17961903,0.07650307850727828,0.29228695809412875,0.18280302316367053,LOW,0.3,False,0.2
NER_000579,Tripura,23.6,91.8,2026-08-30,99.54345703125,8.167454450501273,324.7519933473607,0.0051785544567741,10.0,Tree cover,,,1,311.4143500531405,617.812753819674,2.62,18.310000000000002,48.78,,,,,,,,-0.5771167783406917,0.8166616338225158,0.39497805,0.42268458733478054,0.4978732415286266,0.4385119683609886,MODERATE,0.3,True,0.2
NER_000580,Tripura,23.8,91.4,2026-08-30,25.724571228027344,0.0416003229954824,155.0035761514796,0.0002384844482546,40.0,Cropland,,,1,20.51934400172471,1540.4710442329633,8.88,18.3,45.410000000000004,,,,,,,,0.42256169315703007,-0.9063341632512061,0.21386285,0.0920000492389895,0.37910196361145293,0.228321621370845,LOW,0.3,False,0.2
NER_000581,Tripura,23.8,91.6,2026-08-30,71.03450775146484,16.378248179381213,209.60180605241803,-0.0033025534823738,10.0,Tree cover,,,1,1342.3031755308411,5429.109611500213,15.85,30.17,64.36999999999999,,,,,,,,-0.49396927417643116,-0.8694793592544965,0.20749317,0.1534895650866728,0.32575038874162543,0.2289110466084358,LOW,0.3,False,0.2
NER_000582,Tripura,23.8,91.8,2026-08-30,118.04613494873048,17.811360306390732,13.838349652799366,0.0021242628603217,10.0,Tree cover,,,1,5275.578766279682,684.2945809788539,15.85,30.17,64.36999999999999,,,,,,,,0.2391834111806723,0.9709744053351651,0.009468153,0.0011228209069246466,0.11160594540592093,0.04073230647731093,LOW,0.3,False,0.2
NER_000583,Tripura,23.8,92.0,2026-08-30,133.48809814453125,12.521097983443154,163.87585751738175,-0.0120156547289486,10.0,Tree cover,,,1,8611.089374407937,1860.4272788254077,15.85,30.17,64.36999999999999,,,,,,,,0.27771946815967413,-0.9606622179544211,0.021847054,0.0026683947326840243,0.15681550684436232,0.060443652135001566,LOW,0.3,False,0.2
NER_000584,Tripura,23.8,92.2,2026-08-30,204.3282928466797,19.631201224292663,81.96101597649721,0.0172879304971236,10.0,Tree cover,,,1,2179.6610214237007,1983.6848393816479,28.25,48.9,86.11,,,,,,,,0.9901731462123043,0.13984684665742966,0.51186216,0.591996240468168,0.3822322037921985,0.4953635393122857,MODERATE,0.3,True,0.2
NER_000585,Tripura,24.0,91.4,2026-08-30,25.807849884033203,3.1292383309969583,5.5873496385304975,7.554380085299228e-05,,,,,1,268.1956142146361,2323.8662196951395,8.88,18.3,45.410000000000004,,,,,,,,0.09736316066776775,0.99524892109702,0.31121045,0.2267803170093447,0.4687673169609161,0.3355860291601817,MODERATE,0.3,True,0.2
NER_000586,Tripura,24.0,91.6,2026-08-30,40.673095703125,8.500951262672935,325.7048900039732,0.0006067031189507,,,,,1,1597.4785015563343,1665.007663425928,15.85,30.17,64.36999999999999,,,,,,,,-0.5634555421469433,0.8261463865586378,0.1065951,0.04734904386533668,0.2689924529231283,0.14097886525359515,LOW,0.3,False,0.2
NER_000587,Tripura,24.0,91.8,2026-08-30,72.44070434570312,3.856364935748837,173.8859584933523,-0.0018514414535114,,,,,1,49.8600574098755,15.15026093204694,15.85,30.17,64.36999999999999,,,,,,,,0.10650775106265827,-0.9943118720821826,0.47612637,0.22437214109958686,0.6570710101306293,0.4525231796485186,MODERATE,0.3,True,0.2
NER_000588,Tripura,24.0,92.0,2026-08-30,79.5660400390625,18.511617247292627,113.6287463588194,0.0036185407549677,,,,,1,132.7210429707497,960.8369273287893,15.85,30.17,64.36999999999999,,,,,,,,0.9161617516766674,-0.4008087383837091,0.42952052,0.44787678894891286,0.6761667933559959,0.5178547098982976,HIGH,0.3,True,0.2
NER_000589,Tripura,24.0,92.2,2026-08-30,65.5970458984375,9.982157206312262,160.35432409016562,-2.7698963121314084e-05,,,,,1,523.8523099029188,371.48803705069224,28.25,48.9,86.11,,,,,,,,0.336202466583275,-0.9417897331481809,0.09829432,0.009610323203393355,0.18274630067318934,0.09688364844139785,LOW,0.3,False,0.2
NER_000590,Tripura,24.2,91.8,2026-08-30,50.14059066772461,6.958292994117072,202.18802320669636,0.0023112417821136,10.0,Tree cover,,,1,1987.0654254446322,3317.685276006166,15.85,30.17,64.36999999999999,,,,,,,,-0.37764723969147546,-0.9259495463325252,0.100815885,0.09646211928584936,0.2826125236467042,0.15996351047560223,LOW,0.3,False,0.2
NER_000591,Tripura,24.2,92.0,2026-08-30,59.55514144897461,2.4153082567672595,319.9823669988371,-0.0064494339263717,10.0,Tree cover,,,1,1658.9791058182896,1997.4334959670452,15.85,30.17,64.36999999999999,,,,,,,,-0.6430233324286706,0.7658465864338153,0.16175267,0.06817819228254028,0.2629676435708749,0.1642995022855856,LOW,0.3,False,0.2
NER_000592,Tripura,24.2,92.2,2026-08-30,119.82014465332033,16.75318414036031,219.85301519456465,-0.0064663182763558,10.0,Tree cover,,,1,1789.1405727979875,9187.918533166305,28.25,48.9,86.11,,,,,,,,-0.6408203101951393,-0.7676909078798612,0.32402825,0.21220574987449067,0.30253035387933236,0.27958812158656715,MODERATE,0.3,False,0.2
NER_000593,Tripura,24.4,92.2,2026-08-30,24.32406234741211,0.4593100526155837,356.6387627526104,0.0001148630829051,40.0,Cropland,,,1,189.04342434766662,3970.6019622132476,15.76,32.22,68.52,,,,,,,,-0.058631013217632706,0.9982797224671418,0.20443512,0.508577645663193,0.4246825179757691,0.37923176536095565,MODERATE,0.3,True,0.2
