{"type": "FeatureCollection", "features": [{"type": "Feature", "properties": {"grid_id": "NER_000001", "state": "Arunachal Pradesh", "risk_probability": 0.08779967673002381, "risk_level": "LOW", "prototype_alert": false, "inference_date": "2026-08-30"}, "geometry": {"type": "Point", "coordinates": [95.4, 26.8]}}, {"type": "Feature", "properties": {"grid_id": "NER_000002", "state": "Arunachal Pradesh", "risk_probability": 0.1261452449911012, "risk_level": "LOW", "prototype_alert": false, "inference_date": "2026-08-30"}, "geometry": {"type": "Point", "coordinates": [92.2, 27.0]}}, {"type": "Feature", "properties": {"grid_id": "NER_000003", "state": "Arunachal Pradesh", "risk_probability": 0.17678034842203352, "risk_level": "LOW", "prototype_alert": false, "inference_date": "2026-08-30"}, "geometry": {"type": "Point", "coordinates": [92.4, 27.0]}}, {"type": "Feature", "properties": {"grid_id": "NER_000004", "state": "Arunachal Pradesh", "risk_probability": 0.06523833779175145, "risk_level": "LOW", "prototype_alert": false, "inference_date": "2026-08-30"}, "geometry": {"type": "Point", "coordinates": [92.6, 27.0]}}, {"type": "Feature", "properties": {"grid_id": "NER_000005", "state": "Arunachal Pradesh", "risk_probability": 0.057036157136375915, "risk_level": "LOW", "prototype_alert": false, "inference_date": "2026-08-30"}, "geometry": {"type": "Point", "coordinates": [93.0, 27.0]}}, {"type": "Feature", "properties": {"grid_id": "NER_000006", "state": "Arunachal Pradesh", "risk_probability": 0.06259497285528291, "risk_level": "LOW", "prototype_alert": false, "inference_date": "2026-08-30"}, "geometry": {"type": "Point", "coordinates": [93.2, 27.0]}}, {"type": "Feature", "properties": {"grid_id": "NER_000007", "state": "Arunachal Pradesh", "risk_probability": 0.1944969318782529, "risk_level": "LOW", "prototype_alert": false, "inference_date": "2026-08-30"}, "geometry": {"type": "Point", "coordinates": [93.4, 27.0]}}, {"type": "Feature", "properties": {"grid_id": "NER_000008", "state": "Arunachal Pradesh", "risk_probability": 0.4716188254414973, "risk_level": "MODERATE", "prototype_alert": true, "inference_date": "2026-08-30"}, "geometry": {"type": "Point", "coordinates": [93.6, 27.0]}}, {"type": "Feature", "properties": {"grid_id": "NER_000009", "state": "Arunachal Pradesh", "risk_probability": 0.2273888389076278, "risk_level": "LOW", "prototype_alert": false, "inference_date": "2026-08-30"}, "geometry": {"type": "Point", "coordinates": [95.2, 27.0]}}, {"type": "Feature", "properties": {"grid_id": "NER_000010", "state": "Arunachal Pradesh", "risk_probability": 0.6130066103182794, "risk_level": "HIGH", "prototype_alert": true, "inference_date": "2026-08-30"}, "geometry": {"type": "Point", "coordinates": [95.4, 27.0]}}, {"type": "Feature", "properties": {"grid_id": "NER_000011", "state": "Arunachal Pradesh", "risk_probability": 0.13063962319818892, "risk_level": "LOW", "prototype_alert": false, "inference_date": "2026-08-30"}, "geometry": {"type": "Point", "coordinates": [95.6, 27.0]}}, {"type": "Feature", "properties": {"grid_id": "NER_000012", "state": "Arunachal Pradesh", "risk_probability": 0.39983045645456317, "risk_level": "MODERATE", "prototype_alert": true, "inference_date": "2026-08-30"}, "geometry": {"type": "Point", "coordinates": [92.2, 27.2]}}, {"type": "Feature", "properties": {"grid_id": "NER_000013", "state": "Arunachal Pradesh", "risk_probability": 0.9441246570570959, "risk_level": "CRITICAL", "prototype_alert": true, "inference_date": "2026-08-30"}, "geometry": {"type": "Point", "coordinates": [92.4, 27.2]}}, {"type": "Feature", "properties": {"grid_id": "NER_000014", "state": "Arunachal Pradesh", "risk_probability": 0.41756747762535623, "risk_level": "MODERATE", "prototype_alert": true, "inference_date": "2026-08-30"}, "geometry": {"type": "Point", "coordinates": [92.6, 27.2]}}, {"type": "Feature", "properties": {"grid_id": "NER_000015", "state": "Arunachal Pradesh", "risk_probability": 0.08994953159371002, "risk_level": "LOW", "prototype_alert": false, "inference_date": "2026-08-30"}, "geometry": {"type": "Point", "coordinates": [92.8, 27.2]}}, {"type": "Feature", "properties": {"grid_id": "NER_000016", "state": "Arunachal Pradesh", "risk_probability": 0.10700887821313004, "risk_level": "LOW", "prototype_alert": false, "inference_date": "2026-08-30"}, "geometry": {"type": "Point", "coordinates": [93.0, 27.2]}}, {"type": "Feature", "properties": {"grid_id": "NER_000017", "state": "Arunachal Pradesh", "risk_probability": 0.5929816536248294, "risk_level": "HIGH", "prototype_alert": true, "inference_date": "2026-08-30"}, "geometry": {"type": "Point", "coordinates": [93.2, 27.2]}}, {"type": "Feature", "properties": {"grid_id": "NER_000018", "state": "Arunachal Pradesh", "risk_probability": 0.32147503605636985, "risk_level": "MODERATE", "prototype_alert": true, "inference_date": "2026-08-30"}, "geometry": {"type": "Point", "coordinates": [93.4, 27.2]}}, {"type": "Feature", "properties": {"grid_id": "NER_000019", "state": "Arunachal Pradesh", "risk_probability": 0.19228543767788175, "risk_level": "LOW", "prototype_alert": false, "inference_date": "2026-08-30"}, "geometry": {"type": "Point", "coordinates": [93.6, 27.2]}}, {"type": "Feature", "properties": {"grid_id": "NER_000020", "state": "Arunachal Pradesh", "risk_probability": 0.545877399057106, "risk_level": "HIGH", "prototype_alert": true, "inference_date": "2026-08-30"}, "geometry": {"type": "Point", "coordinates": [93.8, 27.2]}}, {"type": "Feature", "properties": {"grid_id": "NER_000021", "state": "Arunachal Pradesh", "risk_probability": 0.20776749050547466, "risk_level": "LOW", "prototype_alert": false, "inference_date": "2026-08-30"}, "geometry": {"type": "Point", "coordinates": [95.6, 27.2]}}, {"type": "Feature", "properties": {"grid_id": "NER_000022", "state": "Arunachal Pradesh", "risk_probability": 0.4614680304131988, "risk_level": "MODERATE", "prototype_alert": true, "inference_date": "2026-08-30"}, "geometry": {"type": "Point", "coordinates": [95.8, 27.2]}}, {"type": "Feature", "properties": {"grid_id": "NER_000023", "state": "Arunachal Pradesh", "risk_probability": 0.5892837456847664, "risk_level": "HIGH", "prototype_alert": true, "inference_date": "2026-08-30"}, "geometry": {"type": "Point", "coordinates": [96.0, 27.2]}}, {"type": "Feature", "properties": {"grid_id": "NER_000024", "state": "Arunachal Pradesh", "risk_probability": 0.17762356990141148, "risk_level": "LOW", "prototype_alert": false, "inference_date": "2026-08-30"}, "geometry": {"type": "Point", "coordinates": [97.0, 27.2]}}, {"type": "Feature", "properties": {"grid_id": "NER_000025", "state": "Arunachal Pradesh", "risk_probability": 0.31375789145581245, "risk_level": "MODERATE", "prototype_alert": true, "inference_date": "2026-08-30"}, "geometry": {"type": "Point", "coordinates": [92.2, 27.4]}}, {"type": "Feature", "properties": {"grid_id": "NER_000026", "state": "Arunachal Pradesh", "risk_probability": 0.584758715281183, "risk_level": "HIGH", "prototype_alert": true, "inference_date": "2026-08-30"}, "geometry": {"type": "Point", "coordinates": [92.4, 27.4]}}, {"type": "Feature", "properties": {"grid_id": "NER_000027", "state": "Arunachal Pradesh", "risk_probability": 0.3184258975489966, "risk_level": "MODERATE", "prototype_alert": true, "inference_date": "2026-08-30"}, "geometry": {"type": "Point", "coordinates": [92.6, 27.4]}}, {"type": "Feature", "properties": {"grid_id": "NER_000028", "state": "Arunachal Pradesh", "risk_probability": 0.21637439995761137, "risk_level": "LOW", "prototype_alert": false, "inference_date": "2026-08-30"}, "geometry": {"type": "Point", "coordinates": [92.8, 27.4]}}, {"type": "Feature", "properties": {"grid_id": "NER_000029", "state": "Arunachal Pradesh", "risk_probability": 0.08010647800141055, "risk_level": "LOW", "prototype_alert": false, "inference_date": "2026-08-30"}, "geometry": {"type": "Point", "coordinates": [93.0, 27.4]}}, {"type": "Feature", "properties": {"grid_id": "NER_000030", "state": "Arunachal Pradesh", "risk_probability": 0.061790147893632, "risk_level": "LOW", "prototype_alert": false, "inference_date": "2026-08-30"}, "geometry": {"type": "Point", "coordinates": [93.2, 27.4]}}, {"type": "Feature", "properties": {"grid_id": "NER_000031", "state": "Arunachal Pradesh", "risk_probability": 0.049697180754320586, "risk_level": "LOW", "prototype_alert": false, "inference_date": "2026-08-30"}, "geometry": {"type": "Point", "coordinates": [93.4, 27.4]}}, {"type": "Feature", "properties": {"grid_id": "NER_000032", "state": "Arunachal Pradesh", "risk_probability": 0.0844842122053893, "risk_level": "LOW", "prototype_alert": false, "inference_date": "2026-08-30"}, "geometry": {"type": "Point", "coordinates": [93.6, 27.4]}}, {"type": "Feature", "properties": {"grid_id": "NER_000033", "state": "Arunachal Pradesh", "risk_probability": 0.6656476501125987, "risk_level": "HIGH", "prototype_alert": true, "inference_date": "2026-08-30"}, "geometry": {"type": "Point", "coordinates": [93.8, 27.4]}}, {"type": "Feature", "properties": {"grid_id": "NER_000034", "state": "Arunachal Pradesh", "risk_probability": 0.1723824531988154, "risk_level": "LOW", "prototype_alert": false, "inference_date": "2026-08-30"}, "geometry": {"type": "Point", "coordinates": [94.0, 27.4]}}, {"type": "Feature", "properties": {"grid_id": "NER_000035", "state": "Arunachal Pradesh", "risk_probability": 0.15260356850655848, "risk_level": "LOW", "prototype_alert": false, "inference_date": "2026-08-30"}, "geometry": {"type": "Point", "coordinates": [96.0, 27.4]}}, {"type": "Feature", "properties": {"grid_id": "NER_000036", "state": "Arunachal Pradesh", "risk_probability": 0.05378662497434913, "risk_level": "LOW", "prototype_alert": false, "inference_date": "2026-08-30"}, "geometry": {"type": "Point", "coordinates": [96.2, 27.4]}}, {"type": "Feature", "properties": {"grid_id": "NER_000037", "state": "Arunachal Pradesh", "risk_probability": 0.0779210129289461, "risk_level": "LOW", "prototype_alert": false, "inference_date": "2026-08-30"}, "geometry": {"type": "Point", "coordinates": [96.4, 27.4]}}, {"type": "Feature", "properties": {"grid_id": "NER_000038", "state": "Arunachal Pradesh", "risk_probability": 0.04928934390316016, "risk_level": "LOW", "prototype_alert": false, "inference_date": "2026-08-30"}, "geometry": {"type": "Point", "coordinates": [96.6, 27.4]}}, {"type": "Feature", "properties": {"grid_id": "NER_000039", "state": "Arunachal Pradesh", "risk_probability": 0.16182693017132718, "risk_level": "LOW", "prototype_alert": false, "inference_date": "2026-08-30"}, "geometry": {"type": "Point", "coordinates": [96.8, 27.4]}}, {"type": "Feature", "properties": {"grid_id": "NER_000040", "state": "Arunachal Pradesh", "risk_probability": 0.06263313551099703, "risk_level": "LOW", "prototype_alert": false, "inference_date": "2026-08-30"}, "geometry": {"type": "Point", "coordinates": [91.6, 27.6]}}, {"type": "Feature", "properties": {"grid_id": "NER_000041", "state": "Arunachal Pradesh", "risk_probability": 0.24679709900988583, "risk_level": "LOW", "prototype_alert": false, "inference_date": "2026-08-30"}, "geometry": {"type": "Point", "coordinates": [91.8, 27.6]}}, {"type": "Feature", "properties": {"grid_id": "NER_000042", "state": "Arunachal Pradesh", "risk_probability": 0.24214423924862366, "risk_level": "LOW", "prototype_alert": false, "inference_date": "2026-08-30"}, "geometry": {"type": "Point", "coordinates": [92.0, 27.6]}}, {"type": "Feature", "properties": {"grid_id": "NER_000043", "state": "Arunachal Pradesh", "risk_probability": 0.023433290538789498, "risk_level": "LOW", "prototype_alert": false, "inference_date": "2026-08-30"}, "geometry": {"type": "Point", "coordinates": [92.2, 27.6]}}, {"type": "Feature", "properties": {"grid_id": "NER_000044", "state": "Arunachal Pradesh", "risk_probability": 0.024801117986918978, "risk_level": "LOW", "prototype_alert": false, "inference_date": "2026-08-30"}, "geometry": {"type": "Point", "coordinates": [92.4, 27.6]}}, {"type": "Feature", "properties": {"grid_id": "NER_000045", "state": "Arunachal Pradesh", "risk_probability": 0.07944188464957301, "risk_level": "LOW", "prototype_alert": false, "inference_date": "2026-08-30"}, "geometry": {"type": "Point", "coordinates": [92.6, 27.6]}}, {"type": "Feature", "properties": {"grid_id": "NER_000046", "state": "Arunachal Pradesh", "risk_probability": 0.08878568134887813, "risk_level": "LOW", "prototype_alert": false, "inference_date": "2026-08-30"}, "geometry": {"type": "Point", "coordinates": [92.8, 27.6]}}, {"type": "Feature", "properties": {"grid_id": "NER_000047", "state": "Arunachal Pradesh", "risk_probability": 0.7636915517636647, "risk_level": "CRITICAL", "prototype_alert": true, "inference_date": "2026-08-30"}, "geometry": {"type": "Point", "coordinates": [93.0, 27.6]}}, {"type": "Feature", "properties": {"grid_id": "NER_000048", "state": "Arunachal Pradesh", "risk_probability": 0.2084206495896253, "risk_level": "LOW", "prototype_alert": false, "inference_date": "2026-08-30"}, "geometry": {"type": "Point", "coordinates": [93.2, 27.6]}}, {"type": "Feature", "properties": {"grid_id": "NER_000049", "state": "Arunachal Pradesh", "risk_probability": 0.11063010645297139, "risk_level": "LOW", "prototype_alert": false, "inference_date": "2026-08-30"}, "geometry": {"type": "Point", "coordinates": [93.4, 27.6]}}, {"type": "Feature", "properties": {"grid_id": "NER_000050", "state": "Arunachal Pradesh", "risk_probability": 0.16417659078305225, "risk_level": "LOW", "prototype_alert": false, "inference_date": "2026-08-30"}, "geometry": {"type": "Point", "coordinates": [93.6, 27.6]}}, {"type": "Feature", "properties": {"grid_id": "NER_000051", "state": "Arunachal Pradesh", "risk_probability": 0.5614862628559969, "risk_level": "HIGH", "prototype_alert": true, "inference_date": "2026-08-30"}, "geometry": {"type": "Point", "coordinates": [93.8, 27.6]}}, {"type": "Feature", "properties": {"grid_id": "NER_000052", "state": "Arunachal Pradesh", "risk_probability": 0.07961264044138838, "risk_level": "LOW", "prototype_alert": false, "inference_date": "2026-08-30"}, "geometry": {"type": "Point", "coordinates": [94.0, 27.6]}}, {"type": "Feature", "properties": {"grid_id": "NER_000053", "state": "Arunachal Pradesh", "risk_probability": 0.07156969248949399, "risk_level": "LOW", "prototype_alert": false, "inference_date": "2026-08-30"}, "geometry": {"type": "Point", "coordinates": [94.2, 27.6]}}, {"type": "Feature", "properties": {"grid_id": "NER_000054", "state": "Arunachal Pradesh", "risk_probability": 0.06409000634866244, "risk_level": "LOW", "prototype_alert": false, "inference_date": "2026-08-30"}, "geometry": {"type": "Point", "coordinates": [94.4, 27.6]}}, {"type": "Feature", "properties": {"grid_id": "NER_000055", "state": "Arunachal Pradesh", "risk_probability": 0.7175390177236366, "risk_level": "HIGH", "prototype_alert": true, "inference_date": "2026-08-30"}, "geometry": {"type": "Point", "coordinates": [95.8, 27.6]}}, {"type": "Feature", "properties": {"grid_id": "NER_000056", "state": "Arunachal Pradesh", "risk_probability": 0.7790346547386038, "risk_level": "CRITICAL", "prototype_alert": true, "inference_date": "2026-08-30"}, "geometry": {"type": "Point", "coordinates": [96.0, 27.6]}}, {"type": "Feature", "properties": {"grid_id": "NER_000057", "state": "Arunachal Pradesh", "risk_probability": 0.09101588260646808, "risk_level": "LOW", "prototype_alert": false, "inference_date": "2026-08-30"}, "geometry": {"type": "Point", "coordinates": [96.2, 27.6]}}, {"type": "Feature", "properties": {"grid_id": "NER_000058", "state": "Arunachal Pradesh", "risk_probability": 0.12066282074433934, "risk_level": "LOW", "prototype_alert": false, "inference_date": "2026-08-30"}, "geometry": {"type": "Point", "coordinates": [96.4, 27.6]}}, {"type": "Feature", "properties": {"grid_id": "NER_000059", "state": "Arunachal Pradesh", "risk_probability": 0.06167876422041254, "risk_level": "LOW", "prototype_alert": false, "inference_date": "2026-08-30"}, "geometry": {"type": "Point", "coordinates": [96.6, 27.6]}}, {"type": "Feature", "properties": {"grid_id": "NER_000060", "state": "Arunachal Pradesh", "risk_probability": 0.09198243108555879, "risk_level": "LOW", "prototype_alert": false, "inference_date": "2026-08-30"}, "geometry": {"type": "Point", "coordinates": [96.8, 27.6]}}, {"type": "Feature", "properties": {"grid_id": "NER_000061", "state": "Arunachal Pradesh", "risk_probability": 0.1280864107827161, "risk_level": "LOW", "prototype_alert": false, "inference_date": "2026-08-30"}, "geometry": {"type": "Point", "coordinates": [91.8, 27.8]}}, {"type": "Feature", "properties": {"grid_id": "NER_000062", "state": "Arunachal Pradesh", "risk_probability": 0.15514407308516714, "risk_level": "LOW", "prototype_alert": false, "inference_date": "2026-08-30"}, "geometry": {"type": "Point", "coordinates": [92.2, 27.8]}}, {"type": "Feature", "properties": {"grid_id": "NER_000063", "state": "Arunachal Pradesh", "risk_probability": 0.060730004306052486, "risk_level": "LOW", "prototype_alert": false, "inference_date": "2026-08-30"}, "geometry": {"type": "Point", "coordinates": [92.4, 27.8]}}, {"type": "Feature", "properties": {"grid_id": "NER_000064", "state": "Arunachal Pradesh", "risk_probability": 0.029551600118132636, "risk_level": "LOW", "prototype_alert": false, "inference_date": "2026-08-30"}, "geometry": {"type": "Point", "coordinates": [92.6, 27.8]}}, {"type": "Feature", "properties": {"grid_id": "NER_000065", "state": "Arunachal Pradesh", "risk_probability": 0.12907132048255696, "risk_level": "LOW", "prototype_alert": false, "inference_date": "2026-08-30"}, "geometry": {"type": "Point", "coordinates": [92.8, 27.8]}}, {"type": "Feature", "properties": {"grid_id": "NER_000066", "state": "Arunachal Pradesh", "risk_probability": 0.06068640518576576, "risk_level": "LOW", "prototype_alert": false, "inference_date": "2026-08-30"}, "geometry": {"type": "Point", "coordinates": [93.0, 27.8]}}, {"type": "Feature", "properties": {"grid_id": "NER_000067", "state": "Arunachal Pradesh", "risk_probability": 0.1535195621994733, "risk_level": "LOW", "prototype_alert": false, "inference_date": "2026-08-30"}, "geometry": {"type": "Point", "coordinates": [93.2, 27.8]}}, {"type": "Feature", "properties": {"grid_id": "NER_000068", "state": "Arunachal Pradesh", "risk_probability": 0.10192959844223083, "risk_level": "LOW", "prototype_alert": false, "inference_date": "2026-08-30"}, "geometry": {"type": "Point", "coordinates": [93.4, 27.8]}}, {"type": "Feature", "properties": {"grid_id": "NER_000069", "state": "Arunachal Pradesh", "risk_probability": 0.5120241363539603, "risk_level": "HIGH", "prototype_alert": true, "inference_date": "2026-08-30"}, "geometry": {"type": "Point", "coordinates": [93.6, 27.8]}}, {"type": "Feature", "properties": {"grid_id": "NER_000070", "state": "Arunachal Pradesh", "risk_probability": 0.23129698389071007, "risk_level": "LOW", "prototype_alert": false, "inference_date": "2026-08-30"}, "geometry": {"type": "Point", "coordinates": [93.8, 27.8]}}, {"type": "Feature", "properties": {"grid_id": "NER_000071", "state": "Arunachal Pradesh", "risk_probability": 0.34774504191932926, "risk_level": "MODERATE", "prototype_alert": true, "inference_date": "2026-08-30"}, "geometry": {"type": "Point", "coordinates": [94.0, 27.8]}}, {"type": "Feature", "properties": {"grid_id": "NER_000072", "state": "Arunachal Pradesh", "risk_probability": 0.17696929249712895, "risk_level": "LOW", "prototype_alert": false, "inference_date": "2026-08-30"}, "geometry": {"type": "Point", "coordinates": [94.2, 27.8]}}, {"type": "Feature", "properties": {"grid_id": "NER_000073", "state": "Arunachal Pradesh", "risk_probability": 0.0585551351114883, "risk_level": "LOW", "prototype_alert": false, "inference_date": "2026-08-30"}, "geometry": {"type": "Point", "coordinates": [94.4, 27.8]}}, {"type": "Feature", "properties": {"grid_id": "NER_000074", "state": "Arunachal Pradesh", "risk_probability": 0.0840547455774854, "risk_level": "LOW", "prototype_alert": false, "inference_date": "2026-08-30"}, "geometry": {"type": "Point", "coordinates": [94.6, 27.8]}}, {"type": "Feature", "properties": {"grid_id": "NER_000075", "state": "Arunachal Pradesh", "risk_probability": 0.10551285373036434, "risk_level": "LOW", "prototype_alert": false, "inference_date": "2026-08-30"}, "geometry": {"type": "Point", "coordinates": [94.8, 27.8]}}, {"type": "Feature", "properties": {"grid_id": "NER_000076", "state": "Arunachal Pradesh", "risk_probability": 0.30895827115948243, "risk_level": "MODERATE", "prototype_alert": true, "inference_date": "2026-08-30"}, "geometry": {"type": "Point", "coordinates": [95.0, 27.8]}}, {"type": "Feature", "properties": {"grid_id": "NER_000077", "state": "Arunachal Pradesh", "risk_probability": 0.4272672714236257, "risk_level": "MODERATE", "prototype_alert": true, "inference_date": "2026-08-30"}, "geometry": {"type": "Point", "coordinates": [96.0, 27.8]}}, {"type": "Feature", "properties": {"grid_id": "NER_000078", "state": "Arunachal Pradesh", "risk_probability": 0.26134262432275274, "risk_level": "MODERATE", "prototype_alert": false, "inference_date": "2026-08-30"}, "geometry": {"type": "Point", "coordinates": [96.2, 27.8]}}, {"type": "Feature", "properties": {"grid_id": "NER_000079", "state": "Arunachal Pradesh", "risk_probability": 0.2641539394729194, "risk_level": "MODERATE", "prototype_alert": false, "inference_date": "2026-08-30"}, "geometry": {"type": "Point", "coordinates": [96.4, 27.8]}}, {"type": "Feature", "properties": {"grid_id": "NER_000080", "state": "Arunachal Pradesh", "risk_probability": 0.10161100697886123, "risk_level": "LOW", "prototype_alert": false, "inference_date": "2026-08-30"}, "geometry": {"type": "Point", "coordinates": [96.6, 27.8]}}, {"type": "Feature", "properties": {"grid_id": "NER_000081", "state": "Arunachal Pradesh", "risk_probability": 0.14013599644975547, "risk_level": "LOW", "prototype_alert": false, "inference_date": "2026-08-30"}, "geometry": {"type": "Point", "coordinates": [96.8, 27.8]}}, {"type": "Feature", "properties": {"grid_id": "NER_000082", "state": "Arunachal Pradesh", "risk_probability": 0.08351849671270695, "risk_level": "LOW", "prototype_alert": false, "inference_date": "2026-08-30"}, "geometry": {"type": "Point", "coordinates": [97.0, 27.8]}}, {"type": "Feature", "properties": {"grid_id": "NER_000083", "state": "Arunachal Pradesh", "risk_probability": 0.04763626634632553, "risk_level": "LOW", "prototype_alert": false, "inference_date": "2026-08-30"}, "geometry": {"type": "Point", "coordinates": [92.8, 28.0]}}, {"type": "Feature", "properties": {"grid_id": "NER_000084", "state": "Arunachal Pradesh", "risk_probability": 0.09274792382989328, "risk_level": "LOW", "prototype_alert": false, "inference_date": "2026-08-30"}, "geometry": {"type": "Point", "coordinates": [93.0, 28.0]}}, {"type": "Feature", "properties": {"grid_id": "NER_000085", "state": "Arunachal Pradesh", "risk_probability": 0.22561554406204148, "risk_level": "LOW", "prototype_alert": false, "inference_date": "2026-08-30"}, "geometry": {"type": "Point", "coordinates": [93.2, 28.0]}}, {"type": "Feature", "properties": {"grid_id": "NER_000086", "state": "Arunachal Pradesh", "risk_probability": 0.22935271706379756, "risk_level": "LOW", "prototype_alert": false, "inference_date": "2026-08-30"}, "geometry": {"type": "Point", "coordinates": [93.4, 28.0]}}, {"type": "Feature", "properties": {"grid_id": "NER_000087", "state": "Arunachal Pradesh", "risk_probability": 0.7828193233060158, "risk_level": "CRITICAL", "prototype_alert": true, "inference_date": "2026-08-30"}, "geometry": {"type": "Point", "coordinates": [93.6, 28.0]}}, {"type": "Feature", "properties": {"grid_id": "NER_000088", "state": "Arunachal Pradesh", "risk_probability": 0.2715817659452233, "risk_level": "MODERATE", "prototype_alert": false, "inference_date": "2026-08-30"}, "geometry": {"type": "Point", "coordinates": [93.8, 28.0]}}, {"type": "Feature", "properties": {"grid_id": "NER_000089", "state": "Arunachal Pradesh", "risk_probability": 0.06680766469375034, "risk_level": "LOW", "prototype_alert": false, "inference_date": "2026-08-30"}, "geometry": {"type": "Point", "coordinates": [94.0, 28.0]}}, {"type": "Feature", "properties": {"grid_id": "NER_000090", "state": "Arunachal Pradesh", "risk_probability": 0.257813303015619, "risk_level": "MODERATE", "prototype_alert": false, "inference_date": "2026-08-30"}, "geometry": {"type": "Point", "coordinates": [94.2, 28.0]}}, {"type": "Feature", "properties": {"grid_id": "NER_000091", "state": "Arunachal Pradesh", "risk_probability": 0.32900351251393556, "risk_level": "MODERATE", "prototype_alert": true, "inference_date": "2026-08-30"}, "geometry": {"type": "Point", "coordinates": [94.4, 28.0]}}, {"type": "Feature", "properties": {"grid_id": "NER_000092", "state": "Arunachal Pradesh", "risk_probability": 0.04990932480237293, "risk_level": "LOW", "prototype_alert": false, "inference_date": "2026-08-30"}, "geometry": {"type": "Point", "coordinates": [94.6, 28.0]}}, {"type": "Feature", "properties": {"grid_id": "NER_000093", "state": "Arunachal Pradesh", "risk_probability": 0.12365115907258013, "risk_level": "LOW", "prototype_alert": false, "inference_date": "2026-08-30"}, "geometry": {"type": "Point", "coordinates": [94.8, 28.0]}}, {"type": "Feature", "properties": {"grid_id": "NER_000094", "state": "Arunachal Pradesh", "risk_probability": 0.11663676621615018, "risk_level": "LOW", "prototype_alert": false, "inference_date": "2026-08-30"}, "geometry": {"type": "Point", "coordinates": [95.0, 28.0]}}, {"type": "Feature", "properties": {"grid_id": "NER_000095", "state": "Arunachal Pradesh", "risk_probability": 0.15945973089250826, "risk_level": "LOW", "prototype_alert": false, "inference_date": "2026-08-30"}, "geometry": {"type": "Point", "coordinates": [95.2, 28.0]}}, {"type": "Feature", "properties": {"grid_id": "NER_000096", "state": "Arunachal Pradesh", "risk_probability": 0.07666172920859826, "risk_level": "LOW", "prototype_alert": false, "inference_date": "2026-08-30"}, "geometry": {"type": "Point", "coordinates": [95.4, 28.0]}}, {"type": "Feature", "properties": {"grid_id": "NER_000097", "state": "Arunachal Pradesh", "risk_probability": 0.1747227929488241, "risk_level": "LOW", "prototype_alert": false, "inference_date": "2026-08-30"}, "geometry": {"type": "Point", "coordinates": [95.6, 28.0]}}, {"type": "Feature", "properties": {"grid_id": "NER_000098", "state": "Arunachal Pradesh", "risk_probability": 0.2294706949322297, "risk_level": "LOW", "prototype_alert": false, "inference_date": "2026-08-30"}, "geometry": {"type": "Point", "coordinates": [95.8, 28.0]}}, {"type": "Feature", "properties": {"grid_id": "NER_000099", "state": "Arunachal Pradesh", "risk_probability": 0.32480921815707015, "risk_level": "MODERATE", "prototype_alert": true, "inference_date": "2026-08-30"}, "geometry": {"type": "Point", "coordinates": [96.0, 28.0]}}, {"type": "Feature", "properties": {"grid_id": "NER_000100", "state": "Arunachal Pradesh", "risk_probability": 0.7548985983966789, "risk_level": "CRITICAL", "prototype_alert": true, "inference_date": "2026-08-30"}, "geometry": {"type": "Point", "coordinates": [96.2, 28.0]}}, {"type": "Feature", "properties": {"grid_id": "NER_000101", "state": "Arunachal Pradesh", "risk_probability": 0.34422947196339637, "risk_level": "MODERATE", "prototype_alert": true, "inference_date": "2026-08-30"}, "geometry": {"type": "Point", "coordinates": [96.4, 28.0]}}, {"type": "Feature", "properties": {"grid_id": "NER_000102", "state": "Arunachal Pradesh", "risk_probability": 0.07411438445623951, "risk_level": "LOW", "prototype_alert": false, "inference_date": "2026-08-30"}, "geometry": {"type": "Point", "coordinates": [96.6, 28.0]}}, {"type": "Feature", "properties": {"grid_id": "NER_000103", "state": "Arunachal Pradesh", "risk_probability": 0.06126284486301216, "risk_level": "LOW", "prototype_alert": false, "inference_date": "2026-08-30"}, "geometry": {"type": "Point", "coordinates": [96.8, 28.0]}}, {"type": "Feature", "properties": {"grid_id": "NER_000104", "state": "Arunachal Pradesh", "risk_probability": 0.08591255117206027, "risk_level": "LOW", "prototype_alert": false, "inference_date": "2026-08-30"}, "geometry": {"type": "Point", "coordinates": [97.0, 28.0]}}, {"type": "Feature", "properties": {"grid_id": "NER_000105", "state": "Arunachal Pradesh", "risk_probability": 0.03146795073312537, "risk_level": "LOW", "prototype_alert": false, "inference_date": "2026-08-30"}, "geometry": {"type": "Point", "coordinates": [97.2, 28.0]}}, {"type": "Feature", "properties": {"grid_id": "NER_000106", "state": "Arunachal Pradesh", "risk_probability": 0.0390208070145798, "risk_level": "LOW", "prototype_alert": false, "inference_date": "2026-08-30"}, "geometry": {"type": "Point", "coordinates": [92.8, 28.2]}}, {"type": "Feature", "properties": {"grid_id": "NER_000107", "state": "Arunachal Pradesh", "risk_probability": 0.060499103391618694, "risk_level": "LOW", "prototype_alert": false, "inference_date": "2026-08-30"}, "geometry": {"type": "Point", "coordinates": [93.0, 28.2]}}, {"type": "Feature", "properties": {"grid_id": "NER_000108", "state": "Arunachal Pradesh", "risk_probability": 0.12841613549773792, "risk_level": "LOW", "prototype_alert": false, "inference_date": "2026-08-30"}, "geometry": {"type": "Point", "coordinates": [93.2, 28.2]}}, {"type": "Feature", "properties": {"grid_id": "NER_000109", "state": "Arunachal Pradesh", "risk_probability": 0.09900118087093704, "risk_level": "LOW", "prototype_alert": false, "inference_date": "2026-08-30"}, "geometry": {"type": "Point", "coordinates": [93.4, 28.2]}}, {"type": "Feature", "properties": {"grid_id": "NER_000110", "state": "Arunachal Pradesh", "risk_probability": 0.13754371532858642, "risk_level": "LOW", "prototype_alert": false, "inference_date": "2026-08-30"}, "geometry": {"type": "Point", "coordinates": [93.6, 28.2]}}, {"type": "Feature", "properties": {"grid_id": "NER_000111", "state": "Arunachal Pradesh", "risk_probability": 0.0823473001600117, "risk_level": "LOW", "prototype_alert": false, "inference_date": "2026-08-30"}, "geometry": {"type": "Point", "coordinates": [93.8, 28.2]}}, {"type": "Feature", "properties": {"grid_id": "NER_000112", "state": "Arunachal Pradesh", "risk_probability": 0.06792240989715742, "risk_level": "LOW", "prototype_alert": false, "inference_date": "2026-08-30"}, "geometry": {"type": "Point", "coordinates": [94.0, 28.2]}}, {"type": "Feature", "properties": {"grid_id": "NER_000113", "state": "Arunachal Pradesh", "risk_probability": 0.08613130184976237, "risk_level": "LOW", "prototype_alert": false, "inference_date": "2026-08-30"}, "geometry": {"type": "Point", "coordinates": [94.2, 28.2]}}, {"type": "Feature", "properties": {"grid_id": "NER_000114", "state": "Arunachal Pradesh", "risk_probability": 0.12972627372564705, "risk_level": "LOW", "prototype_alert": false, "inference_date": "2026-08-30"}, "geometry": {"type": "Point", "coordinates": [94.4, 28.2]}}, {"type": "Feature", "properties": {"grid_id": "NER_000115", "state": "Arunachal Pradesh", "risk_probability": 0.4553788076554565, "risk_level": "MODERATE", "prototype_alert": true, "inference_date": "2026-08-30"}, "geometry": {"type": "Point", "coordinates": [94.6, 28.2]}}, {"type": "Feature", "properties": {"grid_id": "NER_000116", "state": "Arunachal Pradesh", "risk_probability": 0.8581592379461893, "risk_level": "CRITICAL", "prototype_alert": true, "inference_date": "2026-08-30"}, "geometry": {"type": "Point", "coordinates": [94.8, 28.2]}}, {"type": "Feature", "properties": {"grid_id": "NER_000117", "state": "Arunachal Pradesh", "risk_probability": 0.3707263714615973, "risk_level": "MODERATE", "prototype_alert": true, "inference_date": "2026-08-30"}, "geometry": {"type": "Point", "coordinates": [95.0, 28.2]}}, {"type": "Feature", "properties": {"grid_id": "NER_000118", "state": "Arunachal Pradesh", "risk_probability": 0.14895016569519393, "risk_level": "LOW", "prototype_alert": false, "inference_date": "2026-08-30"}, "geometry": {"type": "Point", "coordinates": [95.2, 28.2]}}, {"type": "Feature", "properties": {"grid_id": "NER_000119", "state": "Arunachal Pradesh", "risk_probability": 0.07991610774608207, "risk_level": "LOW", "prototype_alert": false, "inference_date": "2026-08-30"}, "geometry": {"type": "Point", "coordinates": [95.4, 28.2]}}, {"type": "Feature", "properties": {"grid_id": "NER_000120", "state": "Arunachal Pradesh", "risk_probability": 0.1479087304390576, "risk_level": "LOW", "prototype_alert": false, "inference_date": "2026-08-30"}, "geometry": {"type": "Point", "coordinates": [95.6, 28.2]}}, {"type": "Feature", "properties": {"grid_id": "NER_000121", "state": "Arunachal Pradesh", "risk_probability": 0.32912170613545233, "risk_level": "MODERATE", "prototype_alert": true, "inference_date": "2026-08-30"}, "geometry": {"type": "Point", "coordinates": [95.8, 28.2]}}, {"type": "Feature", "properties": {"grid_id": "NER_000122", "state": "Arunachal Pradesh", "risk_probability": 0.07915941103815724, "risk_level": "LOW", "prototype_alert": false, "inference_date": "2026-08-30"}, "geometry": {"type": "Point", "coordinates": [96.0, 28.2]}}, {"type": "Feature", "properties": {"grid_id": "NER_000123", "state": "Arunachal Pradesh", "risk_probability": 0.06697726994574155, "risk_level": "LOW", "prototype_alert": false, "inference_date": "2026-08-30"}, "geometry": {"type": "Point", "coordinates": [96.2, 28.2]}}, {"type": "Feature", "properties": {"grid_id": "NER_000124", "state": "Arunachal Pradesh", "risk_probability": 0.08627231044358952, "risk_level": "LOW", "prototype_alert": false, "inference_date": "2026-08-30"}, "geometry": {"type": "Point", "coordinates": [96.4, 28.2]}}, {"type": "Feature", "properties": {"grid_id": "NER_000125", "state": "Arunachal Pradesh", "risk_probability": 0.07535289681416718, "risk_level": "LOW", "prototype_alert": false, "inference_date": "2026-08-30"}, "geometry": {"type": "Point", "coordinates": [96.6, 28.2]}}, {"type": "Feature", "properties": {"grid_id": "NER_000126", "state": "Arunachal Pradesh", "risk_probability": 0.07304042244179154, "risk_level": "LOW", "prototype_alert": false, "inference_date": "2026-08-30"}, "geometry": {"type": "Point", "coordinates": [96.8, 28.2]}}, {"type": "Feature", "properties": {"grid_id": "NER_000127", "state": "Arunachal Pradesh", "risk_probability": 0.4112612094968015, "risk_level": "MODERATE", "prototype_alert": true, "inference_date": "2026-08-30"}, "geometry": {"type": "Point", "coordinates": [97.0, 28.2]}}, {"type": "Feature", "properties": {"grid_id": "NER_000128", "state": "Arunachal Pradesh", "risk_probability": 0.032949944056421536, "risk_level": "LOW", "prototype_alert": false, "inference_date": "2026-08-30"}, "geometry": {"type": "Point", "coordinates": [97.2, 28.2]}}, {"type": "Feature", "properties": {"grid_id": "NER_000129", "state": "Arunachal Pradesh", "risk_probability": 0.9463726721968633, "risk_level": "CRITICAL", "prototype_alert": true, "inference_date": "2026-08-30"}, "geometry": {"type": "Point", "coordinates": [93.4, 28.4]}}, {"type": "Feature", "properties": {"grid_id": "NER_000130", "state": "Arunachal Pradesh", "risk_probability": 0.06124078687256433, "risk_level": "LOW", "prototype_alert": false, "inference_date": "2026-08-30"}, "geometry": {"type": "Point", "coordinates": [93.6, 28.4]}}, {"type": "Feature", "properties": {"grid_id": "NER_000131", "state": "Arunachal Pradesh", "risk_probability": 0.12249962618422788, "risk_level": "LOW", "prototype_alert": false, "inference_date": "2026-08-30"}, "geometry": {"type": "Point", "coordinates": [93.8, 28.4]}}, {"type": "Feature", "properties": {"grid_id": "NER_000132", "state": "Arunachal Pradesh", "risk_probability": 0.07085517795021196, "risk_level": "LOW", "prototype_alert": false, "inference_date": "2026-08-30"}, "geometry": {"type": "Point", "coordinates": [94.0, 28.4]}}, {"type": "Feature", "properties": {"grid_id": "NER_000133", "state": "Arunachal Pradesh", "risk_probability": 0.07515504423294173, "risk_level": "LOW", "prototype_alert": false, "inference_date": "2026-08-30"}, "geometry": {"type": "Point", "coordinates": [94.2, 28.4]}}, {"type": "Feature", "properties": {"grid_id": "NER_000134", "state": "Arunachal Pradesh", "risk_probability": 0.1355708779144957, "risk_level": "LOW", "prototype_alert": false, "inference_date": "2026-08-30"}, "geometry": {"type": "Point", "coordinates": [94.4, 28.4]}}, {"type": "Feature", "properties": {"grid_id": "NER_000135", "state": "Arunachal Pradesh", "risk_probability": 0.08755833792522467, "risk_level": "LOW", "prototype_alert": false, "inference_date": "2026-08-30"}, "geometry": {"type": "Point", "coordinates": [94.6, 28.4]}}, {"type": "Feature", "properties": {"grid_id": "NER_000136", "state": "Arunachal Pradesh", "risk_probability": 0.21565524886609946, "risk_level": "LOW", "prototype_alert": false, "inference_date": "2026-08-30"}, "geometry": {"type": "Point", "coordinates": [94.8, 28.4]}}, {"type": "Feature", "properties": {"grid_id": "NER_000137", "state": "Arunachal Pradesh", "risk_probability": 0.07047338609793424, "risk_level": "LOW", "prototype_alert": false, "inference_date": "2026-08-30"}, "geometry": {"type": "Point", "coordinates": [95.0, 28.4]}}, {"type": "Feature", "properties": {"grid_id": "NER_000138", "state": "Arunachal Pradesh", "risk_probability": 0.09015237959475686, "risk_level": "LOW", "prototype_alert": false, "inference_date": "2026-08-30"}, "geometry": {"type": "Point", "coordinates": [95.2, 28.4]}}, {"type": "Feature", "properties": {"grid_id": "NER_000139", "state": "Arunachal Pradesh", "risk_probability": 0.11094328672934878, "risk_level": "LOW", "prototype_alert": false, "inference_date": "2026-08-30"}, "geometry": {"type": "Point", "coordinates": [95.4, 28.4]}}, {"type": "Feature", "properties": {"grid_id": "NER_000140", "state": "Arunachal Pradesh", "risk_probability": 0.08741496460331198, "risk_level": "LOW", "prototype_alert": false, "inference_date": "2026-08-30"}, "geometry": {"type": "Point", "coordinates": [95.6, 28.4]}}, {"type": "Feature", "properties": {"grid_id": "NER_000141", "state": "Arunachal Pradesh", "risk_probability": 0.07432127591668558, "risk_level": "LOW", "prototype_alert": false, "inference_date": "2026-08-30"}, "geometry": {"type": "Point", "coordinates": [95.8, 28.4]}}, {"type": "Feature", "properties": {"grid_id": "NER_000142", "state": "Arunachal Pradesh", "risk_probability": 0.09484394361820231, "risk_level": "LOW", "prototype_alert": false, "inference_date": "2026-08-30"}, "geometry": {"type": "Point", "coordinates": [96.0, 28.4]}}, {"type": "Feature", "properties": {"grid_id": "NER_000143", "state": "Arunachal Pradesh", "risk_probability": 0.079687478902246, "risk_level": "LOW", "prototype_alert": false, "inference_date": "2026-08-30"}, "geometry": {"type": "Point", "coordinates": [96.2, 28.4]}}, {"type": "Feature", "properties": {"grid_id": "NER_000144", "state": "Arunachal Pradesh", "risk_probability": 0.05710478955458806, "risk_level": "LOW", "prototype_alert": false, "inference_date": "2026-08-30"}, "geometry": {"type": "Point", "coordinates": [96.6, 28.4]}}, {"type": "Feature", "properties": {"grid_id": "NER_000145", "state": "Arunachal Pradesh", "risk_probability": 0.16834775683033465, "risk_level": "LOW", "prototype_alert": false, "inference_date": "2026-08-30"}, "geometry": {"type": "Point", "coordinates": [93.4, 28.6]}}, {"type": "Feature", "properties": {"grid_id": "NER_000146", "state": "Arunachal Pradesh", "risk_probability": 0.11517169203508787, "risk_level": "LOW", "prototype_alert": false, "inference_date": "2026-08-30"}, "geometry": {"type": "Point", "coordinates": [93.6, 28.6]}}, {"type": "Feature", "properties": {"grid_id": "NER_000147", "state": "Arunachal Pradesh", "risk_probability": 0.01560151299193468, "risk_level": "LOW", "prototype_alert": false, "inference_date": "2026-08-30"}, "geometry": {"type": "Point", "coordinates": [93.8, 28.6]}}, {"type": "Feature", "properties": {"grid_id": "NER_000148", "state": "Arunachal Pradesh", "risk_probability": 0.05210710718810805, "risk_level": "LOW", "prototype_alert": false, "inference_date": "2026-08-30"}, "geometry": {"type": "Point", "coordinates": [94.0, 28.6]}}, {"type": "Feature", "properties": {"grid_id": "NER_000149", "state": "Arunachal Pradesh", "risk_probability": 0.080027978545113, "risk_level": "LOW", "prototype_alert": false, "inference_date": "2026-08-30"}, "geometry": {"type": "Point", "coordinates": [94.2, 28.6]}}, {"type": "Feature", "properties": {"grid_id": "NER_000150", "state": "Arunachal Pradesh", "risk_probability": 0.8533207357186182, "risk_level": "CRITICAL", "prototype_alert": true, "inference_date": "2026-08-30"}, "geometry": {"type": "Point", "coordinates": [94.4, 28.6]}}, {"type": "Feature", "properties": {"grid_id": "NER_000151", "state": "Arunachal Pradesh", "risk_probability": 0.10750449076154917, "risk_level": "LOW", "prototype_alert": false, "inference_date": "2026-08-30"}, "geometry": {"type": "Point", "coordinates": [94.6, 28.6]}}, {"type": "Feature", "properties": {"grid_id": "NER_000152", "state": "Arunachal Pradesh", "risk_probability": 0.10337991241816791, "risk_level": "LOW", "prototype_alert": false, "inference_date": "2026-08-30"}, "geometry": {"type": "Point", "coordinates": [94.8, 28.6]}}, {"type": "Feature", "properties": {"grid_id": "NER_000153", "state": "Arunachal Pradesh", "risk_probability": 0.19124088633617053, "risk_level": "LOW", "prototype_alert": false, "inference_date": "2026-08-30"}, "geometry": {"type": "Point", "coordinates": [95.0, 28.6]}}, {"type": "Feature", "properties": {"grid_id": "NER_000154", "state": "Arunachal Pradesh", "risk_probability": 0.14755993531242878, "risk_level": "LOW", "prototype_alert": false, "inference_date": "2026-08-30"}, "geometry": {"type": "Point", "coordinates": [95.2, 28.6]}}, {"type": "Feature", "properties": {"grid_id": "NER_000155", "state": "Arunachal Pradesh", "risk_probability": 0.07325326485956904, "risk_level": "LOW", "prototype_alert": false, "inference_date": "2026-08-30"}, "geometry": {"type": "Point", "coordinates": [95.4, 28.6]}}, {"type": "Feature", "properties": {"grid_id": "NER_000156", "state": "Arunachal Pradesh", "risk_probability": 0.11011461061796765, "risk_level": "LOW", "prototype_alert": false, "inference_date": "2026-08-30"}, "geometry": {"type": "Point", "coordinates": [95.6, 28.6]}}, {"type": "Feature", "properties": {"grid_id": "NER_000157", "state": "Arunachal Pradesh", "risk_probability": 0.2198119403122451, "risk_level": "LOW", "prototype_alert": false, "inference_date": "2026-08-30"}, "geometry": {"type": "Point", "coordinates": [95.8, 28.6]}}, {"type": "Feature", "properties": {"grid_id": "NER_000158", "state": "Arunachal Pradesh", "risk_probability": 0.0877521440356469, "risk_level": "LOW", "prototype_alert": false, "inference_date": "2026-08-30"}, "geometry": {"type": "Point", "coordinates": [96.0, 28.6]}}, {"type": "Feature", "properties": {"grid_id": "NER_000159", "state": "Arunachal Pradesh", "risk_probability": 0.04184999792806358, "risk_level": "LOW", "prototype_alert": false, "inference_date": "2026-08-30"}, "geometry": {"type": "Point", "coordinates": [96.2, 28.6]}}, {"type": "Feature", "properties": {"grid_id": "NER_000160", "state": "Arunachal Pradesh", "risk_probability": 0.027970433436118144, "risk_level": "LOW", "prototype_alert": false, "inference_date": "2026-08-30"}, "geometry": {"type": "Point", "coordinates": [96.4, 28.6]}}, {"type": "Feature", "properties": {"grid_id": "NER_000161", "state": "Arunachal Pradesh", "risk_probability": 0.016332063247003377, "risk_level": "LOW", "prototype_alert": false, "inference_date": "2026-08-30"}, "geometry": {"type": "Point", "coordinates": [94.0, 28.8]}}, {"type": "Feature", "properties": {"grid_id": "NER_000162", "state": "Arunachal Pradesh", "risk_probability": 0.10611091425520705, "risk_level": "LOW", "prototype_alert": false, "inference_date": "2026-08-30"}, "geometry": {"type": "Point", "coordinates": [94.2, 28.8]}}, {"type": "Feature", "properties": {"grid_id": "NER_000163", "state": "Arunachal Pradesh", "risk_probability": 0.13064088259928877, "risk_level": "LOW", "prototype_alert": false, "inference_date": "2026-08-30"}, "geometry": {"type": "Point", "coordinates": [94.4, 28.8]}}, {"type": "Feature", "properties": {"grid_id": "NER_000164", "state": "Arunachal Pradesh", "risk_probability": 0.06603704013061831, "risk_level": "LOW", "prototype_alert": false, "inference_date": "2026-08-30"}, "geometry": {"type": "Point", "coordinates": [94.6, 28.8]}}, {"type": "Feature", "properties": {"grid_id": "NER_000165", "state": "Arunachal Pradesh", "risk_probability": 0.5848167098136301, "risk_level": "HIGH", "prototype_alert": true, "inference_date": "2026-08-30"}, "geometry": {"type": "Point", "coordinates": [94.8, 28.8]}}, {"type": "Feature", "properties": {"grid_id": "NER_000166", "state": "Arunachal Pradesh", "risk_probability": 0.18420669151379265, "risk_level": "LOW", "prototype_alert": false, "inference_date": "2026-08-30"}, "geometry": {"type": "Point", "coordinates": [95.0, 28.8]}}, {"type": "Feature", "properties": {"grid_id": "NER_000167", "state": "Arunachal Pradesh", "risk_probability": 0.6464066000575488, "risk_level": "HIGH", "prototype_alert": true, "inference_date": "2026-08-30"}, "geometry": {"type": "Point", "coordinates": [95.2, 28.8]}}, {"type": "Feature", "properties": {"grid_id": "NER_000168", "state": "Arunachal Pradesh", "risk_probability": 0.062284486396790996, "risk_level": "LOW", "prototype_alert": false, "inference_date": "2026-08-30"}, "geometry": {"type": "Point", "coordinates": [95.4, 28.8]}}, {"type": "Feature", "properties": {"grid_id": "NER_000169", "state": "Arunachal Pradesh", "risk_probability": 0.08679625929975948, "risk_level": "LOW", "prototype_alert": false, "inference_date": "2026-08-30"}, "geometry": {"type": "Point", "coordinates": [95.6, 28.8]}}, {"type": "Feature", "properties": {"grid_id": "NER_000170", "state": "Arunachal Pradesh", "risk_probability": 0.119324921108996, "risk_level": "LOW", "prototype_alert": false, "inference_date": "2026-08-30"}, "geometry": {"type": "Point", "coordinates": [95.8, 28.8]}}, {"type": "Feature", "properties": {"grid_id": "NER_000171", "state": "Arunachal Pradesh", "risk_probability": 0.08005921368580121, "risk_level": "LOW", "prototype_alert": false, "inference_date": "2026-08-30"}, "geometry": {"type": "Point", "coordinates": [96.0, 28.8]}}, {"type": "Feature", "properties": {"grid_id": "NER_000172", "state": "Arunachal Pradesh", "risk_probability": 0.08283683033354344, "risk_level": "LOW", "prototype_alert": false, "inference_date": "2026-08-30"}, "geometry": {"type": "Point", "coordinates": [96.2, 28.8]}}, {"type": "Feature", "properties": {"grid_id": "NER_000173", "state": "Arunachal Pradesh", "risk_probability": 0.06458973466533896, "risk_level": "LOW", "prototype_alert": false, "inference_date": "2026-08-30"}, "geometry": {"type": "Point", "coordinates": [96.4, 28.8]}}, {"type": "Feature", "properties": {"grid_id": "NER_000174", "state": "Arunachal Pradesh", "risk_probability": 0.12747978131417345, "risk_level": "LOW", "prototype_alert": false, "inference_date": "2026-08-30"}, "geometry": {"type": "Point", "coordinates": [96.6, 28.8]}}, {"type": "Feature", "properties": {"grid_id": "NER_000175", "state": "Arunachal Pradesh", "risk_probability": 0.07093352782483503, "risk_level": "LOW", "prototype_alert": false, "inference_date": "2026-08-30"}, "geometry": {"type": "Point", "coordinates": [94.2, 29.0]}}, {"type": "Feature", "properties": {"grid_id": "NER_000176", "state": "Arunachal Pradesh", "risk_probability": 0.11971301872147404, "risk_level": "LOW", "prototype_alert": false, "inference_date": "2026-08-30"}, "geometry": {"type": "Point", "coordinates": [94.4, 29.0]}}, {"type": "Feature", "properties": {"grid_id": "NER_000177", "state": "Arunachal Pradesh", "risk_probability": 0.050519456287390865, "risk_level": "LOW", "prototype_alert": false, "inference_date": "2026-08-30"}, "geometry": {"type": "Point", "coordinates": [94.6, 29.0]}}, {"type": "Feature", "properties": {"grid_id": "NER_000178", "state": "Arunachal Pradesh", "risk_probability": 0.26356530465052874, "risk_level": "MODERATE", "prototype_alert": false, "inference_date": "2026-08-30"}, "geometry": {"type": "Point", "coordinates": [94.8, 29.0]}}, {"type": "Feature", "properties": {"grid_id": "NER_000179", "state": "Arunachal Pradesh", "risk_probability": 0.1957359014261622, "risk_level": "LOW", "prototype_alert": false, "inference_date": "2026-08-30"}, "geometry": {"type": "Point", "coordinates": [95.0, 29.0]}}, {"type": "Feature", "properties": {"grid_id": "NER_000180", "state": "Arunachal Pradesh", "risk_probability": 0.040645533024567165, "risk_level": "LOW", "prototype_alert": false, "inference_date": "2026-08-30"}, "geometry": {"type": "Point", "coordinates": [95.2, 29.0]}}, {"type": "Feature", "properties": {"grid_id": "NER_000181", "state": "Arunachal Pradesh", "risk_probability": 0.06112181188881063, "risk_level": "LOW", "prototype_alert": false, "inference_date": "2026-08-30"}, "geometry": {"type": "Point", "coordinates": [95.4, 29.0]}}, {"type": "Feature", "properties": {"grid_id": "NER_000182", "state": "Arunachal Pradesh", "risk_probability": 0.07196563353344934, "risk_level": "LOW", "prototype_alert": false, "inference_date": "2026-08-30"}, "geometry": {"type": "Point", "coordinates": [95.6, 29.0]}}, {"type": "Feature", "properties": {"grid_id": "NER_000183", "state": "Arunachal Pradesh", "risk_probability": 0.35782258768042285, "risk_level": "MODERATE", "prototype_alert": true, "inference_date": "2026-08-30"}, "geometry": {"type": "Point", "coordinates": [95.8, 29.0]}}, {"type": "Feature", "properties": {"grid_id": "NER_000184", "state": "Arunachal Pradesh", "risk_probability": 0.12147226624162782, "risk_level": "LOW", "prototype_alert": false, "inference_date": "2026-08-30"}, "geometry": {"type": "Point", "coordinates": [96.0, 29.0]}}, {"type": "Feature", "properties": {"grid_id": "NER_000185", "state": "Arunachal Pradesh", "risk_probability": 0.053217544084263435, "risk_level": "LOW", "prototype_alert": false, "inference_date": "2026-08-30"}, "geometry": {"type": "Point", "coordinates": [96.4, 29.0]}}, {"type": "Feature", "properties": {"grid_id": "NER_000186", "state": "Arunachal Pradesh", "risk_probability": 0.47068305664031285, "risk_level": "MODERATE", "prototype_alert": true, "inference_date": "2026-08-30"}, "geometry": {"type": "Point", "coordinates": [94.4, 29.2]}}, {"type": "Feature", "properties": {"grid_id": "NER_000187", "state": "Arunachal Pradesh", "risk_probability": 0.03356192611399794, "risk_level": "LOW", "prototype_alert": false, "inference_date": "2026-08-30"}, "geometry": {"type": "Point", "coordinates": [94.6, 29.2]}}, {"type": "Feature", "properties": {"grid_id": "NER_000188", "state": "Arunachal Pradesh", "risk_probability": 0.05035423157040151, "risk_level": "LOW", "prototype_alert": false, "inference_date": "2026-08-30"}, "geometry": {"type": "Point", "coordinates": [95.6, 29.2]}}, {"type": "Feature", "properties": {"grid_id": "NER_000189", "state": "Arunachal Pradesh", "risk_probability": 0.068418574579442, "risk_level": "LOW", "prototype_alert": false, "inference_date": "2026-08-30"}, "geometry": {"type": "Point", "coordinates": [95.8, 29.2]}}, {"type": "Feature", "properties": {"grid_id": "NER_000190", "state": "Arunachal Pradesh", "risk_probability": 0.09416836373063722, "risk_level": "LOW", "prototype_alert": false, "inference_date": "2026-08-30"}, "geometry": {"type": "Point", "coordinates": [96.0, 29.2]}}, {"type": "Feature", "properties": {"grid_id": "NER_000191", "state": "Arunachal Pradesh", "risk_probability": 0.04638079237726398, "risk_level": "LOW", "prototype_alert": false, "inference_date": "2026-08-30"}, "geometry": {"type": "Point", "coordinates": [96.2, 29.2]}}, {"type": "Feature", "properties": {"grid_id": "NER_000192", "state": "Arunachal Pradesh", "risk_probability": 0.08519826008060363, "risk_level": "LOW", "prototype_alert": false, "inference_date": "2026-08-30"}, "geometry": {"type": "Point", "coordinates": [96.0, 29.4]}}, {"type": "Feature", "properties": {"grid_id": "NER_000193", "state": "Assam", "risk_probability": 0.05527712230292628, "risk_level": "LOW", "prototype_alert": false, "inference_date": "2026-08-30"}, "geometry": {"type": "Point", "coordinates": [92.4, 24.4]}}, {"type": "Feature", "properties": {"grid_id": "NER_000194", "state": "Assam", "risk_probability": 0.07455093234363269, "risk_level": "LOW", "prototype_alert": false, "inference_date": "2026-08-30"}, "geometry": {"type": "Point", "coordinates": [92.6, 24.4]}}, {"type": "Feature", "properties": {"grid_id": "NER_000195", "state": "Assam", "risk_probability": 0.1593015364124462, "risk_level": "LOW", "prototype_alert": false, "inference_date": "2026-08-30"}, "geometry": {"type": "Point", "coordinates": [92.4, 24.6]}}, {"type": "Feature", "properties": {"grid_id": "NER_000196", "state": "Assam", "risk_probability": 0.29458808014768145, "risk_level": "MODERATE", "prototype_alert": false, "inference_date": "2026-08-30"}, "geometry": {"type": "Point", "coordinates": [92.6, 24.6]}}, {"type": "Feature", "properties": {"grid_id": "NER_000197", "state": "Assam", "risk_probability": 0.16488120386921906, "risk_level": "LOW", "prototype_alert": false, "inference_date": "2026-08-30"}, "geometry": {"type": "Point", "coordinates": [92.8, 24.6]}}, {"type": "Feature", "properties": {"grid_id": "NER_000198", "state": "Assam", "risk_probability": 0.34604551317311927, "risk_level": "MODERATE", "prototype_alert": true, "inference_date": "2026-08-30"}, "geometry": {"type": "Point", "coordinates": [93.0, 24.6]}}, {"type": "Feature", "properties": {"grid_id": "NER_000199", "state": "Assam", "risk_probability": 0.0876630323493904, "risk_level": "LOW", "prototype_alert": false, "inference_date": "2026-08-30"}, "geometry": {"type": "Point", "coordinates": [92.4, 24.8]}}, {"type": "Feature", "properties": {"grid_id": "NER_000200", "state": "Assam", "risk_probability": 0.39724753275098784, "risk_level": "MODERATE", "prototype_alert": true, "inference_date": "2026-08-30"}, "geometry": {"type": "Point", "coordinates": [92.6, 24.8]}}, {"type": "Feature", "properties": {"grid_id": "NER_000201", "state": "Assam", "risk_probability": 0.8809076340165289, "risk_level": "CRITICAL", "prototype_alert": true, "inference_date": "2026-08-30"}, "geometry": {"type": "Point", "coordinates": [92.8, 24.8]}}, {"type": "Feature", "properties": {"grid_id": "NER_000202", "state": "Assam", "risk_probability": 0.5146054246914769, "risk_level": "HIGH", "prototype_alert": true, "inference_date": "2026-08-30"}, "geometry": {"type": "Point", "coordinates": [93.0, 24.8]}}, {"type": "Feature", "properties": {"grid_id": "NER_000203", "state": "Assam", "risk_probability": 0.5594400867790306, "risk_level": "HIGH", "prototype_alert": true, "inference_date": "2026-08-30"}, "geometry": {"type": "Point", "coordinates": [92.6, 25.0]}}, {"type": "Feature", "properties": {"grid_id": "NER_000204", "state": "Assam", "risk_probability": 0.0635043523787699, "risk_level": "LOW", "prototype_alert": false, "inference_date": "2026-08-30"}, "geometry": {"type": "Point", "coordinates": [92.8, 25.0]}}, {"type": "Feature", "properties": {"grid_id": "NER_000205", "state": "Assam", "risk_probability": 0.1206315645734807, "risk_level": "LOW", "prototype_alert": false, "inference_date": "2026-08-30"}, "geometry": {"type": "Point", "coordinates": [93.0, 25.0]}}, {"type": "Feature", "properties": {"grid_id": "NER_000206", "state": "Assam", "risk_probability": 0.32413650735772204, "risk_level": "MODERATE", "prototype_alert": true, "inference_date": "2026-08-30"}, "geometry": {"type": "Point", "coordinates": [93.2, 25.0]}}, {"type": "Feature", "properties": {"grid_id": "NER_000207", "state": "Assam", "risk_probability": 0.1677613788982417, "risk_level": "LOW", "prototype_alert": false, "inference_date": "2026-08-30"}, "geometry": {"type": "Point", "coordinates": [92.8, 25.2]}}, {"type": "Feature", "properties": {"grid_id": "NER_000208", "state": "Assam", "risk_probability": 0.7607865556348707, "risk_level": "CRITICAL", "prototype_alert": true, "inference_date": "2026-08-30"}, "geometry": {"type": "Point", "coordinates": [93.0, 25.2]}}, {"type": "Feature", "properties": {"grid_id": "NER_000209", "state": "Assam", "risk_probability": 0.26875442197033045, "risk_level": "MODERATE", "prototype_alert": false, "inference_date": "2026-08-30"}, "geometry": {"type": "Point", "coordinates": [93.2, 25.2]}}, {"type": "Feature", "properties": {"grid_id": "NER_000210", "state": "Assam", "risk_probability": 0.12003212382153784, "risk_level": "LOW", "prototype_alert": false, "inference_date": "2026-08-30"}, "geometry": {"type": "Point", "coordinates": [92.8, 25.4]}}, {"type": "Feature", "properties": {"grid_id": "NER_000211", "state": "Assam", "risk_probability": 0.1738288668094533, "risk_level": "LOW", "prototype_alert": false, "inference_date": "2026-08-30"}, "geometry": {"type": "Point", "coordinates": [93.0, 25.4]}}, {"type": "Feature", "properties": {"grid_id": "NER_000212", "state": "Assam", "risk_probability": 0.45137022603719984, "risk_level": "MODERATE", "prototype_alert": true, "inference_date": "2026-08-30"}, "geometry": {"type": "Point", "coordinates": [93.2, 25.4]}}, {"type": "Feature", "properties": {"grid_id": "NER_000213", "state": "Assam", "risk_probability": 0.6409308918397791, "risk_level": "HIGH", "prototype_alert": true, "inference_date": "2026-08-30"}, "geometry": {"type": "Point", "coordinates": [93.4, 25.4]}}, {"type": "Feature", "properties": {"grid_id": "NER_000214", "state": "Assam", "risk_probability": 0.10026147844187235, "risk_level": "LOW", "prototype_alert": false, "inference_date": "2026-08-30"}, "geometry": {"type": "Point", "coordinates": [90.0, 25.6]}}, {"type": "Feature", "properties": {"grid_id": "NER_000215", "state": "Assam", "risk_probability": 0.4055446594775426, "risk_level": "MODERATE", "prototype_alert": true, "inference_date": "2026-08-30"}, "geometry": {"type": "Point", "coordinates": [92.6, 25.6]}}, {"type": "Feature", "properties": {"grid_id": "NER_000216", "state": "Assam", "risk_probability": 0.4253651030355048, "risk_level": "MODERATE", "prototype_alert": true, "inference_date": "2026-08-30"}, "geometry": {"type": "Point", "coordinates": [92.8, 25.6]}}, {"type": "Feature", "properties": {"grid_id": "NER_000217", "state": "Assam", "risk_probability": 0.08862974074323138, "risk_level": "LOW", "prototype_alert": false, "inference_date": "2026-08-30"}, "geometry": {"type": "Point", "coordinates": [93.0, 25.6]}}, {"type": "Feature", "properties": {"grid_id": "NER_000218", "state": "Assam", "risk_probability": 0.04470629761310781, "risk_level": "LOW", "prototype_alert": false, "inference_date": "2026-08-30"}, "geometry": {"type": "Point", "coordinates": [93.2, 25.6]}}, {"type": "Feature", "properties": {"grid_id": "NER_000219", "state": "Assam", "risk_probability": 0.07605802619490099, "risk_level": "LOW", "prototype_alert": false, "inference_date": "2026-08-30"}, "geometry": {"type": "Point", "coordinates": [93.4, 25.6]}}, {"type": "Feature", "properties": {"grid_id": "NER_000220", "state": "Assam", "risk_probability": 0.06401404099616224, "risk_level": "LOW", "prototype_alert": false, "inference_date": "2026-08-30"}, "geometry": {"type": "Point", "coordinates": [91.2, 25.8]}}, {"type": "Feature", "properties": {"grid_id": "NER_000221", "state": "Assam", "risk_probability": 0.3945965613107792, "risk_level": "MODERATE", "prototype_alert": true, "inference_date": "2026-08-30"}, "geometry": {"type": "Point", "coordinates": [92.2, 25.8]}}, {"type": "Feature", "properties": {"grid_id": "NER_000222", "state": "Assam", "risk_probability": 0.4127670006548632, "risk_level": "MODERATE", "prototype_alert": true, "inference_date": "2026-08-30"}, "geometry": {"type": "Point", "coordinates": [92.4, 25.8]}}, {"type": "Feature", "properties": {"grid_id": "NER_000223", "state": "Assam", "risk_probability": 0.2711431193507089, "risk_level": "MODERATE", "prototype_alert": false, "inference_date": "2026-08-30"}, "geometry": {"type": "Point", "coordinates": [92.6, 25.8]}}, {"type": "Feature", "properties": {"grid_id": "NER_000224", "state": "Assam", "risk_probability": 0.1278589517361701, "risk_level": "LOW", "prototype_alert": false, "inference_date": "2026-08-30"}, "geometry": {"type": "Point", "coordinates": [92.8, 25.8]}}, {"type": "Feature", "properties": {"grid_id": "NER_000225", "state": "Assam", "risk_probability": 0.17003199270840136, "risk_level": "LOW", "prototype_alert": false, "inference_date": "2026-08-30"}, "geometry": {"type": "Point", "coordinates": [93.0, 25.8]}}, {"type": "Feature", "properties": {"grid_id": "NER_000226", "state": "Assam", "risk_probability": 0.054596284735930534, "risk_level": "LOW", "prototype_alert": false, "inference_date": "2026-08-30"}, "geometry": {"type": "Point", "coordinates": [93.2, 25.8]}}, {"type": "Feature", "properties": {"grid_id": "NER_000227", "state": "Assam", "risk_probability": 0.17327899436429448, "risk_level": "LOW", "prototype_alert": false, "inference_date": "2026-08-30"}, "geometry": {"type": "Point", "coordinates": [93.4, 25.8]}}, {"type": "Feature", "properties": {"grid_id": "NER_000228", "state": "Assam", "risk_probability": 0.38658541334325325, "risk_level": "MODERATE", "prototype_alert": true, "inference_date": "2026-08-30"}, "geometry": {"type": "Point", "coordinates": [93.6, 25.8]}}, {"type": "Feature", "properties": {"grid_id": "NER_000229", "state": "Assam", "risk_probability": 0.2830583656906909, "risk_level": "MODERATE", "prototype_alert": false, "inference_date": "2026-08-30"}, "geometry": {"type": "Point", "coordinates": [90.0, 26.0]}}, {"type": "Feature", "properties": {"grid_id": "NER_000230", "state": "Assam", "risk_probability": 0.253482449728863, "risk_level": "MODERATE", "prototype_alert": false, "inference_date": "2026-08-30"}, "geometry": {"type": "Point", "coordinates": [90.2, 26.0]}}, {"type": "Feature", "properties": {"grid_id": "NER_000231", "state": "Assam", "risk_probability": 0.24637097522246298, "risk_level": "LOW", "prototype_alert": false, "inference_date": "2026-08-30"}, "geometry": {"type": "Point", "coordinates": [90.6, 26.0]}}, {"type": "Feature", "properties": {"grid_id": "NER_000232", "state": "Assam", "risk_probability": 0.6942550202800046, "risk_level": "HIGH", "prototype_alert": true, "inference_date": "2026-08-30"}, "geometry": {"type": "Point", "coordinates": [90.8, 26.0]}}, {"type": "Feature", "properties": {"grid_id": "NER_000233", "state": "Assam", "risk_probability": 0.14143005064789438, "risk_level": "LOW", "prototype_alert": false, "inference_date": "2026-08-30"}, "geometry": {"type": "Point", "coordinates": [91.0, 26.0]}}, {"type": "Feature", "properties": {"grid_id": "NER_000234", "state": "Assam", "risk_probability": 0.27984150766255755, "risk_level": "MODERATE", "prototype_alert": false, "inference_date": "2026-08-30"}, "geometry": {"type": "Point", "coordinates": [91.2, 26.0]}}, {"type": "Feature", "properties": {"grid_id": "NER_000235", "state": "Assam", "risk_probability": 0.0760523605095972, "risk_level": "LOW", "prototype_alert": false, "inference_date": "2026-08-30"}, "geometry": {"type": "Point", "coordinates": [91.4, 26.0]}}, {"type": "Feature", "properties": {"grid_id": "NER_000236", "state": "Assam", "risk_probability": 0.10213322909671899, "risk_level": "LOW", "prototype_alert": false, "inference_date": "2026-08-30"}, "geometry": {"type": "Point", "coordinates": [92.4, 26.0]}}, {"type": "Feature", "properties": {"grid_id": "NER_000237", "state": "Assam", "risk_probability": 0.18004828324716465, "risk_level": "LOW", "prototype_alert": false, "inference_date": "2026-08-30"}, "geometry": {"type": "Point", "coordinates": [92.6, 26.0]}}, {"type": "Feature", "properties": {"grid_id": "NER_000238", "state": "Assam", "risk_probability": 0.33102709825557464, "risk_level": "MODERATE", "prototype_alert": true, "inference_date": "2026-08-30"}, "geometry": {"type": "Point", "coordinates": [92.8, 26.0]}}, {"type": "Feature", "properties": {"grid_id": "NER_000239", "state": "Assam", "risk_probability": 0.1138165168207775, "risk_level": "LOW", "prototype_alert": false, "inference_date": "2026-08-30"}, "geometry": {"type": "Point", "coordinates": [93.0, 26.0]}}, {"type": "Feature", "properties": {"grid_id": "NER_000240", "state": "Assam", "risk_probability": 0.16929003379430452, "risk_level": "LOW", "prototype_alert": false, "inference_date": "2026-08-30"}, "geometry": {"type": "Point", "coordinates": [93.2, 26.0]}}, {"type": "Feature", "properties": {"grid_id": "NER_000241", "state": "Assam", "risk_probability": 0.5748149670943732, "risk_level": "HIGH", "prototype_alert": true, "inference_date": "2026-08-30"}, "geometry": {"type": "Point", "coordinates": [93.4, 26.0]}}, {"type": "Feature", "properties": {"grid_id": "NER_000242", "state": "Assam", "risk_probability": 0.5974852365859675, "risk_level": "HIGH", "prototype_alert": true, "inference_date": "2026-08-30"}, "geometry": {"type": "Point", "coordinates": [93.6, 26.0]}}, {"type": "Feature", "properties": {"grid_id": "NER_000243", "state": "Assam", "risk_probability": 0.2710902895776199, "risk_level": "MODERATE", "prototype_alert": false, "inference_date": "2026-08-30"}, "geometry": {"type": "Point", "coordinates": [93.8, 26.0]}}, {"type": "Feature", "properties": {"grid_id": "NER_000244", "state": "Assam", "risk_probability": 0.05926354636433493, "risk_level": "LOW", "prototype_alert": false, "inference_date": "2026-08-30"}, "geometry": {"type": "Point", "coordinates": [89.8, 26.2]}}, {"type": "Feature", "properties": {"grid_id": "NER_000245", "state": "Assam", "risk_probability": 0.15354670824607283, "risk_level": "LOW", "prototype_alert": false, "inference_date": "2026-08-30"}, "geometry": {"type": "Point", "coordinates": [90.0, 26.2]}}, {"type": "Feature", "properties": {"grid_id": "NER_000246", "state": "Assam", "risk_probability": 0.11357218661290128, "risk_level": "LOW", "prototype_alert": false, "inference_date": "2026-08-30"}, "geometry": {"type": "Point", "coordinates": [90.2, 26.2]}}, {"type": "Feature", "properties": {"grid_id": "NER_000247", "state": "Assam", "risk_probability": 0.08894303157890306, "risk_level": "LOW", "prototype_alert": false, "inference_date": "2026-08-30"}, "geometry": {"type": "Point", "coordinates": [90.4, 26.2]}}, {"type": "Feature", "properties": {"grid_id": "NER_000248", "state": "Assam", "risk_probability": 0.09612927281730438, "risk_level": "LOW", "prototype_alert": false, "inference_date": "2026-08-30"}, "geometry": {"type": "Point", "coordinates": [90.6, 26.2]}}, {"type": "Feature", "properties": {"grid_id": "NER_000249", "state": "Assam", "risk_probability": 0.04651171455230359, "risk_level": "LOW", "prototype_alert": false, "inference_date": "2026-08-30"}, "geometry": {"type": "Point", "coordinates": [90.8, 26.2]}}, {"type": "Feature", "properties": {"grid_id": "NER_000250", "state": "Assam", "risk_probability": 0.09818030175637842, "risk_level": "LOW", "prototype_alert": false, "inference_date": "2026-08-30"}, "geometry": {"type": "Point", "coordinates": [91.0, 26.2]}}, {"type": "Feature", "properties": {"grid_id": "NER_000251", "state": "Assam", "risk_probability": 0.047080580907212295, "risk_level": "LOW", "prototype_alert": false, "inference_date": "2026-08-30"}, "geometry": {"type": "Point", "coordinates": [91.2, 26.2]}}, {"type": "Feature", "properties": {"grid_id": "NER_000252", "state": "Assam", "risk_probability": 0.21636846401073306, "risk_level": "LOW", "prototype_alert": false, "inference_date": "2026-08-30"}, "geometry": {"type": "Point", "coordinates": [91.4, 26.2]}}, {"type": "Feature", "properties": {"grid_id": "NER_000253", "state": "Assam", "risk_probability": 0.3004770471635245, "risk_level": "MODERATE", "prototype_alert": true, "inference_date": "2026-08-30"}, "geometry": {"type": "Point", "coordinates": [91.6, 26.2]}}, {"type": "Feature", "properties": {"grid_id": "NER_000254", "state": "Assam", "risk_probability": 0.8183273943703164, "risk_level": "CRITICAL", "prototype_alert": true, "inference_date": "2026-08-30"}, "geometry": {"type": "Point", "coordinates": [91.8, 26.2]}}, {"type": "Feature", "properties": {"grid_id": "NER_000255", "state": "Assam", "risk_probability": 0.4555001775446612, "risk_level": "MODERATE", "prototype_alert": true, "inference_date": "2026-08-30"}, "geometry": {"type": "Point", "coordinates": [92.0, 26.2]}}, {"type": "Feature", "properties": {"grid_id": "NER_000256", "state": "Assam", "risk_probability": 0.17505197694330815, "risk_level": "LOW", "prototype_alert": false, "inference_date": "2026-08-30"}, "geometry": {"type": "Point", "coordinates": [92.2, 26.2]}}, {"type": "Feature", "properties": {"grid_id": "NER_000257", "state": "Assam", "risk_probability": 0.29996377136654995, "risk_level": "MODERATE", "prototype_alert": false, "inference_date": "2026-08-30"}, "geometry": {"type": "Point", "coordinates": [92.4, 26.2]}}, {"type": "Feature", "properties": {"grid_id": "NER_000258", "state": "Assam", "risk_probability": 0.4033152911395226, "risk_level": "MODERATE", "prototype_alert": true, "inference_date": "2026-08-30"}, "geometry": {"type": "Point", "coordinates": [92.6, 26.2]}}, {"type": "Feature", "properties": {"grid_id": "NER_000259", "state": "Assam", "risk_probability": 0.0571900939495316, "risk_level": "LOW", "prototype_alert": false, "inference_date": "2026-08-30"}, "geometry": {"type": "Point", "coordinates": [92.8, 26.2]}}, {"type": "Feature", "properties": {"grid_id": "NER_000260", "state": "Assam", "risk_probability": 0.3225478941241205, "risk_level": "MODERATE", "prototype_alert": true, "inference_date": "2026-08-30"}, "geometry": {"type": "Point", "coordinates": [93.0, 26.2]}}, {"type": "Feature", "properties": {"grid_id": "NER_000261", "state": "Assam", "risk_probability": 0.0654615091800204, "risk_level": "LOW", "prototype_alert": false, "inference_date": "2026-08-30"}, "geometry": {"type": "Point", "coordinates": [93.2, 26.2]}}, {"type": "Feature", "properties": {"grid_id": "NER_000262", "state": "Assam", "risk_probability": 0.054612136872190235, "risk_level": "LOW", "prototype_alert": false, "inference_date": "2026-08-30"}, "geometry": {"type": "Point", "coordinates": [93.4, 26.2]}}, {"type": "Feature", "properties": {"grid_id": "NER_000263", "state": "Assam", "risk_probability": 0.36671101874265094, "risk_level": "MODERATE", "prototype_alert": true, "inference_date": "2026-08-30"}, "geometry": {"type": "Point", "coordinates": [93.6, 26.2]}}, {"type": "Feature", "properties": {"grid_id": "NER_000264", "state": "Assam", "risk_probability": 0.47682510835016173, "risk_level": "MODERATE", "prototype_alert": true, "inference_date": "2026-08-30"}, "geometry": {"type": "Point", "coordinates": [93.8, 26.2]}}, {"type": "Feature", "properties": {"grid_id": "NER_000265", "state": "Assam", "risk_probability": 0.21823760895150673, "risk_level": "LOW", "prototype_alert": false, "inference_date": "2026-08-30"}, "geometry": {"type": "Point", "coordinates": [94.0, 26.2]}}, {"type": "Feature", "properties": {"grid_id": "NER_000266", "state": "Assam", "risk_probability": 0.174012356642762, "risk_level": "LOW", "prototype_alert": false, "inference_date": "2026-08-30"}, "geometry": {"type": "Point", "coordinates": [90.0, 26.4]}}, {"type": "Feature", "properties": {"grid_id": "NER_000267", "state": "Assam", "risk_probability": 0.11663214863270936, "risk_level": "LOW", "prototype_alert": false, "inference_date": "2026-08-30"}, "geometry": {"type": "Point", "coordinates": [90.2, 26.4]}}, {"type": "Feature", "properties": {"grid_id": "NER_000268", "state": "Assam", "risk_probability": 0.31291332523564963, "risk_level": "MODERATE", "prototype_alert": true, "inference_date": "2026-08-30"}, "geometry": {"type": "Point", "coordinates": [90.4, 26.4]}}, {"type": "Feature", "properties": {"grid_id": "NER_000269", "state": "Assam", "risk_probability": 0.13346297990904987, "risk_level": "LOW", "prototype_alert": false, "inference_date": "2026-08-30"}, "geometry": {"type": "Point", "coordinates": [90.6, 26.4]}}, {"type": "Feature", "properties": {"grid_id": "NER_000270", "state": "Assam", "risk_probability": 0.058251934660879266, "risk_level": "LOW", "prototype_alert": false, "inference_date": "2026-08-30"}, "geometry": {"type": "Point", "coordinates": [90.8, 26.4]}}, {"type": "Feature", "properties": {"grid_id": "NER_000271", "state": "Assam", "risk_probability": 0.08174162264390548, "risk_level": "LOW", "prototype_alert": false, "inference_date": "2026-08-30"}, "geometry": {"type": "Point", "coordinates": [91.0, 26.4]}}, {"type": "Feature", "properties": {"grid_id": "NER_000272", "state": "Assam", "risk_probability": 0.08388107443687015, "risk_level": "LOW", "prototype_alert": false, "inference_date": "2026-08-30"}, "geometry": {"type": "Point", "coordinates": [91.2, 26.4]}}, {"type": "Feature", "properties": {"grid_id": "NER_000273", "state": "Assam", "risk_probability": 0.18234662871852517, "risk_level": "LOW", "prototype_alert": false, "inference_date": "2026-08-30"}, "geometry": {"type": "Point", "coordinates": [91.4, 26.4]}}, {"type": "Feature", "properties": {"grid_id": "NER_000274", "state": "Assam", "risk_probability": 0.26950294432208416, "risk_level": "MODERATE", "prototype_alert": false, "inference_date": "2026-08-30"}, "geometry": {"type": "Point", "coordinates": [91.6, 26.4]}}, {"type": "Feature", "properties": {"grid_id": "NER_000275", "state": "Assam", "risk_probability": 0.479689224025291, "risk_level": "MODERATE", "prototype_alert": true, "inference_date": "2026-08-30"}, "geometry": {"type": "Point", "coordinates": [91.8, 26.4]}}, {"type": "Feature", "properties": {"grid_id": "NER_000276", "state": "Assam", "risk_probability": 0.36374457102639746, "risk_level": "MODERATE", "prototype_alert": true, "inference_date": "2026-08-30"}, "geometry": {"type": "Point", "coordinates": [92.0, 26.4]}}, {"type": "Feature", "properties": {"grid_id": "NER_000277", "state": "Assam", "risk_probability": 0.3410815075043252, "risk_level": "MODERATE", "prototype_alert": true, "inference_date": "2026-08-30"}, "geometry": {"type": "Point", "coordinates": [92.2, 26.4]}}, {"type": "Feature", "properties": {"grid_id": "NER_000278", "state": "Assam", "risk_probability": 0.1956922893785411, "risk_level": "LOW", "prototype_alert": false, "inference_date": "2026-08-30"}, "geometry": {"type": "Point", "coordinates": [92.4, 26.4]}}, {"type": "Feature", "properties": {"grid_id": "NER_000279", "state": "Assam", "risk_probability": 0.36572044814063565, "risk_level": "MODERATE", "prototype_alert": true, "inference_date": "2026-08-30"}, "geometry": {"type": "Point", "coordinates": [92.6, 26.4]}}, {"type": "Feature", "properties": {"grid_id": "NER_000280", "state": "Assam", "risk_probability": 0.4090220012872052, "risk_level": "MODERATE", "prototype_alert": true, "inference_date": "2026-08-30"}, "geometry": {"type": "Point", "coordinates": [92.8, 26.4]}}, {"type": "Feature", "properties": {"grid_id": "NER_000281", "state": "Assam", "risk_probability": 0.048496352420657404, "risk_level": "LOW", "prototype_alert": false, "inference_date": "2026-08-30"}, "geometry": {"type": "Point", "coordinates": [93.0, 26.4]}}, {"type": "Feature", "properties": {"grid_id": "NER_000282", "state": "Assam", "risk_probability": 0.06899160392402132, "risk_level": "LOW", "prototype_alert": false, "inference_date": "2026-08-30"}, "geometry": {"type": "Point", "coordinates": [93.2, 26.4]}}, {"type": "Feature", "properties": {"grid_id": "NER_000283", "state": "Assam", "risk_probability": 0.06152715394971444, "risk_level": "LOW", "prototype_alert": false, "inference_date": "2026-08-30"}, "geometry": {"type": "Point", "coordinates": [93.4, 26.4]}}, {"type": "Feature", "properties": {"grid_id": "NER_000284", "state": "Assam", "risk_probability": 0.2669869039532283, "risk_level": "MODERATE", "prototype_alert": false, "inference_date": "2026-08-30"}, "geometry": {"type": "Point", "coordinates": [93.6, 26.4]}}, {"type": "Feature", "properties": {"grid_id": "NER_000285", "state": "Assam", "risk_probability": 0.11177886542805507, "risk_level": "LOW", "prototype_alert": false, "inference_date": "2026-08-30"}, "geometry": {"type": "Point", "coordinates": [93.8, 26.4]}}, {"type": "Feature", "properties": {"grid_id": "NER_000286", "state": "Assam", "risk_probability": 0.20737203485745306, "risk_level": "LOW", "prototype_alert": false, "inference_date": "2026-08-30"}, "geometry": {"type": "Point", "coordinates": [94.0, 26.4]}}, {"type": "Feature", "properties": {"grid_id": "NER_000287", "state": "Assam", "risk_probability": 0.107498073433639, "risk_level": "LOW", "prototype_alert": false, "inference_date": "2026-08-30"}, "geometry": {"type": "Point", "coordinates": [90.0, 26.6]}}, {"type": "Feature", "properties": {"grid_id": "NER_000288", "state": "Assam", "risk_probability": 0.18408733477037595, "risk_level": "LOW", "prototype_alert": false, "inference_date": "2026-08-30"}, "geometry": {"type": "Point", "coordinates": [90.2, 26.6]}}, {"type": "Feature", "properties": {"grid_id": "NER_000289", "state": "Assam", "risk_probability": 0.08812632410463997, "risk_level": "LOW", "prototype_alert": false, "inference_date": "2026-08-30"}, "geometry": {"type": "Point", "coordinates": [90.4, 26.6]}}, {"type": "Feature", "properties": {"grid_id": "NER_000290", "state": "Assam", "risk_probability": 0.11912716864010618, "risk_level": "LOW", "prototype_alert": false, "inference_date": "2026-08-30"}, "geometry": {"type": "Point", "coordinates": [90.6, 26.6]}}, {"type": "Feature", "properties": {"grid_id": "NER_000291", "state": "Assam", "risk_probability": 0.16963190251462085, "risk_level": "LOW", "prototype_alert": false, "inference_date": "2026-08-30"}, "geometry": {"type": "Point", "coordinates": [90.8, 26.6]}}, {"type": "Feature", "properties": {"grid_id": "NER_000292", "state": "Assam", "risk_probability": 0.19380620771353796, "risk_level": "LOW", "prototype_alert": false, "inference_date": "2026-08-30"}, "geometry": {"type": "Point", "coordinates": [91.0, 26.6]}}, {"type": "Feature", "properties": {"grid_id": "NER_000293", "state": "Assam", "risk_probability": 0.07251373957271724, "risk_level": "LOW", "prototype_alert": false, "inference_date": "2026-08-30"}, "geometry": {"type": "Point", "coordinates": [91.2, 26.6]}}, {"type": "Feature", "properties": {"grid_id": "NER_000294", "state": "Assam", "risk_probability": 0.2456526983218986, "risk_level": "LOW", "prototype_alert": false, "inference_date": "2026-08-30"}, "geometry": {"type": "Point", "coordinates": [91.4, 26.6]}}, {"type": "Feature", "properties": {"grid_id": "NER_000295", "state": "Assam", "risk_probability": 0.8515464517218909, "risk_level": "CRITICAL", "prototype_alert": true, "inference_date": "2026-08-30"}, "geometry": {"type": "Point", "coordinates": [91.6, 26.6]}}, {"type": "Feature", "properties": {"grid_id": "NER_000296", "state": "Assam", "risk_probability": 0.14494700330714674, "risk_level": "LOW", "prototype_alert": false, "inference_date": "2026-08-30"}, "geometry": {"type": "Point", "coordinates": [91.8, 26.6]}}, {"type": "Feature", "properties": {"grid_id": "NER_000297", "state": "Assam", "risk_probability": 0.3130903395364715, "risk_level": "MODERATE", "prototype_alert": true, "inference_date": "2026-08-30"}, "geometry": {"type": "Point", "coordinates": [92.0, 26.6]}}, {"type": "Feature", "properties": {"grid_id": "NER_000298", "state": "Assam", "risk_probability": 0.20771732122925607, "risk_level": "LOW", "prototype_alert": false, "inference_date": "2026-08-30"}, "geometry": {"type": "Point", "coordinates": [92.2, 26.6]}}, {"type": "Feature", "properties": {"grid_id": "NER_000299", "state": "Assam", "risk_probability": 0.15328094439060175, "risk_level": "LOW", "prototype_alert": false, "inference_date": "2026-08-30"}, "geometry": {"type": "Point", "coordinates": [92.4, 26.6]}}, {"type": "Feature", "properties": {"grid_id": "NER_000300", "state": "Assam", "risk_probability": 0.08390580629328473, "risk_level": "LOW", "prototype_alert": false, "inference_date": "2026-08-30"}, "geometry": {"type": "Point", "coordinates": [92.6, 26.6]}}, {"type": "Feature", "properties": {"grid_id": "NER_000301", "state": "Assam", "risk_probability": 0.1738900549084823, "risk_level": "LOW", "prototype_alert": false, "inference_date": "2026-08-30"}, "geometry": {"type": "Point", "coordinates": [92.8, 26.6]}}, {"type": "Feature", "properties": {"grid_id": "NER_000302", "state": "Assam", "risk_probability": 0.17009649502649157, "risk_level": "LOW", "prototype_alert": false, "inference_date": "2026-08-30"}, "geometry": {"type": "Point", "coordinates": [93.0, 26.6]}}, {"type": "Feature", "properties": {"grid_id": "NER_000303", "state": "Assam", "risk_probability": 0.16730250231074342, "risk_level": "LOW", "prototype_alert": false, "inference_date": "2026-08-30"}, "geometry": {"type": "Point", "coordinates": [93.2, 26.6]}}, {"type": "Feature", "properties": {"grid_id": "NER_000304", "state": "Assam", "risk_probability": 0.286671307697233, "risk_level": "MODERATE", "prototype_alert": false, "inference_date": "2026-08-30"}, "geometry": {"type": "Point", "coordinates": [93.4, 26.6]}}, {"type": "Feature", "properties": {"grid_id": "NER_000305", "state": "Assam", "risk_probability": 0.18335296784469593, "risk_level": "LOW", "prototype_alert": false, "inference_date": "2026-08-30"}, "geometry": {"type": "Point", "coordinates": [93.6, 26.6]}}, {"type": "Feature", "properties": {"grid_id": "NER_000306", "state": "Assam", "risk_probability": 0.06100376136486753, "risk_level": "LOW", "prototype_alert": false, "inference_date": "2026-08-30"}, "geometry": {"type": "Point", "coordinates": [93.8, 26.6]}}, {"type": "Feature", "properties": {"grid_id": "NER_000307", "state": "Assam", "risk_probability": 0.046787202640204834, "risk_level": "LOW", "prototype_alert": false, "inference_date": "2026-08-30"}, "geometry": {"type": "Point", "coordinates": [94.0, 26.6]}}, {"type": "Feature", "properties": {"grid_id": "NER_000308", "state": "Assam", "risk_probability": 0.06176927921761298, "risk_level": "LOW", "prototype_alert": false, "inference_date": "2026-08-30"}, "geometry": {"type": "Point", "coordinates": [94.2, 26.6]}}, {"type": "Feature", "properties": {"grid_id": "NER_000309", "state": "Assam", "risk_probability": 0.1341272167670065, "risk_level": "LOW", "prototype_alert": false, "inference_date": "2026-08-30"}, "geometry": {"type": "Point", "coordinates": [94.4, 26.6]}}, {"type": "Feature", "properties": {"grid_id": "NER_000310", "state": "Assam", "risk_probability": 0.4211486933398804, "risk_level": "MODERATE", "prototype_alert": true, "inference_date": "2026-08-30"}, "geometry": {"type": "Point", "coordinates": [90.2, 26.8]}}, {"type": "Feature", "properties": {"grid_id": "NER_000311", "state": "Assam", "risk_probability": 0.06675938471780996, "risk_level": "LOW", "prototype_alert": false, "inference_date": "2026-08-30"}, "geometry": {"type": "Point", "coordinates": [90.4, 26.8]}}, {"type": "Feature", "properties": {"grid_id": "NER_000312", "state": "Assam", "risk_probability": 0.1089244198767654, "risk_level": "LOW", "prototype_alert": false, "inference_date": "2026-08-30"}, "geometry": {"type": "Point", "coordinates": [90.6, 26.8]}}, {"type": "Feature", "properties": {"grid_id": "NER_000313", "state": "Assam", "risk_probability": 0.06081512350940585, "risk_level": "LOW", "prototype_alert": false, "inference_date": "2026-08-30"}, "geometry": {"type": "Point", "coordinates": [91.2, 26.8]}}, {"type": "Feature", "properties": {"grid_id": "NER_000314", "state": "Assam", "risk_probability": 0.13079203911034132, "risk_level": "LOW", "prototype_alert": false, "inference_date": "2026-08-30"}, "geometry": {"type": "Point", "coordinates": [91.4, 26.8]}}, {"type": "Feature", "properties": {"grid_id": "NER_000315", "state": "Assam", "risk_probability": 0.11875843700444497, "risk_level": "LOW", "prototype_alert": false, "inference_date": "2026-08-30"}, "geometry": {"type": "Point", "coordinates": [91.6, 26.8]}}, {"type": "Feature", "properties": {"grid_id": "NER_000316", "state": "Assam", "risk_probability": 0.09733660659670824, "risk_level": "LOW", "prototype_alert": false, "inference_date": "2026-08-30"}, "geometry": {"type": "Point", "coordinates": [91.8, 26.8]}}, {"type": "Feature", "properties": {"grid_id": "NER_000317", "state": "Assam", "risk_probability": 0.7754853838041404, "risk_level": "CRITICAL", "prototype_alert": true, "inference_date": "2026-08-30"}, "geometry": {"type": "Point", "coordinates": [92.0, 26.8]}}, {"type": "Feature", "properties": {"grid_id": "NER_000318", "state": "Assam", "risk_probability": 0.12269789564035094, "risk_level": "LOW", "prototype_alert": false, "inference_date": "2026-08-30"}, "geometry": {"type": "Point", "coordinates": [92.2, 26.8]}}, {"type": "Feature", "properties": {"grid_id": "NER_000319", "state": "Assam", "risk_probability": 0.5185004248700668, "risk_level": "HIGH", "prototype_alert": true, "inference_date": "2026-08-30"}, "geometry": {"type": "Point", "coordinates": [92.4, 26.8]}}, {"type": "Feature", "properties": {"grid_id": "NER_000320", "state": "Assam", "risk_probability": 0.21173725776537972, "risk_level": "LOW", "prototype_alert": false, "inference_date": "2026-08-30"}, "geometry": {"type": "Point", "coordinates": [92.6, 26.8]}}, {"type": "Feature", "properties": {"grid_id": "NER_000321", "state": "Assam", "risk_probability": 0.14181601455562015, "risk_level": "LOW", "prototype_alert": false, "inference_date": "2026-08-30"}, "geometry": {"type": "Point", "coordinates": [92.8, 26.8]}}, {"type": "Feature", "properties": {"grid_id": "NER_000322", "state": "Assam", "risk_probability": 0.4072738426687362, "risk_level": "MODERATE", "prototype_alert": true, "inference_date": "2026-08-30"}, "geometry": {"type": "Point", "coordinates": [93.0, 26.8]}}, {"type": "Feature", "properties": {"grid_id": "NER_000323", "state": "Assam", "risk_probability": 0.07988886867169764, "risk_level": "LOW", "prototype_alert": false, "inference_date": "2026-08-30"}, "geometry": {"type": "Point", "coordinates": [93.2, 26.8]}}, {"type": "Feature", "properties": {"grid_id": "NER_000324", "state": "Assam", "risk_probability": 0.3663108829765358, "risk_level": "MODERATE", "prototype_alert": true, "inference_date": "2026-08-30"}, "geometry": {"type": "Point", "coordinates": [93.4, 26.8]}}, {"type": "Feature", "properties": {"grid_id": "NER_000325", "state": "Assam", "risk_probability": 0.062134538508104104, "risk_level": "LOW", "prototype_alert": false, "inference_date": "2026-08-30"}, "geometry": {"type": "Point", "coordinates": [93.6, 26.8]}}, {"type": "Feature", "properties": {"grid_id": "NER_000326", "state": "Assam", "risk_probability": 0.23793420926213826, "risk_level": "LOW", "prototype_alert": false, "inference_date": "2026-08-30"}, "geometry": {"type": "Point", "coordinates": [93.8, 26.8]}}, {"type": "Feature", "properties": {"grid_id": "NER_000327", "state": "Assam", "risk_probability": 0.05952827696450619, "risk_level": "LOW", "prototype_alert": false, "inference_date": "2026-08-30"}, "geometry": {"type": "Point", "coordinates": [94.0, 26.8]}}, {"type": "Feature", "properties": {"grid_id": "NER_000328", "state": "Assam", "risk_probability": 0.06771360523581216, "risk_level": "LOW", "prototype_alert": false, "inference_date": "2026-08-30"}, "geometry": {"type": "Point", "coordinates": [94.2, 26.8]}}, {"type": "Feature", "properties": {"grid_id": "NER_000329", "state": "Assam", "risk_probability": 0.0673038238735796, "risk_level": "LOW", "prototype_alert": false, "inference_date": "2026-08-30"}, "geometry": {"type": "Point", "coordinates": [94.4, 26.8]}}, {"type": "Feature", "properties": {"grid_id": "NER_000330", "state": "Assam", "risk_probability": 0.09434902603753495, "risk_level": "LOW", "prototype_alert": false, "inference_date": "2026-08-30"}, "geometry": {"type": "Point", "coordinates": [94.6, 26.8]}}, {"type": "Feature", "properties": {"grid_id": "NER_000331", "state": "Assam", "risk_probability": 0.06564003111120625, "risk_level": "LOW", "prototype_alert": false, "inference_date": "2026-08-30"}, "geometry": {"type": "Point", "coordinates": [94.8, 26.8]}}, {"type": "Feature", "properties": {"grid_id": "NER_000332", "state": "Assam", "risk_probability": 0.08523221818423964, "risk_level": "LOW", "prototype_alert": false, "inference_date": "2026-08-30"}, "geometry": {"type": "Point", "coordinates": [92.8, 27.0]}}, {"type": "Feature", "properties": {"grid_id": "NER_000333", "state": "Assam", "risk_probability": 0.09265884805387511, "risk_level": "LOW", "prototype_alert": false, "inference_date": "2026-08-30"}, "geometry": {"type": "Point", "coordinates": [93.8, 27.0]}}, {"type": "Feature", "properties": {"grid_id": "NER_000334", "state": "Assam", "risk_probability": 0.30647527851031114, "risk_level": "MODERATE", "prototype_alert": true, "inference_date": "2026-08-30"}, "geometry": {"type": "Point", "coordinates": [94.0, 27.0]}}, {"type": "Feature", "properties": {"grid_id": "NER_000335", "state": "Assam", "risk_probability": 0.4151056983514557, "risk_level": "MODERATE", "prototype_alert": true, "inference_date": "2026-08-30"}, "geometry": {"type": "Point", "coordinates": [94.2, 27.0]}}, {"type": "Feature", "properties": {"grid_id": "NER_000336", "state": "Assam", "risk_probability": 0.1837184423095992, "risk_level": "LOW", "prototype_alert": false, "inference_date": "2026-08-30"}, "geometry": {"type": "Point", "coordinates": [94.4, 27.0]}}, {"type": "Feature", "properties": {"grid_id": "NER_000337", "state": "Assam", "risk_probability": 0.34426482504802025, "risk_level": "MODERATE", "prototype_alert": true, "inference_date": "2026-08-30"}, "geometry": {"type": "Point", "coordinates": [94.6, 27.0]}}, {"type": "Feature", "properties": {"grid_id": "NER_000338", "state": "Assam", "risk_probability": 0.23393061642962668, "risk_level": "LOW", "prototype_alert": false, "inference_date": "2026-08-30"}, "geometry": {"type": "Point", "coordinates": [94.8, 27.0]}}, {"type": "Feature", "properties": {"grid_id": "NER_000339", "state": "Assam", "risk_probability": 0.4091137855954873, "risk_level": "MODERATE", "prototype_alert": true, "inference_date": "2026-08-30"}, "geometry": {"type": "Point", "coordinates": [95.0, 27.0]}}, {"type": "Feature", "properties": {"grid_id": "NER_000340", "state": "Assam", "risk_probability": 0.17615178671957152, "risk_level": "LOW", "prototype_alert": false, "inference_date": "2026-08-30"}, "geometry": {"type": "Point", "coordinates": [94.0, 27.2]}}, {"type": "Feature", "properties": {"grid_id": "NER_000341", "state": "Assam", "risk_probability": 0.20085312190610102, "risk_level": "LOW", "prototype_alert": false, "inference_date": "2026-08-30"}, "geometry": {"type": "Point", "coordinates": [94.2, 27.2]}}, {"type": "Feature", "properties": {"grid_id": "NER_000342", "state": "Assam", "risk_probability": 0.14004174506541406, "risk_level": "LOW", "prototype_alert": false, "inference_date": "2026-08-30"}, "geometry": {"type": "Point", "coordinates": [94.4, 27.2]}}, {"type": "Feature", "properties": {"grid_id": "NER_000343", "state": "Assam", "risk_probability": 0.20372816429062965, "risk_level": "LOW", "prototype_alert": false, "inference_date": "2026-08-30"}, "geometry": {"type": "Point", "coordinates": [94.6, 27.2]}}, {"type": "Feature", "properties": {"grid_id": "NER_000344", "state": "Assam", "risk_probability": 0.46993880095441154, "risk_level": "MODERATE", "prototype_alert": true, "inference_date": "2026-08-30"}, "geometry": {"type": "Point", "coordinates": [94.8, 27.2]}}, {"type": "Feature", "properties": {"grid_id": "NER_000345", "state": "Assam", "risk_probability": 0.24343131806862045, "risk_level": "LOW", "prototype_alert": false, "inference_date": "2026-08-30"}, "geometry": {"type": "Point", "coordinates": [95.0, 27.2]}}, {"type": "Feature", "properties": {"grid_id": "NER_000346", "state": "Assam", "risk_probability": 0.49202454606606905, "risk_level": "MODERATE", "prototype_alert": true, "inference_date": "2026-08-30"}, "geometry": {"type": "Point", "coordinates": [95.2, 27.2]}}, {"type": "Feature", "properties": {"grid_id": "NER_000347", "state": "Assam", "risk_probability": 0.3855815743676225, "risk_level": "MODERATE", "prototype_alert": true, "inference_date": "2026-08-30"}, "geometry": {"type": "Point", "coordinates": [95.4, 27.2]}}, {"type": "Feature", "properties": {"grid_id": "NER_000348", "state": "Assam", "risk_probability": 0.20037581975061655, "risk_level": "LOW", "prototype_alert": false, "inference_date": "2026-08-30"}, "geometry": {"type": "Point", "coordinates": [94.2, 27.4]}}, {"type": "Feature", "properties": {"grid_id": "NER_000349", "state": "Assam", "risk_probability": 0.05888022015825083, "risk_level": "LOW", "prototype_alert": false, "inference_date": "2026-08-30"}, "geometry": {"type": "Point", "coordinates": [94.4, 27.4]}}, {"type": "Feature", "properties": {"grid_id": "NER_000350", "state": "Assam", "risk_probability": 0.19534258554070047, "risk_level": "LOW", "prototype_alert": false, "inference_date": "2026-08-30"}, "geometry": {"type": "Point", "coordinates": [94.6, 27.4]}}, {"type": "Feature", "properties": {"grid_id": "NER_000351", "state": "Assam", "risk_probability": 0.5345274440933667, "risk_level": "HIGH", "prototype_alert": true, "inference_date": "2026-08-30"}, "geometry": {"type": "Point", "coordinates": [94.8, 27.4]}}, {"type": "Feature", "properties": {"grid_id": "NER_000352", "state": "Assam", "risk_probability": 0.5356780286182712, "risk_level": "HIGH", "prototype_alert": true, "inference_date": "2026-08-30"}, "geometry": {"type": "Point", "coordinates": [95.0, 27.4]}}, {"type": "Feature", "properties": {"grid_id": "NER_000353", "state": "Assam", "risk_probability": 0.15296742589950196, "risk_level": "LOW", "prototype_alert": false, "inference_date": "2026-08-30"}, "geometry": {"type": "Point", "coordinates": [95.2, 27.4]}}, {"type": "Feature", "properties": {"grid_id": "NER_000354", "state": "Assam", "risk_probability": 0.6522099980136494, "risk_level": "HIGH", "prototype_alert": true, "inference_date": "2026-08-30"}, "geometry": {"type": "Point", "coordinates": [95.4, 27.4]}}, {"type": "Feature", "properties": {"grid_id": "NER_000355", "state": "Assam", "risk_probability": 0.28932645931465284, "risk_level": "MODERATE", "prototype_alert": false, "inference_date": "2026-08-30"}, "geometry": {"type": "Point", "coordinates": [95.6, 27.4]}}, {"type": "Feature", "properties": {"grid_id": "NER_000356", "state": "Assam", "risk_probability": 0.08895817459018812, "risk_level": "LOW", "prototype_alert": false, "inference_date": "2026-08-30"}, "geometry": {"type": "Point", "coordinates": [95.8, 27.4]}}, {"type": "Feature", "properties": {"grid_id": "NER_000357", "state": "Assam", "risk_probability": 0.11571741399253833, "risk_level": "LOW", "prototype_alert": false, "inference_date": "2026-08-30"}, "geometry": {"type": "Point", "coordinates": [94.6, 27.6]}}, {"type": "Feature", "properties": {"grid_id": "NER_000358", "state": "Assam", "risk_probability": 0.12089214074210897, "risk_level": "LOW", "prototype_alert": false, "inference_date": "2026-08-30"}, "geometry": {"type": "Point", "coordinates": [94.8, 27.6]}}, {"type": "Feature", "properties": {"grid_id": "NER_000359", "state": "Assam", "risk_probability": 0.2065367193829002, "risk_level": "LOW", "prototype_alert": false, "inference_date": "2026-08-30"}, "geometry": {"type": "Point", "coordinates": [95.0, 27.6]}}, {"type": "Feature", "properties": {"grid_id": "NER_000360", "state": "Assam", "risk_probability": 0.1286235737553639, "risk_level": "LOW", "prototype_alert": false, "inference_date": "2026-08-30"}, "geometry": {"type": "Point", "coordinates": [95.2, 27.6]}}, {"type": "Feature", "properties": {"grid_id": "NER_000361", "state": "Assam", "risk_probability": 0.6060823151998738, "risk_level": "HIGH", "prototype_alert": true, "inference_date": "2026-08-30"}, "geometry": {"type": "Point", "coordinates": [95.4, 27.6]}}, {"type": "Feature", "properties": {"grid_id": "NER_000362", "state": "Assam", "risk_probability": 0.663837777992405, "risk_level": "HIGH", "prototype_alert": true, "inference_date": "2026-08-30"}, "geometry": {"type": "Point", "coordinates": [95.6, 27.6]}}, {"type": "Feature", "properties": {"grid_id": "NER_000363", "state": "Assam", "risk_probability": 0.2994638582336271, "risk_level": "MODERATE", "prototype_alert": false, "inference_date": "2026-08-30"}, "geometry": {"type": "Point", "coordinates": [95.2, 27.8]}}, {"type": "Feature", "properties": {"grid_id": "NER_000364", "state": "Assam", "risk_probability": 0.11119242110111056, "risk_level": "LOW", "prototype_alert": false, "inference_date": "2026-08-30"}, "geometry": {"type": "Point", "coordinates": [95.4, 27.8]}}, {"type": "Feature", "properties": {"grid_id": "NER_000365", "state": "Assam", "risk_probability": 0.10976120576606241, "risk_level": "LOW", "prototype_alert": false, "inference_date": "2026-08-30"}, "geometry": {"type": "Point", "coordinates": [95.6, 27.8]}}, {"type": "Feature", "properties": {"grid_id": "NER_000366", "state": "Assam", "risk_probability": 0.1334157046796236, "risk_level": "LOW", "prototype_alert": false, "inference_date": "2026-08-30"}, "geometry": {"type": "Point", "coordinates": [95.8, 27.8]}}, {"type": "Feature", "properties": {"grid_id": "NER_000367", "state": "Manipur", "risk_probability": 0.5318772606981091, "risk_level": "HIGH", "prototype_alert": true, "inference_date": "2026-08-30"}, "geometry": {"type": "Point", "coordinates": [93.6, 24.0]}}, {"type": "Feature", "properties": {"grid_id": "NER_000368", "state": "Manipur", "risk_probability": 0.16005402224531434, "risk_level": "LOW", "prototype_alert": false, "inference_date": "2026-08-30"}, "geometry": {"type": "Point", "coordinates": [93.8, 24.0]}}, {"type": "Feature", "properties": {"grid_id": "NER_000369", "state": "Manipur", "risk_probability": 0.07636532972424734, "risk_level": "LOW", "prototype_alert": false, "inference_date": "2026-08-30"}, "geometry": {"type": "Point", "coordinates": [94.0, 24.0]}}, {"type": "Feature", "properties": {"grid_id": "NER_000370", "state": "Manipur", "risk_probability": 0.24609284191863895, "risk_level": "LOW", "prototype_alert": false, "inference_date": "2026-08-30"}, "geometry": {"type": "Point", "coordinates": [94.2, 24.0]}}, {"type": "Feature", "properties": {"grid_id": "NER_000371", "state": "Manipur", "risk_probability": 0.616208821511204, "risk_level": "HIGH", "prototype_alert": true, "inference_date": "2026-08-30"}, "geometry": {"type": "Point", "coordinates": [93.2, 24.2]}}, {"type": "Feature", "properties": {"grid_id": "NER_000372", "state": "Manipur", "risk_probability": 0.4053680876210787, "risk_level": "MODERATE", "prototype_alert": true, "inference_date": "2026-08-30"}, "geometry": {"type": "Point", "coordinates": [93.4, 24.2]}}, {"type": "Feature", "properties": {"grid_id": "NER_000373", "state": "Manipur", "risk_probability": 0.8345477668424021, "risk_level": "CRITICAL", "prototype_alert": true, "inference_date": "2026-08-30"}, "geometry": {"type": "Point", "coordinates": [93.6, 24.2]}}, {"type": "Feature", "properties": {"grid_id": "NER_000374", "state": "Manipur", "risk_probability": 0.05729955424942347, "risk_level": "LOW", "prototype_alert": false, "inference_date": "2026-08-30"}, "geometry": {"type": "Point", "coordinates": [93.8, 24.2]}}, {"type": "Feature", "properties": {"grid_id": "NER_000375", "state": "Manipur", "risk_probability": 0.24257783209230585, "risk_level": "LOW", "prototype_alert": false, "inference_date": "2026-08-30"}, "geometry": {"type": "Point", "coordinates": [94.0, 24.2]}}, {"type": "Feature", "properties": {"grid_id": "NER_000376", "state": "Manipur", "risk_probability": 0.7345675045848998, "risk_level": "HIGH", "prototype_alert": true, "inference_date": "2026-08-30"}, "geometry": {"type": "Point", "coordinates": [94.2, 24.2]}}, {"type": "Feature", "properties": {"grid_id": "NER_000377", "state": "Manipur", "risk_probability": 0.05217458054759323, "risk_level": "LOW", "prototype_alert": false, "inference_date": "2026-08-30"}, "geometry": {"type": "Point", "coordinates": [93.2, 24.4]}}, {"type": "Feature", "properties": {"grid_id": "NER_000378", "state": "Manipur", "risk_probability": 0.12565926950471096, "risk_level": "LOW", "prototype_alert": false, "inference_date": "2026-08-30"}, "geometry": {"type": "Point", "coordinates": [93.4, 24.4]}}, {"type": "Feature", "properties": {"grid_id": "NER_000379", "state": "Manipur", "risk_probability": 0.5115948828546251, "risk_level": "HIGH", "prototype_alert": true, "inference_date": "2026-08-30"}, "geometry": {"type": "Point", "coordinates": [93.6, 24.4]}}, {"type": "Feature", "properties": {"grid_id": "NER_000380", "state": "Manipur", "risk_probability": 0.4460544702624277, "risk_level": "MODERATE", "prototype_alert": true, "inference_date": "2026-08-30"}, "geometry": {"type": "Point", "coordinates": [93.8, 24.4]}}, {"type": "Feature", "properties": {"grid_id": "NER_000381", "state": "Manipur", "risk_probability": 0.5456173639940334, "risk_level": "HIGH", "prototype_alert": true, "inference_date": "2026-08-30"}, "geometry": {"type": "Point", "coordinates": [94.0, 24.4]}}, {"type": "Feature", "properties": {"grid_id": "NER_000382", "state": "Manipur", "risk_probability": 0.4498952564036026, "risk_level": "MODERATE", "prototype_alert": true, "inference_date": "2026-08-30"}, "geometry": {"type": "Point", "coordinates": [94.2, 24.4]}}, {"type": "Feature", "properties": {"grid_id": "NER_000383", "state": "Manipur", "risk_probability": 0.14202030020787046, "risk_level": "LOW", "prototype_alert": false, "inference_date": "2026-08-30"}, "geometry": {"type": "Point", "coordinates": [93.2, 24.6]}}, {"type": "Feature", "properties": {"grid_id": "NER_000384", "state": "Manipur", "risk_probability": 0.17564625714084267, "risk_level": "LOW", "prototype_alert": false, "inference_date": "2026-08-30"}, "geometry": {"type": "Point", "coordinates": [93.4, 24.6]}}, {"type": "Feature", "properties": {"grid_id": "NER_000385", "state": "Manipur", "risk_probability": 0.33974532328208523, "risk_level": "MODERATE", "prototype_alert": true, "inference_date": "2026-08-30"}, "geometry": {"type": "Point", "coordinates": [93.6, 24.6]}}, {"type": "Feature", "properties": {"grid_id": "NER_000386", "state": "Manipur", "risk_probability": 0.336830025259822, "risk_level": "MODERATE", "prototype_alert": true, "inference_date": "2026-08-30"}, "geometry": {"type": "Point", "coordinates": [93.8, 24.6]}}, {"type": "Feature", "properties": {"grid_id": "NER_000387", "state": "Manipur", "risk_probability": 0.342290364547722, "risk_level": "MODERATE", "prototype_alert": true, "inference_date": "2026-08-30"}, "geometry": {"type": "Point", "coordinates": [94.0, 24.6]}}, {"type": "Feature", "properties": {"grid_id": "NER_000388", "state": "Manipur", "risk_probability": 0.5147273494288491, "risk_level": "HIGH", "prototype_alert": true, "inference_date": "2026-08-30"}, "geometry": {"type": "Point", "coordinates": [94.2, 24.6]}}, {"type": "Feature", "properties": {"grid_id": "NER_000389", "state": "Manipur", "risk_probability": 0.3997550952864393, "risk_level": "MODERATE", "prototype_alert": true, "inference_date": "2026-08-30"}, "geometry": {"type": "Point", "coordinates": [94.4, 24.6]}}, {"type": "Feature", "properties": {"grid_id": "NER_000390", "state": "Manipur", "risk_probability": 0.1593920026905587, "risk_level": "LOW", "prototype_alert": false, "inference_date": "2026-08-30"}, "geometry": {"type": "Point", "coordinates": [93.2, 24.8]}}, {"type": "Feature", "properties": {"grid_id": "NER_000391", "state": "Manipur", "risk_probability": 0.2206859123952053, "risk_level": "LOW", "prototype_alert": false, "inference_date": "2026-08-30"}, "geometry": {"type": "Point", "coordinates": [93.4, 24.8]}}, {"type": "Feature", "properties": {"grid_id": "NER_000392", "state": "Manipur", "risk_probability": 0.12220530900732815, "risk_level": "LOW", "prototype_alert": false, "inference_date": "2026-08-30"}, "geometry": {"type": "Point", "coordinates": [93.6, 24.8]}}, {"type": "Feature", "properties": {"grid_id": "NER_000393", "state": "Manipur", "risk_probability": 0.5415692404385273, "risk_level": "HIGH", "prototype_alert": true, "inference_date": "2026-08-30"}, "geometry": {"type": "Point", "coordinates": [93.8, 24.8]}}, {"type": "Feature", "properties": {"grid_id": "NER_000394", "state": "Manipur", "risk_probability": 0.3888933528271826, "risk_level": "MODERATE", "prototype_alert": true, "inference_date": "2026-08-30"}, "geometry": {"type": "Point", "coordinates": [94.0, 24.8]}}, {"type": "Feature", "properties": {"grid_id": "NER_000395", "state": "Manipur", "risk_probability": 0.37343095712410956, "risk_level": "MODERATE", "prototype_alert": true, "inference_date": "2026-08-30"}, "geometry": {"type": "Point", "coordinates": [94.2, 24.8]}}, {"type": "Feature", "properties": {"grid_id": "NER_000396", "state": "Manipur", "risk_probability": 0.08147384915442735, "risk_level": "LOW", "prototype_alert": false, "inference_date": "2026-08-30"}, "geometry": {"type": "Point", "coordinates": [94.4, 24.8]}}, {"type": "Feature", "properties": {"grid_id": "NER_000397", "state": "Manipur", "risk_probability": 0.1045568929091272, "risk_level": "LOW", "prototype_alert": false, "inference_date": "2026-08-30"}, "geometry": {"type": "Point", "coordinates": [94.6, 24.8]}}, {"type": "Feature", "properties": {"grid_id": "NER_000398", "state": "Manipur", "risk_probability": 0.5740870424000482, "risk_level": "HIGH", "prototype_alert": true, "inference_date": "2026-08-30"}, "geometry": {"type": "Point", "coordinates": [93.4, 25.0]}}, {"type": "Feature", "properties": {"grid_id": "NER_000399", "state": "Manipur", "risk_probability": 0.9349864373678339, "risk_level": "CRITICAL", "prototype_alert": true, "inference_date": "2026-08-30"}, "geometry": {"type": "Point", "coordinates": [93.6, 25.0]}}, {"type": "Feature", "properties": {"grid_id": "NER_000400", "state": "Manipur", "risk_probability": 0.2288813625326752, "risk_level": "LOW", "prototype_alert": false, "inference_date": "2026-08-30"}, "geometry": {"type": "Point", "coordinates": [93.8, 25.0]}}, {"type": "Feature", "properties": {"grid_id": "NER_000401", "state": "Manipur", "risk_probability": 0.7013293532536224, "risk_level": "HIGH", "prototype_alert": true, "inference_date": "2026-08-30"}, "geometry": {"type": "Point", "coordinates": [94.0, 25.0]}}, {"type": "Feature", "properties": {"grid_id": "NER_000402", "state": "Manipur", "risk_probability": 0.5649812593096828, "risk_level": "HIGH", "prototype_alert": true, "inference_date": "2026-08-30"}, "geometry": {"type": "Point", "coordinates": [94.2, 25.0]}}, {"type": "Feature", "properties": {"grid_id": "NER_000403", "state": "Manipur", "risk_probability": 0.9152736152853491, "risk_level": "CRITICAL", "prototype_alert": true, "inference_date": "2026-08-30"}, "geometry": {"type": "Point", "coordinates": [94.4, 25.0]}}, {"type": "Feature", "properties": {"grid_id": "NER_000404", "state": "Manipur", "risk_probability": 0.5160581852486572, "risk_level": "HIGH", "prototype_alert": true, "inference_date": "2026-08-30"}, "geometry": {"type": "Point", "coordinates": [94.6, 25.0]}}, {"type": "Feature", "properties": {"grid_id": "NER_000405", "state": "Manipur", "risk_probability": 0.5492289894955256, "risk_level": "HIGH", "prototype_alert": true, "inference_date": "2026-08-30"}, "geometry": {"type": "Point", "coordinates": [93.4, 25.2]}}, {"type": "Feature", "properties": {"grid_id": "NER_000406", "state": "Manipur", "risk_probability": 0.895546011068342, "risk_level": "CRITICAL", "prototype_alert": true, "inference_date": "2026-08-30"}, "geometry": {"type": "Point", "coordinates": [93.6, 25.2]}}, {"type": "Feature", "properties": {"grid_id": "NER_000407", "state": "Manipur", "risk_probability": 0.2869890929193626, "risk_level": "MODERATE", "prototype_alert": false, "inference_date": "2026-08-30"}, "geometry": {"type": "Point", "coordinates": [93.8, 25.2]}}, {"type": "Feature", "properties": {"grid_id": "NER_000408", "state": "Manipur", "risk_probability": 0.44784633385425715, "risk_level": "MODERATE", "prototype_alert": true, "inference_date": "2026-08-30"}, "geometry": {"type": "Point", "coordinates": [94.0, 25.2]}}, {"type": "Feature", "properties": {"grid_id": "NER_000409", "state": "Manipur", "risk_probability": 0.14703316980081033, "risk_level": "LOW", "prototype_alert": false, "inference_date": "2026-08-30"}, "geometry": {"type": "Point", "coordinates": [94.2, 25.2]}}, {"type": "Feature", "properties": {"grid_id": "NER_000410", "state": "Manipur", "risk_probability": 0.4756174922387164, "risk_level": "MODERATE", "prototype_alert": true, "inference_date": "2026-08-30"}, "geometry": {"type": "Point", "coordinates": [94.4, 25.2]}}, {"type": "Feature", "properties": {"grid_id": "NER_000411", "state": "Manipur", "risk_probability": 0.1165762755716991, "risk_level": "LOW", "prototype_alert": false, "inference_date": "2026-08-30"}, "geometry": {"type": "Point", "coordinates": [93.8, 25.4]}}, {"type": "Feature", "properties": {"grid_id": "NER_000412", "state": "Manipur", "risk_probability": 0.2793855609780488, "risk_level": "MODERATE", "prototype_alert": false, "inference_date": "2026-08-30"}, "geometry": {"type": "Point", "coordinates": [94.0, 25.4]}}, {"type": "Feature", "properties": {"grid_id": "NER_000413", "state": "Manipur", "risk_probability": 0.39716509759331, "risk_level": "MODERATE", "prototype_alert": true, "inference_date": "2026-08-30"}, "geometry": {"type": "Point", "coordinates": [94.2, 25.4]}}, {"type": "Feature", "properties": {"grid_id": "NER_000414", "state": "Manipur", "risk_probability": 0.24742971893189034, "risk_level": "LOW", "prototype_alert": false, "inference_date": "2026-08-30"}, "geometry": {"type": "Point", "coordinates": [94.4, 25.4]}}, {"type": "Feature", "properties": {"grid_id": "NER_000415", "state": "Manipur", "risk_probability": 0.42301103338344925, "risk_level": "MODERATE", "prototype_alert": true, "inference_date": "2026-08-30"}, "geometry": {"type": "Point", "coordinates": [94.6, 25.4]}}, {"type": "Feature", "properties": {"grid_id": "NER_000416", "state": "Meghalaya", "risk_probability": 0.31362184208384924, "risk_level": "MODERATE", "prototype_alert": true, "inference_date": "2026-08-30"}, "geometry": {"type": "Point", "coordinates": [90.4, 25.2]}}, {"type": "Feature", "properties": {"grid_id": "NER_000417", "state": "Meghalaya", "risk_probability": 0.38508405550067926, "risk_level": "MODERATE", "prototype_alert": true, "inference_date": "2026-08-30"}, "geometry": {"type": "Point", "coordinates": [90.6, 25.2]}}, {"type": "Feature", "properties": {"grid_id": "NER_000418", "state": "Meghalaya", "risk_probability": 0.1861978799277131, "risk_level": "LOW", "prototype_alert": false, "inference_date": "2026-08-30"}, "geometry": {"type": "Point", "coordinates": [90.8, 25.2]}}, {"type": "Feature", "properties": {"grid_id": "NER_000419", "state": "Meghalaya", "risk_probability": 0.07951316521196303, "risk_level": "LOW", "prototype_alert": false, "inference_date": "2026-08-30"}, "geometry": {"type": "Point", "coordinates": [91.0, 25.2]}}, {"type": "Feature", "properties": {"grid_id": "NER_000420", "state": "Meghalaya", "risk_probability": 0.05792708949635329, "risk_level": "LOW", "prototype_alert": false, "inference_date": "2026-08-30"}, "geometry": {"type": "Point", "coordinates": [91.4, 25.2]}}, {"type": "Feature", "properties": {"grid_id": "NER_000421", "state": "Meghalaya", "risk_probability": 0.08378856356752026, "risk_level": "LOW", "prototype_alert": false, "inference_date": "2026-08-30"}, "geometry": {"type": "Point", "coordinates": [91.6, 25.2]}}, {"type": "Feature", "properties": {"grid_id": "NER_000422", "state": "Meghalaya", "risk_probability": 0.07719285097322408, "risk_level": "LOW", "prototype_alert": false, "inference_date": "2026-08-30"}, "geometry": {"type": "Point", "coordinates": [91.8, 25.2]}}, {"type": "Feature", "properties": {"grid_id": "NER_000423", "state": "Meghalaya", "risk_probability": 0.7615357728860259, "risk_level": "CRITICAL", "prototype_alert": true, "inference_date": "2026-08-30"}, "geometry": {"type": "Point", "coordinates": [92.0, 25.2]}}, {"type": "Feature", "properties": {"grid_id": "NER_000424", "state": "Meghalaya", "risk_probability": 0.15199553445174963, "risk_level": "LOW", "prototype_alert": false, "inference_date": "2026-08-30"}, "geometry": {"type": "Point", "coordinates": [92.2, 25.2]}}, {"type": "Feature", "properties": {"grid_id": "NER_000425", "state": "Meghalaya", "risk_probability": 0.702843927071781, "risk_level": "HIGH", "prototype_alert": true, "inference_date": "2026-08-30"}, "geometry": {"type": "Point", "coordinates": [92.4, 25.2]}}, {"type": "Feature", "properties": {"grid_id": "NER_000426", "state": "Meghalaya", "risk_probability": 0.12733133715016753, "risk_level": "LOW", "prototype_alert": false, "inference_date": "2026-08-30"}, "geometry": {"type": "Point", "coordinates": [92.6, 25.2]}}, {"type": "Feature", "properties": {"grid_id": "NER_000427", "state": "Meghalaya", "risk_probability": 0.27595110540996326, "risk_level": "MODERATE", "prototype_alert": false, "inference_date": "2026-08-30"}, "geometry": {"type": "Point", "coordinates": [90.0, 25.4]}}, {"type": "Feature", "properties": {"grid_id": "NER_000428", "state": "Meghalaya", "risk_probability": 0.4667581495194115, "risk_level": "MODERATE", "prototype_alert": true, "inference_date": "2026-08-30"}, "geometry": {"type": "Point", "coordinates": [90.2, 25.4]}}, {"type": "Feature", "properties": {"grid_id": "NER_000429", "state": "Meghalaya", "risk_probability": 0.10831742065704525, "risk_level": "LOW", "prototype_alert": false, "inference_date": "2026-08-30"}, "geometry": {"type": "Point", "coordinates": [90.4, 25.4]}}, {"type": "Feature", "properties": {"grid_id": "NER_000430", "state": "Meghalaya", "risk_probability": 0.38771756625142073, "risk_level": "MODERATE", "prototype_alert": true, "inference_date": "2026-08-30"}, "geometry": {"type": "Point", "coordinates": [90.6, 25.4]}}, {"type": "Feature", "properties": {"grid_id": "NER_000431", "state": "Meghalaya", "risk_probability": 0.34432977994299585, "risk_level": "MODERATE", "prototype_alert": true, "inference_date": "2026-08-30"}, "geometry": {"type": "Point", "coordinates": [90.8, 25.4]}}, {"type": "Feature", "properties": {"grid_id": "NER_000432", "state": "Meghalaya", "risk_probability": 0.05453510301510477, "risk_level": "LOW", "prototype_alert": false, "inference_date": "2026-08-30"}, "geometry": {"type": "Point", "coordinates": [91.0, 25.4]}}, {"type": "Feature", "properties": {"grid_id": "NER_000433", "state": "Meghalaya", "risk_probability": 0.07800442795288685, "risk_level": "LOW", "prototype_alert": false, "inference_date": "2026-08-30"}, "geometry": {"type": "Point", "coordinates": [91.2, 25.4]}}, {"type": "Feature", "properties": {"grid_id": "NER_000434", "state": "Meghalaya", "risk_probability": 0.1013641587844056, "risk_level": "LOW", "prototype_alert": false, "inference_date": "2026-08-30"}, "geometry": {"type": "Point", "coordinates": [91.4, 25.4]}}, {"type": "Feature", "properties": {"grid_id": "NER_000435", "state": "Meghalaya", "risk_probability": 0.17973484457003036, "risk_level": "LOW", "prototype_alert": false, "inference_date": "2026-08-30"}, "geometry": {"type": "Point", "coordinates": [91.6, 25.4]}}, {"type": "Feature", "properties": {"grid_id": "NER_000436", "state": "Meghalaya", "risk_probability": 0.10537681342030607, "risk_level": "LOW", "prototype_alert": false, "inference_date": "2026-08-30"}, "geometry": {"type": "Point", "coordinates": [91.8, 25.4]}}, {"type": "Feature", "properties": {"grid_id": "NER_000437", "state": "Meghalaya", "risk_probability": 0.5428884345181576, "risk_level": "HIGH", "prototype_alert": true, "inference_date": "2026-08-30"}, "geometry": {"type": "Point", "coordinates": [92.0, 25.4]}}, {"type": "Feature", "properties": {"grid_id": "NER_000438", "state": "Meghalaya", "risk_probability": 0.18085309652239168, "risk_level": "LOW", "prototype_alert": false, "inference_date": "2026-08-30"}, "geometry": {"type": "Point", "coordinates": [92.2, 25.4]}}, {"type": "Feature", "properties": {"grid_id": "NER_000439", "state": "Meghalaya", "risk_probability": 0.44358050102292834, "risk_level": "MODERATE", "prototype_alert": true, "inference_date": "2026-08-30"}, "geometry": {"type": "Point", "coordinates": [92.4, 25.4]}}, {"type": "Feature", "properties": {"grid_id": "NER_000440", "state": "Meghalaya", "risk_probability": 0.09793518478577266, "risk_level": "LOW", "prototype_alert": false, "inference_date": "2026-08-30"}, "geometry": {"type": "Point", "coordinates": [92.6, 25.4]}}, {"type": "Feature", "properties": {"grid_id": "NER_000441", "state": "Meghalaya", "risk_probability": 0.08047131127537827, "risk_level": "LOW", "prototype_alert": false, "inference_date": "2026-08-30"}, "geometry": {"type": "Point", "coordinates": [90.2, 25.6]}}, {"type": "Feature", "properties": {"grid_id": "NER_000442", "state": "Meghalaya", "risk_probability": 0.09976451402577534, "risk_level": "LOW", "prototype_alert": false, "inference_date": "2026-08-30"}, "geometry": {"type": "Point", "coordinates": [90.4, 25.6]}}, {"type": "Feature", "properties": {"grid_id": "NER_000443", "state": "Meghalaya", "risk_probability": 0.35943061697498174, "risk_level": "MODERATE", "prototype_alert": true, "inference_date": "2026-08-30"}, "geometry": {"type": "Point", "coordinates": [90.6, 25.6]}}, {"type": "Feature", "properties": {"grid_id": "NER_000444", "state": "Meghalaya", "risk_probability": 0.385325575385447, "risk_level": "MODERATE", "prototype_alert": true, "inference_date": "2026-08-30"}, "geometry": {"type": "Point", "coordinates": [90.8, 25.6]}}, {"type": "Feature", "properties": {"grid_id": "NER_000445", "state": "Meghalaya", "risk_probability": 0.09454798560703706, "risk_level": "LOW", "prototype_alert": false, "inference_date": "2026-08-30"}, "geometry": {"type": "Point", "coordinates": [91.0, 25.6]}}, {"type": "Feature", "properties": {"grid_id": "NER_000446", "state": "Meghalaya", "risk_probability": 0.085931922085417, "risk_level": "LOW", "prototype_alert": false, "inference_date": "2026-08-30"}, "geometry": {"type": "Point", "coordinates": [91.2, 25.6]}}, {"type": "Feature", "properties": {"grid_id": "NER_000447", "state": "Meghalaya", "risk_probability": 0.12321984588073064, "risk_level": "LOW", "prototype_alert": false, "inference_date": "2026-08-30"}, "geometry": {"type": "Point", "coordinates": [91.4, 25.6]}}, {"type": "Feature", "properties": {"grid_id": "NER_000448", "state": "Meghalaya", "risk_probability": 0.1269719307997767, "risk_level": "LOW", "prototype_alert": false, "inference_date": "2026-08-30"}, "geometry": {"type": "Point", "coordinates": [91.6, 25.6]}}, {"type": "Feature", "properties": {"grid_id": "NER_000449", "state": "Meghalaya", "risk_probability": 0.13899812480997362, "risk_level": "LOW", "prototype_alert": false, "inference_date": "2026-08-30"}, "geometry": {"type": "Point", "coordinates": [91.8, 25.6]}}, {"type": "Feature", "properties": {"grid_id": "NER_000450", "state": "Meghalaya", "risk_probability": 0.7050285658462105, "risk_level": "HIGH", "prototype_alert": true, "inference_date": "2026-08-30"}, "geometry": {"type": "Point", "coordinates": [92.0, 25.6]}}, {"type": "Feature", "properties": {"grid_id": "NER_000451", "state": "Meghalaya", "risk_probability": 0.5744271682514236, "risk_level": "HIGH", "prototype_alert": true, "inference_date": "2026-08-30"}, "geometry": {"type": "Point", "coordinates": [92.2, 25.6]}}, {"type": "Feature", "properties": {"grid_id": "NER_000452", "state": "Meghalaya", "risk_probability": 0.1201365298108448, "risk_level": "LOW", "prototype_alert": false, "inference_date": "2026-08-30"}, "geometry": {"type": "Point", "coordinates": [92.4, 25.6]}}, {"type": "Feature", "properties": {"grid_id": "NER_000453", "state": "Meghalaya", "risk_probability": 0.25461287968067065, "risk_level": "MODERATE", "prototype_alert": false, "inference_date": "2026-08-30"}, "geometry": {"type": "Point", "coordinates": [90.0, 25.8]}}, {"type": "Feature", "properties": {"grid_id": "NER_000454", "state": "Meghalaya", "risk_probability": 0.24861912259428126, "risk_level": "LOW", "prototype_alert": false, "inference_date": "2026-08-30"}, "geometry": {"type": "Point", "coordinates": [90.2, 25.8]}}, {"type": "Feature", "properties": {"grid_id": "NER_000455", "state": "Meghalaya", "risk_probability": 0.10718809212745914, "risk_level": "LOW", "prototype_alert": false, "inference_date": "2026-08-30"}, "geometry": {"type": "Point", "coordinates": [90.4, 25.8]}}, {"type": "Feature", "properties": {"grid_id": "NER_000456", "state": "Meghalaya", "risk_probability": 0.2628552260152833, "risk_level": "MODERATE", "prototype_alert": false, "inference_date": "2026-08-30"}, "geometry": {"type": "Point", "coordinates": [90.6, 25.8]}}, {"type": "Feature", "properties": {"grid_id": "NER_000457", "state": "Meghalaya", "risk_probability": 0.7293976350751938, "risk_level": "HIGH", "prototype_alert": true, "inference_date": "2026-08-30"}, "geometry": {"type": "Point", "coordinates": [90.8, 25.8]}}, {"type": "Feature", "properties": {"grid_id": "NER_000458", "state": "Meghalaya", "risk_probability": 0.0538570324807686, "risk_level": "LOW", "prototype_alert": false, "inference_date": "2026-08-30"}, "geometry": {"type": "Point", "coordinates": [91.0, 25.8]}}, {"type": "Feature", "properties": {"grid_id": "NER_000459", "state": "Meghalaya", "risk_probability": 0.07267363228386338, "risk_level": "LOW", "prototype_alert": false, "inference_date": "2026-08-30"}, "geometry": {"type": "Point", "coordinates": [91.4, 25.8]}}, {"type": "Feature", "properties": {"grid_id": "NER_000460", "state": "Meghalaya", "risk_probability": 0.06732729158495626, "risk_level": "LOW", "prototype_alert": false, "inference_date": "2026-08-30"}, "geometry": {"type": "Point", "coordinates": [91.6, 25.8]}}, {"type": "Feature", "properties": {"grid_id": "NER_000461", "state": "Meghalaya", "risk_probability": 0.07713953901689048, "risk_level": "LOW", "prototype_alert": false, "inference_date": "2026-08-30"}, "geometry": {"type": "Point", "coordinates": [91.8, 25.8]}}, {"type": "Feature", "properties": {"grid_id": "NER_000462", "state": "Meghalaya", "risk_probability": 0.21731570588139243, "risk_level": "LOW", "prototype_alert": false, "inference_date": "2026-08-30"}, "geometry": {"type": "Point", "coordinates": [92.0, 25.8]}}, {"type": "Feature", "properties": {"grid_id": "NER_000463", "state": "Meghalaya", "risk_probability": 0.13656354779507168, "risk_level": "LOW", "prototype_alert": false, "inference_date": "2026-08-30"}, "geometry": {"type": "Point", "coordinates": [90.4, 26.0]}}, {"type": "Feature", "properties": {"grid_id": "NER_000464", "state": "Meghalaya", "risk_probability": 0.10370430921343801, "risk_level": "LOW", "prototype_alert": false, "inference_date": "2026-08-30"}, "geometry": {"type": "Point", "coordinates": [91.6, 26.0]}}, {"type": "Feature", "properties": {"grid_id": "NER_000465", "state": "Meghalaya", "risk_probability": 0.04626748323777574, "risk_level": "LOW", "prototype_alert": false, "inference_date": "2026-08-30"}, "geometry": {"type": "Point", "coordinates": [91.8, 26.0]}}, {"type": "Feature", "properties": {"grid_id": "NER_000466", "state": "Meghalaya", "risk_probability": 0.26261020201051133, "risk_level": "MODERATE", "prototype_alert": false, "inference_date": "2026-08-30"}, "geometry": {"type": "Point", "coordinates": [92.0, 26.0]}}, {"type": "Feature", "properties": {"grid_id": "NER_000467", "state": "Meghalaya", "risk_probability": 0.10056855673067097, "risk_level": "LOW", "prototype_alert": false, "inference_date": "2026-08-30"}, "geometry": {"type": "Point", "coordinates": [92.2, 26.0]}}, {"type": "Feature", "properties": {"grid_id": "NER_000468", "state": "Mizoram", "risk_probability": 0.04814027264953558, "risk_level": "LOW", "prototype_alert": false, "inference_date": "2026-08-30"}, "geometry": {"type": "Point", "coordinates": [93.0, 22.0]}}, {"type": "Feature", "properties": {"grid_id": "NER_000469", "state": "Mizoram", "risk_probability": 0.8408810489378369, "risk_level": "CRITICAL", "prototype_alert": true, "inference_date": "2026-08-30"}, "geometry": {"type": "Point", "coordinates": [92.6, 22.2]}}, {"type": "Feature", "properties": {"grid_id": "NER_000470", "state": "Mizoram", "risk_probability": 0.8762711967420473, "risk_level": "CRITICAL", "prototype_alert": true, "inference_date": "2026-08-30"}, "geometry": {"type": "Point", "coordinates": [92.8, 22.2]}}, {"type": "Feature", "properties": {"grid_id": "NER_000471", "state": "Mizoram", "risk_probability": 0.06877865626120847, "risk_level": "LOW", "prototype_alert": false, "inference_date": "2026-08-30"}, "geometry": {"type": "Point", "coordinates": [93.0, 22.2]}}, {"type": "Feature", "properties": {"grid_id": "NER_000472", "state": "Mizoram", "risk_probability": 0.6736602003929938, "risk_level": "HIGH", "prototype_alert": true, "inference_date": "2026-08-30"}, "geometry": {"type": "Point", "coordinates": [92.6, 22.4]}}, {"type": "Feature", "properties": {"grid_id": "NER_000473", "state": "Mizoram", "risk_probability": 0.11041502913946344, "risk_level": "LOW", "prototype_alert": false, "inference_date": "2026-08-30"}, "geometry": {"type": "Point", "coordinates": [92.8, 22.4]}}, {"type": "Feature", "properties": {"grid_id": "NER_000474", "state": "Mizoram", "risk_probability": 0.3828970034311654, "risk_level": "MODERATE", "prototype_alert": true, "inference_date": "2026-08-30"}, "geometry": {"type": "Point", "coordinates": [93.0, 22.4]}}, {"type": "Feature", "properties": {"grid_id": "NER_000475", "state": "Mizoram", "risk_probability": 0.4730468383349083, "risk_level": "MODERATE", "prototype_alert": true, "inference_date": "2026-08-30"}, "geometry": {"type": "Point", "coordinates": [92.6, 22.6]}}, {"type": "Feature", "properties": {"grid_id": "NER_000476", "state": "Mizoram", "risk_probability": 0.08993806743126999, "risk_level": "LOW", "prototype_alert": false, "inference_date": "2026-08-30"}, "geometry": {"type": "Point", "coordinates": [92.8, 22.6]}}, {"type": "Feature", "properties": {"grid_id": "NER_000477", "state": "Mizoram", "risk_probability": 0.3611416079705957, "risk_level": "MODERATE", "prototype_alert": true, "inference_date": "2026-08-30"}, "geometry": {"type": "Point", "coordinates": [93.0, 22.6]}}, {"type": "Feature", "properties": {"grid_id": "NER_000478", "state": "Mizoram", "risk_probability": 0.5513427722260866, "risk_level": "HIGH", "prototype_alert": true, "inference_date": "2026-08-30"}, "geometry": {"type": "Point", "coordinates": [92.6, 22.8]}}, {"type": "Feature", "properties": {"grid_id": "NER_000479", "state": "Mizoram", "risk_probability": 0.32325413243053996, "risk_level": "MODERATE", "prototype_alert": true, "inference_date": "2026-08-30"}, "geometry": {"type": "Point", "coordinates": [92.8, 22.8]}}, {"type": "Feature", "properties": {"grid_id": "NER_000480", "state": "Mizoram", "risk_probability": 0.93882065299062, "risk_level": "CRITICAL", "prototype_alert": true, "inference_date": "2026-08-30"}, "geometry": {"type": "Point", "coordinates": [93.0, 22.8]}}, {"type": "Feature", "properties": {"grid_id": "NER_000481", "state": "Mizoram", "risk_probability": 0.5413587697461423, "risk_level": "HIGH", "prototype_alert": true, "inference_date": "2026-08-30"}, "geometry": {"type": "Point", "coordinates": [92.4, 23.0]}}, {"type": "Feature", "properties": {"grid_id": "NER_000482", "state": "Mizoram", "risk_probability": 0.7701002314939965, "risk_level": "CRITICAL", "prototype_alert": true, "inference_date": "2026-08-30"}, "geometry": {"type": "Point", "coordinates": [92.6, 23.0]}}, {"type": "Feature", "properties": {"grid_id": "NER_000483", "state": "Mizoram", "risk_probability": 0.5403699094273404, "risk_level": "HIGH", "prototype_alert": true, "inference_date": "2026-08-30"}, "geometry": {"type": "Point", "coordinates": [92.8, 23.0]}}, {"type": "Feature", "properties": {"grid_id": "NER_000484", "state": "Mizoram", "risk_probability": 0.4803641177760977, "risk_level": "MODERATE", "prototype_alert": true, "inference_date": "2026-08-30"}, "geometry": {"type": "Point", "coordinates": [93.0, 23.0]}}, {"type": "Feature", "properties": {"grid_id": "NER_000485", "state": "Mizoram", "risk_probability": 0.292071925784951, "risk_level": "MODERATE", "prototype_alert": false, "inference_date": "2026-08-30"}, "geometry": {"type": "Point", "coordinates": [92.4, 23.2]}}, {"type": "Feature", "properties": {"grid_id": "NER_000486", "state": "Mizoram", "risk_probability": 0.13308940461070018, "risk_level": "LOW", "prototype_alert": false, "inference_date": "2026-08-30"}, "geometry": {"type": "Point", "coordinates": [92.6, 23.2]}}, {"type": "Feature", "properties": {"grid_id": "NER_000487", "state": "Mizoram", "risk_probability": 0.4665106009351477, "risk_level": "MODERATE", "prototype_alert": true, "inference_date": "2026-08-30"}, "geometry": {"type": "Point", "coordinates": [92.8, 23.2]}}, {"type": "Feature", "properties": {"grid_id": "NER_000488", "state": "Mizoram", "risk_probability": 0.2642920170629116, "risk_level": "MODERATE", "prototype_alert": false, "inference_date": "2026-08-30"}, "geometry": {"type": "Point", "coordinates": [93.0, 23.2]}}, {"type": "Feature", "properties": {"grid_id": "NER_000489", "state": "Mizoram", "risk_probability": 0.907859304357702, "risk_level": "CRITICAL", "prototype_alert": true, "inference_date": "2026-08-30"}, "geometry": {"type": "Point", "coordinates": [93.2, 23.2]}}, {"type": "Feature", "properties": {"grid_id": "NER_000490", "state": "Mizoram", "risk_probability": 0.40839156105351837, "risk_level": "MODERATE", "prototype_alert": true, "inference_date": "2026-08-30"}, "geometry": {"type": "Point", "coordinates": [92.4, 23.4]}}, {"type": "Feature", "properties": {"grid_id": "NER_000491", "state": "Mizoram", "risk_probability": 0.28547452666220285, "risk_level": "MODERATE", "prototype_alert": false, "inference_date": "2026-08-30"}, "geometry": {"type": "Point", "coordinates": [92.6, 23.4]}}, {"type": "Feature", "properties": {"grid_id": "NER_000492", "state": "Mizoram", "risk_probability": 0.18817398978579056, "risk_level": "LOW", "prototype_alert": false, "inference_date": "2026-08-30"}, "geometry": {"type": "Point", "coordinates": [92.8, 23.4]}}, {"type": "Feature", "properties": {"grid_id": "NER_000493", "state": "Mizoram", "risk_probability": 0.30350335140460616, "risk_level": "MODERATE", "prototype_alert": true, "inference_date": "2026-08-30"}, "geometry": {"type": "Point", "coordinates": [93.0, 23.4]}}, {"type": "Feature", "properties": {"grid_id": "NER_000494", "state": "Mizoram", "risk_probability": 0.8070069221266709, "risk_level": "CRITICAL", "prototype_alert": true, "inference_date": "2026-08-30"}, "geometry": {"type": "Point", "coordinates": [93.2, 23.4]}}, {"type": "Feature", "properties": {"grid_id": "NER_000495", "state": "Mizoram", "risk_probability": 0.1083533787493861, "risk_level": "LOW", "prototype_alert": false, "inference_date": "2026-08-30"}, "geometry": {"type": "Point", "coordinates": [92.4, 23.6]}}, {"type": "Feature", "properties": {"grid_id": "NER_000496", "state": "Mizoram", "risk_probability": 0.8354163712273369, "risk_level": "CRITICAL", "prototype_alert": true, "inference_date": "2026-08-30"}, "geometry": {"type": "Point", "coordinates": [92.6, 23.6]}}, {"type": "Feature", "properties": {"grid_id": "NER_000497", "state": "Mizoram", "risk_probability": 0.5436174345704899, "risk_level": "HIGH", "prototype_alert": true, "inference_date": "2026-08-30"}, "geometry": {"type": "Point", "coordinates": [92.8, 23.6]}}, {"type": "Feature", "properties": {"grid_id": "NER_000498", "state": "Mizoram", "risk_probability": 0.3170509331523343, "risk_level": "MODERATE", "prototype_alert": true, "inference_date": "2026-08-30"}, "geometry": {"type": "Point", "coordinates": [93.0, 23.6]}}, {"type": "Feature", "properties": {"grid_id": "NER_000499", "state": "Mizoram", "risk_probability": 0.8051898979435574, "risk_level": "CRITICAL", "prototype_alert": true, "inference_date": "2026-08-30"}, "geometry": {"type": "Point", "coordinates": [93.2, 23.6]}}, {"type": "Feature", "properties": {"grid_id": "NER_000500", "state": "Mizoram", "risk_probability": 0.9461026269135863, "risk_level": "CRITICAL", "prototype_alert": true, "inference_date": "2026-08-30"}, "geometry": {"type": "Point", "coordinates": [93.4, 23.6]}}, {"type": "Feature", "properties": {"grid_id": "NER_000501", "state": "Mizoram", "risk_probability": 0.03962830409797351, "risk_level": "LOW", "prototype_alert": false, "inference_date": "2026-08-30"}, "geometry": {"type": "Point", "coordinates": [92.4, 23.8]}}, {"type": "Feature", "properties": {"grid_id": "NER_000502", "state": "Mizoram", "risk_probability": 0.6229462150975318, "risk_level": "HIGH", "prototype_alert": true, "inference_date": "2026-08-30"}, "geometry": {"type": "Point", "coordinates": [92.6, 23.8]}}, {"type": "Feature", "properties": {"grid_id": "NER_000503", "state": "Mizoram", "risk_probability": 0.21800932903568282, "risk_level": "LOW", "prototype_alert": false, "inference_date": "2026-08-30"}, "geometry": {"type": "Point", "coordinates": [92.8, 23.8]}}, {"type": "Feature", "properties": {"grid_id": "NER_000504", "state": "Mizoram", "risk_probability": 0.11989286427306593, "risk_level": "LOW", "prototype_alert": false, "inference_date": "2026-08-30"}, "geometry": {"type": "Point", "coordinates": [93.0, 23.8]}}, {"type": "Feature", "properties": {"grid_id": "NER_000505", "state": "Mizoram", "risk_probability": 0.8490869827649179, "risk_level": "CRITICAL", "prototype_alert": true, "inference_date": "2026-08-30"}, "geometry": {"type": "Point", "coordinates": [93.2, 23.8]}}, {"type": "Feature", "properties": {"grid_id": "NER_000506", "state": "Mizoram", "risk_probability": 0.16157537115280224, "risk_level": "LOW", "prototype_alert": false, "inference_date": "2026-08-30"}, "geometry": {"type": "Point", "coordinates": [93.4, 23.8]}}, {"type": "Feature", "properties": {"grid_id": "NER_000507", "state": "Mizoram", "risk_probability": 0.09238793250651837, "risk_level": "LOW", "prototype_alert": false, "inference_date": "2026-08-30"}, "geometry": {"type": "Point", "coordinates": [92.4, 24.0]}}, {"type": "Feature", "properties": {"grid_id": "NER_000508", "state": "Mizoram", "risk_probability": 0.10622195072534156, "risk_level": "LOW", "prototype_alert": false, "inference_date": "2026-08-30"}, "geometry": {"type": "Point", "coordinates": [92.6, 24.0]}}, {"type": "Feature", "properties": {"grid_id": "NER_000509", "state": "Mizoram", "risk_probability": 0.060888686370073615, "risk_level": "LOW", "prototype_alert": false, "inference_date": "2026-08-30"}, "geometry": {"type": "Point", "coordinates": [92.8, 24.0]}}, {"type": "Feature", "properties": {"grid_id": "NER_000510", "state": "Mizoram", "risk_probability": 0.4119630594334731, "risk_level": "MODERATE", "prototype_alert": true, "inference_date": "2026-08-30"}, "geometry": {"type": "Point", "coordinates": [93.0, 24.0]}}, {"type": "Feature", "properties": {"grid_id": "NER_000511", "state": "Mizoram", "risk_probability": 0.09938900106698287, "risk_level": "LOW", "prototype_alert": false, "inference_date": "2026-08-30"}, "geometry": {"type": "Point", "coordinates": [93.2, 24.0]}}, {"type": "Feature", "properties": {"grid_id": "NER_000512", "state": "Mizoram", "risk_probability": 0.3216009212720126, "risk_level": "MODERATE", "prototype_alert": true, "inference_date": "2026-08-30"}, "geometry": {"type": "Point", "coordinates": [92.4, 24.2]}}, {"type": "Feature", "properties": {"grid_id": "NER_000513", "state": "Mizoram", "risk_probability": 0.2881471026555588, "risk_level": "MODERATE", "prototype_alert": false, "inference_date": "2026-08-30"}, "geometry": {"type": "Point", "coordinates": [92.6, 24.2]}}, {"type": "Feature", "properties": {"grid_id": "NER_000514", "state": "Mizoram", "risk_probability": 0.3469261179483125, "risk_level": "MODERATE", "prototype_alert": true, "inference_date": "2026-08-30"}, "geometry": {"type": "Point", "coordinates": [92.8, 24.2]}}, {"type": "Feature", "properties": {"grid_id": "NER_000515", "state": "Mizoram", "risk_probability": 0.3777852925738088, "risk_level": "MODERATE", "prototype_alert": true, "inference_date": "2026-08-30"}, "geometry": {"type": "Point", "coordinates": [93.0, 24.2]}}, {"type": "Feature", "properties": {"grid_id": "NER_000516", "state": "Mizoram", "risk_probability": 0.7733286758554697, "risk_level": "CRITICAL", "prototype_alert": true, "inference_date": "2026-08-30"}, "geometry": {"type": "Point", "coordinates": [92.8, 24.4]}}, {"type": "Feature", "properties": {"grid_id": "NER_000517", "state": "Mizoram", "risk_probability": 0.0787880771453652, "risk_level": "LOW", "prototype_alert": false, "inference_date": "2026-08-30"}, "geometry": {"type": "Point", "coordinates": [93.0, 24.4]}}, {"type": "Feature", "properties": {"grid_id": "NER_000518", "state": "Nagaland", "risk_probability": 0.09104277107031702, "risk_level": "LOW", "prototype_alert": false, "inference_date": "2026-08-30"}, "geometry": {"type": "Point", "coordinates": [93.6, 25.4]}}, {"type": "Feature", "properties": {"grid_id": "NER_000519", "state": "Nagaland", "risk_probability": 0.20122832811970576, "risk_level": "LOW", "prototype_alert": false, "inference_date": "2026-08-30"}, "geometry": {"type": "Point", "coordinates": [93.6, 25.6]}}, {"type": "Feature", "properties": {"grid_id": "NER_000520", "state": "Nagaland", "risk_probability": 0.14839676410526526, "risk_level": "LOW", "prototype_alert": false, "inference_date": "2026-08-30"}, "geometry": {"type": "Point", "coordinates": [93.8, 25.6]}}, {"type": "Feature", "properties": {"grid_id": "NER_000521", "state": "Nagaland", "risk_probability": 0.09978709140310354, "risk_level": "LOW", "prototype_alert": false, "inference_date": "2026-08-30"}, "geometry": {"type": "Point", "coordinates": [94.0, 25.6]}}, {"type": "Feature", "properties": {"grid_id": "NER_000522", "state": "Nagaland", "risk_probability": 0.8041620138124684, "risk_level": "CRITICAL", "prototype_alert": true, "inference_date": "2026-08-30"}, "geometry": {"type": "Point", "coordinates": [94.2, 25.6]}}, {"type": "Feature", "properties": {"grid_id": "NER_000523", "state": "Nagaland", "risk_probability": 0.9345780259480301, "risk_level": "CRITICAL", "prototype_alert": true, "inference_date": "2026-08-30"}, "geometry": {"type": "Point", "coordinates": [94.4, 25.6]}}, {"type": "Feature", "properties": {"grid_id": "NER_000524", "state": "Nagaland", "risk_probability": 0.237952850852994, "risk_level": "LOW", "prototype_alert": false, "inference_date": "2026-08-30"}, "geometry": {"type": "Point", "coordinates": [94.6, 25.6]}}, {"type": "Feature", "properties": {"grid_id": "NER_000525", "state": "Nagaland", "risk_probability": 0.8182067670659529, "risk_level": "CRITICAL", "prototype_alert": true, "inference_date": "2026-08-30"}, "geometry": {"type": "Point", "coordinates": [94.8, 25.6]}}, {"type": "Feature", "properties": {"grid_id": "NER_000526", "state": "Nagaland", "risk_probability": 0.7506158847497552, "risk_level": "CRITICAL", "prototype_alert": true, "inference_date": "2026-08-30"}, "geometry": {"type": "Point", "coordinates": [93.8, 25.8]}}, {"type": "Feature", "properties": {"grid_id": "NER_000527", "state": "Nagaland", "risk_probability": 0.6580907219716086, "risk_level": "HIGH", "prototype_alert": true, "inference_date": "2026-08-30"}, "geometry": {"type": "Point", "coordinates": [94.0, 25.8]}}, {"type": "Feature", "properties": {"grid_id": "NER_000528", "state": "Nagaland", "risk_probability": 0.12453625770992599, "risk_level": "LOW", "prototype_alert": false, "inference_date": "2026-08-30"}, "geometry": {"type": "Point", "coordinates": [94.2, 25.8]}}, {"type": "Feature", "properties": {"grid_id": "NER_000529", "state": "Nagaland", "risk_probability": 0.9253834699036481, "risk_level": "CRITICAL", "prototype_alert": true, "inference_date": "2026-08-30"}, "geometry": {"type": "Point", "coordinates": [94.4, 25.8]}}, {"type": "Feature", "properties": {"grid_id": "NER_000530", "state": "Nagaland", "risk_probability": 0.5956893696166099, "risk_level": "HIGH", "prototype_alert": true, "inference_date": "2026-08-30"}, "geometry": {"type": "Point", "coordinates": [94.6, 25.8]}}, {"type": "Feature", "properties": {"grid_id": "NER_000531", "state": "Nagaland", "risk_probability": 0.7349872008671151, "risk_level": "HIGH", "prototype_alert": true, "inference_date": "2026-08-30"}, "geometry": {"type": "Point", "coordinates": [94.8, 25.8]}}, {"type": "Feature", "properties": {"grid_id": "NER_000532", "state": "Nagaland", "risk_probability": 0.12499411767019665, "risk_level": "LOW", "prototype_alert": false, "inference_date": "2026-08-30"}, "geometry": {"type": "Point", "coordinates": [95.0, 25.8]}}, {"type": "Feature", "properties": {"grid_id": "NER_000533", "state": "Nagaland", "risk_probability": 0.08032148731518586, "risk_level": "LOW", "prototype_alert": false, "inference_date": "2026-08-30"}, "geometry": {"type": "Point", "coordinates": [94.0, 26.0]}}, {"type": "Feature", "properties": {"grid_id": "NER_000534", "state": "Nagaland", "risk_probability": 0.08763645804653761, "risk_level": "LOW", "prototype_alert": false, "inference_date": "2026-08-30"}, "geometry": {"type": "Point", "coordinates": [94.2, 26.0]}}, {"type": "Feature", "properties": {"grid_id": "NER_000535", "state": "Nagaland", "risk_probability": 0.07632104229081878, "risk_level": "LOW", "prototype_alert": false, "inference_date": "2026-08-30"}, "geometry": {"type": "Point", "coordinates": [94.4, 26.0]}}, {"type": "Feature", "properties": {"grid_id": "NER_000536", "state": "Nagaland", "risk_probability": 0.10568962908352694, "risk_level": "LOW", "prototype_alert": false, "inference_date": "2026-08-30"}, "geometry": {"type": "Point", "coordinates": [94.6, 26.0]}}, {"type": "Feature", "properties": {"grid_id": "NER_000537", "state": "Nagaland", "risk_probability": 0.1344522837411583, "risk_level": "LOW", "prototype_alert": false, "inference_date": "2026-08-30"}, "geometry": {"type": "Point", "coordinates": [94.8, 26.0]}}, {"type": "Feature", "properties": {"grid_id": "NER_000538", "state": "Nagaland", "risk_probability": 0.0680146675018162, "risk_level": "LOW", "prototype_alert": false, "inference_date": "2026-08-30"}, "geometry": {"type": "Point", "coordinates": [95.0, 26.0]}}, {"type": "Feature", "properties": {"grid_id": "NER_000539", "state": "Nagaland", "risk_probability": 0.06653219696647643, "risk_level": "LOW", "prototype_alert": false, "inference_date": "2026-08-30"}, "geometry": {"type": "Point", "coordinates": [94.2, 26.2]}}, {"type": "Feature", "properties": {"grid_id": "NER_000540", "state": "Nagaland", "risk_probability": 0.08168720433238638, "risk_level": "LOW", "prototype_alert": false, "inference_date": "2026-08-30"}, "geometry": {"type": "Point", "coordinates": [94.4, 26.2]}}, {"type": "Feature", "properties": {"grid_id": "NER_000541", "state": "Nagaland", "risk_probability": 0.06706980885014922, "risk_level": "LOW", "prototype_alert": false, "inference_date": "2026-08-30"}, "geometry": {"type": "Point", "coordinates": [94.6, 26.2]}}, {"type": "Feature", "properties": {"grid_id": "NER_000542", "state": "Nagaland", "risk_probability": 0.09202643193524979, "risk_level": "LOW", "prototype_alert": false, "inference_date": "2026-08-30"}, "geometry": {"type": "Point", "coordinates": [94.8, 26.2]}}, {"type": "Feature", "properties": {"grid_id": "NER_000543", "state": "Nagaland", "risk_probability": 0.22353170094599328, "risk_level": "LOW", "prototype_alert": false, "inference_date": "2026-08-30"}, "geometry": {"type": "Point", "coordinates": [95.0, 26.2]}}, {"type": "Feature", "properties": {"grid_id": "NER_000544", "state": "Nagaland", "risk_probability": 0.05314695454556251, "risk_level": "LOW", "prototype_alert": false, "inference_date": "2026-08-30"}, "geometry": {"type": "Point", "coordinates": [94.2, 26.4]}}, {"type": "Feature", "properties": {"grid_id": "NER_000545", "state": "Nagaland", "risk_probability": 0.07666082867758808, "risk_level": "LOW", "prototype_alert": false, "inference_date": "2026-08-30"}, "geometry": {"type": "Point", "coordinates": [94.4, 26.4]}}, {"type": "Feature", "properties": {"grid_id": "NER_000546", "state": "Nagaland", "risk_probability": 0.06699934309574203, "risk_level": "LOW", "prototype_alert": false, "inference_date": "2026-08-30"}, "geometry": {"type": "Point", "coordinates": [94.6, 26.4]}}, {"type": "Feature", "properties": {"grid_id": "NER_000547", "state": "Nagaland", "risk_probability": 0.0987221148730632, "risk_level": "LOW", "prototype_alert": false, "inference_date": "2026-08-30"}, "geometry": {"type": "Point", "coordinates": [94.8, 26.4]}}, {"type": "Feature", "properties": {"grid_id": "NER_000548", "state": "Nagaland", "risk_probability": 0.10311854353770541, "risk_level": "LOW", "prototype_alert": false, "inference_date": "2026-08-30"}, "geometry": {"type": "Point", "coordinates": [95.0, 26.4]}}, {"type": "Feature", "properties": {"grid_id": "NER_000549", "state": "Nagaland", "risk_probability": 0.06548177471487418, "risk_level": "LOW", "prototype_alert": false, "inference_date": "2026-08-30"}, "geometry": {"type": "Point", "coordinates": [94.6, 26.6]}}, {"type": "Feature", "properties": {"grid_id": "NER_000550", "state": "Nagaland", "risk_probability": 0.0979564199038385, "risk_level": "LOW", "prototype_alert": false, "inference_date": "2026-08-30"}, "geometry": {"type": "Point", "coordinates": [94.8, 26.6]}}, {"type": "Feature", "properties": {"grid_id": "NER_000551", "state": "Nagaland", "risk_probability": 0.06311404882027938, "risk_level": "LOW", "prototype_alert": false, "inference_date": "2026-08-30"}, "geometry": {"type": "Point", "coordinates": [95.0, 26.6]}}, {"type": "Feature", "properties": {"grid_id": "NER_000552", "state": "Nagaland", "risk_probability": 0.07082106019820905, "risk_level": "LOW", "prototype_alert": false, "inference_date": "2026-08-30"}, "geometry": {"type": "Point", "coordinates": [95.0, 26.8]}}, {"type": "Feature", "properties": {"grid_id": "NER_000553", "state": "Nagaland", "risk_probability": 0.083345329376098, "risk_level": "LOW", "prototype_alert": false, "inference_date": "2026-08-30"}, "geometry": {"type": "Point", "coordinates": [95.2, 26.8]}}, {"type": "Feature", "properties": {"grid_id": "NER_000554", "state": "Sikkim", "risk_probability": 0.1557154444800613, "risk_level": "LOW", "prototype_alert": false, "inference_date": "2026-08-30"}, "geometry": {"type": "Point", "coordinates": [88.2, 27.2]}}, {"type": "Feature", "properties": {"grid_id": "NER_000555", "state": "Sikkim", "risk_probability": 0.07286800094982947, "risk_level": "LOW", "prototype_alert": false, "inference_date": "2026-08-30"}, "geometry": {"type": "Point", "coordinates": [88.4, 27.2]}}, {"type": "Feature", "properties": {"grid_id": "NER_000556", "state": "Sikkim", "risk_probability": 0.1044574543949908, "risk_level": "LOW", "prototype_alert": false, "inference_date": "2026-08-30"}, "geometry": {"type": "Point", "coordinates": [88.6, 27.2]}}, {"type": "Feature", "properties": {"grid_id": "NER_000557", "state": "Sikkim", "risk_probability": 0.08941951021020733, "risk_level": "LOW", "prototype_alert": false, "inference_date": "2026-08-30"}, "geometry": {"type": "Point", "coordinates": [88.2, 27.4]}}, {"type": "Feature", "properties": {"grid_id": "NER_000558", "state": "Sikkim", "risk_probability": 0.09115030404764699, "risk_level": "LOW", "prototype_alert": false, "inference_date": "2026-08-30"}, "geometry": {"type": "Point", "coordinates": [88.4, 27.4]}}, {"type": "Feature", "properties": {"grid_id": "NER_000559", "state": "Sikkim", "risk_probability": 0.07510906447648204, "risk_level": "LOW", "prototype_alert": false, "inference_date": "2026-08-30"}, "geometry": {"type": "Point", "coordinates": [88.6, 27.4]}}, {"type": "Feature", "properties": {"grid_id": "NER_000560", "state": "Sikkim", "risk_probability": 0.026875746137049496, "risk_level": "LOW", "prototype_alert": false, "inference_date": "2026-08-30"}, "geometry": {"type": "Point", "coordinates": [88.8, 27.4]}}, {"type": "Feature", "properties": {"grid_id": "NER_000561", "state": "Sikkim", "risk_probability": 0.03516353970032865, "risk_level": "LOW", "prototype_alert": false, "inference_date": "2026-08-30"}, "geometry": {"type": "Point", "coordinates": [88.2, 27.6]}}, {"type": "Feature", "properties": {"grid_id": "NER_000562", "state": "Sikkim", "risk_probability": 0.06728658930386466, "risk_level": "LOW", "prototype_alert": false, "inference_date": "2026-08-30"}, "geometry": {"type": "Point", "coordinates": [88.4, 27.6]}}, {"type": "Feature", "properties": {"grid_id": "NER_000563", "state": "Sikkim", "risk_probability": 0.12217781605478586, "risk_level": "LOW", "prototype_alert": false, "inference_date": "2026-08-30"}, "geometry": {"type": "Point", "coordinates": [88.6, 27.6]}}, {"type": "Feature", "properties": {"grid_id": "NER_000564", "state": "Sikkim", "risk_probability": 0.03827805339413653, "risk_level": "LOW", "prototype_alert": false, "inference_date": "2026-08-30"}, "geometry": {"type": "Point", "coordinates": [88.8, 27.6]}}, {"type": "Feature", "properties": {"grid_id": "NER_000565", "state": "Sikkim", "risk_probability": 0.03871531360171373, "risk_level": "LOW", "prototype_alert": false, "inference_date": "2026-08-30"}, "geometry": {"type": "Point", "coordinates": [88.2, 27.8]}}, {"type": "Feature", "properties": {"grid_id": "NER_000566", "state": "Sikkim", "risk_probability": 0.04029476197739993, "risk_level": "LOW", "prototype_alert": false, "inference_date": "2026-08-30"}, "geometry": {"type": "Point", "coordinates": [88.4, 27.8]}}, {"type": "Feature", "properties": {"grid_id": "NER_000567", "state": "Sikkim", "risk_probability": 0.02541859630267407, "risk_level": "LOW", "prototype_alert": false, "inference_date": "2026-08-30"}, "geometry": {"type": "Point", "coordinates": [88.6, 27.8]}}, {"type": "Feature", "properties": {"grid_id": "NER_000568", "state": "Sikkim", "risk_probability": 0.03155139889294735, "risk_level": "LOW", "prototype_alert": false, "inference_date": "2026-08-30"}, "geometry": {"type": "Point", "coordinates": [88.8, 27.8]}}, {"type": "Feature", "properties": {"grid_id": "NER_000569", "state": "Sikkim", "risk_probability": 0.07944201753819258, "risk_level": "LOW", "prototype_alert": false, "inference_date": "2026-08-30"}, "geometry": {"type": "Point", "coordinates": [88.6, 28.0]}}, {"type": "Feature", "properties": {"grid_id": "NER_000570", "state": "Sikkim", "risk_probability": 0.09652187302901216, "risk_level": "LOW", "prototype_alert": false, "inference_date": "2026-08-30"}, "geometry": {"type": "Point", "coordinates": [88.8, 28.0]}}, {"type": "Feature", "properties": {"grid_id": "NER_000571", "state": "Tripura", "risk_probability": 0.2476577177761065, "risk_level": "LOW", "prototype_alert": false, "inference_date": "2026-08-30"}, "geometry": {"type": "Point", "coordinates": [91.6, 23.0]}}, {"type": "Feature", "properties": {"grid_id": "NER_000572", "state": "Tripura", "risk_probability": 0.29067288352134074, "risk_level": "MODERATE", "prototype_alert": false, "inference_date": "2026-08-30"}, "geometry": {"type": "Point", "coordinates": [91.6, 23.2]}}, {"type": "Feature", "properties": {"grid_id": "NER_000573", "state": "Tripura", "risk_probability": 0.3797317064147564, "risk_level": "MODERATE", "prototype_alert": true, "inference_date": "2026-08-30"}, "geometry": {"type": "Point", "coordinates": [91.4, 23.4]}}, {"type": "Feature", "properties": {"grid_id": "NER_000574", "state": "Tripura", "risk_probability": 0.39067304589905916, "risk_level": "MODERATE", "prototype_alert": true, "inference_date": "2026-08-30"}, "geometry": {"type": "Point", "coordinates": [91.6, 23.4]}}, {"type": "Feature", "properties": {"grid_id": "NER_000575", "state": "Tripura", "risk_probability": 0.45149300360840616, "risk_level": "MODERATE", "prototype_alert": true, "inference_date": "2026-08-30"}, "geometry": {"type": "Point", "coordinates": [91.8, 23.4]}}, {"type": "Feature", "properties": {"grid_id": "NER_000576", "state": "Tripura", "risk_probability": 0.434050447596583, "risk_level": "MODERATE", "prototype_alert": true, "inference_date": "2026-08-30"}, "geometry": {"type": "Point", "coordinates": [91.2, 23.6]}}, {"type": "Feature", "properties": {"grid_id": "NER_000577", "state": "Tripura", "risk_probability": 0.4785991610285829, "risk_level": "MODERATE", "prototype_alert": true, "inference_date": "2026-08-30"}, "geometry": {"type": "Point", "coordinates": [91.4, 23.6]}}, {"type": "Feature", "properties": {"grid_id": "NER_000578", "state": "Tripura", "risk_probability": 0.18280302316367053, "risk_level": "LOW", "prototype_alert": false, "inference_date": "2026-08-30"}, "geometry": {"type": "Point", "coordinates": [91.6, 23.6]}}, {"type": "Feature", "properties": {"grid_id": "NER_000579", "state": "Tripura", "risk_probability": 0.4385119683609886, "risk_level": "MODERATE", "prototype_alert": true, "inference_date": "2026-08-30"}, "geometry": {"type": "Point", "coordinates": [91.8, 23.6]}}, {"type": "Feature", "properties": {"grid_id": "NER_000580", "state": "Tripura", "risk_probability": 0.228321621370845, "risk_level": "LOW", "prototype_alert": false, "inference_date": "2026-08-30"}, "geometry": {"type": "Point", "coordinates": [91.4, 23.8]}}, {"type": "Feature", "properties": {"grid_id": "NER_000581", "state": "Tripura", "risk_probability": 0.2289110466084358, "risk_level": "LOW", "prototype_alert": false, "inference_date": "2026-08-30"}, "geometry": {"type": "Point", "coordinates": [91.6, 23.8]}}, {"type": "Feature", "properties": {"grid_id": "NER_000582", "state": "Tripura", "risk_probability": 0.04073230647731093, "risk_level": "LOW", "prototype_alert": false, "inference_date": "2026-08-30"}, "geometry": {"type": "Point", "coordinates": [91.8, 23.8]}}, {"type": "Feature", "properties": {"grid_id": "NER_000583", "state": "Tripura", "risk_probability": 0.060443652135001566, "risk_level": "LOW", "prototype_alert": false, "inference_date": "2026-08-30"}, "geometry": {"type": "Point", "coordinates": [92.0, 23.8]}}, {"type": "Feature", "properties": {"grid_id": "NER_000584", "state": "Tripura", "risk_probability": 0.4953635393122857, "risk_level": "MODERATE", "prototype_alert": true, "inference_date": "2026-08-30"}, "geometry": {"type": "Point", "coordinates": [92.2, 23.8]}}, {"type": "Feature", "properties": {"grid_id": "NER_000585", "state": "Tripura", "risk_probability": 0.3355860291601817, "risk_level": "MODERATE", "prototype_alert": true, "inference_date": "2026-08-30"}, "geometry": {"type": "Point", "coordinates": [91.4, 24.0]}}, {"type": "Feature", "properties": {"grid_id": "NER_000586", "state": "Tripura", "risk_probability": 0.14097886525359515, "risk_level": "LOW", "prototype_alert": false, "inference_date": "2026-08-30"}, "geometry": {"type": "Point", "coordinates": [91.6, 24.0]}}, {"type": "Feature", "properties": {"grid_id": "NER_000587", "state": "Tripura", "risk_probability": 0.4525231796485186, "risk_level": "MODERATE", "prototype_alert": true, "inference_date": "2026-08-30"}, "geometry": {"type": "Point", "coordinates": [91.8, 24.0]}}, {"type": "Feature", "properties": {"grid_id": "NER_000588", "state": "Tripura", "risk_probability": 0.5178547098982976, "risk_level": "HIGH", "prototype_alert": true, "inference_date": "2026-08-30"}, "geometry": {"type": "Point", "coordinates": [92.0, 24.0]}}, {"type": "Feature", "properties": {"grid_id": "NER_000589", "state": "Tripura", "risk_probability": 0.09688364844139785, "risk_level": "LOW", "prototype_alert": false, "inference_date": "2026-08-30"}, "geometry": {"type": "Point", "coordinates": [92.2, 24.0]}}, {"type": "Feature", "properties": {"grid_id": "NER_000590", "state": "Tripura", "risk_probability": 0.15996351047560223, "risk_level": "LOW", "prototype_alert": false, "inference_date": "2026-08-30"}, "geometry": {"type": "Point", "coordinates": [91.8, 24.2]}}, {"type": "Feature", "properties": {"grid_id": "NER_000591", "state": "Tripura", "risk_probability": 0.1642995022855856, "risk_level": "LOW", "prototype_alert": false, "inference_date": "2026-08-30"}, "geometry": {"type": "Point", "coordinates": [92.0, 24.2]}}, {"type": "Feature", "properties": {"grid_id": "NER_000592", "state": "Tripura", "risk_probability": 0.27958812158656715, "risk_level": "MODERATE", "prototype_alert": false, "inference_date": "2026-08-30"}, "geometry": {"type": "Point", "coordinates": [92.2, 24.2]}}, {"type": "Feature", "properties": {"grid_id": "NER_000593", "state": "Tripura", "risk_probability": 0.37923176536095565, "risk_level": "MODERATE", "prototype_alert": true, "inference_date": "2026-08-30"}, "geometry": {"type": "Point", "coordinates": [92.2, 24.4]}}]}