pair_id,state,event_date,positive_rainfall_24h_mm,background_rainfall_24h_mm,delta_rainfall_24h_mm,positive_rainfall_72h_mm,background_rainfall_72h_mm,delta_rainfall_72h_mm,positive_rainfall_7d_mm,background_rainfall_7d_mm,delta_rainfall_7d_mm,positive_rain_prev_48h_mm,background_rain_prev_48h_mm,delta_rain_prev_48h_mm,positive_rain_prev_4d_mm,background_rain_prev_4d_mm,delta_rain_prev_4d_mm,positive_ratio_24_to_72,background_ratio_24_to_72,delta_ratio_24_to_72,positive_ratio_72_to_7d,background_ratio_72_to_7d,delta_ratio_72_to_7d
1048547,Assam,2004-07-15,21.19,14.14,7.050000000000001,86.74,22.26,64.47999999999999,174.81,68.47,106.34,65.55,8.120000000000001,57.42999999999999,88.07000000000001,46.209999999999994,41.860000000000014,0.24429329029282917,0.6352201257861635,-0.3909268354933343,0.4961958698014987,0.32510588578939686,0.17108998401210185
1048389,Assam,2004-07-15,21.19,45.76,-24.569999999999997,86.74,89.97,-3.230000000000004,174.81,198.24,-23.430000000000007,65.55,44.21,21.339999999999996,88.07000000000001,108.27000000000001,-20.200000000000003,0.24429329029282917,0.5086139824385906,-0.26432069214576137,0.4961958698014987,0.4538438256658595,0.0423520441356392
1048386,Assam,2004-07-15,21.19,16.77,4.420000000000002,86.74,25.38,61.36,174.81,66.67999999999999,108.13000000000001,65.55,8.61,56.94,88.07000000000001,41.3,46.77000000000001,0.24429329029282917,0.6607565011820331,-0.4164632108892039,0.4961958698014987,0.38062387522495505,0.11557199457654366
1050630,Assam,2004-07-15,14.1,46.54,-32.44,35.129999999999995,94.32,-59.19,98.06,199.44,-101.38,21.029999999999994,47.779999999999994,-26.75,62.93000000000001,105.12,-42.19,0.40136635354397954,0.49342663273960985,-0.09206027919563031,0.3582500509891902,0.4729241877256317,-0.1146741367364415
1050635,Mizoram,2004-07-29,0.48,1.02,-0.54,4.9,5.09,-0.1899999999999995,16.06,16.21,-0.15000000000000213,4.42,4.07,0.34999999999999964,11.159999999999998,11.120000000000001,0.03999999999999737,0.09795918367346938,0.20039292730844796,-0.10243374363497858,0.3051058530510586,0.31400370141887723,-0.00889784836781865
938324,Sikkim,2004-09-02,16.38,17.2,-0.8200000000000003,40.57,40.260000000000005,0.30999999999999517,134.07,133.1,0.9699999999999989,24.19,23.060000000000006,1.1299999999999955,93.5,92.83999999999999,0.6600000000000108,0.40374661079615476,0.4272230501738698,-0.02347643937771504,0.30260311777429705,0.30247933884297523,0.00012377893132181628
1048548,Assam,2004-10-07,121.78,12.8,108.98,229.02,49.85,179.17000000000002,265.58000000000004,65.55,200.03000000000003,107.24000000000001,37.05,70.19000000000001,36.56000000000003,15.699999999999996,20.860000000000035,0.531743952493232,0.2567703109327984,0.27497364156043363,0.8623390315535807,0.7604881769641496,0.1018508545894311
1048377,Assam,2004-10-08,24.2,57.27,-33.07000000000001,234.49,238.81000000000003,-4.320000000000022,289.61999999999995,284.56,5.059999999999945,210.29000000000002,181.54000000000002,28.75,55.12999999999994,45.74999999999997,9.379999999999967,0.10320269521088318,0.2398140781374314,-0.13661138292654823,0.8096471238174161,0.839225470902446,-0.029578347085029932
1050658,Mizoram,2005-08-01,0.21,0.19,0.01999999999999999,1.95,1.15,0.8,16.98,9.269999999999998,7.710000000000003,1.74,0.96,0.78,15.030000000000001,8.119999999999997,6.910000000000004,0.10769230769230768,0.16521739130434784,-0.05752508361204016,0.11484098939929328,0.12405609492988136,-0.009215105530588075
1048549,Assam,2005-08-19,63.62,16.91,46.709999999999994,179.61999999999998,35.96,143.65999999999997,231.20999999999995,76.91,154.29999999999995,115.99999999999997,19.05,96.94999999999997,51.589999999999975,40.949999999999996,10.63999999999998,0.35419218349849685,0.47024471635150167,-0.11605253285300482,0.7768695125643356,0.46755948511246914,0.3093100274518664
1048378,Assam,2005-08-24,22.4,70.83,-48.43,37.26,125.15,-87.89000000000001,258.21,189.78,68.42999999999998,14.86,54.32000000000001,-39.46000000000001,220.95,64.63,156.32,0.6011808910359635,0.5659608469836196,0.03522004405234391,0.1443011502265598,0.6594477816419012,-0.5151466314153414
1048550,Assam,2005-08-24,22.4,46.02,-23.620000000000005,37.26,80.57,-43.309999999999995,258.21,114.73,143.47999999999996,14.86,34.54999999999999,-19.68999999999999,220.95,34.16000000000001,186.78999999999996,0.6011808910359635,0.5711803400769518,0.030000550959011663,0.1443011502265598,0.7022574740695545,-0.5579563238429948
1048387,Assam,2005-08-24,22.4,23.82,-1.4200000000000017,37.26,38.69,-1.4299999999999997,258.21,97.9,160.30999999999997,14.86,14.869999999999997,-0.00999999999999801,220.95,59.21000000000001,161.73999999999998,0.6011808910359635,0.6156629620056863,-0.01448207096972276,0.1443011502265598,0.39519918283963223,-0.2508980326130724
938387,Sikkim,2005-09-25,1.56,0.5,1.06,2.89,0.73,2.16,13.589999999999998,6.8500000000000005,6.7399999999999975,1.33,0.22999999999999998,1.1,10.699999999999998,6.120000000000001,4.5799999999999965,0.5397923875432525,0.684931506849315,-0.1451391193060625,0.2126563649742458,0.10656934306569342,0.10608702190855239
1050584,Assam,2006-06-12,96.45,20.95,75.5,230.87,44.35,186.52,254.38,63.73,190.65,134.42000000000002,23.400000000000002,111.02000000000001,23.50999999999999,19.379999999999995,4.1299999999999955,0.41776757482565946,0.47237880496054113,-0.05461123013488167,0.9075792122022172,0.6959045975207909,0.21167461468142623
1049243,Tripura,2006-06-13,43.37,22.35,21.019999999999996,166.92,29.28,137.64,250.81,142.37,108.44,123.54999999999998,6.93,116.61999999999998,83.89000000000001,113.09,-29.19999999999999,0.2598250658998323,0.7633196721311476,-0.5034946062313153,0.6655237032016267,0.20566130505022126,0.4598623981514054
938444,Sikkim,2006-08-03,2.26,2.7,-0.4400000000000004,13.670000000000002,9.23,4.440000000000001,20.84,13.64,7.199999999999999,11.410000000000002,6.53,4.880000000000002,7.169999999999998,4.41,2.759999999999998,0.16532553035844913,0.2925243770314193,-0.12719884667297018,0.6559500959692899,0.6766862170087976,-0.020736121039507727
938422,Sikkim,2007-04-11,0.01,0.01,0.0,8.43,6.32,2.1099999999999994,9.91,7.52,2.3900000000000006,8.42,6.3100000000000005,2.1099999999999994,1.4800000000000004,1.1999999999999993,0.28000000000000114,0.0011862396204033216,0.0015822784810126582,-0.00039603886060933665,0.8506559031281533,0.8404255319148937,0.010230371213259648
938415,Sikkim,2007-05-23,0.02,0.08,-0.06,2.31,1.1900000000000002,1.1199999999999999,27.49,14.740000000000002,12.749999999999996,2.29,1.11,1.18,25.18,13.550000000000002,11.629999999999997,0.008658008658008658,0.06722689075630252,-0.05856888209829386,0.08403055656602401,0.08073270013568522,0.003297856430338794
938390,Sikkim,2007-06-27,17.73,12.31,5.42,21.47,13.86,7.609999999999999,30.87,24.06,6.810000000000002,3.7399999999999984,1.549999999999999,2.1899999999999995,9.400000000000002,10.2,-0.7999999999999972,0.8258034466697718,0.8881673881673883,-0.06236394149761648,0.6954972465176547,0.5760598503740648,0.11943739614358984
1048380,Assam,2007-07-13,4.71,11.86,-7.1499999999999995,10.0,47.86,-37.86,35.0,83.51,-48.510000000000005,5.29,36.0,-30.71,25.0,35.650000000000006,-10.650000000000006,0.471,0.24780610112829085,0.22319389887170912,0.2857142857142857,0.57310501736319,-0.2873907316489043
938328,Sikkim,2007-07-16,16.4,15.14,1.259999999999998,49.85,46.44,3.4100000000000037,129.48,126.22,3.259999999999991,33.45,31.299999999999997,2.1500000000000057,79.63,79.78,-0.15000000000000568,0.3289869608826479,0.32601205857019816,0.0029749023124497342,0.3850015446400989,0.367929012834733,0.017072531805365887
1048446,Assam,2007-07-19,8.09,12.85,-4.76,60.17,61.4,-1.2299999999999969,103.94,124.62,-20.680000000000007,52.08,48.55,3.530000000000001,43.769999999999996,63.220000000000006,-19.45000000000001,0.1344523849094233,0.20928338762214985,-0.07483100271272655,0.5788916682701559,0.4926978013160006,0.08619386695415532
1048441,Assam,2007-07-19,8.09,30.64,-22.55,60.17,68.41,-8.239999999999995,103.94,208.75,-104.81,52.08,37.769999999999996,14.310000000000002,43.769999999999996,140.34,-96.57000000000001,0.1344523849094233,0.44788773571115337,-0.3134353508017301,0.5788916682701559,0.32771257485029937,0.25117909341985656
1050662,Mizoram,2007-07-30,0.52,3.2,-2.68,2.15,31.42,-29.270000000000003,25.31,172.36999999999998,-147.05999999999997,1.63,28.220000000000002,-26.590000000000003,23.16,140.95,-117.78999999999999,0.2418604651162791,0.10184595798854233,0.14001450712773678,0.08494666139865666,0.18228229970412488,-0.09733563830546822
1050668,Mizoram,2007-07-30,0.52,0.31,0.21000000000000002,2.15,3.1700000000000004,-1.0200000000000005,25.31,25.87,-0.5600000000000023,1.63,2.8600000000000003,-1.2300000000000004,23.16,22.7,0.46000000000000085,0.2418604651162791,0.09779179810725551,0.1440686670090236,0.08494666139865666,0.12253575570158486,-0.0375890943029282
938236,Sikkim,2007-08-02,6.04,3.91,2.13,12.56,13.8,-1.2400000000000002,77.66,84.75,-7.090000000000003,6.5200000000000005,9.89,-3.37,65.1,70.95,-5.8500000000000085,0.48089171974522293,0.2833333333333333,0.1975583864118896,0.1617306206541334,0.16283185840707964,-0.001101237752946238
1050913,Manipur,2007-08-26,6.38,3.2,3.1799999999999997,8.78,4.44,4.339999999999999,31.74,14.62,17.119999999999997,2.3999999999999995,1.2400000000000002,1.1599999999999993,22.96,10.18,12.780000000000001,0.7266514806378133,0.7207207207207207,0.005930759917092576,0.27662255828607435,0.3036935704514364,-0.027071012165362063
1050834,Manipur,2007-08-26,6.38,5.9,0.47999999999999954,8.78,7.74,1.0399999999999991,31.74,30.56,1.1799999999999997,2.3999999999999995,1.8399999999999999,0.5599999999999996,22.96,22.82,0.14000000000000057,0.7266514806378133,0.7622739018087855,-0.03562242117097225,0.27662255828607435,0.2532722513089005,0.02335030697717383
1050634,Assam,2007-08-26,13.52,18.77,-5.25,17.810000000000002,24.03,-6.219999999999999,44.31999999999999,51.14,-6.820000000000007,4.290000000000003,5.260000000000002,-0.9699999999999989,26.50999999999999,27.11,-0.6000000000000085,0.7591240875912407,0.7811069496462755,-0.021982862055034746,0.40185018050541527,0.46988658584278453,-0.06803640533736927
1057207,Manipur,2007-08-31,1.14,0.43,0.71,3.91,3.51,0.40000000000000036,19.79,24.63,-4.84,2.7700000000000005,3.0799999999999996,-0.30999999999999917,15.879999999999999,21.119999999999997,-5.239999999999998,0.29156010230179025,0.1225071225071225,0.16905297979466774,0.1975745325922183,0.1425091352009744,0.05506539739124389
938381,Sikkim,2007-09-07,44.33,9.55,34.78,107.27,27.66,79.61,146.80999999999997,51.370000000000005,95.43999999999997,62.94,18.11,44.83,39.53999999999998,23.710000000000004,15.829999999999973,0.4132562692271837,0.34526391901663056,0.06799235021055317,0.7306722975274165,0.5384465641424956,0.19222573338492088
1057438,Manipur,2007-09-08,19.97,12.86,7.109999999999999,61.95,48.52,13.43,125.18,86.76,38.42,41.980000000000004,35.660000000000004,6.32,63.230000000000004,38.24,24.990000000000002,0.3223567393058918,0.2650453421269579,0.05731139717893391,0.49488736219843427,0.5592438911940987,-0.06435652899566441
938319,Sikkim,2007-09-09,5.24,2.78,2.4600000000000004,51.29,14.27,37.019999999999996,137.12,47.25,89.87,46.05,11.49,34.559999999999995,85.83000000000001,32.980000000000004,52.85000000000001,0.10216416455449406,0.19481429572529782,-0.09265013117080376,0.37405192532088677,0.302010582010582,0.07204134331030476
1057853,Manipur,2007-09-09,5.51,7.54,-2.0300000000000002,27.94,65.84,-37.900000000000006,95.54,147.48999999999998,-51.949999999999974,22.43,58.300000000000004,-35.870000000000005,67.60000000000001,81.64999999999998,-14.049999999999969,0.1972083035075161,0.11452004860267315,0.08268825490484294,0.29244295583001884,0.44640314597599845,-0.15396019014597961
1057817,Manipur,2007-09-10,0.8,2.16,-1.36,9.4,25.430000000000003,-16.03,46.03,106.78,-60.75,8.6,23.270000000000003,-14.670000000000003,36.63,81.35,-44.71999999999999,0.0851063829787234,0.0849390483680692,0.00016733461065419897,0.20421464262437541,0.23815321221202476,-0.03393856958764935
938445,Sikkim,2007-09-10,4.62,1.72,2.9000000000000004,12.669999999999998,5.659999999999999,7.009999999999999,85.38999999999999,44.42999999999999,40.959999999999994,8.049999999999997,3.9399999999999995,4.109999999999998,72.71999999999998,38.769999999999996,33.94999999999999,0.3646408839779006,0.30388692579505305,0.06075395818284757,0.1483780302143108,0.12739140220571687,0.02098662800859394
938423,Sikkim,2007-09-10,4.62,4.34,0.28000000000000025,12.669999999999998,10.83,1.839999999999998,85.38999999999999,82.11999999999999,3.269999999999996,8.049999999999997,6.49,1.559999999999997,72.71999999999998,71.28999999999999,1.4299999999999926,0.3646408839779006,0.4007386888273315,-0.03609780484943087,0.1483780302143108,0.13188017535314175,0.01649785486116906
1057807,Manipur,2007-09-11,7.8,7.45,0.34999999999999964,14.88,17.59,-2.709999999999999,107.04,144.74999999999997,-37.709999999999965,7.080000000000001,10.14,-3.0599999999999996,92.16000000000001,127.15999999999997,-34.99999999999996,0.5241935483870968,0.4235361000568505,0.10065744833024626,0.13901345291479822,0.12151986183074268,0.017493591084055543
938382,Sikkim,2007-09-11,5.54,3.37,2.17,18.92,12.09,6.830000000000002,134.8,72.28,62.52000000000001,13.380000000000003,8.719999999999999,4.660000000000004,115.88000000000001,60.19,55.69000000000001,0.2928118393234672,0.2787427626137304,0.014069076709736839,0.1403560830860534,0.1672661870503597,-0.026910103964306292
1048449,Assam,2007-09-13,0.21,0.89,-0.68,9.46,17.48,-8.02,126.43,184.82,-58.389999999999986,9.25,16.59,-7.34,116.97,167.34,-50.370000000000005,0.02219873150105708,0.05091533180778032,-0.028716600306723242,0.07482401328798545,0.09457850881939185,-0.019754495531406402
1048551,Assam,2007-09-15,4.91,11.32,-6.41,31.2,17.23,13.969999999999999,56.92999999999999,48.81,8.11999999999999,26.29,5.91,20.38,25.729999999999993,31.580000000000002,-5.8500000000000085,0.15737179487179487,0.656993615786419,-0.49962182091462415,0.548041454417706,0.3530014341323499,0.1950400202853561
1050607,Assam,2007-09-16,0.85,3.75,-2.9,20.040000000000003,37.76,-17.719999999999995,39.08,61.64,-22.560000000000002,19.19,34.01,-14.819999999999997,19.039999999999996,23.880000000000003,-4.840000000000007,0.04241516966067863,0.0993114406779661,-0.05689627101728747,0.5127942681678609,0.6125892277741726,-0.09979495960631168
938298,Sikkim,2007-09-18,2.12,2.0,0.1200000000000001,2.99,5.16,-2.17,50.99,51.6,-0.6099999999999994,0.8700000000000001,3.16,-2.29,48.0,46.44,1.5600000000000023,0.7090301003344481,0.38759689922480617,0.32143320110964196,0.058638948813492846,0.1,-0.04136105118650716
1050582,Mizoram,2007-09-29,5.99,1.21,4.78,6.130000000000001,1.39,4.740000000000001,7.25,1.74,5.51,0.14000000000000057,0.17999999999999994,-0.03999999999999937,1.1199999999999992,0.3500000000000001,0.7699999999999991,0.9771615008156606,0.8705035971223022,0.10665790369335837,0.8455172413793105,0.7988505747126436,0.046666666666666856
1057849,Manipur,2007-10-19,4.81,4.04,0.7699999999999996,6.09,5.92,0.16999999999999993,38.16,55.86,-17.700000000000003,1.2800000000000002,1.88,-0.5999999999999996,32.06999999999999,49.94,-17.870000000000005,0.7898193760262725,0.6824324324324325,0.10738694359384005,0.15959119496855348,0.10597923379878267,0.05361196116977081
1050772,Manipur,2007-10-21,0.37,2.79,-2.42,19.49,21.88,-2.3900000000000006,65.69,64.95,0.7399999999999949,19.119999999999997,19.09,0.029999999999997584,46.2,43.07000000000001,3.1299999999999955,0.018984094407388404,0.12751371115173676,-0.10852961674434836,0.29669660526716396,0.336874518860662,-0.04017791359349804
1048552,Assam,2008-04-13,27.84,8.31,19.53,28.31,9.7,18.61,28.31,9.7,18.61,0.46999999999999886,1.3899999999999988,-0.9199999999999999,0.0,0.0,0.0,0.9833980925468033,0.8567010309278351,0.1266970616189682,1.0,1.0,0.0
1057337,Manipur,2008-06-09,4.33,2.77,1.56,13.47,9.34,4.130000000000001,19.65,14.91,4.739999999999998,9.14,6.57,2.5700000000000003,6.179999999999998,5.57,0.6099999999999977,0.3214550853749072,0.2965738758029979,0.024881209571909313,0.685496183206107,0.6264252179745138,0.059070965231593164
1057861,Assam,2008-06-14,19.56,47.38,-27.820000000000004,76.22,78.62,-2.4000000000000057,152.26,123.96,28.299999999999997,56.66,31.240000000000002,25.419999999999995,76.03999999999999,45.33999999999999,30.700000000000003,0.25662555759643135,0.6026456372424319,-0.34602007964600057,0.5005910941810062,0.6342368505969669,-0.13364575641596066
1057827,Assam,2008-06-15,5.57,1.55,4.0200000000000005,67.17999999999999,53.01,14.169999999999995,153.57999999999998,114.18999999999998,39.39,61.60999999999999,51.46,10.149999999999991,86.39999999999999,61.179999999999986,25.220000000000006,0.08291158082762728,0.029239766081871347,0.05367181474575594,0.4374267482745149,0.4642262895174709,-0.026799541242956026
1054158,Manipur,2008-06-19,7.96,4.67,3.29,26.66,22.03,4.629999999999999,48.38,37.95,10.43,18.7,17.36,1.3399999999999999,21.720000000000002,15.920000000000002,5.800000000000001,0.29857464366091524,0.21198365864729912,0.08659098501361612,0.5510541546093427,0.5805006587615283,-0.029446504152185637
1048553,Assam,2008-06-19,19.56,8.33,11.229999999999999,30.27,59.2,-28.930000000000003,82.42999999999999,117.62,-35.19000000000001,10.71,50.870000000000005,-40.160000000000004,52.16,58.42,-6.260000000000005,0.6461843409316155,0.14070945945945945,0.505474881472156,0.3672206720854058,0.5033157626254039,-0.13609509053999808
1048400,Tripura,2008-07-15,8.51,24.39,-15.88,117.78,75.75,42.03,192.85,128.99,63.859999999999985,109.27,51.36,57.91,75.07,53.24000000000001,21.829999999999984,0.07225335371030735,0.321980198019802,-0.24972684430949466,0.6107337308789215,0.5872548259555004,0.023478904923421084
1057562,Assam,2008-08-14,13.88,7.97,5.910000000000001,29.31,29.3,0.00999999999999801,75.44,82.04,-6.6000000000000085,15.429999999999998,21.330000000000002,-5.900000000000004,46.129999999999995,52.74000000000001,-6.610000000000014,0.4735585124530877,0.2720136518771331,0.2015448605759546,0.3885206786850477,0.35714285714285715,0.03137782154219054
938418,Sikkim,2008-08-28,3.88,1.56,2.32,13.81,10.56,3.25,31.15,18.13,13.02,9.93,9.0,0.9299999999999997,17.339999999999996,7.5699999999999985,9.769999999999998,0.280955829109341,0.14772727272727273,0.1332285563820683,0.443338683788122,0.5824600110314396,-0.1391213272433176
1057851,Assam,2008-10-29,0.0,0.03,-0.03,11.53,26.54,-15.01,31.2,35.3,-4.099999999999998,11.53,26.509999999999998,-14.979999999999999,19.67,8.759999999999998,10.910000000000004,0.0,0.0011303692539562924,-0.0011303692539562924,0.369551282051282,0.7518413597733712,-0.38229007772208917
1048329,Assam,2008-10-29,0.12,0.03,0.09,19.12,26.54,-7.419999999999998,52.7,35.3,17.400000000000006,19.0,26.509999999999998,-7.509999999999998,33.58,8.759999999999998,24.82,0.006276150627615062,0.0011303692539562924,0.005145781373658769,0.36280834914611004,0.7518413597733712,-0.38903301062726114
938396,Sikkim,2009-07-01,18.05,3.64,14.41,27.34,9.3,18.04,44.52,23.71,20.810000000000002,9.29,5.66,3.629999999999999,17.180000000000003,14.41,2.770000000000003,0.6602048280907096,0.39139784946236555,0.268806978628344,0.6141060197663971,0.39223956136651206,0.22186645839988506
938237,Sikkim,2009-08-19,53.97,40.68,13.29,74.04,60.27,13.770000000000003,93.81000000000004,78.52000000000001,15.290000000000035,20.070000000000007,19.590000000000003,0.480000000000004,19.77000000000004,18.250000000000007,1.5200000000000315,0.728930307941653,0.6749626679940268,0.05396763994762621,0.7892548768787973,0.7675751400916964,0.02167973678710089
938364,Sikkim,2009-08-20,32.35,25.26,7.09,118.31,64.2,54.11,203.22,97.07,106.15,85.96000000000001,38.94,47.02000000000001,84.91,32.86999999999999,52.040000000000006,0.2734341982926211,0.39345794392523364,-0.12002374563261253,0.5821769510874915,0.661378386731225,-0.0792014356437335
938239,Sikkim,2009-08-20,42.08,38.49,3.5899999999999963,146.65,88.84,57.81,198.91000000000005,112.67000000000002,86.24000000000004,104.57000000000001,50.35,54.220000000000006,52.26000000000005,23.830000000000013,28.430000000000035,0.2869416979202182,0.43325078793336336,-0.14630909001314518,0.7372681112060729,0.7884973817342681,-0.05122927052819515
1050739,Assam,2009-08-20,10.67,15.68,-5.01,40.31,40.01,0.30000000000000426,96.95,94.3,2.6500000000000057,29.64,24.33,5.310000000000002,56.64,54.29,2.3500000000000014,0.2646985859588191,0.39190202449387657,-0.12720343853505744,0.4157813305827746,0.42428419936373274,-0.008502868780958128
938397,Sikkim,2009-08-20,32.35,38.49,-6.140000000000001,118.31,88.84,29.47,203.22,112.67000000000002,90.54999999999998,85.96000000000001,50.35,35.61000000000001,84.91,23.830000000000013,61.079999999999984,0.2734341982926211,0.43325078793336336,-0.15981658964074225,0.5821769510874915,0.7884973817342681,-0.20632043064677663
1050792,Manipur,2009-08-20,4.18,12.53,-8.35,18.64,39.22,-20.58,93.85,114.93,-21.080000000000013,14.46,26.689999999999998,-12.229999999999997,75.21,75.71000000000001,-0.5000000000000142,0.2242489270386266,0.31947985721570626,-0.09523093017707968,0.19861481086840704,0.3412511963804054,-0.14263638551199836
938454,Sikkim,2009-08-26,5.84,4.59,1.25,15.989999999999998,17.73,-1.740000000000002,42.08,32.94,9.14,10.149999999999999,13.14,-2.990000000000002,26.09,15.209999999999997,10.880000000000003,0.3652282676672921,0.25888324873096447,0.10634501893632764,0.37999049429657794,0.5382513661202186,-0.15826087182364068
1050706,Assam,2009-08-27,1.6,13.57,-11.97,19.43,19.62,-0.19000000000000128,57.84,97.83,-39.989999999999995,17.83,6.050000000000001,11.779999999999998,38.410000000000004,78.21,-39.79999999999999,0.08234688625836337,0.6916411824668706,-0.6092942962085072,0.33592669432918393,0.20055197792088317,0.13537471640830076
1057936,Manipur,2009-08-30,4.15,4.6,-0.4499999999999993,5.1000000000000005,5.01,0.09000000000000075,15.55,15.2,0.3500000000000014,0.9500000000000002,0.41000000000000014,0.54,10.45,10.19,0.2599999999999998,0.8137254901960784,0.9181636726546906,-0.10443818245861214,0.3279742765273312,0.32960526315789473,-0.0016309866305635468
938419,Sikkim,2009-09-17,3.45,0.66,2.79,10.5,3.49,7.01,12.91,5.44,7.47,7.05,2.83,4.22,2.41,1.9500000000000002,0.45999999999999996,0.32857142857142857,0.18911174785100288,0.1394596807204257,0.8133230054221534,0.6415441176470588,0.17177888777509465
1050598,Mizoram,2009-10-05,9.93,11.55,-1.620000000000001,60.76,57.69,3.0700000000000003,76.79,74.6,2.190000000000012,50.83,46.14,4.689999999999998,16.03000000000001,16.909999999999997,-0.8799999999999883,0.16342988808426598,0.20020800832033284,-0.03677812023606686,0.7912488605287146,0.7733243967828418,0.017924463745872754
1050600,Mizoram,2009-10-06,12.14,8.15,3.99,58.11,56.48,1.6300000000000026,87.67,83.53,4.140000000000001,45.97,48.33,-2.3599999999999994,29.560000000000002,27.050000000000004,2.509999999999998,0.20891412837721562,0.1442988668555241,0.06461526152169153,0.6628265084977757,0.6761642523644199,-0.013337743866644214
1056342,Manipur,2010-03-27,11.06,14.12,-3.0599999999999987,12.33,18.89,-6.5600000000000005,14.4,23.35,-8.950000000000001,1.2699999999999996,4.770000000000001,-3.5000000000000018,2.0700000000000003,4.460000000000001,-2.3900000000000006,0.896999188969992,0.7474854420328215,0.14951374693717046,0.85625,0.8089935760171306,0.04725642398286933
1050647,Assam,2010-04-01,29.82,4.76,25.060000000000002,110.05,36.75,73.3,163.84,60.21,103.63,80.22999999999999,31.990000000000002,48.23999999999999,53.790000000000006,23.46,30.330000000000005,0.2709677419354839,0.1295238095238095,0.14144393241167438,0.67169189453125,0.6103637269556552,0.06132816757559478
1050679,Assam,2010-04-01,29.82,7.53,22.29,110.05,41.89,68.16,163.84,80.97,82.87,80.22999999999999,34.36,45.86999999999999,53.790000000000006,39.08,14.710000000000008,0.2709677419354839,0.17975650513248986,0.09121123680299403,0.67169189453125,0.5173521057181673,0.15433978881308275
938416,Sikkim,2010-04-17,0.25,0.01,0.24,1.82,0.71,1.11,3.52,1.2000000000000002,2.32,1.57,0.7,0.8700000000000001,1.7,0.4900000000000002,1.2099999999999997,0.13736263736263735,0.014084507042253521,0.12327813032038383,0.5170454545454546,0.5916666666666666,-0.07462121212121198
938417,Sikkim,2010-04-17,0.25,0.06,0.19,1.82,1.38,0.44000000000000017,3.52,2.19,1.33,1.57,1.3199999999999998,0.2500000000000002,1.7,0.81,0.8899999999999999,0.13736263736263735,0.043478260869565216,0.09388437649307213,0.5170454545454546,0.6301369863013698,-0.11309153175591524
1048279,Assam,2010-04-18,9.9,25.61,-15.709999999999999,36.73,42.58,-5.850000000000001,76.00000000000001,58.31,17.690000000000012,26.83,16.97,9.86,39.27000000000002,15.730000000000004,23.540000000000013,0.2695344405118432,0.6014560826679192,-0.33192164215607595,0.4832894736842104,0.7302349511233064,-0.246945477439096
1048419,Assam,2010-04-20,30.79,35.45,-4.660000000000004,121.97,102.67,19.299999999999997,192.64,117.59,75.04999999999998,91.18,67.22,23.960000000000008,70.66999999999999,14.920000000000002,55.749999999999986,0.2524391243748463,0.3452809973702153,-0.092841872995369,0.6331499169435216,0.8731184624542904,-0.23996854551076874
1048414,Assam,2010-04-20,30.79,30.5,0.28999999999999915,121.97,101.29,20.679999999999993,192.64,192.84,-0.20000000000001705,91.18,70.79,20.39,70.66999999999999,91.55,-20.88000000000001,0.2524391243748463,0.3011156086484352,-0.048676484273588894,0.6331499169435216,0.5252540966604439,0.10789582028307776
1050648,Assam,2010-04-24,24.87,5.13,19.740000000000002,38.73,21.25,17.479999999999997,128.42000000000002,184.96,-56.53999999999999,13.859999999999996,16.12,-2.260000000000005,89.69000000000003,163.71,-74.01999999999998,0.6421378776142526,0.24141176470588235,0.40072611290837024,0.30158853761096394,0.11488970588235294,0.18669883172861101
938433,Sikkim,2010-05-31,3.58,4.53,-0.9500000000000002,8.5,9.04,-0.5399999999999991,21.61,21.88,-0.2699999999999996,4.92,4.509999999999999,0.41000000000000103,13.11,12.84,0.2699999999999996,0.4211764705882353,0.5011061946902655,-0.0799297241020302,0.3933364183248496,0.41316270566727603,-0.01982628734242642
1050277,Assam,2010-06-03,56.51,68.51,-12.000000000000007,124.5,129.86,-5.360000000000014,188.07,165.47000000000003,22.599999999999966,67.99000000000001,61.35000000000001,6.640000000000001,63.56999999999999,35.610000000000014,27.95999999999998,0.45389558232931726,0.5275681503157246,-0.07367256798640731,0.6619875578242144,0.784794826856832,-0.12280726903261763
1050289,Assam,2010-06-03,56.51,42.12,14.39,124.5,86.66,37.84,188.07,116.9,71.16999999999999,67.99000000000001,44.54,23.45000000000001,63.56999999999999,30.24000000000001,33.329999999999984,0.45389558232931726,0.48603738749134545,-0.03214180516202819,0.6619875578242144,0.741317365269461,-0.07932980744524665
1048412,Tripura,2010-06-03,42.87,39.68,3.1899999999999977,86.42999999999999,85.81,0.6199999999999903,176.4,214.46,-38.06,43.559999999999995,46.13,-2.5700000000000074,89.97000000000001,128.65,-38.67999999999999,0.49600833044081916,0.46241696771938,0.033591362721439144,0.48996598639455774,0.400121234729087,0.08984475166547073
1050796,Manipur,2010-06-07,12.11,12.84,-0.7300000000000004,46.08,54.56999999999999,-8.489999999999995,93.74,89.89000000000001,3.84999999999998,33.97,41.72999999999999,-7.759999999999991,47.66,35.32000000000002,12.339999999999975,0.2628038194444444,0.23529411764705885,0.027509701797385572,0.4915724343930019,0.6070753142730002,-0.1155028798799983
1048325,Assam,2010-06-09,12.13,12.41,-0.27999999999999936,70.25999999999999,35.120000000000005,35.139999999999986,218.44,130.43,88.00999999999999,58.12999999999999,22.710000000000004,35.41999999999999,148.18,95.31,52.870000000000005,0.17264446342157702,0.35335990888382685,-0.18071544546224982,0.32164438747482144,0.269263206317565,0.05238118115725643
1050741,Assam,2010-06-15,22.75,23.83,-1.0799999999999983,40.9,48.29,-7.390000000000001,96.19,107.02,-10.829999999999998,18.15,24.46,-6.310000000000002,55.29,58.73,-3.4399999999999977,0.5562347188264058,0.49347691033340235,0.0627578084930035,0.4252001247530928,0.45122407026723976,-0.02602394551414694
1050621,Assam,2010-06-16,11.35,14.56,-3.210000000000001,63.2,53.88,9.32,123.47,122.05,1.4200000000000017,51.85,39.32,12.530000000000001,60.269999999999996,68.16999999999999,-7.8999999999999915,0.1795886075949367,0.2702301410541945,-0.09064153345925782,0.511865230420345,0.44145841868086855,0.0704068117394765
938438,Sikkim,2010-07-21,3.47,4.32,-0.8500000000000001,42.24,25.93,16.310000000000002,99.54999999999998,56.95,42.59999999999998,38.77,21.61,17.160000000000004,57.30999999999998,31.020000000000003,26.289999999999978,0.08214962121212122,0.16660239105283456,-0.08445276984071334,0.4243093922651935,0.45531167690956975,-0.031002284644376266
938405,Sikkim,2010-07-21,3.47,17.74,-14.269999999999998,42.24,87.19,-44.949999999999996,99.54999999999998,185.76,-86.21000000000001,38.77,69.45,-30.68,57.30999999999998,98.57,-41.26000000000001,0.08214962121212122,0.20346369996559238,-0.12131407875347117,0.4243093922651935,0.4693690783807063,-0.04505968611551281
1050620,Assam,2010-07-25,6.12,2.05,4.07,19.67,40.64999999999999,-20.97999999999999,86.91,68.21,18.700000000000003,13.55,38.599999999999994,-25.049999999999994,67.24,27.560000000000002,39.67999999999999,0.3111337061514997,0.050430504305043054,0.2607032018464567,0.22632608445518354,0.5959536724820407,-0.36962758802685713
1050795,Manipur,2010-07-29,8.29,22.02,-13.73,34.87,43.13,-8.260000000000005,59.66,66.51,-6.8500000000000085,26.58,21.110000000000003,5.469999999999995,24.79,23.380000000000003,1.4099999999999966,0.23774017780326928,0.5105495015070716,-0.2728093237038023,0.5844787127053303,0.6484739136971884,-0.06399520099185818
1057952,Manipur,2010-07-29,14.08,22.02,-7.9399999999999995,36.83,43.13,-6.300000000000004,62.78,66.51,-3.730000000000004,22.75,21.110000000000003,1.639999999999997,25.950000000000003,23.380000000000003,2.5700000000000003,0.3822970404561499,0.5105495015070716,-0.1282524610509217,0.5866517999362854,0.6484739136971884,-0.061822113760903075
1057833,Manipur,2010-07-29,14.08,22.02,-7.9399999999999995,36.83,43.13,-6.300000000000004,62.78,66.51,-3.730000000000004,22.75,21.110000000000003,1.639999999999997,25.950000000000003,23.380000000000003,2.5700000000000003,0.3822970404561499,0.5105495015070716,-0.1282524610509217,0.5866517999362854,0.6484739136971884,-0.061822113760903075
1054555,Manipur,2010-07-31,2.89,14.76,-11.87,48.31,52.18,-3.8699999999999974,86.45,79.14,7.310000000000002,45.42,37.42,8.0,38.14,26.96,11.18,0.05982198302628855,0.28286699885013417,-0.22304501582384562,0.5588201272411799,0.6593378822340157,-0.10051775499283577
1050835,Manipur,2010-08-01,12.47,6.85,5.620000000000001,52.49,38.71,13.780000000000001,96.13,78.24,17.89,40.02,31.86,8.160000000000004,43.63999999999999,39.529999999999994,4.109999999999999,0.23756906077348067,0.17695685869284422,0.060612202080636446,0.5460314157911162,0.4947597137014315,0.051271702089684734
1050591,Mizoram,2010-08-06,0.12,0.52,-0.4,15.76,11.39,4.369999999999999,33.41,43.120000000000005,-9.710000000000008,15.64,10.870000000000001,4.77,17.65,31.730000000000004,-14.080000000000005,0.0076142131979695426,0.0456540825285338,-0.038039869330564254,0.47171505537264297,0.2641465677179963,0.2075684876546467
1050669,Mizoram,2010-08-12,6.23,6.49,-0.2599999999999998,20.73,19.27,1.4600000000000009,25.3,23.8,1.5,14.5,12.78,1.7200000000000006,4.57,4.530000000000001,0.03999999999999915,0.3005306319343946,0.3367929423975091,-0.03626231046311451,0.8193675889328064,0.8096638655462185,0.00970372338658787
1057953,Manipur,2010-08-15,11.99,4.28,7.71,29.62,22.07,7.550000000000001,36.0,43.17,-7.170000000000002,17.630000000000003,17.79,-0.1599999999999966,6.379999999999999,21.1,-14.720000000000002,0.40479405806887236,0.19392840960579974,0.21086564846307262,0.8227777777777778,0.5112346536946953,0.3115431240830825
1050786,Manipur,2010-08-19,9.65,5.79,3.8600000000000003,22.57,9.01,13.56,53.8,32.49,21.309999999999995,12.92,3.2199999999999998,9.7,31.229999999999997,23.480000000000004,7.749999999999993,0.42755870624723086,0.6426193118756937,-0.2150606056284628,0.4195167286245353,0.27731609726069556,0.14220063136383976
938326,Sikkim,2010-08-20,7.08,5.93,1.1500000000000004,44.75,23.81,20.94,178.62,62.12,116.5,37.67,17.88,19.790000000000003,133.87,38.31,95.56,0.15821229050279328,0.249055018899622,-0.09084272839682872,0.2505318553353488,0.383290405666452,-0.13275855033110323
1051132,Manipur,2010-08-24,10.0,8.12,1.8800000000000008,11.97,14.3,-2.33,36.83,48.51,-11.68,1.9700000000000006,6.1800000000000015,-4.210000000000001,24.86,34.209999999999994,-9.349999999999994,0.835421888053467,0.5678321678321677,0.26758972022129923,0.3250067879446104,0.29478458049886624,0.030222207445744165
938384,Sikkim,2010-08-26,53.45,42.05,11.400000000000006,71.35000000000001,61.48,9.870000000000012,144.43,134.76999999999998,9.660000000000025,17.900000000000006,19.43,-1.529999999999994,73.08,73.28999999999999,-0.20999999999999375,0.7491240364400841,0.6839622641509434,0.06516177228914066,0.494010939555494,0.4561846108184314,0.0378263287370626
1057859,Manipur,2010-08-27,14.17,7.9,6.27,24.4,12.38,12.019999999999998,38.370000000000005,27.56,10.810000000000006,10.229999999999999,4.48,5.749999999999998,13.970000000000006,15.179999999999998,-1.209999999999992,0.5807377049180328,0.6381260096930533,-0.05738830477502055,0.6359134740682824,0.4492017416545719,0.18671173241371047
1050770,Manipur,2010-08-27,11.89,9.47,2.42,17.22,13.420000000000002,3.799999999999997,38.09,26.85,11.240000000000002,5.329999999999998,3.950000000000001,1.3799999999999972,20.870000000000005,13.43,7.440000000000005,0.6904761904761906,0.7056631892697466,-0.015186998793556006,0.45208716198477283,0.49981378026070766,-0.04772661827593483
938421,Sikkim,2010-08-27,8.52,11.94,-3.42,38.77,39.91,-1.1399999999999935,92.99,93.81,-0.8200000000000074,30.250000000000004,27.97,2.2800000000000047,54.21999999999999,53.900000000000006,0.3199999999999861,0.21975754449316479,0.29917313956401903,-0.07941559507085424,0.4169265512420691,0.42543438865792554,-0.008507837415856423
938451,Sikkim,2010-09-04,2.03,2.0,0.029999999999999805,17.67,17.97,-0.29999999999999716,45.81,46.09,-0.28000000000000114,15.640000000000002,15.969999999999999,-0.3299999999999965,28.14,28.120000000000005,0.01999999999999602,0.1148839841539332,0.11129660545353368,0.0035873787003995183,0.3857236411263916,0.38988934692991967,-0.004165705803528041
1052259,Assam,2010-09-10,12.05,2.93,9.120000000000001,75.06,14.9,60.160000000000004,134.68,49.57,85.11000000000001,63.010000000000005,11.97,51.040000000000006,59.620000000000005,34.67,24.950000000000003,0.16053823607780443,0.19664429530201344,-0.03610605922420901,0.5573210573210573,0.3005850312689127,0.25673602605214463
1050589,Mizoram,2010-09-13,13.65,7.48,6.17,21.03,12.94,8.090000000000002,40.38,30.26,10.120000000000001,7.380000000000001,5.459999999999999,1.9200000000000017,19.35,17.32,2.030000000000001,0.6490727532097004,0.5780525502318393,0.07102020297786105,0.5208023774145617,0.4276272306675479,0.09317514674701383
1050665,Mizoram,2010-09-13,7.08,7.48,-0.40000000000000036,12.8,12.94,-0.1399999999999988,24.83,30.26,-5.430000000000003,5.720000000000001,5.459999999999999,0.26000000000000156,12.029999999999998,17.32,-5.290000000000003,0.553125,0.5780525502318393,-0.024927550231839346,0.5155054369714056,0.4276272306675479,0.08787820630385773
1050659,Mizoram,2010-09-13,7.33,5.03,2.3,15.23,10.88,4.35,31.69,22.340000000000003,9.349999999999998,7.9,5.8500000000000005,2.05,16.46,11.460000000000003,4.999999999999998,0.4812869336835194,0.4623161764705882,0.018970757212931177,0.48059324708109813,0.487018800358102,-0.0064255532770038926
1050638,Mizoram,2010-09-13,6.78,11.41,-4.63,15.4,19.1,-3.700000000000001,32.25,46.34,-14.090000000000003,8.620000000000001,7.690000000000001,0.9299999999999997,16.85,27.240000000000002,-10.39,0.44025974025974024,0.5973821989528796,-0.15712245869313934,0.47751937984496123,0.4121709106603366,0.06534846918462461
1050611,Mizoram,2010-09-13,13.78,5.03,8.75,23.68,10.88,12.799999999999999,48.83999999999999,22.340000000000003,26.499999999999986,9.9,5.8500000000000005,4.05,25.15999999999999,11.460000000000003,13.699999999999987,0.5819256756756757,0.4623161764705882,0.11960949920508746,0.484848484848485,0.487018800358102,-0.002170315509617049
1050685,Mizoram,2010-09-13,7.08,11.41,-4.33,12.8,19.1,-6.300000000000001,24.83,46.34,-21.510000000000005,5.720000000000001,7.690000000000001,-1.9700000000000006,12.029999999999998,27.240000000000002,-15.210000000000004,0.553125,0.5973821989528796,-0.044257198952879606,0.5155054369714056,0.4121709106603366,0.10333452631106899
1050590,Mizoram,2010-09-13,13.65,11.41,2.24,21.03,19.1,1.9299999999999997,40.38,46.34,-5.960000000000001,7.380000000000001,7.690000000000001,-0.3100000000000005,19.35,27.240000000000002,-7.890000000000001,0.6490727532097004,0.5973821989528796,0.051690554256820787,0.5208023774145617,0.4121709106603366,0.10863146675422508
1050592,Mizoram,2010-09-13,13.65,9.93,3.7200000000000006,21.03,17.18,3.8500000000000014,40.38,36.45,3.9299999999999997,7.380000000000001,7.25,0.13000000000000078,19.35,19.270000000000003,0.0799999999999983,0.6490727532097004,0.5779976717112922,0.07107508149840813,0.5208023774145617,0.4713305898491083,0.049471787565453396
1050585,Mizoram,2010-09-16,8.49,7.76,0.7300000000000004,31.76,34.33,-2.5699999999999967,59.86000000000001,58.77,1.0900000000000034,23.270000000000003,26.57,-3.299999999999997,28.100000000000005,24.440000000000005,3.66,0.26731738035264485,0.22604136323914945,0.041276017113495406,0.5305713331105913,0.5841415688276331,-0.05357023571704178
1050707,Manipur,2010-09-16,15.36,13.56,1.799999999999999,34.36,28.93,5.43,54.19,39.23,14.96,19.0,15.37,3.630000000000001,19.83,10.299999999999997,9.530000000000001,0.4470314318975553,0.4687175941928794,-0.021686162295324107,0.6340653257058498,0.7374458322712211,-0.10338050656537123
1057862,Manipur,2010-10-08,61.45,76.95,-15.5,107.51,132.5,-24.989999999999995,112.38,135.86,-23.480000000000018,46.06,55.55,-9.489999999999995,4.86999999999999,3.3600000000000136,1.5099999999999767,0.5715747372337457,0.5807547169811321,-0.00917997974738638,0.9566648869905678,0.9752686589135874,-0.01860377192301954
1057706,Manipur,2010-10-08,66.57,72.74,-6.170000000000002,110.49,130.57999999999998,-20.08999999999999,113.1,135.82999999999998,-22.72999999999999,43.92,57.83999999999999,-13.919999999999987,2.6099999999999994,5.25,-2.6400000000000006,0.6024979636166169,0.557053147495788,0.045444816120828846,0.9769230769230769,0.9613487447544725,0.015574332168604377
1050768,Manipur,2010-10-08,101.08,53.95,47.129999999999995,162.54999999999998,91.32,71.22999999999999,166.93999999999997,93.44,73.49999999999997,61.469999999999985,37.36999999999999,24.099999999999994,4.389999999999986,2.1200000000000045,2.269999999999982,0.6218394340203015,0.5907796758650898,0.03105975815521167,0.9737031268719301,0.9773116438356164,-0.003608516963686359
1056279,Manipur,2010-10-08,92.46,89.56,2.8999999999999915,155.75,152.67000000000002,3.079999999999984,159.62,161.16,-1.539999999999992,63.290000000000006,63.110000000000014,0.1799999999999926,3.8700000000000045,8.48999999999998,-4.619999999999976,0.5936436597110754,0.586624746184581,0.007018913526494308,0.975754917930084,0.9473194341027551,0.028435483827328856
1055067,Manipur,2010-10-09,7.47,22.73,-15.260000000000002,100.29,153.63,-53.33999999999999,120.57,179.54999999999998,-58.97999999999999,92.82000000000001,130.9,-38.08,20.279999999999987,25.919999999999987,-5.640000000000001,0.0744839964104098,0.1479528737876717,-0.07346887737726189,0.8317989549639214,0.855639097744361,-0.023840142780439555
1050673,Assam,2010-10-09,6.12,17.0,-10.879999999999999,144.26,72.25999999999999,72.0,173.05999999999997,77.15,95.90999999999997,138.14,55.25999999999999,82.88,28.799999999999983,4.890000000000015,23.909999999999968,0.0424234021904894,0.23526155549404928,-0.19283815330355988,0.8335837281867561,0.9366169799092675,-0.10303325172251143
1050721,Assam,2010-10-09,6.79,7.16,-0.3700000000000001,103.66,47.67,55.989999999999995,121.39,48.88000000000001,72.50999999999999,96.86999999999999,40.510000000000005,56.359999999999985,17.730000000000004,1.210000000000008,16.519999999999996,0.06550260466911055,0.1501992867631634,-0.08469668209405286,0.8539418403492874,0.9752454991816693,-0.12130365883238181
1057864,Manipur,2010-10-09,7.47,14.15,-6.680000000000001,94.21,124.41,-30.200000000000003,119.85,150.77,-30.920000000000016,86.74,110.25999999999999,-23.519999999999996,25.64,26.360000000000014,-0.7200000000000131,0.07929094575947351,0.11373683787476892,-0.034445892115295404,0.7860659157279933,0.8251641573257279,-0.03909824159773456
1050670,Assam,2010-10-09,6.79,11.86,-5.069999999999999,103.66,71.98,31.679999999999993,121.39,74.33,47.06,96.86999999999999,60.120000000000005,36.749999999999986,17.730000000000004,2.3499999999999943,15.38000000000001,0.06550260466911055,0.16476799110864127,-0.09926538643953071,0.8539418403492874,0.9683842324767927,-0.11444239212750529
1057788,Manipur,2010-10-09,7.47,15.73,-8.260000000000002,100.29,133.66,-33.36999999999999,120.57,166.51,-45.94,92.82000000000001,117.92999999999999,-25.109999999999985,20.279999999999987,32.849999999999994,-12.570000000000007,0.0744839964104098,0.11768666766422266,-0.04320267125381286,0.8317989549639214,0.8027145516785779,0.029084403285343563
1050272,Assam,2011-05-04,6.21,0.15,6.06,36.7,40.68,-3.979999999999997,69.57000000000001,52.11,17.460000000000008,30.490000000000002,40.53,-10.04,32.870000000000005,11.43,21.440000000000005,0.16920980926430515,0.003687315634218289,0.16552249363008686,0.5275262325715107,0.7806563039723662,-0.2531300714008555
1050767,Manipur,2011-05-22,6.2,8.13,-1.9300000000000006,92.96,78.17999999999999,14.780000000000001,111.9,104.17,7.730000000000004,86.75999999999999,70.05,16.709999999999994,18.940000000000012,25.99000000000001,-7.049999999999997,0.06669535283993117,0.10399079048349964,-0.03729543764356848,0.8307417336907953,0.750503983872516,0.08023774981827925
1050644,Assam,2011-05-24,8.63,11.78,-3.1499999999999986,43.03,44.85,-1.8200000000000003,141.67999999999998,108.06,33.619999999999976,34.4,33.07,1.3299999999999983,98.64999999999998,63.21,35.439999999999976,0.20055775040669302,0.26265328874024524,-0.06209553833355222,0.30371259175607007,0.415047196002221,-0.11133460424615094
1054637,Manipur,2011-05-31,7.55,12.06,-4.510000000000001,43.13,41.03,2.1000000000000014,51.07,47.44,3.6300000000000026,35.580000000000005,28.97,6.6100000000000065,7.939999999999998,6.409999999999997,1.5300000000000011,0.1750521678645954,0.2939312698025835,-0.11887910193798809,0.8445271196397103,0.8648819561551434,-0.020354836515433128
1051014,Manipur,2011-05-31,7.55,12.06,-4.510000000000001,43.13,41.03,2.1000000000000014,51.07,47.44,3.6300000000000026,35.580000000000005,28.97,6.6100000000000065,7.939999999999998,6.409999999999997,1.5300000000000011,0.1750521678645954,0.2939312698025835,-0.11887910193798809,0.8445271196397103,0.8648819561551434,-0.020354836515433128
1050836,Manipur,2011-05-31,7.55,10.08,-2.5300000000000002,43.13,45.67999999999999,-2.54999999999999,51.07,55.03,-3.960000000000001,35.580000000000005,35.599999999999994,-0.019999999999988916,7.939999999999998,9.350000000000009,-1.4100000000000108,0.1750521678645954,0.2206654991243433,-0.0456133312597479,0.8445271196397103,0.830092676721788,0.014434442917922286
938357,Sikkim,2011-06-17,6.41,3.55,2.8600000000000003,15.65,9.51,6.140000000000001,25.12,13.7,11.420000000000002,9.24,5.96,3.2800000000000002,9.47,4.1899999999999995,5.280000000000001,0.4095846645367412,0.3732912723449001,0.03629339219184108,0.6230095541401274,0.6941605839416058,-0.07115102980147847
938257,Sikkim,2011-06-23,26.68,5.15,21.53,42.99,9.48,33.510000000000005,58.72999999999999,21.34,37.389999999999986,16.310000000000002,4.33,11.980000000000002,15.739999999999988,11.86,3.8799999999999883,0.6206094440567573,0.5432489451476793,0.07736049890907803,0.7319938702537035,0.4442361761949391,0.28775769405876445
938245,Sikkim,2011-06-23,26.68,15.33,11.35,42.99,27.43,15.560000000000002,58.72999999999999,46.61,12.11999999999999,16.310000000000002,12.1,4.210000000000003,15.739999999999988,19.18,-3.440000000000012,0.6206094440567573,0.5588771418155305,0.06173230224122683,0.7319938702537035,0.5885003218193521,0.14349354843435147
938267,Sikkim,2011-06-23,26.68,5.15,21.53,42.99,9.48,33.510000000000005,58.72999999999999,21.34,37.389999999999986,16.310000000000002,4.33,11.980000000000002,15.739999999999988,11.86,3.8799999999999883,0.6206094440567573,0.5432489451476793,0.07736049890907803,0.7319938702537035,0.4442361761949391,0.28775769405876445
1057681,Manipur,2011-06-28,12.68,12.9,-0.22000000000000064,75.78999999999999,73.66000000000001,2.1299999999999812,105.39,106.5,-1.1099999999999994,63.10999999999999,60.76000000000001,2.34999999999998,29.60000000000001,32.83999999999999,-3.2399999999999807,0.16730439371948808,0.17512897094759705,-0.007824577228108975,0.7191384381819906,0.691643192488263,0.027495245693727632
1050759,Assam,2011-06-29,19.01,13.5,5.510000000000002,51.02,36.7,14.32,124.26,85.85000000000001,38.41,32.010000000000005,23.200000000000003,8.810000000000002,73.24000000000001,49.150000000000006,24.090000000000003,0.37259898079184633,0.3678474114441417,0.004751569347704654,0.41059069692580075,0.42748980780430984,-0.016899110878509094
1051914,Manipur,2011-07-05,7.44,6.61,0.8300000000000001,31.160000000000004,20.6,10.560000000000002,65.03999999999999,48.18,16.859999999999992,23.720000000000002,13.990000000000002,9.73,33.87999999999999,27.58,6.29999999999999,0.23876765083440307,0.320873786407767,-0.08210613557336391,0.4790897908979091,0.42756330427563305,0.051526486622276046
1057027,Manipur,2011-07-06,2.15,3.14,-0.9900000000000002,28.64,29.64,-1.0,51.8,47.620000000000005,4.179999999999993,26.490000000000002,26.5,-0.00999999999999801,23.159999999999997,17.980000000000004,5.179999999999993,0.07506983240223464,0.10593792172739541,-0.030868089325160775,0.552895752895753,0.622427551448971,-0.069531798553218
1057840,Manipur,2011-07-07,3.24,3.69,-0.44999999999999973,11.75,13.5,-1.75,55.31999999999999,40.42,14.899999999999991,8.51,9.81,-1.3000000000000007,43.56999999999999,26.92,16.64999999999999,0.27574468085106385,0.2733333333333333,0.0024113475177305332,0.2124005784526392,0.33399307273626916,-0.12159249428362995
938369,Sikkim,2011-07-20,6.9,3.8,3.1000000000000005,61.16,29.06,32.099999999999994,102.98,56.59,46.39,54.26,25.259999999999998,29.0,41.82000000000001,27.530000000000005,14.290000000000003,0.11281883584041859,0.1307639366827254,-0.017945100842306813,0.5939017284909691,0.5135182894504329,0.08038343904053624
1057024,Manipur,2011-07-22,9.13,4.04,5.090000000000001,40.010000000000005,32.57,7.440000000000005,136.56,95.35,41.21000000000001,30.880000000000003,28.53,2.3500000000000014,96.55,62.779999999999994,33.77,0.22819295176205948,0.12404052809333743,0.10415242366872204,0.29298476859988287,0.34158363922391194,-0.04859887062402907
1057913,Manipur,2011-07-22,6.33,5.3,1.0300000000000002,35.31,44.32,-9.009999999999998,124.31,136.77,-12.460000000000008,28.980000000000004,39.02,-10.04,89.0,92.45000000000002,-3.450000000000017,0.17926932880203908,0.11958483754512635,0.05968449125691273,0.2840479446544928,0.32404767127293993,-0.03999972661844714
1050672,Assam,2011-07-24,1.65,9.26,-7.609999999999999,39.63,41.74,-2.1099999999999994,116.23,93.06,23.17,37.980000000000004,32.480000000000004,5.5,76.6,51.32,25.279999999999994,0.04163512490537471,0.22184954480114996,-0.18021441989577525,0.3409618859158565,0.4485278315065549,-0.10756594559069838
1056334,Manipur,2011-07-25,7.0,2.86,4.140000000000001,8.04,6.69,1.3499999999999988,76.11,86.47,-10.36,1.0399999999999991,3.8300000000000005,-2.7900000000000014,68.07,79.78,-11.710000000000008,0.8706467661691544,0.42750373692077726,0.4431430292483771,0.10563657863618446,0.07736787325083845,0.02826870538534601
1057841,Manipur,2011-07-29,2.99,1.5,1.4900000000000002,9.9,5.45,4.45,31.07,18.37,12.7,6.91,3.95,2.96,21.17,12.920000000000002,8.25,0.302020202020202,0.27522935779816515,0.02679084422203687,0.31863533955584167,0.29667936853565596,0.021955971020185705
938256,Sikkim,2011-08-23,19.39,15.81,3.58,47.92,32.19,15.730000000000004,96.3,66.97,29.33,28.53,16.379999999999995,12.150000000000006,48.379999999999995,34.78,13.599999999999994,0.40463272120200333,0.4911463187325257,-0.08651359753052235,0.49761163032191075,0.48066298342541436,0.01694864689649639
938431,Sikkim,2011-08-25,4.26,4.66,-0.40000000000000036,41.91,42.6,-0.6900000000000048,61.7,65.15,-3.450000000000003,37.65,37.94,-0.28999999999999915,19.790000000000006,22.550000000000004,-2.759999999999998,0.10164638511095204,0.10938967136150235,-0.007743286250550305,0.679254457050243,0.6538756715272448,0.025378785522998215
1050700,Manipur,2011-09-06,26.82,21.65,5.170000000000002,37.67,23.87,13.8,51.61000000000001,35.14,16.470000000000006,10.850000000000001,2.2200000000000024,8.629999999999999,13.940000000000005,11.27,2.6700000000000053,0.7119723918237324,0.9069962295768746,-0.19502383775314225,0.7298973067235032,0.6792828685258965,0.05061443819760669
1048397,Assam,2011-09-23,6.14,9.95,-3.8099999999999996,37.13,28.93,8.200000000000003,79.65,106.02,-26.36999999999999,30.990000000000002,18.98,12.010000000000002,42.52,77.09,-34.57,0.16536493401562077,0.3439336329070169,-0.17856869889139612,0.4661644695543001,0.27287304282210906,0.19329142673219102
1048398,Assam,2012-06-02,16.52,27.11,-10.59,40.41,75.44,-35.03,119.69,117.51,2.1799999999999926,23.889999999999997,48.33,-24.44,79.28,42.07000000000001,37.209999999999994,0.40880970056916605,0.35935843054082717,0.04945127002833888,0.3376221906592029,0.6419879159220492,-0.3043657252628463
938404,Sikkim,2012-06-03,0.36,0.37,-0.010000000000000009,5.029999999999999,5.510000000000001,-0.4800000000000013,34.39,34.31999999999999,0.07000000000000739,4.669999999999999,5.140000000000001,-0.4700000000000015,29.36,28.80999999999999,0.5500000000000078,0.07157057654075548,0.06715063520871142,0.004419941332044056,0.14626344867694094,0.1605477855477856,-0.014284336870844655
1050674,Assam,2012-06-03,26.48,26.59,-0.10999999999999943,75.71000000000001,84.45,-8.739999999999995,114.59,114.11,0.480000000000004,49.230000000000004,57.86,-8.629999999999995,38.879999999999995,29.659999999999997,9.219999999999999,0.34975564654603086,0.31486086441681466,0.034894782129216206,0.6607033772580505,0.7400753658750329,-0.07937198861698236
1050708,Assam,2012-06-03,24.44,37.45,-13.010000000000002,84.71,48.43000000000001,36.27999999999999,115.65,53.510000000000005,62.14,60.269999999999996,10.980000000000004,49.28999999999999,30.940000000000012,5.079999999999998,25.860000000000014,0.2885137528036832,0.7732810241585794,-0.48476727135489617,0.7324686554258538,0.9050644739301066,-0.17259581850425276
1050652,Assam,2012-06-03,26.48,37.94,-11.459999999999997,75.71000000000001,101.12,-25.409999999999997,114.59,149.37,-34.78,49.230000000000004,63.18000000000001,-13.950000000000003,38.879999999999995,48.25,-9.370000000000005,0.34975564654603086,0.37519778481012656,-0.025442138264095693,0.6607033772580505,0.6769766352011783,-0.01627325794312784
938452,Sikkim,2012-06-07,0.07,0.06,0.010000000000000009,8.680000000000001,8.66,0.02000000000000135,13.73,14.260000000000002,-0.5300000000000011,8.610000000000001,8.6,0.010000000000001563,5.049999999999999,5.600000000000001,-0.5500000000000025,0.008064516129032258,0.0069284064665127015,0.0011361096625195563,0.632192279679534,0.6072931276297334,0.024899152049800533
938430,Sikkim,2012-06-07,0.06,0.04,0.019999999999999997,2.28,9.249999999999998,-6.969999999999999,4.3100000000000005,15.88,-11.57,2.2199999999999998,9.209999999999999,-6.989999999999999,2.0300000000000007,6.630000000000003,-4.600000000000001,0.026315789473684213,0.004324324324324325,0.021991465149359887,0.5290023201856148,0.5824937027707807,-0.05349138258516595
938436,Sikkim,2012-06-07,0.07,0.02,0.05,19.23,2.69,16.54,33.61,6.65,26.96,19.16,2.67,16.490000000000002,14.379999999999999,3.9600000000000004,10.419999999999998,0.0036401456058242332,0.007434944237918216,-0.003794798632093983,0.572151145492413,0.4045112781954887,0.16763986729692426
1050898,Manipur,2012-06-10,6.78,6.78,0.0,8.38,8.290000000000001,0.08999999999999986,43.2,42.02,1.1799999999999997,1.6000000000000005,1.5100000000000007,0.08999999999999986,34.82,33.730000000000004,1.0899999999999963,0.8090692124105011,0.8178528347406513,-0.008783622330150176,0.19398148148148148,0.19728700618752976,-0.0033055247060482795
938414,Sikkim,2012-06-14,0.44,0.15,0.29000000000000004,1.04,0.4599999999999999,0.5800000000000001,3.69,1.87,1.8199999999999998,0.6000000000000001,0.30999999999999994,0.29000000000000015,2.65,1.4100000000000001,1.2399999999999998,0.4230769230769231,0.3260869565217392,0.09698996655518388,0.2818428184281843,0.24598930481283415,0.03585351361535016
1048396,Assam,2012-06-20,33.54,11.05,22.49,36.61,29.930000000000003,6.679999999999996,116.41,114.53,1.8799999999999955,3.0700000000000003,18.880000000000003,-15.810000000000002,79.8,84.6,-4.799999999999997,0.9161431302922699,0.36919478783828935,0.5469483424539805,0.31449188214070956,0.26132890945603776,0.053162972684671794
1048382,Assam,2012-06-22,43.13,22.51,20.62,80.5,50.400000000000006,30.099999999999994,90.01000000000002,55.540000000000006,34.47000000000001,37.37,27.890000000000004,9.479999999999993,9.51000000000002,5.140000000000001,4.370000000000019,0.535776397515528,0.4466269841269841,0.08914941338854387,0.8943450727696921,0.9074540871444005,-0.01310901437470835
1048404,Assam,2012-06-22,43.13,17.4,25.730000000000004,80.5,65.5,15.0,90.01000000000002,75.72,14.29000000000002,37.37,48.1,-10.730000000000004,9.51000000000002,10.219999999999999,-0.7099999999999795,0.535776397515528,0.26564885496183205,0.2701275425536959,0.8943450727696921,0.8650290544109879,0.029316018358704232
1048399,Assam,2012-06-25,95.7,40.35,55.35,174.21,104.13,70.08000000000001,256.25,156.81,99.44,78.51,63.779999999999994,14.730000000000011,82.03999999999999,52.68000000000001,29.359999999999985,0.5493370070604443,0.3874963987323538,0.1618406083280905,0.6798439024390244,0.6640520374976085,0.015791864941415823
1048402,Assam,2012-06-25,95.7,27.26,68.44,174.21,73.88000000000001,100.33,256.25,128.36,127.88999999999999,78.51,46.620000000000005,31.89,82.03999999999999,54.480000000000004,27.559999999999988,0.5493370070604443,0.3689767190037899,0.18036028805665438,0.6798439024390244,0.5755687129947024,0.10427518944432201
1050675,Assam,2012-06-26,27.07,29.46,-2.3900000000000006,57.02,109.88,-52.85999999999999,126.06,174.22,-48.16,29.950000000000003,80.41999999999999,-50.469999999999985,69.03999999999999,64.34,4.699999999999989,0.4747457032620133,0.2681106661812887,0.20663503708072462,0.45232429002062513,0.6306968201125014,-0.17837253009187626
1048390,Assam,2012-06-26,37.78,51.08,-13.299999999999997,206.09000000000003,186.0,20.090000000000032,292.49000000000007,269.23,23.260000000000048,168.31000000000003,134.92000000000002,33.390000000000015,86.40000000000003,83.23000000000002,3.170000000000016,0.18331796787811147,0.27462365591397847,-0.091305688035867,0.7046052856507914,0.6908591167403335,0.013746168910457879
1048379,Assam,2012-06-27,5.14,12.91,-7.7700000000000005,138.62,150.01000000000002,-11.390000000000015,264.09000000000003,242.94000000000003,21.150000000000006,133.48000000000002,137.10000000000002,-3.6200000000000045,125.47000000000003,92.93,32.54000000000002,0.03707978646659933,0.0860609292713819,-0.048981142804782565,0.5248968154795713,0.6174775664773196,-0.0925807509977482
1050631,Assam,2012-06-30,0.69,0.08,0.61,1.7100000000000002,1.95,-0.23999999999999977,90.45,212.24,-121.79,1.0200000000000002,1.8699999999999999,-0.8499999999999996,88.74000000000001,210.29000000000002,-121.55000000000001,0.4035087719298245,0.041025641025641026,0.36248313090418344,0.018905472636815922,0.009187712024123633,0.00971776061269229
938393,Sikkim,2012-07-11,6.39,5.55,0.8399999999999999,10.6,9.89,0.7099999999999991,35.68,39.21,-3.530000000000001,4.21,4.340000000000001,-0.13000000000000078,25.08,29.32,-4.240000000000002,0.6028301886792453,0.5611729019211324,0.041657286758112866,0.29708520179372194,0.25223157357816883,0.04485362821555311
1050664,Mizoram,2012-07-21,4.6,8.59,-3.99,12.1,15.23,-3.130000000000001,45.88,87.41,-41.529999999999994,7.5,6.640000000000001,0.8599999999999994,33.78,72.17999999999999,-38.39999999999999,0.3801652892561983,0.5640183847669074,-0.18385309551070905,0.26373147340889275,0.17423635739617893,0.08949511601271382
938329,Sikkim,2012-09-01,12.02,10.65,1.3699999999999992,17.73,14.75,2.9800000000000004,29.26,26.3,2.960000000000001,5.710000000000001,4.1,1.6100000000000012,11.530000000000001,11.55,-0.019999999999999574,0.6779469825155104,0.7220338983050848,-0.044086915789574355,0.6059466848940533,0.5608365019011406,0.045110182992912695
1057115,Manipur,2012-09-14,22.01,23.34,-1.3299999999999983,42.940000000000005,44.68,-1.7399999999999949,126.93,128.46999999999997,-1.5399999999999636,20.930000000000003,21.34,-0.4099999999999966,83.99000000000001,83.78999999999996,0.20000000000004547,0.5125756870051235,0.5223813786929274,-0.009805691687803986,0.3382966989679351,0.3477854752082199,-0.009488776240284769
938325,Sikkim,2012-09-16,42.0,6.55,35.45,104.8,22.76,82.03999999999999,156.98,50.95,106.02999999999999,62.8,16.21,46.589999999999996,52.17999999999999,28.19,23.98999999999999,0.40076335877862596,0.2877855887521968,0.11297777002642917,0.6676009682762135,0.4467124631992149,0.2208885050769986
938412,Sikkim,2012-09-19,5.28,1.38,3.9000000000000004,16.43,6.43,10.0,86.67,37.52,49.15,11.149999999999999,5.05,6.099999999999999,70.24000000000001,31.090000000000003,39.150000000000006,0.3213633597078515,0.21461897356143078,0.10674438614642073,0.18956963193723317,0.17137526652452023,0.018194365412712937
938401,Sikkim,2012-09-19,1.4,1.38,0.020000000000000018,5.54,6.43,-0.8899999999999997,36.55,37.52,-0.970000000000006,4.140000000000001,5.05,-0.9099999999999993,31.009999999999998,31.090000000000003,-0.0800000000000054,0.2527075812274368,0.21461897356143078,0.038088607666006025,0.1515731874145007,0.17137526652452023,-0.01980207911001952
938394,Sikkim,2012-09-19,5.28,1.38,3.9000000000000004,16.43,6.43,10.0,86.67,37.52,49.15,11.149999999999999,5.05,6.099999999999999,70.24000000000001,31.090000000000003,39.150000000000006,0.3213633597078515,0.21461897356143078,0.10674438614642073,0.18956963193723317,0.17137526652452023,0.018194365412712937
938410,Sikkim,2012-09-19,5.28,3.14,2.14,16.43,19.16,-2.7300000000000004,86.67,96.55,-9.879999999999995,11.149999999999999,16.02,-4.870000000000001,70.24000000000001,77.39,-7.1499999999999915,0.3213633597078515,0.1638830897703549,0.15748026993749661,0.18956963193723317,0.19844640082858622,-0.008876768891353054
1050544,Mizoram,2012-10-11,25.82,38.95,-13.130000000000003,55.35,81.57000000000001,-26.220000000000006,69.86,91.71,-21.849999999999994,29.53,42.620000000000005,-13.090000000000003,14.509999999999998,10.139999999999986,4.370000000000012,0.46648599819331527,0.4775039843079564,-0.01101798611464111,0.7922988834812482,0.8894340857049396,-0.09713520222369143
1050577,Mizoram,2012-10-11,25.82,12.4,13.42,55.35,24.58,30.770000000000003,69.86,32.7,37.16,29.53,12.179999999999998,17.35,14.509999999999998,8.120000000000005,6.3899999999999935,0.46648599819331527,0.5044751830756713,-0.03798918488235603,0.7922988834812482,0.7516819571865442,0.04061692629470404
1050525,Mizoram,2012-11-11,0.0,0.0,0.0,0.03,0.23,-0.2,28.03,35.19,-7.159999999999997,0.03,0.23,-0.2,28.0,34.96,-6.960000000000001,0.0,0.0,0.0,0.0010702818408847663,0.006535947712418302,-0.005465665871533535
938377,Sikkim,2013-04-14,0.0,0.0,0.0,0.0,0.06,-0.06,2.2,1.3,0.9000000000000001,0.0,0.06,-0.06,2.2,1.24,0.9600000000000002,,0.0,,0.0,0.04615384615384615,-0.04615384615384615
1050580,Mizoram,2013-05-07,52.65,45.24,7.409999999999997,134.53,137.72,-3.1899999999999977,249.75,254.51,-4.759999999999991,81.88,92.47999999999999,-10.599999999999994,115.22,116.78999999999999,-1.5699999999999932,0.391362521370698,0.3284925936683125,0.06286992770238548,0.5386586586586587,0.5411182271816432,-0.0024595685229844566
1048344,Tripura,2013-05-08,50.01,50.09,-0.0800000000000054,129.97,144.31,-14.340000000000003,214.91,244.95,-30.039999999999992,79.96000000000001,94.22,-14.259999999999991,84.94,100.63999999999999,-15.699999999999989,0.38478110333153803,0.3470999930704733,0.03768111026106474,0.6047647852589456,0.5891406409471321,0.01562414431181347
1048341,Tripura,2013-05-08,50.01,51.14,-1.1300000000000026,129.97,137.57,-7.599999999999994,214.91,274.73,-59.82000000000002,79.96000000000001,86.42999999999999,-6.469999999999985,84.94,137.16000000000003,-52.22000000000003,0.38478110333153803,0.37173802427854913,0.013043079052988904,0.6047647852589456,0.5007461871655807,0.10401859809336489
1050660,Mizoram,2013-05-10,22.88,19.15,3.7300000000000004,63.45,65.62,-2.1700000000000017,170.8,292.11,-121.31,40.57000000000001,46.470000000000006,-5.899999999999999,107.35000000000001,226.49,-119.14,0.3605988967691095,0.2918317586101798,0.06876713815892971,0.3714871194379391,0.22464140221149567,0.14684571722644343
1050594,Mizoram,2013-05-11,17.75,8.29,9.46,71.67,48.62,23.050000000000004,245.12,215.76,29.360000000000014,53.92,40.33,13.590000000000003,173.45,167.14,6.310000000000002,0.2476628994000279,0.17050596462361167,0.07715693477641622,0.29238740208877284,0.2253429736744531,0.06704442841431973
1048381,Assam,2013-05-11,26.85,10.15,16.700000000000003,110.77,29.69,81.08,235.50000000000003,57.95,177.55,83.91999999999999,19.54,64.38,124.73000000000003,28.26,96.47000000000003,0.24239415004062473,0.3418659481306837,-0.09947179809005899,0.4703609341825902,0.5123382226056946,-0.04197728842310444
1048368,Assam,2013-05-11,26.85,49.79,-22.939999999999998,110.77,137.75,-26.980000000000004,235.50000000000003,297.87,-62.369999999999976,83.91999999999999,87.96000000000001,-4.0400000000000205,124.73000000000003,160.12,-35.38999999999997,0.24239415004062473,0.3614519056261343,-0.11905775558550954,0.4703609341825902,0.46245006210763084,0.00791087207495933
1048413,Assam,2013-05-11,26.85,40.88,-14.030000000000001,110.77,111.85,-1.0799999999999983,235.50000000000003,215.53,19.970000000000027,83.91999999999999,70.97,12.949999999999989,124.73000000000003,103.68,21.050000000000026,0.24239415004062473,0.36548949485918647,-0.12309534481856174,0.4703609341825902,0.5189532779659444,-0.0485923437833542
1050783,Manipur,2013-05-12,8.27,9.17,-0.9000000000000004,45.61,44.120000000000005,1.4899999999999949,107.68,110.65,-2.969999999999999,37.34,34.95,2.3900000000000006,62.07000000000001,66.53,-4.459999999999994,0.1813198859899145,0.20784224841341792,-0.02652236242350342,0.4235698365527489,0.39873474920921825,0.024835087343530626
938449,Sikkim,2013-06-08,11.82,12.73,-0.9100000000000001,15.39,20.19,-4.800000000000001,36.77,43.88,-7.109999999999999,3.5700000000000003,7.460000000000001,-3.8900000000000006,21.380000000000003,23.69,-2.3099999999999987,0.7680311890838206,0.6305101535413571,0.13752103554246353,0.4185477291270057,0.4601185050136737,-0.041570775886667966
938453,Sikkim,2013-06-27,10.02,23.69,-13.670000000000002,39.74,69.03999999999999,-29.29999999999999,90.42,125.35,-34.92999999999999,29.720000000000002,45.349999999999994,-15.629999999999992,50.68,56.31,-5.630000000000003,0.25213890286864615,0.34313441483198154,-0.09099551196333538,0.43950453439504533,0.5507778220981252,-0.11127328770307987
1057781,Manipur,2013-08-09,1.08,0.67,0.41000000000000003,11.28,9.44,1.8399999999999999,68.53999999999999,76.73,-8.190000000000012,10.2,8.77,1.4299999999999997,57.25999999999999,67.29,-10.030000000000015,0.09574468085106384,0.07097457627118645,0.024770104579877397,0.16457543040560257,0.12302880229375732,0.04154662811184526
1057887,Manipur,2013-08-15,4.03,4.58,-0.5499999999999998,72.25999999999999,91.33,-19.070000000000007,91.8,105.98,-14.180000000000007,68.22999999999999,86.75,-18.52000000000001,19.540000000000006,14.650000000000006,4.890000000000001,0.05577082756711875,0.050147815613708534,0.005623011953410216,0.7871459694989106,0.8617663710133987,-0.07462040151448812
1050773,Manipur,2013-08-17,6.86,7.03,-0.16999999999999993,24.51,23.81,0.7000000000000028,126.06,94.65,31.409999999999997,17.650000000000002,16.779999999999998,0.8700000000000045,101.55,70.84,30.709999999999994,0.2798857609139127,0.2952540949181017,-0.015368334004188966,0.19443122322703477,0.25155837295298467,-0.0571271497259499
938247,Sikkim,2013-09-01,3.17,4.12,-0.9500000000000002,13.0,12.85,0.15000000000000036,48.09,49.71999999999999,-1.6299999999999883,9.83,8.73,1.0999999999999996,35.09,36.86999999999999,-1.779999999999987,0.24384615384615385,0.32062256809338524,-0.07677641424723139,0.2703264711998336,0.2584473049074819,0.011879166292351695
1050798,Manipur,2013-09-01,6.49,5.48,1.0099999999999998,9.22,7.91,1.3100000000000005,55.02,51.010000000000005,4.009999999999998,2.7300000000000004,2.4299999999999997,0.3000000000000007,45.800000000000004,43.10000000000001,2.6999999999999957,0.7039045553145336,0.6927939317319849,0.011110623582548662,0.16757542711741186,0.15506763379729463,0.012507793320117228
1050780,Manipur,2013-09-01,6.49,4.64,1.8500000000000005,9.22,6.289999999999999,2.9300000000000015,55.02,46.49,8.530000000000001,2.7300000000000004,1.6499999999999995,1.080000000000001,45.800000000000004,40.2,5.600000000000001,0.7039045553145336,0.7376788553259142,-0.0337743000113806,0.16757542711741186,0.13529791352979134,0.032277513587620515
938260,Sikkim,2013-09-01,3.17,3.53,-0.3599999999999999,13.0,12.75,0.25,48.09,46.98,1.1100000000000065,9.83,9.22,0.6099999999999994,35.09,34.23,0.8600000000000065,0.24384615384615385,0.2768627450980392,-0.03301659125188536,0.2703264711998336,0.2713920817369093,-0.0010656105370757119
938450,Sikkim,2013-09-07,3.75,6.16,-2.41,27.54,35.379999999999995,-7.839999999999996,61.25,75.32,-14.069999999999993,23.79,29.219999999999995,-5.429999999999996,33.71,39.94,-6.229999999999997,0.13616557734204793,0.1741096664782363,-0.03794408913618838,0.44963265306122446,0.4697291556027615,-0.020096502541537054
938437,Sikkim,2013-09-08,1.33,1.06,0.27,18.15,6.460000000000001,11.689999999999998,59.69,21.94,37.75,16.82,5.4,11.42,41.54,15.48,26.06,0.07327823691460056,0.16408668730650153,-0.09080845039190097,0.30407103367398225,0.29443938012762083,0.009631653546361418
1048555,Assam,2013-10-06,36.99,23.23,13.760000000000002,116.13,66.65,49.47999999999999,174.15999999999997,73.68,100.47999999999996,79.13999999999999,43.42,35.719999999999985,58.02999999999997,7.030000000000001,50.99999999999997,0.3185223456471196,0.34853713428357086,-0.03001478863645124,0.6668006430868169,0.9045874049945711,-0.23778676190775427
1048374,Assam,2013-10-06,36.99,48.65,-11.659999999999997,116.13,137.06,-20.930000000000007,174.15999999999997,151.31,22.849999999999966,79.13999999999999,88.41,-9.27000000000001,58.02999999999997,14.25,43.77999999999997,0.3185223456471196,0.35495403472931564,-0.03643168908219602,0.6668006430868169,0.9058224836428524,-0.2390218405560356
1048492,Assam,2013-10-06,36.99,22.09,14.900000000000002,116.13,75.4,40.72999999999999,174.15999999999997,106.16,67.99999999999997,79.13999999999999,53.31,25.829999999999984,58.02999999999997,30.75999999999999,27.269999999999982,0.3185223456471196,0.2929708222811671,0.02555152336595251,0.6668006430868169,0.7102486812358705,-0.043448038149053625
1057980,Manipur,2013-10-13,0.0,1.46,-1.46,0.03,2.37,-2.3400000000000003,14.13,26.76,-12.63,0.03,0.9100000000000001,-0.8800000000000001,14.100000000000001,24.39,-10.29,0.0,0.6160337552742615,-0.6160337552742615,0.0021231422505307855,0.08856502242152466,-0.08644188017099387
1050217,Assam,2014-05-09,39.09,30.51,8.580000000000002,114.48,80.4,34.08,171.8,104.36,67.44000000000001,75.39,49.89,25.5,57.32000000000001,23.959999999999994,33.360000000000014,0.34145702306079667,0.3794776119402985,-0.038020588879501827,0.6663562281722933,0.7704101188194711,-0.10405389064717774
1050273,Assam,2014-05-10,20.66,8.14,12.52,99.88,60.16,39.72,167.27,110.81,56.46000000000001,79.22,52.019999999999996,27.200000000000003,67.39000000000001,50.650000000000006,16.74000000000001,0.20684821786143373,0.1353058510638298,0.07154236679760392,0.5971184312787707,0.5429112895948018,0.054207141683968896
938395,Sikkim,2014-06-24,7.62,5.57,2.05,31.44,16.69,14.75,55.08,29.14,25.939999999999998,23.82,11.120000000000001,12.7,23.639999999999997,12.45,11.189999999999998,0.24236641221374045,0.33373277411623725,-0.0913663619024968,0.5708061002178649,0.5727522306108442,-0.0019461303929793061
1048416,Assam,2014-06-26,14.95,12.08,2.869999999999999,21.51,14.89,6.620000000000001,166.66,164.36,2.299999999999983,6.560000000000002,2.8100000000000005,3.7500000000000018,145.15,149.47000000000003,-4.320000000000022,0.6950255695025569,0.8112827400940228,-0.1162571705914659,0.12906516260650427,0.09059381844731078,0.038471344159193496
1048421,Assam,2014-06-26,14.95,17.42,-2.4700000000000024,21.51,20.06,1.4500000000000028,166.66,170.88,-4.219999999999999,6.560000000000002,2.639999999999997,3.9200000000000053,145.15,150.82,-5.6699999999999875,0.6950255695025569,0.8683948155533401,-0.1733692460507832,0.12906516260650427,0.11739232209737828,0.011672840509125995
1048440,Assam,2014-06-26,14.95,6.75,8.2,21.51,15.29,6.220000000000002,166.66,120.14,46.519999999999996,6.560000000000002,8.54,-1.9799999999999969,145.15,104.85,40.30000000000001,0.6950255695025569,0.4414650098103336,0.2535605596922233,0.12906516260650427,0.12726818711503246,0.001796975491471814
1048422,Assam,2014-06-27,9.37,10.52,-1.1500000000000004,26.26,22.38,3.8800000000000026,151.58,86.64,64.94000000000001,16.89,11.86,5.030000000000001,125.32000000000001,64.26,61.06,0.3568164508758568,0.4700625558534406,-0.1132461049775838,0.1732418524871355,0.2583102493074792,-0.0850683968203437
1048417,Assam,2014-06-28,6.66,10.53,-3.869999999999999,30.98,32.160000000000004,-1.1800000000000033,99.9,111.73,-11.829999999999998,24.32,21.630000000000003,2.6899999999999977,68.92,79.57,-10.649999999999991,0.21497740477727567,0.3274253731343283,-0.11244796835705262,0.3101101101101101,0.2878367493063636,0.022273360803746478
1050601,Mizoram,2014-07-14,5.08,0.83,4.25,14.849999999999998,2.62,12.229999999999997,37.14000000000001,19.669999999999995,17.470000000000013,9.769999999999998,1.79,7.979999999999998,22.29000000000001,17.049999999999994,5.240000000000016,0.34208754208754216,0.31679389312977096,0.025293648957771198,0.39983844911147,0.13319776309100156,0.2666406860204684
1050612,Mizoram,2014-07-14,5.08,1.43,3.6500000000000004,14.849999999999998,2.03,12.819999999999999,37.14000000000001,22.75,14.390000000000008,9.769999999999998,0.5999999999999999,9.169999999999998,22.29000000000001,20.72,1.570000000000011,0.34208754208754216,0.7044334975369458,-0.3623459554494037,0.39983844911147,0.08923076923076922,0.31060767988070076
1050649,Assam,2014-07-27,7.49,24.65,-17.159999999999997,8.770000000000001,27.72,-18.949999999999996,27.15,86.24000000000001,-59.09000000000001,1.2800000000000011,3.0700000000000003,-1.7899999999999991,18.379999999999995,58.52000000000001,-40.140000000000015,0.8540478905359178,0.8892496392496393,-0.035201748713721503,0.3230202578268877,0.3214285714285714,0.0015916863983163054
1048384,Tripura,2014-08-14,92.29,78.43,13.86,193.44000000000003,168.09,25.350000000000023,223.30000000000004,193.89,29.410000000000053,101.15000000000002,89.66,11.490000000000023,29.860000000000014,25.799999999999983,4.060000000000031,0.4770988420181968,0.46659527634005593,0.01050356567814087,0.8662785490371697,0.8669348599721493,-0.0006563109349795315
1048357,Tripura,2014-08-14,92.29,68.48,23.810000000000002,193.44000000000003,133.29000000000002,60.150000000000006,223.30000000000004,154.59,68.71000000000004,101.15000000000002,64.81000000000002,36.34,29.860000000000014,21.299999999999983,8.56000000000003,0.4770988420181968,0.5137669742666366,-0.036668132248439844,0.8662785490371697,0.8622161847467495,0.004062364290420173
1048376,Assam,2014-09-22,160.51,153.08,7.429999999999978,250.74,243.17,7.570000000000022,293.9599999999999,280.43,13.529999999999916,90.23000000000002,90.08999999999997,0.1400000000000432,43.219999999999914,37.26000000000002,5.959999999999894,0.640145170295924,0.6295184438869927,0.010626726408931253,0.8529731936317869,0.8671326177655743,-0.014159424133787346
1048375,Assam,2014-09-22,160.51,13.39,147.12,250.74,58.17,192.57,293.9599999999999,104.61,189.3499999999999,90.23000000000002,44.78,45.45000000000002,43.219999999999914,46.44,-3.220000000000084,0.640145170295924,0.23018738181193055,0.40995778848399345,0.8529731936317869,0.5560653857183826,0.2969078079134043
1048444,Assam,2014-09-22,160.51,66.92,93.58999999999999,250.74,129.68,121.06,293.9599999999999,201.46000000000004,92.49999999999989,90.23000000000002,62.760000000000005,27.470000000000013,43.219999999999914,71.78000000000003,-28.560000000000116,0.640145170295924,0.5160394818013572,0.12410568849456682,0.8529731936317869,0.6437009828253747,0.20927221080641223
1048409,Assam,2014-09-22,160.51,15.21,145.29999999999998,250.74,56.33,194.41000000000003,293.9599999999999,70.16,223.79999999999993,90.23000000000002,41.12,49.11000000000002,43.219999999999914,13.829999999999998,29.389999999999915,0.640145170295924,0.27001597727676196,0.37012919301916203,0.8529731936317869,0.80287913340935,0.0500940602224369
1048448,Assam,2014-09-22,160.51,27.21,133.29999999999998,250.74,62.68,188.06,293.9599999999999,70.02000000000001,223.9399999999999,90.23000000000002,35.47,54.76000000000002,43.219999999999914,7.3400000000000105,35.8799999999999,0.640145170295924,0.43410976388002553,0.20603540641589846,0.8529731936317869,0.8951728077692087,-0.04219961413742179
1048491,Assam,2014-09-22,160.51,28.59,131.92,250.74,84.8,165.94,293.9599999999999,153.61,140.3499999999999,90.23000000000002,56.209999999999994,34.020000000000024,43.219999999999914,68.81000000000002,-25.590000000000103,0.640145170295924,0.33714622641509434,0.30299894388082965,0.8529731936317869,0.552047392747868,0.30092580088391896
1048479,Assam,2014-09-22,160.51,16.74,143.76999999999998,250.74,67.36,183.38,293.9599999999999,122.51,171.44999999999993,90.23000000000002,50.620000000000005,39.610000000000014,43.219999999999914,55.150000000000006,-11.930000000000092,0.640145170295924,0.2485154394299287,0.3916297308659953,0.8529731936317869,0.549832666721084,0.3031405269107029
1048431,Assam,2014-09-22,160.51,150.34,10.169999999999987,250.74,238.57,12.170000000000016,293.9599999999999,283.20000000000005,10.759999999999877,90.23000000000002,88.22999999999999,2.0000000000000284,43.219999999999914,44.63000000000005,-1.4100000000001387,0.640145170295924,0.6301714381523243,0.009973732143599645,0.8529731936317869,0.8424081920903953,0.010565001541391617
1048367,Assam,2014-09-22,160.51,150.34,10.169999999999987,250.74,238.57,12.170000000000016,293.9599999999999,283.20000000000005,10.759999999999877,90.23000000000002,88.22999999999999,2.0000000000000284,43.219999999999914,44.63000000000005,-1.4100000000001387,0.640145170295924,0.6301714381523243,0.009973732143599645,0.8529731936317869,0.8424081920903953,0.010565001541391617
1048429,Assam,2014-09-23,16.05,45.37,-29.319999999999997,248.34,98.11,150.23000000000002,308.73,139.48999999999998,169.24000000000004,232.29,52.74,179.54999999999998,60.390000000000015,41.37999999999998,19.010000000000034,0.06462913747281952,0.46244011823463455,-0.39781098076181504,0.8043921873481683,0.7033479102444621,0.10104427710370623
1048411,Assam,2014-09-23,16.05,47.89,-31.84,248.34,98.63,149.71,308.73,146.42000000000002,162.31,232.29,50.739999999999995,181.55,60.390000000000015,47.79000000000002,12.599999999999994,0.06462913747281952,0.48555206326675454,-0.42092292579393503,0.8043921873481683,0.6736101625461002,0.13078202480206813
1050362,Assam,2015-03-19,0.0,0.04,-0.04,0.01,0.06,-0.049999999999999996,0.01,0.1,-0.09000000000000001,0.01,0.019999999999999997,-0.009999999999999997,0.0,0.04000000000000001,-0.04000000000000001,0.0,0.6666666666666667,-0.6666666666666667,1.0,0.6,0.4
1050609,Mizoram,2015-06-19,11.57,8.18,3.3900000000000006,14.36,9.22,5.139999999999999,52.94,35.48,17.46,2.789999999999999,1.040000000000001,1.7499999999999982,38.58,26.259999999999998,12.32,0.8057103064066853,0.8872017353579175,-0.08149142895123218,0.2712504722327163,0.2598647125140925,0.011385759718623822
1051726,Manipur,2015-06-19,1.13,1.69,-0.56,4.79,3.84,0.9500000000000002,26.85,23.360000000000003,3.4899999999999984,3.66,2.15,1.5100000000000002,22.060000000000002,19.520000000000003,2.539999999999999,0.23590814196242169,0.4401041666666667,-0.204196024704245,0.17839851024208564,0.16438356164383558,0.01401494859825006
1050650,Assam,2015-07-21,13.44,10.3,3.139999999999999,57.45,34.290000000000006,23.159999999999997,152.71,91.31,61.400000000000006,44.010000000000005,23.990000000000006,20.02,95.26,57.019999999999996,38.24000000000001,0.23394255874673628,0.30037911927675703,-0.06643656053002076,0.3762032610830987,0.37553389552075356,0.0006693655623451478
1057821,Manipur,2015-07-22,19.18,10.3,8.879999999999999,45.25,41.39,3.8599999999999994,128.35000000000002,117.9,10.450000000000017,26.07,31.09,-5.02,83.10000000000002,76.51,6.590000000000018,0.4238674033149171,0.24885237980188452,0.1750150235130326,0.35255161667315926,0.3510602205258694,0.0014913961472898807
1057376,Manipur,2015-07-22,11.42,14.27,-2.8499999999999996,36.7,45.06,-8.36,111.6,139.8,-28.200000000000017,25.28,30.790000000000003,-5.510000000000002,74.89999999999999,94.74000000000001,-19.840000000000018,0.3111716621253406,0.3166888592987128,-0.005517197173372235,0.3288530465949821,0.3223175965665236,0.0065354500284585115
1050671,Assam,2015-07-22,13.52,9.96,3.5599999999999987,45.3,34.7,10.599999999999994,145.73000000000002,71.1,74.63000000000002,31.779999999999998,24.740000000000002,7.039999999999996,100.43000000000002,36.39999999999999,64.03000000000003,0.29845474613686535,0.2870317002881844,0.011423045848680924,0.3108488300281342,0.4880450070323489,-0.1771961770042147
1057795,Manipur,2015-07-22,11.42,9.95,1.4700000000000006,36.7,31.26,5.440000000000001,111.6,113.34000000000002,-1.7400000000000233,25.28,21.310000000000002,3.969999999999999,74.89999999999999,82.08000000000001,-7.180000000000021,0.3111716621253406,0.31829814459372996,-0.007126482468389372,0.3288530465949821,0.2758073054526204,0.05304574114236171
1057403,Manipur,2015-07-22,11.42,19.73,-8.31,36.7,51.03,-14.329999999999998,111.6,171.72999999999996,-60.12999999999997,25.28,31.3,-6.02,74.89999999999999,120.69999999999996,-45.79999999999997,0.3111716621253406,0.3866353125612385,-0.07546365043589792,0.3288530465949821,0.297152506842136,0.03170053975284609
1055274,Manipur,2015-07-22,11.42,19.73,-8.31,36.7,51.03,-14.329999999999998,111.6,171.72999999999996,-60.12999999999997,25.28,31.3,-6.02,74.89999999999999,120.69999999999996,-45.79999999999997,0.3111716621253406,0.3866353125612385,-0.07546365043589792,0.3288530465949821,0.297152506842136,0.03170053975284609
1050805,Manipur,2015-07-24,9.2,14.44,-5.24,40.21,41.59,-1.3800000000000026,108.66,123.27,-14.61,31.01,27.150000000000006,3.859999999999996,68.44999999999999,81.67999999999999,-13.230000000000004,0.22879880626709773,0.34719884587641253,-0.1184000396093148,0.3700533775078226,0.3373894702685163,0.03266390723930629
1048518,Assam,2015-07-25,3.42,9.12,-5.699999999999999,43.940000000000005,42.07,1.8700000000000045,108.84,104.86,3.980000000000004,40.52,32.95,7.57,64.9,62.79,2.1100000000000065,0.07783340919435593,0.21678155455193723,-0.13894814535758132,0.4037118706357957,0.40120160213618156,0.0025102684996141655
1057918,Manipur,2015-07-31,69.82,76.06,-6.240000000000009,105.95,100.44,5.510000000000005,121.75,116.44,5.310000000000002,36.13000000000001,24.379999999999995,11.750000000000014,15.799999999999997,16.0,-0.20000000000000284,0.6589900896649362,0.757268020708881,-0.09827793104394478,0.8702258726899385,0.8625901751975266,0.007635697492411886
1057912,Manipur,2015-07-31,69.82,83.47,-13.650000000000006,105.95,99.45,6.5,121.75,116.24,5.510000000000005,36.13000000000001,15.980000000000004,20.150000000000006,15.799999999999997,16.789999999999992,-0.9899999999999949,0.6589900896649362,0.8393162393162393,-0.1803261496513031,0.8702258726899385,0.8555574673090159,0.014668405380922511
1057368,Manipur,2015-08-01,2.01,13.23,-11.22,81.19,101.21,-20.019999999999996,98.79999999999998,122.2,-23.40000000000002,79.17999999999999,87.97999999999999,-8.799999999999997,17.609999999999985,20.99000000000001,-3.380000000000024,0.024756743441310503,0.13071830846754273,-0.10596156502623223,0.821761133603239,0.8282324058919803,-0.0064712722887413365
1057951,Manipur,2015-08-01,0.91,4.9,-3.99,101.57999999999998,104.34,-2.7600000000000193,121.42,121.77,-0.3499999999999943,100.66999999999999,99.44,1.2299999999999898,19.840000000000018,17.429999999999993,2.410000000000025,0.008958456389052965,0.04696185547249377,-0.0380033990834408,0.8366002306045132,0.8568612958856862,-0.020261065281172996
1057769,Manipur,2015-08-01,2.01,11.75,-9.74,81.19,108.36,-27.17,98.79999999999998,125.59,-26.79000000000002,79.17999999999999,96.61,-17.430000000000007,17.609999999999985,17.230000000000004,0.37999999999998124,0.024756743441310503,0.10843484680693984,-0.08367810336562934,0.821761133603239,0.8628075483716856,-0.041046414768446615
1057839,Manipur,2015-08-01,0.77,4.9,-4.130000000000001,68.62,104.34,-35.72,84.89000000000001,121.77,-36.87999999999998,67.85000000000001,99.44,-31.58999999999999,16.27000000000001,17.429999999999993,-1.1599999999999824,0.011221218303701545,0.04696185547249377,-0.03574063716879222,0.808340204971139,0.8568612958856862,-0.04852109091454715
1057829,Manipur,2015-08-01,0.77,4.9,-4.130000000000001,68.62,104.34,-35.72,84.89000000000001,121.77,-36.87999999999998,67.85000000000001,99.44,-31.58999999999999,16.27000000000001,17.429999999999993,-1.1599999999999824,0.011221218303701545,0.04696185547249377,-0.03574063716879222,0.808340204971139,0.8568612958856862,-0.04852109091454715
1057940,Manipur,2015-08-01,0.91,3.7,-2.79,101.57999999999998,100.7,0.8799999999999812,121.42,118.29,3.1299999999999955,100.66999999999999,97.0,3.6699999999999875,19.840000000000018,17.590000000000003,2.250000000000014,0.008958456389052965,0.036742800397219465,-0.027784344008166498,0.8366002306045132,0.8512976582974047,-0.014697427692891507
1057825,Manipur,2015-08-01,1.12,8.7,-7.579999999999999,97.64,110.35,-12.709999999999994,117.65,129.76999999999998,-12.119999999999976,96.52,101.64999999999999,-5.1299999999999955,20.010000000000005,19.419999999999987,0.5900000000000176,0.011470708725931996,0.07884005437245128,-0.0673693456465193,0.8299192520186995,0.8503506203282731,-0.020431368309573594
1057865,Manipur,2015-08-01,0.77,6.56,-5.789999999999999,68.62,85.46,-16.83999999999999,84.89000000000001,99.61,-14.719999999999985,67.85000000000001,78.89999999999999,-11.049999999999983,16.27000000000001,14.150000000000006,2.1200000000000045,0.011221218303701545,0.07676105780482097,-0.06553983950111943,0.808340204971139,0.8579459893584981,-0.049605784387359075
1057888,Manipur,2015-08-01,1.12,13.23,-12.11,97.64,101.21,-3.569999999999993,117.65,122.2,-4.549999999999997,96.52,87.97999999999999,8.540000000000006,20.010000000000005,20.99000000000001,-0.980000000000004,0.011470708725931996,0.13071830846754273,-0.11924759974161074,0.8299192520186995,0.8282324058919803,0.0016868461267192103
1057893,Manipur,2015-08-01,0.91,5.31,-4.3999999999999995,101.57999999999998,82.66,18.919999999999987,121.42,101.37,20.049999999999997,100.66999999999999,77.35,23.319999999999993,19.840000000000018,18.710000000000008,1.1300000000000097,0.008958456389052965,0.06423905153641422,-0.05528059514736126,0.8366002306045132,0.8154286277991516,0.021171602805361567
1057815,Manipur,2015-08-01,1.12,6.56,-5.4399999999999995,97.64,85.46,12.180000000000007,117.65,99.61,18.040000000000006,96.52,78.89999999999999,17.620000000000005,20.010000000000005,14.150000000000006,5.859999999999999,0.011470708725931996,0.07676105780482097,-0.06529034907888898,0.8299192520186995,0.8579459893584981,-0.028026737339798546
1057810,Manipur,2015-08-01,2.01,8.7,-6.6899999999999995,81.19,110.35,-29.159999999999997,98.79999999999998,129.76999999999998,-30.97,79.17999999999999,101.64999999999999,-22.47,17.609999999999985,19.419999999999987,-1.8100000000000023,0.024756743441310503,0.07884005437245128,-0.054083310931140785,0.821761133603239,0.8503506203282731,-0.02858948672503414
1057780,Manipur,2015-08-01,2.49,3.7,-1.21,108.85,100.7,8.149999999999991,127.86,118.29,9.569999999999993,106.36,97.0,9.36,19.010000000000005,17.590000000000003,1.4200000000000017,0.02287551676619201,0.036742800397219465,-0.013867283631027454,0.8513217581730017,0.8512976582974047,2.4099875597038967e-05
1057923,Manipur,2015-08-01,0.91,8.7,-7.789999999999999,101.57999999999998,110.35,-8.77000000000001,121.42,129.76999999999998,-8.34999999999998,100.66999999999999,101.64999999999999,-0.980000000000004,19.840000000000018,19.419999999999987,0.4200000000000301,0.008958456389052965,0.07884005437245128,-0.06988159798339832,0.8366002306045132,0.8503506203282731,-0.01375038972375997
1057820,Manipur,2015-08-01,0.77,3.7,-2.93,68.62,100.7,-32.08,84.89000000000001,118.29,-33.39999999999999,67.85000000000001,97.0,-29.14999999999999,16.27000000000001,17.590000000000003,-1.3199999999999932,0.011221218303701545,0.036742800397219465,-0.02552158209351792,0.808340204971139,0.8512976582974047,-0.04295745332626566
1050841,Manipur,2015-08-11,1.78,1.62,0.15999999999999992,24.43,29.540000000000003,-5.110000000000003,71.95,76.66,-4.709999999999994,22.65,27.92,-5.270000000000003,47.52,47.11999999999999,0.4000000000000128,0.07286123618501843,0.05484089370345294,0.018020342481565484,0.33954134815844333,0.3853378554656927,-0.04579650730724938
1050762,Manipur,2015-08-11,8.77,0.72,8.049999999999999,35.93,21.8,14.129999999999999,85.22999999999999,67.8,17.429999999999993,27.16,21.080000000000002,6.079999999999998,49.29999999999999,46.0,3.29999999999999,0.24408572223768438,0.03302752293577981,0.21105819930190456,0.4215651765810161,0.32153392330383485,0.10003125327718126
1050771,Manipur,2015-08-11,7.18,1.62,5.56,36.89,29.540000000000003,7.349999999999998,80.47999999999999,76.66,3.819999999999993,29.71,27.92,1.7899999999999991,43.58999999999999,47.11999999999999,-3.530000000000001,0.19463269178639198,0.05484089370345294,0.13979179808293904,0.4583747514910537,0.3853378554656927,0.07303689602536101
1048527,Assam,2015-08-22,5.79,4.42,1.37,63.86,70.45,-6.590000000000003,154.29,153.52999999999997,0.7600000000000193,58.07,66.03,-7.960000000000001,90.42999999999999,83.07999999999997,7.350000000000023,0.09066708424678985,0.06273953158268275,0.027927552664107097,0.41389591029878803,0.4588679736859247,-0.04497206338713666
1050683,Mizoram,2015-08-26,6.27,2.74,3.5299999999999994,10.77,4.43,6.34,42.6,57.96999999999999,-15.36999999999999,4.5,1.6899999999999995,2.8100000000000005,31.830000000000002,53.53999999999999,-21.70999999999999,0.5821727019498607,0.6185101580135441,-0.03633745606368344,0.2528169014084507,0.07641883732965328,0.17639806407879743
1050618,Mizoram,2015-08-26,3.42,2.27,1.15,4.91,5.33,-0.41999999999999993,47.66,41.57,6.089999999999996,1.4900000000000002,3.06,-1.5699999999999998,42.75,36.24,6.509999999999998,0.6965376782077393,0.425891181988743,0.2706464962189963,0.10302140159462864,0.128217464517681,-0.025196062923052376
1050578,Mizoram,2015-08-27,5.15,5.48,-0.33000000000000007,9.820000000000002,9.52,0.3000000000000025,31.83,37.7,-5.8700000000000045,4.670000000000002,4.039999999999999,0.6300000000000026,22.009999999999998,28.180000000000003,-6.170000000000005,0.5244399185336048,0.5756302521008404,-0.05119033356723557,0.3085139805215207,0.2525198938992042,0.055994086622316475
1050677,Mizoram,2015-08-27,3.85,10.68,-6.83,8.08,16.36,-8.28,27.23,45.78,-18.55,4.23,5.68,-1.4499999999999993,19.15,29.42,-10.270000000000003,0.47648514851485146,0.6528117359413202,-0.17632658742646878,0.2967315460888726,0.35736129314110965,-0.06062974705223706
1050606,Mizoram,2015-08-27,3.19,3.99,-0.8000000000000003,6.9,8.68,-1.7799999999999994,27.23,41.290000000000006,-14.060000000000006,3.7100000000000004,4.6899999999999995,-0.9799999999999991,20.33,32.61000000000001,-12.280000000000008,0.4623188405797101,0.45967741935483875,0.0026414212248713764,0.25339698861549764,0.21022039234681517,0.04317659626868248
1050624,Mizoram,2015-08-28,13.55,5.13,8.420000000000002,20.160000000000004,16.97,3.190000000000005,35.15,38.58,-3.4299999999999997,6.610000000000003,11.84,-5.229999999999997,14.989999999999995,21.61,-6.6200000000000045,0.6721230158730158,0.30229817324690633,0.3698248426261095,0.5735419630156473,0.43986521513737686,0.13367674787827044
1048364,Assam,2015-09-01,11.12,25.2,-14.08,78.97,138.45999999999998,-59.48999999999998,166.57,167.46999999999997,-0.8999999999999773,67.85,113.25999999999998,-45.40999999999998,87.6,29.00999999999999,58.59,0.14081296694947448,0.18200202224469164,-0.04118905529521716,0.47409497508554965,0.8267749447662268,-0.35267996968067716
1048385,Assam,2015-09-01,11.02,14.14,-3.120000000000001,64.66999999999999,93.32,-28.650000000000006,152.29,132.34,19.94999999999999,53.64999999999999,79.17999999999999,-25.53,87.62,39.02000000000001,48.599999999999994,0.1704035874439462,0.15152164594942136,0.01888194149452485,0.4246503381705955,0.7051533927761825,-0.280503054605587
1048363,Assam,2015-09-01,11.12,4.99,6.129999999999999,78.97,69.01,9.959999999999994,166.57,135.22000000000003,31.349999999999966,67.85,64.02000000000001,3.829999999999984,87.6,66.21000000000002,21.389999999999972,0.14081296694947448,0.07230836110708593,0.06850460584238856,0.47409497508554965,0.5103534980032539,-0.03625852291770426
1050597,Mizoram,2015-09-14,5.11,9.04,-3.929999999999999,42.93,53.58,-10.649999999999999,80.25,99.59,-19.340000000000003,37.82,44.54,-6.719999999999999,37.32,46.010000000000005,-8.690000000000005,0.1190309806662008,0.16871967151922357,-0.04968869085302277,0.5349532710280374,0.5380058238778993,-0.0030525528498619448
1050596,Mizoram,2015-09-14,5.11,0.83,4.28,42.93,30.65,12.280000000000001,80.25,62.83,17.42,37.82,29.82,8.0,37.32,32.18,5.140000000000001,0.1190309806662008,0.027079934747145186,0.09195104591905562,0.5349532710280374,0.4878242877606239,0.04712898326741344
1048373,Assam,2015-09-23,26.58,17.47,9.11,115.38,36.33,79.05,127.44,62.7,64.74,88.8,18.86,69.94,12.060000000000002,26.370000000000005,-14.310000000000002,0.23036921476859074,0.4808698045692265,-0.2505005898006358,0.905367231638418,0.5794258373205741,0.32594139431784397
1050120,Assam,2016-05-18,60.18,18.72,41.46,193.69,140.36,53.329999999999984,287.3,195.74,91.56,133.51,121.64000000000001,11.869999999999976,93.61000000000001,55.379999999999995,38.23000000000002,0.310702669213692,0.13337133086349384,0.17733133835019815,0.674173337974243,0.717073669152958,-0.042900331178715057
1050474,Assam,2016-05-18,60.18,25.38,34.8,193.69,77.02,116.67,287.3,128.68,158.62,133.51,51.64,81.86999999999999,93.61000000000001,51.66000000000001,41.95,0.310702669213692,0.3295247987535705,-0.018822129539878496,0.674173337974243,0.5985390115013988,0.07563432647284418
1050501,Assam,2016-05-18,60.18,24.21,35.97,193.69,77.82,115.87,287.3,126.75,160.55,133.51,53.60999999999999,79.9,93.61000000000001,48.93000000000001,44.68000000000001,0.310702669213692,0.3111025443330764,-0.00039987511938438525,0.674173337974243,0.6139644970414201,0.06020884093282286
1050604,Assam,2016-05-18,60.18,32.23,27.950000000000003,193.69,106.73,86.96,287.3,150.82999999999998,136.47000000000003,133.51,74.5,59.00999999999999,93.61000000000001,44.09999999999998,49.51000000000003,0.310702669213692,0.3019769511852337,0.008725718028458285,0.674173337974243,0.7076178479082411,-0.03344450993399817
1050605,Assam,2016-05-18,60.18,68.15,-7.970000000000006,193.69,195.05,-1.3600000000000136,287.3,237.72,49.58000000000001,133.51,126.9,6.609999999999985,93.61000000000001,42.66999999999999,50.940000000000026,0.310702669213692,0.3493975903614458,-0.0386949211477538,0.674173337974243,0.8205031129059398,-0.14632977493169685
1050608,Assam,2016-05-18,60.18,53.96,6.219999999999999,193.69,153.93,39.75999999999999,287.3,183.38,103.92000000000002,133.51,99.97,33.53999999999999,93.61000000000001,29.44999999999999,64.16000000000003,0.310702669213692,0.3505489508218021,-0.0398462816081101,0.674173337974243,0.8394045152143091,-0.1652311772400662
1050541,Assam,2016-05-18,60.18,25.22,34.96,193.69,84.6,109.09,287.3,147.45999999999998,139.84000000000003,133.51,59.379999999999995,74.13,93.61000000000001,62.859999999999985,30.75000000000003,0.310702669213692,0.29810874704491724,0.012593922168774752,0.674173337974243,0.5737149057371491,0.10045843223709383
1050561,Assam,2016-05-19,42.3,4.11,38.19,198.35,84.38,113.97,323.86,211.47,112.39000000000001,156.05,80.27,75.78000000000002,125.51000000000002,127.09,-1.579999999999984,0.21325938996722962,0.04870822469779569,0.16455116526943392,0.6124559995059593,0.3990164089468955,0.2134395905590638
1050602,Mizoram,2016-05-21,85.95,115.23,-29.28,157.44,235.71,-78.27000000000001,220.78,257.42,-36.640000000000015,71.49,120.48,-48.99000000000001,63.34,21.710000000000008,41.629999999999995,0.545922256097561,0.48886343388061604,0.057058822216944916,0.7131080713832775,0.9156631186388003,-0.20255504725552287
1048435,Assam,2016-06-22,11.55,33.38,-21.830000000000002,45.16,98.44,-53.28,152.28,144.61,7.6699999999999875,33.61,65.06,-31.450000000000003,107.12,46.170000000000016,60.94999999999999,0.25575730735163865,0.3390898008939456,-0.08333249354230693,0.29655897031783557,0.6807274738953045,-0.38416850357746896
1048437,Assam,2016-06-22,11.55,17.55,-6.0,45.16,49.13,-3.970000000000006,152.28,107.97,44.31,33.61,31.580000000000002,2.0299999999999976,107.12,58.839999999999996,48.28000000000001,0.25575730735163865,0.35721555058009363,-0.10145824322845498,0.29655897031783557,0.4550338056867649,-0.1584748353689293
1048340,Assam,2016-07-07,12.69,4.06,8.629999999999999,45.77,10.16,35.61,150.28,75.49,74.79,33.080000000000005,6.1000000000000005,26.980000000000004,104.50999999999999,65.33,39.17999999999999,0.2772558444395892,0.3996062992125984,-0.12235045477300915,0.3045648123502795,0.1345873625645781,0.1699774497857014
1048473,Assam,2016-07-07,13.01,5.82,7.1899999999999995,43.98,11.4,32.58,140.51000000000002,61.25000000000001,79.26000000000002,30.97,5.58,25.39,96.53000000000003,49.85000000000001,46.68000000000002,0.29581628012733063,0.5105263157894737,-0.21471003566214308,0.31300263326453626,0.18612244897959182,0.12688018428494444
1057911,Manipur,2016-07-07,11.88,10.6,1.2800000000000011,24.23,24.85,-0.620000000000001,92.02,82.34,9.679999999999993,12.35,14.250000000000002,-1.9000000000000021,67.78999999999999,57.49,10.29999999999999,0.49030127940569546,0.4265593561368209,0.06374192326887457,0.2633123234079548,0.3017974253096915,-0.03848510190173671
938407,Sikkim,2016-07-09,15.42,14.4,1.0199999999999996,25.53,25.56,-0.029999999999997584,78.75,90.24,-11.489999999999995,10.110000000000001,11.159999999999998,-1.0499999999999972,53.22,64.67999999999999,-11.459999999999994,0.6039952996474736,0.5633802816901409,0.04061501795733269,0.3241904761904762,0.28324468085106386,0.04094579533941234
1048423,Assam,2016-07-14,6.46,1.01,5.45,18.15,4.3500000000000005,13.799999999999997,49.64999999999999,22.68,26.96999999999999,11.689999999999998,3.3400000000000007,8.349999999999998,31.499999999999993,18.33,13.169999999999995,0.3559228650137741,0.232183908045977,0.12373895696779713,0.36555891238670696,0.19179894179894183,0.17375997058776513
1048467,Assam,2016-07-14,6.46,10.45,-3.9899999999999993,18.15,37.86,-19.71,49.64999999999999,119.03,-69.38000000000001,11.689999999999998,27.41,-15.720000000000002,31.499999999999993,81.17,-49.67000000000001,0.3559228650137741,0.2760169043845747,0.07990596062919941,0.36555891238670696,0.31807107451902883,0.04748783786767813
1048557,Assam,2016-07-14,6.46,7.13,-0.6699999999999999,18.15,13.81,4.339999999999998,49.64999999999999,41.510000000000005,8.139999999999986,11.689999999999998,6.680000000000001,5.009999999999997,31.499999999999993,27.700000000000003,3.79999999999999,0.3559228650137741,0.5162925416364953,-0.16036967662272117,0.36555891238670696,0.3326909178511202,0.03286799453558675
1048458,Assam,2016-07-20,19.88,16.69,3.1899999999999977,97.33,56.53,40.8,235.84,170.53,65.31,77.45,39.84,37.61,138.51,114.0,24.50999999999999,0.20425357032775093,0.2952414647090041,-0.09098789438125315,0.4126950474898236,0.3314959244707676,0.08119912301905602
1048430,Assam,2016-07-20,19.88,11.29,8.59,97.33,24.92,72.41,235.84,80.41,155.43,77.45,13.630000000000003,63.82,138.51,55.489999999999995,83.02,0.20425357032775093,0.45304975922953444,-0.2487961889017835,0.4126950474898236,0.3099117025245617,0.10278334496526192
1057863,Manipur,2016-07-25,14.09,20.72,-6.629999999999999,30.86,42.97,-12.11,49.19,77.78999999999999,-28.599999999999994,16.77,22.25,-5.48,18.33,34.81999999999999,-16.489999999999995,0.45657809462086846,0.48219688154526413,-0.025618786924395676,0.6273632852205733,0.5523846252731714,0.07497865994740183
1050761,Mizoram,2016-07-28,9.14,6.67,2.4700000000000006,21.19,23.25,-2.0599999999999987,54.7,64.88,-10.179999999999993,12.05,16.58,-4.529999999999998,33.510000000000005,41.629999999999995,-8.11999999999999,0.43133553563001414,0.2868817204301075,0.14445381519990663,0.3873857404021938,0.3583538840937115,0.029031856308482318
1050763,Mizoram,2016-07-28,9.14,7.01,2.130000000000001,21.19,19.12,2.0700000000000003,54.7,53.21999999999999,1.480000000000011,12.05,12.110000000000001,-0.0600000000000005,33.510000000000005,34.099999999999994,-0.5899999999999892,0.43133553563001414,0.3666317991631799,0.06470373646683425,0.3873857404021938,0.35926343479894784,0.028122305603245967
938250,Sikkim,2016-07-30,5.95,4.85,1.1000000000000005,18.58,15.59,2.9899999999999984,111.64,79.96000000000001,31.679999999999993,12.629999999999999,10.74,1.8899999999999988,93.06,64.37,28.689999999999998,0.32023681377825625,0.31109685695958944,0.009139956818666806,0.16642780365460408,0.19497248624312155,-0.028544682588517473
938383,Sikkim,2016-08-16,10.27,9.58,0.6899999999999995,21.86,16.27,5.59,45.43000000000001,35.11,10.320000000000007,11.59,6.6899999999999995,4.9,23.570000000000007,18.84,4.7300000000000075,0.469807868252516,0.5888137676705594,-0.11900589941804335,0.48117983711204043,0.4634007405297636,0.017779096582276832
1050651,Assam,2016-08-31,19.43,23.09,-3.66,58.95,56.88,2.0700000000000003,81.64,80.43,1.2099999999999937,39.52,33.790000000000006,5.729999999999997,22.689999999999998,23.550000000000004,-0.8600000000000065,0.3296013570822731,0.40594233473980307,-0.07634097765752995,0.7220725134737874,0.7071988064155166,0.014873707058270846
1050626,Assam,2016-09-01,10.59,3.78,6.8100000000000005,59.08,18.6,40.48,83.22,28.24,54.980000000000004,48.489999999999995,14.820000000000002,33.669999999999995,24.14,9.639999999999997,14.500000000000004,0.17924847664184157,0.20322580645161287,-0.023977329809771297,0.7099254986782023,0.6586402266288953,0.051285272049306996
1050633,Mizoram,2016-09-17,13.62,17.21,-3.5900000000000016,33.33,29.24,4.09,94.19,58.54,35.65,19.71,12.029999999999998,7.680000000000003,60.86,29.3,31.56,0.40864086408640865,0.588577291381669,-0.17993642729526038,0.35385922072406834,0.4994875298940895,-0.14562830917002118
938303,Sikkim,2016-10-12,14.2,14.2,0.0,34.89,33.71,1.1799999999999997,54.95,54.64,0.3100000000000023,20.69,19.51,1.1799999999999997,20.060000000000002,20.93,-0.8699999999999974,0.40699340785325305,0.4212399881340848,-0.014246580280831755,0.6349408553230209,0.6169472913616398,0.017993563961381076
938327,Sikkim,2016-10-15,0.32,0.08,0.24,13.41,9.26,4.15,65.11,29.03,36.08,13.09,9.18,3.91,51.7,19.770000000000003,31.93,0.023862788963460106,0.008639308855291577,0.015223480108168529,0.205959146060513,0.31898036513951084,-0.11302121907899784
938398,Sikkim,2016-10-15,0.19,0.08,0.11,17.96,9.26,8.700000000000001,84.97,29.03,55.94,17.77,9.18,8.59,67.00999999999999,19.770000000000003,47.23999999999999,0.010579064587973273,0.008639308855291577,0.0019397557326816962,0.21136871837118984,0.31898036513951084,-0.107611646768321
1052234,Manipur,2017-03-30,65.58,54.05,11.530000000000001,99.03,58.03,41.0,101.01,62.08,38.93000000000001,33.45,3.980000000000004,29.47,1.980000000000004,4.049999999999997,-2.069999999999993,0.662223568615571,0.9314147854557987,-0.26919121684022773,0.9803979803979803,0.9347615979381444,0.04563638245983592
1050744,Assam,2017-04-04,20.26,11.73,8.530000000000001,110.72,44.150000000000006,66.57,315.83000000000004,101.22,214.61000000000004,90.46,32.42,58.03999999999999,205.11000000000004,57.06999999999999,148.04000000000005,0.1829841040462428,0.2656851642129105,-0.0827010601666677,0.35056834372922135,0.4361786208259238,-0.08561027709670244
1050718,Assam,2017-04-04,15.2,9.32,5.879999999999999,81.03,56.99,24.04,221.51,107.88,113.63,65.83,47.67,18.159999999999997,140.48,50.88999999999999,89.59,0.18758484511909168,0.16353746271275663,0.024047382406335055,0.36580741275788903,0.5282721542454579,-0.1624647414875689
1050682,Assam,2017-04-04,20.26,11.54,8.720000000000002,110.72,42.24,68.47999999999999,315.83000000000004,97.41,218.42000000000004,90.46,30.700000000000003,59.75999999999999,205.11000000000004,55.169999999999995,149.94000000000005,0.1829841040462428,0.27320075757575757,-0.09021665352951477,0.35056834372922135,0.43363104404065295,-0.08306270031143159
1050642,Assam,2017-04-04,20.26,12.62,7.640000000000002,110.72,70.0,40.72,315.83000000000004,156.2,159.63000000000005,90.46,57.38,33.07999999999999,205.11000000000004,86.19999999999999,118.91000000000005,0.1829841040462428,0.18028571428571427,0.0026983897605285245,0.35056834372922135,0.44814340588988477,-0.09757506216066342
1050702,Assam,2017-04-04,20.26,11.52,8.740000000000002,110.72,103.55,7.170000000000002,315.83000000000004,164.97,150.86000000000004,90.46,92.03,-1.5700000000000074,205.11000000000004,61.42,143.69000000000005,0.1829841040462428,0.11125060357315307,0.07173350047308973,0.35056834372922135,0.627689883009032,-0.2771215392798106
1048497,Assam,2017-04-05,4.08,0.0,4.08,66.65,13.5,53.150000000000006,206.29,87.65999999999998,118.63000000000001,62.57000000000001,13.5,49.07000000000001,139.64,74.15999999999998,65.48,0.06121530382595648,0.0,0.06121530382595648,0.32308885549469196,0.15400410677618073,0.16908474871851123
1050579,Mizoram,2017-04-25,21.13,24.59,-3.460000000000001,94.56,115.44,-20.879999999999995,348.4,339.23999999999995,9.160000000000025,73.43,90.85,-17.419999999999987,253.83999999999997,223.79999999999995,30.04000000000002,0.2234560067681895,0.213011088011088,0.01044491875710149,0.27141216991963263,0.34029006013441815,-0.06887789021478552
1050588,Assam,2017-04-29,25.86,14.98,10.879999999999999,59.35,31.02,28.330000000000002,145.95999999999998,63.23,82.72999999999999,33.49,16.04,17.450000000000003,86.60999999999999,32.209999999999994,54.39999999999999,0.4357203032855939,0.4829142488716957,-0.04719394558610179,0.40661825157577425,0.49058990985291795,-0.0839716582771437
1050720,Assam,2017-04-29,3.79,2.95,0.8399999999999999,17.27,31.53,-14.260000000000002,52.66,80.87,-28.210000000000008,13.48,28.580000000000002,-15.100000000000001,35.39,49.34,-13.950000000000003,0.21945570353213667,0.0935616872819537,0.12589401625018298,0.32795290543106725,0.38988500061827625,-0.06193209518720899
938411,Sikkim,2017-05-26,7.02,5.8,1.2199999999999998,14.56,13.37,1.1900000000000013,46.71,46.06,0.6499999999999986,7.540000000000001,7.569999999999999,-0.029999999999998472,32.15,32.690000000000005,-0.5400000000000063,0.4821428571428571,0.43380703066566945,0.04833582647718765,0.31171055448512097,0.290273556231003,0.02143699825411799
1050593,Mizoram,2017-06-01,87.46,41.07,46.38999999999999,191.98,97.29,94.68999999999998,223.86000000000004,130.66,93.20000000000005,104.52,56.220000000000006,48.29999999999999,31.880000000000052,33.36999999999999,-1.489999999999938,0.45556828836337115,0.42213999383287076,0.03342829453050039,0.8575895649066378,0.7446043165467626,0.11298524835987522
1050197,Assam,2017-06-02,58.66,10.7,47.959999999999994,162.56,38.67999999999999,123.88000000000001,225.52000000000004,104.43,121.09000000000003,103.9,27.979999999999993,75.92000000000002,62.960000000000036,65.75000000000001,-2.789999999999978,0.3608513779527559,0.27662874870734233,0.08422262924541357,0.7208229868747782,0.3703916499090299,0.3504313369657483
1048532,Tripura,2017-06-03,50.43,44.23,6.200000000000003,146.8,162.15,-15.349999999999994,270.52,258.7,11.819999999999993,96.37,117.92000000000002,-21.55000000000001,123.71999999999997,96.54999999999998,27.169999999999987,0.3435286103542234,0.27277212457600986,0.07075648577821353,0.5426585834688749,0.6267877850792424,-0.08412920161036752
1048504,Tripura,2017-06-03,50.43,48.54,1.8900000000000006,146.8,212.14,-65.33999999999997,270.52,342.94,-72.42000000000002,96.37,163.6,-67.22999999999999,123.71999999999997,130.8,-7.080000000000041,0.3435286103542234,0.22881116243989819,0.1147174479143252,0.5426585834688749,0.6185921735580567,-0.07593359008918188
1048488,Tripura,2017-06-03,50.43,71.92,-21.490000000000002,146.8,168.0,-21.19999999999999,270.52,261.33000000000004,9.18999999999994,96.37,96.08,0.29000000000000625,123.71999999999997,93.33000000000004,30.38999999999993,0.3435286103542234,0.4280952380952381,-0.0845666277410147,0.5426585834688749,0.642865342670187,-0.10020675920131217
1050666,Assam,2017-06-04,10.84,8.85,1.9900000000000002,88.30000000000001,64.69,23.610000000000014,220.35,112.72,107.63,77.46000000000001,55.839999999999996,21.62000000000001,132.04999999999998,48.03,84.01999999999998,0.12276330690826726,0.1368063070026279,-0.014043000094360658,0.40072611754027687,0.5738999290276792,-0.1731738114874023
1057261,Manipur,2017-06-05,0.17,1.28,-1.11,28.92,78.09,-49.17,128.1,218.24,-90.14000000000001,28.75,76.81,-48.06,99.17999999999999,140.15,-40.97000000000001,0.005878284923928077,0.01639134332180817,-0.010513058397880092,0.22576112412177987,0.3578170821114369,-0.13205595798965705
1050403,Mizoram,2017-06-09,7.32,19.27,-11.95,82.64999999999999,57.39999999999999,25.25,169.34999999999997,102.84,66.50999999999996,75.32999999999998,38.129999999999995,37.19999999999999,86.69999999999997,45.44000000000001,41.25999999999996,0.08856624319419239,0.33571428571428574,-0.24714804252009337,0.4880425155004429,0.558148580318942,-0.07010606481849907
1050613,Mizoram,2017-06-10,25.72,24.99,0.7300000000000004,72.19,51.48,20.71,125.62,76.86999999999999,48.750000000000014,46.47,26.49,19.98,53.43000000000001,25.389999999999993,28.040000000000013,0.3562820335226486,0.48543123543123545,-0.12914920190858686,0.5746696385925808,0.6697020944451673,-0.09503245585258646
1050629,Mizoram,2017-06-10,22.03,23.87,-1.8399999999999999,57.87,63.48,-5.609999999999999,82.1,126.38,-44.28,35.839999999999996,39.61,-3.770000000000003,24.229999999999997,62.9,-38.67,0.3806808363573527,0.3760239445494644,0.004656891807888308,0.7048721071863581,0.5022946668776705,0.20257744030868752
1050603,Mizoram,2017-06-10,25.72,20.48,5.239999999999998,72.19,34.07,38.12,125.62,58.46,67.16,46.47,13.59,32.879999999999995,53.43000000000001,24.39,29.040000000000006,0.3562820335226486,0.601115350748459,-0.24483331722581042,0.5746696385925808,0.5827916524119056,-0.008122013819324758
1050643,Mizoram,2017-06-12,91.37,69.03,22.340000000000003,147.7,132.8,14.899999999999977,193.12,172.53,20.590000000000003,56.329999999999984,63.77000000000001,-7.440000000000026,45.420000000000016,39.72999999999999,5.690000000000026,0.6186188219363575,0.5198042168674698,0.09881460506888773,0.7648094449047224,0.7697212079058715,-0.00491176300114915
1057926,Manipur,2017-06-12,14.65,17.03,-2.380000000000001,35.63,39.620000000000005,-3.990000000000002,51.000000000000014,55.25,-4.249999999999986,20.980000000000004,22.590000000000003,-1.6099999999999994,15.370000000000012,15.629999999999995,-0.2599999999999838,0.41117036205444846,0.4298334174659263,-0.018663055411477836,0.698627450980392,0.7171040723981901,-0.018476621417798045
1050599,Mizoram,2017-06-14,19.29,9.11,10.18,257.87,85.36999999999999,172.5,428.0,154.04000000000002,273.96,238.58,76.25999999999999,162.32000000000002,170.13,68.67000000000003,101.45999999999997,0.0748051343700314,0.10671195970481434,-0.03190682533478294,0.6025,0.5542066995585561,0.048293300441443976
1050678,Mizoram,2017-06-17,13.5,17.33,-3.8299999999999983,46.65,45.39,1.259999999999998,205.0,165.36,39.639999999999986,33.15,28.060000000000002,5.089999999999996,158.35,119.97000000000001,38.37999999999998,0.28938906752411575,0.3818021590658735,-0.09241309154175775,0.22756097560975608,0.2744920174165457,-0.04693104180678964
1050617,Assam,2017-06-18,9.7,13.55,-3.8500000000000014,66.83,66.5,0.3299999999999983,149.04,159.65000000000003,-10.610000000000042,57.129999999999995,52.95,4.179999999999993,82.21,93.15000000000003,-10.94000000000004,0.14514439622923836,0.2037593984962406,-0.05861500226700225,0.4484031132581857,0.4165361728781709,0.03186694038001481
1050724,Manipur,2017-06-26,11.82,6.82,5.0,61.16,33.0,28.159999999999997,140.11,77.03999999999999,63.07000000000002,49.339999999999996,26.18,23.159999999999997,78.95000000000002,44.03999999999999,34.910000000000025,0.1932635709614127,0.20666666666666667,-0.01340309570525397,0.4365141674398686,0.4283489096573209,0.008165257782547675
1050751,Manipur,2017-06-26,11.17,2.94,8.23,55.95,19.64,36.31,122.66,80.07,42.59,44.78,16.7,28.080000000000002,66.71,60.42999999999999,6.280000000000001,0.19964253798033957,0.14969450101832993,0.04994803696200964,0.4561389205935106,0.24528537529661548,0.2108535452968951
1050748,Manipur,2017-06-27,5.54,1.81,3.73,43.36,26.47,16.89,141.09999999999997,83.95,57.14999999999996,37.82,24.66,13.16,97.73999999999997,57.480000000000004,40.25999999999996,0.12776752767527674,0.06837929731771818,0.059388230357558566,0.30729978738483354,0.31530673019654554,-0.008006942811711992
1056702,Manipur,2017-06-30,29.14,22.2,6.940000000000001,52.94,43.22,9.719999999999999,85.37,81.89,3.480000000000004,23.799999999999997,21.02,2.7799999999999976,32.43000000000001,38.67,-6.239999999999995,0.5504344540989801,0.5136510874595095,0.03678336663947057,0.6201241653976807,0.52778116986201,0.09234299553567071
1057890,Manipur,2017-07-01,13.14,26.4,-13.259999999999998,60.60000000000001,70.19999999999999,-9.59999999999998,89.56000000000002,99.39,-9.829999999999984,47.46000000000001,43.79999999999999,3.660000000000018,28.960000000000008,29.190000000000012,-0.23000000000000398,0.2168316831683168,0.3760683760683761,-0.15923669290005932,0.676641357748995,0.7063084817386054,-0.029667123989610356
1048525,Assam,2017-07-03,28.78,12.27,16.51,73.66,94.79,-21.13000000000001,110.77,178.24,-67.47000000000001,44.879999999999995,82.52000000000001,-37.640000000000015,37.11,83.45,-46.34,0.39071409177301114,0.12944403418082076,0.26127005759219035,0.6649814931840751,0.5318110412926391,0.13317045189143595
1048541,Assam,2017-07-03,28.78,19.41,9.370000000000001,73.66,117.97,-44.31,110.77,186.85,-76.08,44.879999999999995,98.56,-53.68000000000001,37.11,68.88,-31.769999999999996,0.39071409177301114,0.16453335593795032,0.22618073583506082,0.6649814931840751,0.6313620551244313,0.033619438059643736
1048506,Assam,2017-07-03,28.78,14.18,14.600000000000001,73.66,48.98,24.68,110.77,76.65,34.11999999999999,44.879999999999995,34.8,10.079999999999998,37.11,27.67000000000001,9.43999999999999,0.39071409177301114,0.28950592078399345,0.10120817098901769,0.6649814931840751,0.6390084801043704,0.025973013079704677
1048519,Assam,2017-07-03,28.78,10.84,17.94,73.66,81.63000000000001,-7.970000000000013,110.77,188.78000000000003,-78.01000000000003,44.879999999999995,70.79,-25.91000000000001,37.11,107.15000000000002,-70.04000000000002,0.39071409177301114,0.132794315815264,0.2579197759577472,0.6649814931840751,0.4324080940777625,0.23257339910631258
1048545,Assam,2017-07-03,28.78,9.05,19.73,73.66,69.87,3.789999999999992,110.77,166.91000000000005,-56.14000000000006,44.879999999999995,60.82000000000001,-15.940000000000012,37.11,97.04000000000005,-59.93000000000005,0.39071409177301114,0.1295262630599685,0.26118782871304264,0.6649814931840751,0.41860883110658426,0.2463726620774908
1057856,Manipur,2017-07-04,17.28,19.62,-2.34,51.010000000000005,32.57,18.440000000000005,125.72,84.83,40.89,33.730000000000004,12.95,20.780000000000005,74.71,52.26,22.449999999999996,0.33875710644971574,0.6023948418790298,-0.26363773542931407,0.4057429207763284,0.383944359306849,0.021798561469479394
1048460,Assam,2017-07-06,5.42,9.15,-3.7300000000000004,77.06,41.36,35.7,171.5,152.03,19.47,71.64,32.21,39.43,94.44,110.67,-16.230000000000004,0.07033480404879315,0.22122823984526113,-0.15089343579646797,0.44932944606413994,0.27205156876932185,0.1772778772948181
1057907,Manipur,2017-07-08,21.26,33.47,-12.209999999999997,84.41,62.85,21.559999999999995,143.92000000000002,118.52,25.40000000000002,63.14999999999999,29.380000000000003,33.76999999999999,59.51000000000002,55.669999999999995,3.8400000000000247,0.2518658926667457,0.5325377883850437,-0.28067189571829804,0.5865063924402445,0.5302902463719203,0.056216146068324147
1050713,Assam,2017-07-09,31.88,35.88,-4.0000000000000036,83.57,54.17,29.39999999999999,128.59,151.84,-23.25,51.69,18.29,33.4,45.02000000000001,97.67,-52.64999999999999,0.3814766064377169,0.6623592394314196,-0.2808826329937027,0.6498950151644761,0.35675711275026345,0.29313790241421267
1050808,Manipur,2017-07-09,6.33,8.59,-2.26,56.22,64.01,-7.790000000000006,122.48,120.23,2.25,49.89,55.42,-5.530000000000001,66.26,56.22,10.040000000000006,0.11259338313767343,0.13419778159662551,-0.02160439845895208,0.45901371652514694,0.5323962405389671,-0.07338252401382012
1050753,Manipur,2017-07-09,7.98,4.38,3.6000000000000005,32.64,37.77,-5.130000000000003,100.94,85.46,15.480000000000004,24.66,33.39,-8.73,68.3,47.68999999999999,20.610000000000007,0.24448529411764708,0.1159650516282764,0.12852024248937066,0.32336041212601546,0.4419611514158671,-0.11860073928985165
1055884,Manipur,2017-07-09,6.33,5.87,0.45999999999999996,56.22,26.42,29.799999999999997,122.48,77.61,44.870000000000005,49.89,20.55,29.34,66.26,51.19,15.070000000000007,0.11259338313767343,0.2221801665404996,-0.10958678340282617,0.45901371652514694,0.34042004896276257,0.11859366756238438
1054667,Assam,2017-07-10,44.47,44.75,-0.28000000000000114,201.76,148.6,53.16,269.66,217.97,51.690000000000026,157.29,103.85,53.44,67.90000000000003,69.37,-1.4699999999999704,0.22041038858049167,0.3011440107671602,-0.08073362218666852,0.7482014388489208,0.6817451942927926,0.0664562445561282
1052013,Manipur,2017-07-10,17.44,25.99,-8.549999999999997,36.42,67.39,-30.97,126.15,146.79000000000002,-20.640000000000015,18.98,41.400000000000006,-22.420000000000005,89.73,79.40000000000002,10.329999999999984,0.47885777045579353,0.38566552901023887,0.09319224144555466,0.2887039239001189,0.45909121874787107,-0.17038729484775217
1055056,Assam,2017-07-10,44.47,53.39,-8.920000000000002,201.76,126.69,75.07,269.66,177.97,91.69000000000003,157.29,73.3,83.99,67.90000000000003,51.28,16.620000000000033,0.22041038858049167,0.4214223695635015,-0.20101198098300982,0.7482014388489208,0.7118615496993875,0.03633988914953323
1048428,Assam,2017-07-10,27.63,17.35,10.279999999999998,81.82,49.22,32.599999999999994,163.19,102.46,60.730000000000004,54.19,31.869999999999997,22.32,81.37,53.239999999999995,28.13000000000001,0.3376924957223173,0.35249898415278347,-0.01480648843046617,0.5013787609534898,0.4803825883271521,0.020996172626337684
1048443,Assam,2017-07-10,27.63,17.35,10.279999999999998,81.82,49.22,32.599999999999994,163.19,102.46,60.730000000000004,54.19,31.869999999999997,22.32,81.37,53.239999999999995,28.13000000000001,0.3376924957223173,0.35249898415278347,-0.01480648843046617,0.5013787609534898,0.4803825883271521,0.020996172626337684
1057775,Manipur,2017-07-14,1.67,3.1,-1.4300000000000002,15.55,10.95,4.600000000000001,73.85,52.46,21.389999999999993,13.88,7.85,6.030000000000001,58.3,41.510000000000005,16.789999999999992,0.10739549839228295,0.28310502283105027,-0.1757095244387673,0.21056194989844282,0.20873046130385053,0.0018314885945922843
1050573,Mizoram,2017-08-26,10.48,16.93,-6.449999999999999,80.17,88.15,-7.980000000000004,130.10000000000002,132.46,-2.359999999999985,69.69,71.22,-1.5300000000000011,49.93000000000002,44.31,5.620000000000019,0.13072221529250344,0.19205899035734542,-0.061336775064841975,0.616218293620292,0.6654839196738638,-0.049265626053571765
1057698,Manipur,2017-08-26,22.07,35.35,-13.280000000000001,41.07,51.93,-10.86,53.1,61.51,-8.409999999999997,19.0,16.58,2.4200000000000017,12.030000000000001,9.579999999999998,2.450000000000003,0.5373752130508888,0.6807240516079338,-0.14334883855704506,0.7734463276836158,0.8442529669972363,-0.07080663931362052
938258,Sikkim,2017-09-20,30.49,29.22,1.2699999999999996,45.1,41.78,3.3200000000000003,67.16,54.77,12.389999999999993,14.610000000000003,12.560000000000002,2.0500000000000007,22.059999999999995,12.990000000000002,9.069999999999993,0.6760532150776053,0.6993776926759214,-0.02332447759831613,0.6715306730196546,0.7628263647982472,-0.09129569177859254
938330,Sikkim,2017-09-20,30.49,29.04,1.4499999999999993,45.1,46.77,-1.6700000000000017,67.16,64.0,3.1599999999999966,14.610000000000003,17.730000000000004,-3.120000000000001,22.059999999999995,17.229999999999997,4.829999999999998,0.6760532150776053,0.6209108402822321,0.055142374795373206,0.6715306730196546,0.73078125,-0.059250576980345415
1050788,Manipur,2017-09-21,3.55,3.45,0.09999999999999964,37.77,32.150000000000006,5.619999999999997,84.66999999999999,68.65,16.019999999999982,34.220000000000006,28.700000000000006,5.52,46.899999999999984,36.5,10.399999999999984,0.09398993910510986,0.10730948678071538,-0.013319547675605517,0.44608479981103116,0.4683175528040787,-0.022232752993047555
1057697,Manipur,2017-09-29,10.15,29.15,-19.0,65.0,67.97999999999999,-2.9799999999999898,96.93,92.9,4.030000000000001,54.85,38.82999999999999,16.02000000000001,31.930000000000007,24.920000000000016,7.009999999999991,0.15615384615384617,0.4288025889967638,-0.2726487428429176,0.6705870215619518,0.7317545748116252,-0.06116755324967338
1051127,Manipur,2018-05-10,8.16,7.38,0.7800000000000002,29.86,23.09,6.77,120.27,104.89,15.379999999999995,21.7,15.71,5.989999999999998,90.41,81.8,8.61,0.2732752846617549,0.3196188826331745,-0.046343597971419626,0.24827471522407915,0.22013537992182286,0.02813933530225629
1050615,Mizoram,2018-05-12,6.25,8.02,-1.7699999999999996,62.75,34.05,28.700000000000003,160.9,87.27,73.63000000000001,56.5,26.029999999999998,30.470000000000002,98.15,53.22,44.93000000000001,0.099601593625498,0.23553597650513952,-0.13593438287964152,0.38999378495960224,0.39016844276383633,-0.00017465780423409072
1048345,Tripura,2018-05-18,37.62,48.5,-10.880000000000003,137.3,126.97,10.330000000000013,197.34,182.58,14.759999999999991,99.68,78.47,21.210000000000008,60.03999999999999,55.610000000000014,4.429999999999978,0.27399854333576107,0.3819799952744743,-0.10798145193871322,0.6957535218404785,0.69542118523387,0.0003323366066084743
1048347,Tripura,2018-05-20,31.33,25.14,6.189999999999998,95.99,104.66,-8.670000000000002,245.22000000000003,234.35,10.870000000000033,64.66,79.52,-14.86,149.23000000000002,129.69,19.54000000000002,0.32638816543389937,0.24020638257213836,0.08618178286176101,0.39144441725797235,0.4465969703435033,-0.055152553085530964
1048360,Tripura,2018-05-20,36.76,25.14,11.619999999999997,88.53,104.66,-16.129999999999995,237.04,234.35,2.6899999999999977,51.77,79.52,-27.749999999999993,148.51,129.69,18.819999999999993,0.4152264769004857,0.24020638257213836,0.17502009432834734,0.3734812689841377,0.4465969703435033,-0.07311570135936563
938409,Sikkim,2018-05-26,14.59,5.66,8.93,73.89,21.89,52.0,101.87,27.58,74.29,59.3,16.23,43.06999999999999,27.980000000000004,5.689999999999998,22.290000000000006,0.19745567735823522,0.25856555504796713,-0.06110987768973192,0.7253362128202611,0.793691080493111,-0.06835486767284993
1050791,Manipur,2018-06-03,5.68,10.67,-4.99,22.26,27.54,-5.279999999999998,30.67,39.83,-9.159999999999997,16.580000000000002,16.869999999999997,-0.2899999999999956,8.41,12.29,-3.879999999999999,0.2551662174303683,0.38743645606390703,-0.1322702386335387,0.7257906749266384,0.6914386141099673,0.03435206081667108
1050616,Mizoram,2018-06-05,47.98,27.28,20.699999999999996,70.97999999999999,44.32,26.65999999999999,123.48,69.17,54.31,22.999999999999993,17.04,5.959999999999994,52.500000000000014,24.85,27.650000000000013,0.6759650605804453,0.6155234657039711,0.06044159487647416,0.574829931972789,0.6407402052913113,-0.06591027331852228
938386,Sikkim,2018-09-14,11.64,8.38,3.26,32.150000000000006,21.73,10.420000000000005,93.4,69.71000000000001,23.689999999999998,20.510000000000005,13.35,7.1600000000000055,61.25,47.980000000000004,13.269999999999996,0.36205287713841366,0.38564196962724345,-0.023589092488829788,0.34421841541755893,0.31171998278582697,0.032498432631731966
938402,Sikkim,2018-09-14,11.64,3.27,8.370000000000001,32.150000000000006,11.34,20.810000000000006,93.4,37.03,56.370000000000005,20.510000000000005,8.07,12.440000000000005,61.25,25.69,35.56,0.36205287713841366,0.28835978835978837,0.07369308877862529,0.34421841541755893,0.30623818525519847,0.03798023016236046
938400,Sikkim,2018-09-14,11.64,3.27,8.370000000000001,32.150000000000006,11.34,20.810000000000006,93.4,37.03,56.370000000000005,20.510000000000005,8.07,12.440000000000005,61.25,25.69,35.56,0.36205287713841366,0.28835978835978837,0.07369308877862529,0.34421841541755893,0.30623818525519847,0.03798023016236046
938420,Sikkim,2018-09-15,3.26,4.68,-1.42,23.700000000000003,19.03,4.670000000000002,92.03,71.84,20.189999999999998,20.440000000000005,14.350000000000001,6.090000000000003,68.33,52.81,15.519999999999996,0.13755274261603373,0.24592748292170255,-0.10837474030566882,0.25752472019993483,0.2648942093541203,-0.007369489154185449
938385,Sikkim,2018-09-15,3.26,7.19,-3.9300000000000006,23.700000000000003,23.91,-0.2099999999999973,92.03,92.8,-0.769999999999996,20.440000000000005,16.72,3.720000000000006,68.33,68.89,-0.5600000000000023,0.13755274261603373,0.30071099958176495,-0.16315825696573122,0.25752472019993483,0.25765086206896554,-0.0001261418690307048
938429,Sikkim,2018-09-17,0.0,0.0,0.0,3.35,2.83,0.52,46.58,19.36,27.22,3.35,2.83,0.52,43.23,16.53,26.699999999999996,0.0,0.0,0.0,0.07191927866036926,0.14617768595041322,-0.07425840729004396
1050715,Assam,2018-12-18,37.98,22.92,15.059999999999995,47.17999999999999,23.110000000000003,24.06999999999999,47.18999999999999,23.110000000000003,24.079999999999988,9.199999999999996,0.19000000000000128,9.009999999999994,0.00999999999999801,0.0,0.00999999999999801,0.8050021195421789,0.9917784508870618,-0.18677633134488292,0.9997880906971817,1.0,-0.0002119093028183361
1050610,Mizoram,2021-06-12,29.98,21.84,8.14,66.27,63.49,2.779999999999994,108.07999999999998,94.34,13.73999999999998,36.28999999999999,41.650000000000006,-5.360000000000014,41.80999999999999,30.85,10.959999999999987,0.4523917307982496,0.34399117971334064,0.10840055108490898,0.6131569207994079,0.6729913080347678,-0.05983438723535994
