event_id,state,latitude,longitude,risk_probability,risk_level
2000216.0,Assam,25.520707717004857,92.97755016878672,0.9952964096378234,CRITICAL
3002171.0,Sikkim,27.5495602613923,88.8303178508196,0.0002656461072301467,LOW
3001849.0,Mizoram,23.83914963721098,93.22852177890536,0.00011031398737841025,LOW
3001709.0,Manipur,24.020595404829468,93.68304621070608,0.0001921677837864676,LOW
1048375.0,Assam,26.1295,91.7056,0.9789295268351046,CRITICAL
2000197.0,Assam,26.130252914050903,91.82122555775338,0.9898618936710577,CRITICAL
3001668.0,Manipur,24.15847457067565,94.36408975569444,0.0001631591091791981,LOW
2000431.0,Manipur,24.92592289799362,94.47398680399944,0.9910217086889257,CRITICAL
3002310.0,Assam,24.31932284260852,93.0203164941978,0.00026450418033260956,LOW
3000339.0,Assam,24.253095410242395,94.20082672015918,0.0031002737825081015,LOW
3001922.0,Manipur,23.79103183716772,94.7002392138056,0.007884223516703363,LOW
3001867.0,Sikkim,27.81983961480756,88.84046451215818,0.00019872415155058155,LOW
3001282.0,Mizoram,24.307621612994755,92.49961346484837,4.7088236074292595e-05,LOW
3001115.0,Sikkim,27.06738316259253,88.59392227323599,0.02841443360222404,LOW
938418.0,Sikkim,27.337,88.609,0.993764226168381,CRITICAL
1048551.0,Assam,26.13140438,91.93086808,0.988224915052058,CRITICAL
3003128.0,Manipur,25.648764354745957,93.81957942535728,0.15298533802670927,LOW
2000640.0,Manipur,24.971993456486285,94.02366208501849,0.9963019252567451,CRITICAL
3001321.0,Assam,25.057676557786344,93.51037658350016,0.0022246261452355393,LOW
3002658.0,Mizoram,23.854245003016217,92.9000411885209,1.9621092018536665e-05,LOW
3000281.0,Assam,26.88385837052125,89.91632466160158,0.0013068179707899222,LOW
2000154.0,Manipur,25.54139704036741,93.86047783281045,0.9964898497056904,CRITICAL
3003156.0,Manipur,24.94259905041724,93.87738561332672,9.752547708290457e-05,LOW
3002138.0,Manipur,23.955980352009615,93.60633550897715,0.0056072437437221945,LOW
3000675.0,Assam,25.81617346819901,92.5505597365047,0.0006230722384695711,LOW
3001610.0,Sikkim,27.96637563531952,88.50603178713239,0.17655103470614303,LOW
3002396.0,Tripura,23.03423734673916,92.29481772532908,0.0006721651657102052,LOW
2000379.0,Manipur,24.65877148873333,93.97628756720388,0.9791353611294278,CRITICAL
3002530.0,Manipur,24.826930299192583,94.26155434601604,0.00030832491489400497,LOW
2000425.0,Manipur,24.81166341669505,93.91154901279168,0.9861474671466867,CRITICAL
3003061.0,Manipur,24.586896771089712,93.99549462711208,0.0017627100222632568,LOW
3002086.0,Sikkim,27.587174114593942,88.34988751603557,0.00018444542465640893,LOW
2000448.0,Assam,26.517563607214747,91.7248621599802,0.9983632788821708,CRITICAL
3003521.0,Manipur,24.82772867955489,93.93001784663844,0.0003855639711766715,LOW
3003051.0,Manipur,24.44021841341457,93.01539309903124,0.0008897124931730651,LOW
3001700.0,Assam,25.23971409585957,92.53925460231017,8.619304972597625e-05,LOW
938325.0,Sikkim,27.1675,88.3651,0.997301103086045,CRITICAL
2000206.0,Manipur,25.059902747006877,94.35719978196109,0.9938495317666336,CRITICAL
3000428.0,Sikkim,27.555540627398532,88.232829540386,7.511846923105293e-05,LOW
3002014.0,Assam,25.31381866356833,93.37529025492783,0.001225819683924931,LOW
938237.0,Sikkim,27.2644,88.1365,0.9920456070123354,CRITICAL
2000531.0,Manipur,24.229221610208644,93.207309828621,0.9986728349637752,CRITICAL
3001819.0,Sikkim,27.7063303275709,88.86173831691717,0.02201375923476103,LOW
1048382.0,Assam,26.1226,91.7162,0.9927017454005433,CRITICAL
3003254.0,Manipur,25.67132661343233,94.29588525467156,0.04959701949591182,LOW
1048555.0,Assam,26.13140438,91.93086808,0.9806271714027089,CRITICAL
3001791.0,Assam,24.52354309983649,90.69618995428549,0.0983731695100992,LOW
3003293.0,Manipur,25.13625623056403,93.13447076637812,0.0009751971183161055,LOW
2000106.0,Manipur,25.20002127151153,94.44777372977492,0.9292168823933076,CRITICAL
3000650.0,Mizoram,23.71451879304784,92.4651805676232,0.0010039817185895435,LOW
3003245.0,Manipur,24.759590516331382,93.16776145549996,3.990051151008975e-05,LOW
3001904.0,Mizoram,22.536725500280088,92.72188895975648,0.0015056660011443321,LOW
3001401.0,Manipur,23.989899027225285,94.07647475678802,0.03629772489522375,LOW
2000091.0,Assam,25.17631435847028,93.0133949912556,0.999677577512829,CRITICAL
2000764.0,Manipur,24.745970944753257,93.420385089785,0.980557699778558,CRITICAL
3002752.0,Manipur,25.115465415337823,93.5442645322332,0.0010775395519938115,LOW
3000032.0,Mizoram,23.067100665715323,93.50977311465094,0.00417046073381175,LOW
3000518.0,Assam,24.49367036651748,91.31700057470448,0.015739364819341406,LOW
3002905.0,Assam,26.386225104951308,90.13169787761537,6.951922011016715e-05,LOW
3001170.0,Mizoram,24.06526800375297,93.00702765155226,0.1365949483327875,LOW
3003346.0,Mizoram,22.6321720327315,92.83451108579222,0.0001790461801184453,LOW
3001331.0,Manipur,24.263541200153654,94.61121681456926,5.838218768591027e-05,LOW
3002477.0,Manipur,25.291136866589618,94.0979293649772,0.004181357093311143,LOW
2000695.0,Assam,26.18092289448157,91.7629280592192,0.9932428374455391,CRITICAL
1057337.0,Manipur,24.6596,93.9784,0.9962729744322603,CRITICAL
3002463.0,Mizoram,24.077852374798844,92.83484110677004,0.00025652189306816587,LOW
3002236.0,Mizoram,23.132443403910468,93.32165121736118,7.609570398009469e-05,LOW
3000936.0,Sikkim,27.600874172024167,88.02335916013128,0.0007333756339233053,LOW
3002297.0,Sikkim,27.526460433772694,88.69404300250567,0.20279383586198962,LOW
3002762.0,Assam,25.851834359433354,93.61130727923104,0.038102943004640746,LOW
3002265.0,Assam,27.19737971327969,91.11755408014062,2.9107766223343618e-05,LOW
3002683.0,Manipur,24.71822272595138,93.54515376338574,0.0003411966296748084,LOW
3000313.0,Sikkim,27.81349016249323,88.1901374523051,2.98565962066913e-05,LOW
3000163.0,Manipur,25.33278997330976,94.0413886059273,0.0001459326208062895,LOW
3001266.0,Manipur,24.72819093269028,93.30880093850512,0.00017167233881100033,LOW
3001129.0,Mizoram,22.542287228941092,92.9634013302338,0.004002606843356334,LOW
3003085.0,Manipur,24.949221566978046,93.91969574575994,0.00026584244635410967,LOW
3000881.0,Manipur,25.64550894426972,93.14027117132036,5.8743489916856354e-05,LOW
3001882.0,Tripura,23.980077473451598,91.97634995730648,0.005157999674052725,LOW
3000145.0,Mizoram,23.47971474372449,92.593961931476,0.0005153008317736667,LOW
3001969.0,Sikkim,27.78715234673576,88.56625210736577,0.006831251936126109,LOW
3002487.0,Assam,24.99327547969653,90.99713004875557,0.0006971934202523156,LOW
2000150.0,Assam,24.812496392761595,92.88389263934276,0.9404363277623855,CRITICAL
2000384.0,Mizoram,23.730596843440978,92.74977393778516,0.9977946414830525,CRITICAL
3000738.0,Manipur,24.224585166637475,94.3316821962971,0.0001842676343201351,LOW
3000915.0,Tripura,23.611336499205784,91.71752577223548,4.754689596714706e-05,LOW
3002883.0,Sikkim,27.84822713859223,88.474591389687,0.00018051519960106199,LOW
3000235.0,Assam,26.24538410423458,90.66376960073148,0.0002111417146238512,LOW
1050841.0,Manipur,24.7016,93.5291,0.9712756640620057,CRITICAL
3000176.0,Assam,25.696446262984452,93.25131487239484,0.0005469964816421595,LOW
2000371.0,Mizoram,24.236590419685932,92.68071275930454,0.9933226033652005,CRITICAL
3000837.0,Manipur,23.924902579904337,93.32279869692093,9.840815103513146e-05,LOW
3002075.0,Assam,24.188565916987887,92.46625686245584,0.005733145427866397,LOW
1057907.0,Manipur,25.06466676,94.27420555,0.9948492445231785,CRITICAL
3001313.0,Mizoram,24.09441817798679,93.48985226405084,9.30226880089929e-05,LOW
1057562.0,Assam,27.163,94.0,0.9987058273996905,CRITICAL
2000181.0,Manipur,24.98076674208961,93.53495259261592,0.9621992411558355,CRITICAL
3001828.0,Manipur,25.637129779324688,93.92598031671572,0.00042633402625683536,LOW
3001943.0,Sikkim,27.08363785661747,88.09718066552918,0.3796627945387329,MODERATE
2000275.0,Manipur,24.899388407551942,93.49427586907444,0.9951234668868315,CRITICAL
3001641.0,Manipur,24.538014959705663,94.35644099507203,5.160408624006605e-05,LOW
2000499.0,Manipur,24.94855696684344,93.5306208797566,0.9969761366669312,CRITICAL
3002611.0,Assam,26.637272474947636,91.11160154048034,0.002150875268376872,LOW
2000569.0,Sikkim,27.27637348275877,88.29243966243862,0.9848892010259926,CRITICAL
2000654.0,Assam,26.138049002043104,91.7024339312036,0.979631243935742,CRITICAL
2000407.0,Assam,25.1848670887778,92.99584339776275,0.999728769098722,CRITICAL
3003215.0,Assam,24.449843597671222,93.1650888298172,0.0007632134711226127,LOW
3000521.0,Sikkim,27.131020901563904,88.2356032552931,4.104055704519272e-05,LOW
3001885.0,Assam,25.660136403791466,91.9231467999387,0.0018918635216091566,LOW
3003231.0,Sikkim,27.443548413631127,88.59191934652952,0.00011083078663518752,LOW
3003130.0,Assam,26.83237652471587,93.50804213837344,0.0001364248803400869,LOW
3002486.0,Mizoram,22.597484564264075,92.99463159174894,0.0029711916933337404,LOW
3002759.0,Sikkim,27.512899308507723,88.03349492541746,0.00011457828074229206,LOW
3001403.0,Sikkim,27.309687914250656,88.01238034147966,0.008329127818269147,LOW
3001210.0,Manipur,24.43782160770261,93.3353458543932,0.010893384713306444,LOW
3001328.0,Manipur,24.48479297464416,93.11885224074504,3.1964968793483696e-05,LOW
3001863.0,Assam,26.85889307335572,90.32998156898756,0.0007795617228756236,LOW
3002534.0,Manipur,23.81552391008038,94.2421144228901,5.567274936452397e-05,LOW
3001707.0,Assam,26.74515668491615,92.9671274484672,0.0007082062596333023,LOW
2000728.0,Sikkim,27.256372856262782,88.14179801519947,0.9916686706255395,CRITICAL
3003329.0,Sikkim,27.805816954930005,88.38611638972051,0.007053791987156061,LOW
2000098.0,Assam,26.111858557560268,91.7166926013616,0.9979197578016032,CRITICAL
3003212.0,Assam,25.723828476256003,92.60564041986297,0.004521790782127773,LOW
2000710.0,Sikkim,27.18464672868451,88.48679682550573,0.9944670613770408,CRITICAL
3001990.0,Assam,26.198756893941045,93.59334924688412,0.0009587498258912566,LOW
3001456.0,Manipur,24.038626604138525,93.0508998251874,0.0002659380588218047,LOW
3003141.0,Tripura,23.90334391825256,91.61245567482528,4.363898444756343e-05,LOW
938384.0,Sikkim,27.2319,88.497,0.9871152617094818,CRITICAL
2000253.0,Manipur,25.06790628141596,93.90774484337106,0.9665517341687171,CRITICAL
3001730.0,Assam,24.409244801673378,94.13845654622108,0.00036635067773120334,LOW
3002772.0,Tripura,23.658523764201867,91.70083168681614,0.000159478899801197,LOW
3000713.0,Tripura,22.95337965771005,91.80530887728482,0.18513509968760267,LOW
3001158.0,Manipur,25.182289184172312,93.40071850611488,0.0008269679295577707,LOW
1048412.0,Tripura,23.8986,91.7599,0.9978527625231026,CRITICAL
3002327.0,Sikkim,27.1056328803716,88.24680002804537,0.003323497465372874,LOW
3002960.0,Sikkim,27.10864692472203,88.56420850404956,0.00013517907568993666,LOW
3002799.0,Assam,24.87273794545389,94.252514629655,0.0012998753831034138,LOW
2000125.0,Assam,25.058523746966458,92.79745773581875,0.9901511824353461,CRITICAL
2000638.0,Sikkim,27.2623185620934,88.57501743905557,0.9953690860498561,CRITICAL
3003583.0,Assam,27.013001767113018,92.21842192957384,0.006833359497525138,LOW
3001335.0,Assam,25.85774885537802,90.1576241753657,0.004960026592407686,LOW
3001995.0,Assam,25.116246231122048,91.93251223067976,9.539250119743488e-05,LOW
2000376.0,Assam,26.15057939907545,91.75257370769776,0.9764906230713262,CRITICAL
3001982.0,Manipur,24.126470718870728,94.59869855689304,0.03549905185576366,LOW
3003286.0,Sikkim,27.75448150803924,88.7087184809571,4.033535190221396e-05,LOW
938422.0,Sikkim,27.4459,88.6193,0.9923863368822992,CRITICAL
3003577.0,Tripura,23.58357093084952,92.21485899469415,3.3041473695404215e-05,LOW
3002329.0,Manipur,24.54159027067176,94.46778549852536,0.0012611459169740654,LOW
3001281.0,Manipur,24.423779543500665,94.31241134693506,0.0002978089331415461,LOW
1048430.0,Assam,26.19043105,91.77439654,0.962986132581032,CRITICAL
3003597.0,Assam,26.009740201556724,93.0548997429365,0.006062919108887897,LOW
2000354.0,Assam,25.191013470887523,93.00426934855722,0.9996130540162438,CRITICAL
3002063.0,Assam,24.619114428883226,91.4870121035212,0.00011198128126071053,LOW
3003563.0,Assam,25.99396582545237,93.77838756707912,0.009119648057644736,LOW
3000812.0,Sikkim,27.3671194998558,88.06128574222484,0.04361447170117798,LOW
3000594.0,Assam,27.27796085662021,92.4540668169452,0.0003012793698962172,LOW
2000034.0,Assam,26.53107034046976,93.12301282506547,0.9774668870468254,CRITICAL
2000046.0,Assam,26.21030472447198,91.79914709823764,0.9951911312146273,CRITICAL
3000463.0,Assam,27.256936720545617,91.0578505742259,0.00010844920723302072,LOW
1048379.0,Assam,26.13088435,91.71073619,0.9925988669021315,CRITICAL
3003485.0,Mizoram,22.380973192391224,93.2639810858403,0.004694478037131373,LOW
3001100.0,Assam,24.50229063419894,91.50302862625834,0.0002928844802388089,LOW
3003053.0,Assam,24.418023030858063,91.53481618010808,0.0012454919118026334,LOW
3003532.0,Sikkim,27.306818352261764,88.33607298297673,0.004756356558715039,LOW
3003484.0,Sikkim,27.00432229376141,88.57211560893026,0.0003067276516377081,LOW
2000652.0,Manipur,25.49770860238524,94.13904936488736,0.9871383770512828,CRITICAL
2000614.0,Manipur,24.317370180068657,94.04545801179198,0.9981421895718161,CRITICAL
3001388.0,Assam,25.30015175651362,93.46280102238951,0.00010247900305607917,LOW
2000644.0,Manipur,25.491126882975426,94.12973178067888,0.9748530943482748,CRITICAL
1057856.0,Manipur,25.4976444,94.12901274,0.9763733674956074,CRITICAL
3002748.0,Manipur,25.076623049597533,93.36218078374604,0.0026718645605207873,LOW
3002601.0,Assam,26.496772349378936,90.61619243406496,0.00024432830775732297,LOW
2000677.0,Mizoram,23.742454827089905,92.75303795103083,0.9806260030787197,CRITICAL
3001489.0,Assam,25.20342338553456,89.95233047196798,6.486805138515037e-05,LOW
3001368.0,Assam,26.97426706363175,93.08845629009002,0.032409680639165106,LOW
938452.0,Sikkim,27.26801207,88.73536786,0.992759394413377,CRITICAL
2000007.0,Manipur,24.903570542015668,94.46060196509504,0.9877527461118906,CRITICAL
1050584.0,Assam,24.96518283,92.69340028,0.9945137298572027,CRITICAL
3001681.0,Sikkim,27.60864990751397,88.75715541186815,2.3184318310494316e-05,LOW
3002853.0,Assam,25.117202910482696,93.158210603233,7.597396803900039e-05,LOW
2000351.0,Sikkim,27.29943228848239,88.24240260754065,0.9933437106830427,CRITICAL
2000218.0,Sikkim,27.742560419052552,88.62747496643128,0.997950744535915,CRITICAL
3003282.0,Tripura,23.901663791173096,92.10088933365326,4.621729520729845e-05,LOW
3002058.0,Manipur,23.932383431598065,92.97598561256116,3.7494097944957914e-05,LOW
3001411.0,Manipur,23.76892739068346,94.65292571074384,8.367490548322461e-05,LOW
1050643.0,Mizoram,23.33501164,92.85410625,0.9596774970393431,CRITICAL
3001927.0,Sikkim,27.38000729623847,88.50266130526292,0.0003906429198860731,LOW
3000673.0,Manipur,23.79827652438317,94.26641348014874,0.0027833353393610675,LOW
3000832.0,Assam,26.96450896291419,90.8270824301658,0.09551525171632903,LOW
2000616.0,Manipur,24.92301802897658,93.81584043073642,0.964390870757295,CRITICAL
3000123.0,Assam,24.249423407168607,91.34839713536562,0.04210556561197299,LOW
3002625.0,Mizoram,22.98149526816071,92.7866430733053,3.046433865323974e-05,LOW
3000498.0,Assam,24.553710194660123,90.67198628462135,8.136682668807423e-05,LOW
3000529.0,Assam,27.23276774490303,94.0384153633018,0.017465086335736638,LOW
3000308.0,Mizoram,22.7055628172116,92.95897925932664,0.00038358293448395613,LOW
938329.0,Sikkim,27.28709076,88.38035955,0.973819341204503,CRITICAL
3000082.0,Sikkim,27.719834402825143,88.50397668036186,0.0005570709720618951,LOW
3001836.0,Assam,26.703770641040457,91.10786031484147,0.0005504682251606158,LOW
3000384.0,Assam,26.09809634721938,93.40765749928084,0.0003188821074279534,LOW
3002272.0,Mizoram,23.59735632064296,92.68429437567394,0.00011631352374924127,LOW
3000314.0,Manipur,24.96861109331624,93.66402703306665,0.05892164862202828,LOW
3000990.0,Tripura,23.21532870579589,91.78865136924576,0.04324046154316066,LOW
3000394.0,Manipur,24.338420098558025,94.64743889449284,0.04398666077490845,LOW
3002512.0,Assam,24.333285588753125,93.56095836604636,0.000544438594117675,LOW
3000290.0,Sikkim,27.493901783142757,88.51017478572525,7.409939310955546e-05,LOW
3003009.0,Assam,24.710135401943752,92.44120155575972,5.622423461801929e-05,LOW
3000359.0,Mizoram,22.472695364836223,92.7175947249894,0.0001738960289143976,LOW
3001261.0,Sikkim,27.24112701345256,88.00453262281171,0.000758862826209631,LOW
3000239.0,Mizoram,23.885673573610184,93.17309735345584,0.00020942252994491913,LOW
3001165.0,Manipur,24.154488312258074,94.2611256242526,0.1243027376071357,LOW
3003272.0,Sikkim,27.41584037444557,88.77664410364564,0.00012027288328377616,LOW
3000695.0,Assam,25.463123330004382,94.15864171464357,0.21334705286569638,LOW
3002209.0,Assam,24.352697499618472,92.56606610135536,0.0020352569624418806,LOW
2000303.0,Assam,24.518799200309218,92.7290126438753,0.9825651088588174,CRITICAL
3002189.0,Manipur,24.319946338720783,93.79348472514224,0.00019282388095435618,LOW
2000557.0,Assam,24.7527224561596,92.3312574339435,0.9986511399950553,CRITICAL
1054555.0,Manipur,24.9356,93.8443,0.994482073629088,CRITICAL
3002424.0,Assam,24.94132141313813,91.82166118045636,0.0007193415897791468,LOW
3002139.0,Sikkim,27.30930896037834,88.77229567558459,0.007036149269645839,LOW
3000198.0,Mizoram,23.442219121740944,92.68189399770266,0.24026661128094345,LOW
3001808.0,Assam,25.501187472168944,91.51363064382886,0.04872498168429508,LOW
2000461.0,Manipur,24.305132210725013,93.18696980525375,0.9881481754413686,CRITICAL
2000676.0,Assam,27.222591021323456,94.10282818526215,0.9985171166385798,CRITICAL
3001638.0,Assam,25.893664068978044,91.6525431429432,0.0007971084630991435,LOW
2000049.0,Tripura,23.785115642861843,91.52802655779216,0.9484177730807253,CRITICAL
3001295.0,Assam,26.762400656869044,92.37796101238436,0.014122258836017488,LOW
2000296.0,Assam,26.1691152626723,91.75928425123948,0.9109741063107506,CRITICAL
3000968.0,Sikkim,27.746240144009324,88.42885407192469,0.3626614602740268,MODERATE
3002560.0,Manipur,24.32800558491903,93.48002551435737,0.0016534219930071327,LOW
3002893.0,Manipur,24.13204251987473,94.63282764544265,0.00015177155210936428,LOW
3001167.0,Mizoram,23.611496847609857,92.38105826241087,0.00039023343770401174,LOW
3000692.0,Assam,26.60288342167573,90.274198343669,0.4457442727486762,MODERATE
3002045.0,Assam,25.14293549742524,89.90573561575489,0.0008887636447314672,LOW
1048473.0,Assam,26.10993404,91.81498746,0.9644494048707766,CRITICAL
2000325.0,Mizoram,23.72310455037819,92.72980557975932,0.9948191776280457,CRITICAL
3000141.0,Sikkim,27.914146294305507,88.73123800489513,0.0005636034654952643,LOW
1048449.0,Assam,26.1833,91.8,0.9758634992631123,CRITICAL
2000784.0,Assam,26.081745256916832,93.15648012352662,0.9742683666323706,CRITICAL
3000036.0,Sikkim,27.030509518724116,88.50066829229489,0.002029898813112893,LOW
3001878.0,Mizoram,22.35933789514876,93.18872866525452,0.0005824014538311903,LOW
2000714.0,Mizoram,24.03989220265556,92.67808830475636,0.9840769464762322,CRITICAL
3002886.0,Assam,26.49690607324502,90.11171692133492,6.58377660726235e-05,LOW
3002768.0,Manipur,25.267849699376303,93.09359007361928,0.0008486334237774666,LOW
3000557.0,Mizoram,22.536010213498603,92.66803650641808,0.00023834929247549606,LOW
1057024.0,Manipur,24.7992,93.948,0.9897587078140124,CRITICAL
3002483.0,Assam,24.84895315450955,90.82315859892414,0.00018794128070876722,LOW
2000290.0,Manipur,24.95727959260982,94.20960377365202,0.9836912909183988,CRITICAL
2000535.0,Mizoram,23.77811199048263,92.5487189873466,0.9730663566329105,CRITICAL
3000697.0,Sikkim,27.454834454821214,88.0323053201249,0.01364524678113459,LOW
3003310.0,Assam,25.877262662592138,93.09507587584034,0.00045680687715463173,LOW
1050672.0,Assam,26.5836,93.0038,0.9969576413803594,CRITICAL
2000121.0,Sikkim,27.750478579193604,88.63839117773034,0.9986853841034526,CRITICAL
3000570.0,Mizoram,23.376650053213112,92.36031157785628,0.003437507477617876,LOW
3001271.0,Assam,26.835286502042862,89.97272977576866,0.0002568408798585613,LOW
3000249.0,Manipur,25.178745966338628,94.23772832434372,3.30806177148854e-05,LOW
3003042.0,Manipur,23.83446712828987,94.29020187356808,0.002936836071479325,LOW
3001148.0,Assam,25.51829198862201,90.53243905633455,0.000839479876066968,LOW
3001423.0,Sikkim,27.35824795967249,88.88492002975963,0.00019450072569611888,LOW
2000414.0,Manipur,24.846780104867936,94.4242262681488,0.9974434223529174,CRITICAL
3003271.0,Manipur,25.454277507194973,93.50269027116636,0.009589993445900061,LOW
3001264.0,Manipur,24.895761365378124,93.19194010356507,0.12112969561452715,LOW
3002528.0,Assam,26.15788376029041,92.8539205530608,0.0002960162951222872,LOW
3002949.0,Assam,26.27332526351655,90.438106664749,3.393831964906289e-05,LOW
3000614.0,Sikkim,27.896675591475628,88.85472131663909,0.006634810288929825,LOW
3001344.0,Assam,26.72204963458421,92.67539005342832,0.0005930076916333862,LOW
3001495.0,Manipur,25.59210244236152,93.38009621761384,4.8525864564429014e-05,LOW
938381.0,Sikkim,27.201,88.4883,0.9970711313890988,CRITICAL
3001499.0,Assam,27.262797281202158,91.18012517703812,0.009937324624346775,LOW
3002989.0,Assam,26.78220335816589,91.96642873001085,5.732395202235861e-05,LOW
3002462.0,Assam,25.500994341271834,90.27014125727004,0.00021085815645462038,LOW
3000023.0,Assam,24.42730781061952,92.60773982174436,0.001239553070036195,LOW
3000351.0,Mizoram,22.44302903731513,93.3995923301331,0.000669657445714914,LOW
3002096.0,Assam,25.312110813437005,92.08471337586826,0.001583170688074325,LOW
3000601.0,Mizoram,22.67550689282916,92.52124721390317,0.0002859993021091858,LOW
3001069.0,Assam,25.331551778841774,91.3893856147252,0.00023608799798692986,LOW
3001243.0,Assam,26.6299546321288,90.64153750229669,0.009662903105933618,LOW
3001360.0,Mizoram,22.87181878135308,92.68909381448178,0.0003203036094848032,LOW
3000005.0,Assam,26.90581909530177,91.08471558893402,0.0002599799369477642,LOW
2000667.0,Manipur,24.8311987082415,94.37867699230026,0.9528177464113461,CRITICAL
2000736.0,Manipur,25.395132642305526,94.10909627015872,0.9332600703092964,CRITICAL
3002215.0,Sikkim,27.26122350366671,88.77621305726754,0.007952093982427327,LOW
3001866.0,Manipur,23.774565167809445,93.6013322815184,0.0005692093836935882,LOW
3000071.0,Sikkim,27.80146945267716,88.02798017898982,0.004357727987918097,LOW
2000013.0,Assam,24.74773910240989,92.3388756019684,0.9989580104596847,CRITICAL
3002673.0,Sikkim,27.75926534105192,88.86286927579776,0.06517992150779145,LOW
3000784.0,Manipur,25.601770136184584,93.8437434812272,0.03739427901969725,LOW
3002841.0,Manipur,25.150795486907544,94.44773931346968,4.242649332943243e-05,LOW
3001994.0,Manipur,24.272612934321103,93.65576056036316,9.020823941063353e-05,LOW
3000059.0,Manipur,25.535075121798283,94.7204295317592,0.00013777515071923278,LOW
3000725.0,Manipur,23.9171327600618,94.07036879976552,3.497304602847762e-05,LOW
2000311.0,Assam,27.006933470661647,93.72512352944764,0.9870645354725565,CRITICAL
3000613.0,Sikkim,27.59872251493323,88.09417138635287,0.31507714593965097,MODERATE
2000164.0,Sikkim,27.2712770322918,88.26818917156864,0.9973022018696176,CRITICAL
3000533.0,Manipur,24.88402200350609,94.63311321579148,5.5064005638420286e-05,LOW
3000817.0,Assam,24.63194725244759,92.94626076466588,0.011993219874877026,LOW
3002441.0,Assam,27.37039342009016,89.91835851265702,0.00013921868855428337,LOW
1050773.0,Manipur,24.7625,93.4341,0.9962623345248898,CRITICAL
3000245.0,Assam,24.317995538958336,94.18230074797154,0.000878882768173375,LOW
3000762.0,Manipur,25.59263996973609,93.57632466465355,0.0063671172348536385,LOW
3002259.0,Assam,25.91147559542093,92.20816359854162,0.0005196220214219111,LOW
3001265.0,Sikkim,27.160433520270644,88.8745943544745,0.0006563562071239814,LOW
3002257.0,Manipur,23.88644412000582,93.5802065266364,0.017721729629851874,LOW
2000204.0,Assam,26.968334656165823,93.87799344229693,0.9997167622257814,CRITICAL
3002661.0,Manipur,25.384691472552905,93.28857652688828,0.0050096364238985495,LOW
2000647.0,Sikkim,27.199724749054685,88.61670112232423,0.9877288271415714,CRITICAL
3001083.0,Manipur,24.03191026677684,93.71113578308535,0.00020784536221293208,LOW
3003292.0,Assam,26.923988560646432,91.10062235064362,0.00021532578696362517,LOW
3002389.0,Assam,25.531754006022908,91.00689744741692,0.00011396184648837273,LOW
3000220.0,Assam,26.130003130802688,91.65339395443866,0.0002061454256187098,LOW
3000365.0,Manipur,24.95282442437749,94.3605851002022,0.029047072836987563,LOW
3000819.0,Assam,26.868811131509748,92.21631221439009,0.004404319415169375,LOW
2000362.0,Tripura,23.73453875104663,91.62501724268314,0.9909695659852992,CRITICAL
3003040.0,Mizoram,23.38064242773064,93.000429463793,0.0006592555933525591,LOW
1050770.0,Manipur,24.7505,93.4221,0.9980354895392338,CRITICAL
3000571.0,Assam,26.12034255077597,93.18462754452624,0.0008777366771904768,LOW
3001029.0,Assam,25.999899750680743,90.5630871470559,0.03013515172605033,LOW
3002319.0,Assam,24.5294097788841,91.47337786377352,0.000431781482755652,LOW
2000092.0,Assam,26.12890388829275,91.69388472375412,0.9892505109550489,CRITICAL
3002869.0,Manipur,25.51187931068362,94.19919059877684,8.267594181483633e-05,LOW
3002881.0,Assam,24.937336665295337,92.58843444161712,0.00019662717646857017,LOW
3002240.0,Mizoram,24.226463838110828,92.3654602755266,8.975999243735032e-05,LOW
3003494.0,Sikkim,27.043555514158577,88.74380202673937,0.0007614041777128987,LOW
3002466.0,Mizoram,23.44765818285331,93.34680026524951,0.0009566371720777122,LOW
3003599.0,Assam,25.29460763314124,91.81157932396988,9.968896681025314e-05,LOW
938400.0,Sikkim,27.49532869,88.5364844,0.9925936831153249,CRITICAL
3001631.0,Manipur,25.54744975106764,94.73560427613064,0.0005201443647236043,LOW
3000252.0,Assam,25.31340353303144,92.37221107332208,0.008605763440882909,LOW
2000187.0,Sikkim,27.161093387620102,88.36965966992925,0.9869409316624116,CRITICAL
3000193.0,Sikkim,27.21222288178716,88.42701281252718,0.0006871848810766883,LOW
2000277.0,Sikkim,27.21627971178723,88.50199625869034,0.9962045830933248,CRITICAL
3000912.0,Mizoram,22.65573129974891,93.4822988040436,0.00032404648632809263,LOW
2000621.0,Assam,25.17283311452273,93.00684116416195,0.9995988255567778,CRITICAL
3002156.0,Assam,25.10030934819274,90.56891816656908,0.0005746154697132957,LOW
3000634.0,Mizoram,23.46731060972135,92.96923047244309,0.1917828460245909,LOW
2000807.0,Assam,25.509417440886548,93.35966663397798,0.9856054042834543,CRITICAL
2000297.0,Sikkim,27.27829686735844,88.25314380879445,0.9889267359768246,CRITICAL
3003405.0,Manipur,25.60348161357897,93.17483911771706,0.0002835965473906876,LOW
3000825.0,Sikkim,26.994064150799662,88.16075146719413,0.0007055165169856405,LOW
3000021.0,Manipur,24.813876416213237,94.05172576742945,7.68650716863697e-05,LOW
1050577.0,Mizoram,24.02940241,92.66984764,0.9900994813097421,CRITICAL
3003570.0,Assam,25.89091104565384,90.70251123764784,0.0007247376380751284,LOW
3000545.0,Sikkim,27.591324689415902,88.83933609650406,0.02465034891873502,LOW
2000630.0,Manipur,25.167520272839702,93.85290982285944,0.9962247406102256,CRITICAL
3002492.0,Assam,25.372456917982586,93.97141661416286,0.0025713842804368585,LOW
3002912.0,Manipur,24.326449402282748,94.62300901154974,0.0002715370164799078,LOW
1048547.0,Assam,26.13140438,91.93086808,0.9889519847816137,CRITICAL
3003037.0,Manipur,24.9143419648104,93.82611527415776,0.012570808862986949,LOW
3000218.0,Assam,25.502168508483077,92.70953551933314,1.6492965589587946e-05,LOW
3003340.0,Assam,26.924051815886305,90.90241859216992,0.0007871144752148654,LOW
3001457.0,Assam,26.54255318374907,92.90047283001545,0.0008029758627310383,LOW
3000544.0,Manipur,23.86606425806751,94.57913702785096,0.00045571383679283945,LOW
3002805.0,Manipur,25.060013017558813,93.37937456491896,0.012766030217696522,LOW
1050805.0,Manipur,24.9818,93.5142,0.9610566982357318,CRITICAL
3002829.0,Mizoram,23.081419653235937,93.14532514072388,0.0003707656540931409,LOW
2000790.0,Mizoram,22.909944182264155,92.46794562540552,0.9905224847621368,CRITICAL
2000219.0,Assam,25.17954662530408,93.12022010013432,0.9708757682339059,CRITICAL
3000693.0,Assam,26.416907359112727,94.2288490021425,0.10655790958943351,LOW
2000462.0,Manipur,25.14243415995304,93.97835281415313,0.9987485579546427,CRITICAL
3000742.0,Assam,26.472477621652967,92.74737289193446,0.0012386607648639187,LOW
3001009.0,Manipur,24.636619562896023,93.0489623902684,0.00195974474019687,LOW
2000737.0,Manipur,24.757973649891994,93.4357811955918,0.9859002346566378,CRITICAL
3000302.0,Manipur,24.83498554050754,94.24461202457034,0.00015116464296981673,LOW
3000719.0,Sikkim,27.93004851230265,88.57466172715787,0.017723985118495017,LOW
3001980.0,Assam,25.9024194587078,92.474532444747,7.814530861504116e-05,LOW
3003370.0,Assam,24.96472707714056,90.01633893973414,0.00013127212157537898,LOW
3003468.0,Assam,25.462584582154875,91.95949586648572,0.0030112794798994825,LOW
3002540.0,Assam,26.01545669626429,90.62382831691792,2.2711965361784478e-05,LOW
3003270.0,Tripura,24.353014800563063,91.5443799649053,3.902438631212244e-05,LOW
3002861.0,Sikkim,27.505422324197284,88.64152752705867,0.07987711958380989,LOW
3003361.0,Assam,24.885167045973716,91.89815556326444,0.00041499075157598906,LOW
3000892.0,Mizoram,23.60097087956924,92.42740599293067,0.00015912765430414527,LOW
3003526.0,Manipur,25.261916590048184,94.13320075220396,0.0028506570815715363,LOW
3003150.0,Assam,26.73849098193806,93.87771365209468,5.710684978796581e-05,LOW
2000501.0,Manipur,24.75855814856883,93.437710471352,0.9863368173616861,CRITICAL
3001879.0,Manipur,23.902141745120613,93.57097545129862,0.14147372377331047,LOW
3000214.0,Manipur,25.35241820910205,93.68591056305492,0.00017564147979856555,LOW
2000153.0,Manipur,24.98650430214684,93.5085857001564,0.9997623388016517,CRITICAL
938414.0,Sikkim,27.339,88.6065,0.9985144037431675,CRITICAL
3001802.0,Assam,25.56416077474549,92.02083956597257,0.00010022901902381886,LOW
3001120.0,Assam,25.63335670470069,92.28302544173582,0.029823085241800364,LOW
3003048.0,Manipur,25.007551818489336,94.64662681860234,0.001254002332461164,LOW
3002435.0,Assam,25.421211401089334,93.6929384495822,0.00016934761672766647,LOW
938369.0,Sikkim,27.1141,88.4658,0.9934998788536993,CRITICAL
1050721.0,Assam,25.4749,93.1477,0.9765081682299015,CRITICAL
2000385.0,Assam,26.587194873947134,93.00577233877408,0.9910529217883778,CRITICAL
3000010.0,Sikkim,27.86934153926458,88.81457234045916,0.000599101118446766,LOW
3000506.0,Assam,24.465417233905377,93.51778684219305,0.005420194628872728,LOW
3000207.0,Manipur,24.832068281796367,94.43207280306478,0.000458979103306726,LOW
2000117.0,Assam,24.8000760469901,92.8528447132889,0.9955809375786049,CRITICAL
2000675.0,Sikkim,27.330992267323985,88.18919772029156,0.9929739195601981,CRITICAL
3000280.0,Manipur,24.09207067113973,93.35011476959696,0.023421251020173783,LOW
3000492.0,Sikkim,27.760363153751896,88.30751028849413,4.98092008304393e-05,LOW
2000301.0,Assam,26.13633721233394,91.93054346930911,0.9787375832547227,CRITICAL
3001602.0,Manipur,25.38656813602116,94.01353444874242,7.387384596758804e-05,LOW
1050652.0,Assam,25.1175,92.8573,0.9944704281568091,CRITICAL
3000816.0,Manipur,24.92714225904828,93.42129514177552,0.004104856402923407,LOW
3001551.0,Assam,26.04923428478845,92.21217713605232,0.01342276211161601,LOW
3001493.0,Sikkim,27.64103777267734,88.0762607908126,0.0004947944766110868,LOW
3002793.0,Manipur,25.03551990274316,94.72428942144734,5.193619560330175e-05,LOW
3001224.0,Mizoram,22.66695493180637,93.15429457319802,0.0016617169993599266,LOW
2000111.0,Manipur,25.0685141538168,93.98477184501014,0.9727862062130201,CRITICAL
3001240.0,Assam,27.321458035073437,93.61624781835702,0.0013886884573251436,LOW
3002072.0,Assam,24.16977443744569,92.46245080865802,9.663363875193076e-05,LOW
1050715.0,Assam,25.19640994,93.13430585,0.9952119253214278,CRITICAL
2000158.0,Sikkim,27.655404148113487,88.59563704230152,0.9477511502067172,CRITICAL
2000088.0,Assam,26.358159612332525,92.83683091252864,0.998706990876111,CRITICAL
2000661.0,Assam,26.11093890555764,91.77738449763672,0.9972767609376255,CRITICAL
3000868.0,Assam,26.199999091084,89.87811339990657,0.0018270037884973475,LOW
3003103.0,Assam,26.07573822331525,91.20161284817208,0.012094498056489262,LOW
2000085.0,Assam,25.11429343408961,92.84432912325016,0.9983489521061688,CRITICAL
3002083.0,Assam,26.02896951377405,94.25584919790133,0.0008110352122492005,LOW
2000036.0,Mizoram,23.686778066214863,93.02692838878696,0.9737889086900536,CRITICAL
3002286.0,Mizoram,22.91722413040249,93.33661180920129,9.586754812856056e-05,LOW
3000270.0,Mizoram,24.00114328785945,93.27040741746949,0.005586785091257337,LOW
3001287.0,Mizoram,22.52357332663193,93.36466069123844,0.030431851678038295,LOW
3001252.0,Sikkim,27.006217487272853,88.68163701073048,0.00021334959529363984,LOW
3002106.0,Tripura,24.41281877056628,91.51132363142064,0.0005312676770591891,LOW
3000916.0,Assam,26.97806796471962,93.22501693826418,0.00017396567749749885,LOW
3001421.0,Manipur,24.72633012402364,94.55684033019229,0.014575959473884487,LOW
3001872.0,Mizoram,23.70476862285989,92.51991080022964,0.0003926227128811915,LOW
938364.0,Sikkim,27.1344,88.4575,0.9996742858113263,CRITICAL
3002561.0,Sikkim,27.532509428904014,88.77924309912378,6.000807253804229e-05,LOW
3003449.0,Sikkim,27.532538476802003,88.49401768210048,6.245514590911042e-05,LOW
2000564.0,Assam,26.17386503630249,91.80522719819515,0.9816506150743838,CRITICAL
3001522.0,Assam,25.98488065552917,89.91402108099447,0.0023324092542278225,LOW
3002402.0,Sikkim,26.987556244353865,88.36259379886754,6.463477571048913e-05,LOW
3001299.0,Assam,27.36573733698536,90.97503908266496,0.0015269542924843716,LOW
2000241.0,Manipur,25.15191248415189,93.977031853462,0.9988719989234047,CRITICAL
3001089.0,Manipur,24.317104901450247,94.36798294211631,0.0003049731583252297,LOW
3002433.0,Sikkim,27.84271440965892,88.67302921666317,0.38149330984164387,MODERATE
2000430.0,Sikkim,27.173253259745792,88.34550333460781,0.9915728523330043,CRITICAL
3001238.0,Assam,24.87805268370273,90.6839714307054,0.03136076996079354,LOW
3002152.0,Mizoram,22.62739770504169,92.6514989326277,0.01270575854286346,LOW
3001698.0,Sikkim,27.665760249071223,88.70236887953831,0.0020816486916300377,LOW
1048397.0,Assam,26.1548,91.7351,0.9997695436629743,CRITICAL
3003395.0,Manipur,23.936621038196588,93.31857047680803,2.4839858120099684e-05,LOW
3003529.0,Sikkim,27.9855762466497,88.21779232532586,3.708068456647609e-05,LOW
3003032.0,Sikkim,27.483330769844283,88.41749925408399,0.051908484315766945,LOW
3003189.0,Manipur,24.47732828516705,94.43891587922388,4.90538615340336e-05,LOW
3000982.0,Assam,25.63235962614609,93.92787184132727,0.00030871283602323517,LOW
3000846.0,Sikkim,27.051810490796637,88.0545642670358,2.7293079942326062e-05,LOW
3002117.0,Assam,25.912702107100998,90.88273187187046,8.7824075045013e-05,LOW
2000035.0,Assam,26.17737159836002,91.76627031135882,0.9957511201751266,CRITICAL
3000227.0,Sikkim,27.44550913776383,88.73780062807927,0.0016502829133838992,LOW
3000515.0,Assam,25.49064366487921,94.26830072795214,0.0011228937213901618,LOW
3001983.0,Mizoram,22.77225916964129,92.5212954455324,0.026019632677909733,LOW
3001606.0,Assam,26.101492020853517,91.85734719427394,0.0016531520675511758,LOW
3001410.0,Assam,27.364666648343672,90.7764240952284,0.0032945276792361667,LOW
3002954.0,Manipur,24.943168251136186,94.27331141737456,0.006692428760973512,LOW
3002317.0,Assam,26.28512001402968,92.21890346533256,4.047144181701822e-05,LOW
1050898.0,Manipur,24.8142,93.5444,0.979384967072984,CRITICAL
1057810.0,Manipur,23.9939,94.0573,0.9806315361874733,CRITICAL
3001110.0,Assam,26.03032801580381,90.5378162800708,0.0001460949296020536,LOW
3003316.0,Sikkim,27.69663690902927,88.01400225005793,0.00047329499955138207,LOW
3003516.0,Mizoram,23.08752393227173,92.4487091503188,4.363983278415242e-05,LOW
3001823.0,Manipur,24.46068075909709,94.2213830098216,0.00025206679617723965,LOW
3001965.0,Manipur,23.945353917250845,93.06179544609574,0.0004933190400138083,LOW
3001316.0,Mizoram,22.474149697946554,92.92955538318348,0.0002743559875840216,LOW
3000753.0,Assam,24.385336994480387,94.19607657891756,0.0018262786753506226,LOW
3000131.0,Manipur,25.04779610417128,93.45639186562651,0.0002599758971454982,LOW
2000432.0,Assam,26.355354490788365,92.82523756037529,0.9930804381208727,CRITICAL
3000504.0,Assam,24.45361965227095,90.8218130563278,0.0005945308698885104,LOW
1050594.0,Mizoram,23.7281,92.7175,0.9912029591232692,CRITICAL
3001696.0,Assam,27.102138270430164,92.51655234015108,0.0006062272743302464,LOW
3001604.0,Manipur,25.53879181461682,93.71971672821012,0.00047685824544205636,LOW
3001246.0,Assam,26.08112888148012,93.10901524083496,0.0010741256955307883,LOW
3001012.0,Assam,26.47873231287524,93.37534560082776,0.0002385229202479756,LOW
3001501.0,Assam,25.666335801135265,92.76614923904698,9.078856392225903e-05,LOW
938449.0,Sikkim,27.3721,88.708,0.9997095054460359,CRITICAL
3001968.0,Assam,24.46950054434329,92.62369816406525,0.0008791216112074398,LOW
3003154.0,Manipur,25.0592005990607,93.99330159565687,0.0003133068246601356,LOW
3003302.0,Assam,25.27463970276167,90.38325421191364,3.353877227844691e-05,LOW
3001389.0,Assam,26.19678350531698,93.70278423092044,0.12099427814478957,LOW
3002148.0,Assam,26.351909110725767,93.7133996591144,0.038782058124544695,LOW
3001643.0,Manipur,24.21752251388344,93.02296308038795,6.266364266055285e-05,LOW
3001999.0,Mizoram,23.2360460243814,93.24329456432022,0.0007689480743844498,LOW
2000353.0,Sikkim,27.24624528196753,88.57948456897546,0.9975754745378849,CRITICAL
3000213.0,Manipur,23.82662555450919,94.04183036852392,0.0002548856805268806,LOW
3003341.0,Assam,25.85220452235553,90.6333110600598,0.000119719111455461,LOW
2000782.0,Sikkim,27.35420068029041,88.72156511789132,0.9994270055149379,CRITICAL
3002640.0,Manipur,24.15430312414983,94.57881815747469,0.003755616744438193,LOW
3002027.0,Assam,24.574445226668523,91.16914531861512,0.32592919685010596,MODERATE
3001695.0,Sikkim,26.973178095417488,88.48734307072267,0.06922143111253978,LOW
3000146.0,Manipur,24.143281117119543,94.40168779298573,0.00031146845632667964,LOW
3003514.0,Assam,25.002262031549897,91.68938794115826,6.854192665331138e-05,LOW
1057893.0,Manipur,24.954,94.2156,0.9549622098349753,CRITICAL
2000209.0,Assam,26.12006260208149,91.82162464743683,0.9664886334846143,CRITICAL
3001765.0,Manipur,25.65372837015287,93.61043948581975,0.07262051211016984,LOW
3002587.0,Mizoram,24.125498013689395,92.70133416985614,0.000251774164349421,LOW
3002879.0,Sikkim,27.08196223003622,88.75747430881718,0.10861098610700834,LOW
3001293.0,Assam,25.447530856750447,91.85616307259534,3.3777075077892585e-05,LOW
2000681.0,Manipur,24.327678539334496,93.18313863998196,0.974566874717637,CRITICAL
3000530.0,Assam,24.449207316735013,94.04739376658183,0.3410468674733803,MODERATE
3003149.0,Manipur,23.899472707070856,93.43509793182372,0.0004317086070457001,LOW
3002122.0,Assam,25.76470298055358,90.57147308802068,0.0003698066228187552,LOW
3002391.0,Assam,24.792605847526332,89.89724954182032,0.0008874177191666689,LOW
2000175.0,Sikkim,27.32793658369833,88.62922390038084,0.9603383028849817,CRITICAL
3000789.0,Assam,26.468765529721747,91.8434726177139,0.0007347231203975347,LOW
2000669.0,Tripura,23.90489781824285,91.76126219299206,0.996028052485403,CRITICAL
3002066.0,Assam,25.731555683286807,90.08614488486964,0.00671784061036163,LOW
2000527.0,Sikkim,27.34794677397172,88.24388106124935,0.9985883579274151,CRITICAL
1057368.0,Manipur,24.004,93.9815,0.9962218775712459,CRITICAL
3001420.0,Manipur,24.12530157034786,94.58930650073007,0.004072130350115867,LOW
3002180.0,Assam,26.749917656992128,92.19637886793406,5.8047094002123355e-05,LOW
3000500.0,Sikkim,27.635575767845083,88.81506327278466,0.002085894873321349,LOW
3001208.0,Sikkim,27.052776983983858,88.71635916118778,0.0011518420535735132,LOW
3003336.0,Assam,26.734518252531824,90.27352952512145,4.539748653701566e-05,LOW
2000755.0,Assam,26.56226608171084,93.1347819691935,0.9824252426925996,CRITICAL
3002884.0,Assam,26.761868759558315,90.6028852537843,2.3077241697343406e-05,LOW
2000649.0,Sikkim,27.15772858776661,88.15326038237129,0.9916872675102544,CRITICAL
3002505.0,Tripura,24.56898710972857,92.22478206658856,0.005777170111850167,LOW
3003197.0,Manipur,24.1387542585868,92.99192617735196,0.028828252258229593,LOW
1050682.0,Assam,25.132228,93.04681,0.9964459578353515,CRITICAL
2000723.0,Manipur,25.158704696140628,93.67259048619565,0.9890479932194913,CRITICAL
3000056.0,Assam,26.697256053230035,91.23135975284252,0.0006365724797192886,LOW
3000458.0,Sikkim,27.59451984418401,88.10115499943046,0.3202760098265398,MODERATE
3002359.0,Manipur,25.55589371522037,93.9079297910492,9.140289264274084e-05,LOW
3001511.0,Manipur,24.73121127487685,93.43437930778344,0.00010797891833661372,LOW
2000063.0,Manipur,25.154188971440448,93.86578287827668,0.9938856617888951,CRITICAL
3000524.0,Manipur,23.91864369185345,94.07937612084687,0.00021457046000370177,LOW
3000779.0,Manipur,25.5177438802986,94.45058855929624,6.636245281106325e-05,LOW
3000171.0,Manipur,23.93638482397366,93.77294438703758,0.00014604466871746634,LOW
3002977.0,Assam,26.73237972177576,93.649169494185,4.567847361149236e-05,LOW
3001408.0,Sikkim,27.331919743098258,88.477382257796,4.8068437366611794e-05,LOW
3001565.0,Manipur,24.090973256753514,93.16899815744976,0.0022087975461877285,LOW
3002064.0,Assam,27.13095736651369,91.03080882986916,0.0016593337701668624,LOW
3001528.0,Tripura,23.58555243059585,91.66311856911614,0.001032536246530844,LOW
3000421.0,Assam,25.488075844905897,92.27128550647356,0.0047096048663384845,LOW
2000497.0,Manipur,24.795523218222154,93.61730834141702,0.9886411126577901,CRITICAL
3003030.0,Manipur,24.4987864362305,93.54290531323996,0.0006934289703441512,LOW
938256.0,Sikkim,27.13862165,88.22551799,0.9993853130232908,CRITICAL
3003100.0,Assam,27.36347359481677,89.92567715551895,0.0008097557947469281,LOW
3000773.0,Manipur,25.112253016919944,94.74476330607494,2.7523121501574387e-05,LOW
3003495.0,Sikkim,27.333604751042987,88.84448412358267,0.01174767978499523,LOW
3001844.0,Manipur,25.263490066210817,94.29033842775976,0.0004327936401116499,LOW
1050796.0,Manipur,24.7543,93.5039,0.986999941644963,CRITICAL
3002974.0,Assam,26.111469403447146,92.118505223011,4.838628811733971e-05,LOW
3001549.0,Assam,25.664092851630564,90.66060325855454,0.020735685438330313,LOW
3000939.0,Sikkim,26.984718023506804,88.44387097176698,0.00019853486997083937,LOW
3002113.0,Sikkim,27.340625703066543,88.37465386748111,0.020642701032603017,LOW
3000311.0,Mizoram,23.50628088571712,93.47676172227814,6.188023833889733e-05,LOW
2000131.0,Manipur,24.98510145489752,93.47981308593285,0.9846088014203684,CRITICAL
3002692.0,Manipur,25.131679057305583,94.30628190619088,0.0189790561914168,LOW
3001726.0,Assam,27.260493909136564,91.71000997138,4.9424980897215544e-05,LOW
3001296.0,Manipur,25.44661559629282,93.48910192393396,9.191575702411927e-05,LOW
3002255.0,Manipur,23.794017561442985,92.9670343502329,0.006526370461187084,LOW
1050671.0,Assam,24.7979,92.9974,0.9705940600685319,CRITICAL
3001934.0,Sikkim,27.339980589806924,88.67775652028124,8.114930206442715e-05,LOW
3002604.0,Manipur,24.061453526626103,94.5497316565093,0.00019522039301334666,LOW
1050675.0,Assam,25.16270441,93.01486436,0.9984323128352718,CRITICAL
3001356.0,Manipur,24.811388868358584,93.94660182714682,0.00015846487362234244,LOW
3003384.0,Assam,24.35842957097323,92.4602541868164,0.0001454036209052139,LOW
3000226.0,Assam,24.479739544349204,92.83908465413263,0.00015450131115277724,LOW
3001771.0,Assam,24.355396683486973,92.51600002035072,0.12624014568605685,LOW
3002021.0,Manipur,24.516023394138376,94.32369611087312,5.824595820671707e-05,LOW
3003411.0,Manipur,24.968407774027725,94.17737901065333,0.006155622845720439,LOW
3003383.0,Mizoram,23.18665448795672,93.4854053324962,0.022638014187343194,LOW
3000342.0,Mizoram,22.98436112362597,92.74877792414588,0.0015810357165722928,LOW
3002856.0,Sikkim,27.083534858542333,88.75681544128402,0.17853119073414034,LOW
3001334.0,Assam,26.975950015797757,90.0974914452084,0.011870883024691333,LOW
2000551.0,Assam,26.094095054165177,91.87249575087652,0.9539727710771426,CRITICAL
3002421.0,Mizoram,23.22309461411142,92.50741851920534,0.00012001546133322722,LOW
3000473.0,Manipur,24.386068295877983,92.98407367705444,0.607491163523536,HIGH
938398.0,Sikkim,27.172,88.5292,0.9991626493448829,CRITICAL
3001353.0,Mizoram,24.097747283030373,92.35825044455456,0.00783412199888108,LOW
3003188.0,Assam,24.65104020403082,91.13795624448682,0.005556128772361343,LOW
1050592.0,Mizoram,23.72988966,92.71495623,0.9712999053399052,CRITICAL
3002364.0,Manipur,25.190536497955826,93.91513906715356,0.00015867580658867313,LOW
3001200.0,Mizoram,23.2824583180146,93.48111358990272,0.1381603459331912,LOW
3002743.0,Mizoram,22.392855400866367,93.36897865268874,0.000872290859136252,LOW
3001642.0,Manipur,24.451268573986734,94.54995509450065,5.243943741524274e-05,LOW
3002627.0,Sikkim,27.639452806276648,88.28185066364006,0.032378851052653375,LOW
2000476.0,Assam,26.1653916266589,91.80882594857133,0.9876026990518909,CRITICAL
3001102.0,Assam,26.788172926285387,91.58116991079258,6.054391093805598e-05,LOW
3003376.0,Assam,26.79200425524149,90.22330560202072,3.702184951954266e-05,LOW
3002543.0,Sikkim,27.78795861211421,88.0151783821578,0.00045837853771690996,LOW
3002306.0,Sikkim,27.825284412385034,88.30955669258815,0.00038610698282571723,LOW
3003486.0,Assam,26.51982754237832,93.69199709145444,0.0013991086015833828,LOW
3000983.0,Assam,25.71058491093321,91.54763686482072,0.00016284794309587956,LOW
1048479.0,Assam,26.159,91.8178,0.9906321645583407,CRITICAL
2000340.0,Sikkim,27.35195097424079,88.17477171876973,0.9878049621756615,CRITICAL
3000928.0,Assam,24.610257890648725,90.29920545225222,2.3952068871245292e-05,LOW
3002430.0,Sikkim,27.70790954714827,88.36529850883707,0.000117463466446684,LOW
2000479.0,Sikkim,27.34328496478993,88.6088459046823,0.9961516202007348,CRITICAL
3001703.0,Assam,24.633520425101636,92.00356468384304,0.00031542653093520026,LOW
2000458.0,Sikkim,27.385932201655105,88.73381157231678,0.9865814821037852,CRITICAL
2000451.0,Sikkim,27.1456280019237,88.16080523210697,0.9953011756670413,CRITICAL
3002539.0,Manipur,25.17619242300928,93.0755087274755,0.008993331717593677,LOW
3000466.0,Assam,25.94716108001893,93.81990298466069,0.004683951158766823,LOW
3001119.0,Sikkim,27.13234891490077,88.44237166981864,0.0011605876873449633,LOW
3001034.0,Sikkim,27.97279399422591,88.45016031271206,0.00022845546113632237,LOW
3002142.0,Assam,25.711641567099434,91.18627310793867,0.33654939536180883,MODERATE
3001279.0,Sikkim,27.728207212163408,88.02942555656237,0.002180973790015375,LOW
3002226.0,Assam,24.752505165841537,90.73920201557635,0.0006346761946241774,LOW
1057926.0,Manipur,25.11956675,94.36416626,0.965641995459116,CRITICAL
3002264.0,Assam,24.176079598965075,94.20758990182394,0.00040778758048667127,LOW
2000246.0,Manipur,24.91794938005702,94.46214866761512,0.991804810846435,CRITICAL
2000793.0,Manipur,24.297388806982013,93.18710195992,0.9968915364026729,CRITICAL
2000619.0,Sikkim,27.164406843979457,88.36927959105043,0.9972927800716722,CRITICAL
2000546.0,Assam,26.170189080231157,91.86464116224975,0.9805948269484146,CRITICAL
3002906.0,Manipur,24.96993010042424,93.56344057091152,2.133486857259096e-05,LOW
2000788.0,Manipur,24.76600519869014,93.4069421694008,0.9532776488907118,CRITICAL
3001623.0,Assam,24.863460360612205,91.4748714930982,4.03626944362225e-05,LOW
3001285.0,Mizoram,22.61856179380061,92.37015018828949,2.854398198828539e-05,LOW
3001892.0,Mizoram,23.336635898509517,92.96078315322006,9.698037071609542e-05,LOW
2000396.0,Assam,26.16062998241479,91.71001864934456,0.9956069823392087,CRITICAL
3000527.0,Tripura,23.618007612315864,92.15454625356946,0.08465712203026415,LOW
3001149.0,Assam,27.37714004710948,93.99075144133278,0.0371404798084331,LOW
3000221.0,Mizoram,22.39234214413833,92.5905983776759,0.014829690498903026,LOW
938419.0,Sikkim,27.1954,88.6115,0.9977826745853229,CRITICAL
3003465.0,Assam,25.861197122039872,92.1057330901139,0.004263940156358415,LOW
1051132.0,Manipur,24.8029,93.6228,0.9945219014958073,CRITICAL
3002408.0,Mizoram,22.89426840440855,92.48682162667976,0.001593440993458053,LOW
3001393.0,Manipur,24.40919229441137,94.17443379066938,0.0003750475009964176,LOW
3002997.0,Assam,26.48027938013936,90.86386488707416,0.004878818106237678,LOW
3002996.0,Sikkim,27.036615202510724,88.64137884242528,0.21369515397659494,LOW
3002224.0,Assam,27.15162249709554,90.2407725378834,0.0008753745170529395,LOW
3000677.0,Mizoram,23.220045789452875,93.38122456026883,0.02786507872799779,LOW
3002015.0,Sikkim,27.694215924726254,88.0954217184992,0.2344784652186619,LOW
3000283.0,Sikkim,27.36531493471079,88.72922833630679,0.00808160909696177,LOW
3001690.0,Sikkim,27.198745104426852,88.1960305770285,0.0001641242177023833,LOW
3001075.0,Manipur,25.07641911950396,94.15182182314868,0.07603703897618072,LOW
3000636.0,Assam,24.38921349512423,90.67051995136616,0.00015218944244687553,LOW
3003067.0,Manipur,24.61648674095774,93.43284412084564,0.0026560228298624254,LOW
3002647.0,Manipur,24.46644489060673,93.55367209676724,0.000141252650670594,LOW
2000749.0,Assam,26.35889839089975,92.8397414741643,0.999333236976993,CRITICAL
3000257.0,Assam,26.93328791962532,91.39438559094732,0.002457823148892851,LOW
2000262.0,Assam,25.63021989247328,92.70399900036853,0.9585198857210199,CRITICAL
3001162.0,Sikkim,27.535229052645988,88.39109859364767,8.352215833285273e-05,LOW
3001190.0,Tripura,22.955029200869014,91.95794187324763,0.00024083399431405647,LOW
3000954.0,Assam,27.379483974470848,91.3292129157812,6.689603116964834e-05,LOW
3001026.0,Sikkim,27.457988286418868,88.4611094560728,0.0022203682524711485,LOW
3002474.0,Tripura,24.348588568892136,92.17090038703336,0.00019662527746531808,LOW
3003296.0,Tripura,23.48671621776081,92.0718735250121,0.0037656660127761976,LOW
2000589.0,Sikkim,27.17403522982777,88.51082797653186,0.9991802847817013,CRITICAL
3003182.0,Mizoram,23.96093424299882,92.98485651151016,0.002118887738922218,LOW
3001304.0,Sikkim,27.781999592027912,88.32177210516532,0.15081271600191454,LOW
3002913.0,Manipur,25.676380598832512,93.22351528723756,0.002855592170044071,LOW
2000338.0,Sikkim,27.14475260690775,88.24366053883348,0.9996578959407202,CRITICAL
3001778.0,Manipur,24.82499234207277,94.15575326341482,0.31066666835249074,MODERATE
3003220.0,Manipur,24.64494140473184,94.3818993382885,0.0005715841934815619,LOW
2000513.0,Manipur,24.803657229058665,93.93843190236385,0.9996766049109602,CRITICAL
2000453.0,Mizoram,23.720675017025307,92.70714653359671,0.9966179416463847,CRITICAL
938260.0,Sikkim,27.3425,88.2426,0.9988292541669059,CRITICAL
3001355.0,Sikkim,27.823204875771808,88.05643995949178,0.0005204152965168592,LOW
3000139.0,Manipur,24.117510123790137,93.4567420631228,0.0020734321152517626,LOW
3000896.0,Assam,27.22215327466482,91.109516474421,9.453669305869465e-05,LOW
3001326.0,Manipur,24.308296553606464,94.6600432518386,0.001636454933671606,LOW
1050610.0,Mizoram,23.74253,92.73868,0.9971675775660129,CRITICAL
3000136.0,Sikkim,27.925534673097168,88.74583257756908,0.37024811653551204,MODERATE
3001067.0,Manipur,25.5998098327156,93.4653678104182,0.0004468844821610759,LOW
3003034.0,Assam,24.315559223807885,91.51357012998726,0.001213168327797012,LOW
3000958.0,Assam,26.251934954631604,92.0387418531784,0.00028632809546416747,LOW
3003158.0,Manipur,25.635609567735077,93.66707401173946,0.00020506581927105534,LOW
3002298.0,Assam,27.021119051281534,92.13294522511433,9.20547136070418e-05,LOW
3001179.0,Mizoram,22.89294418899901,93.15309697713492,0.10352870474640881,LOW
3003240.0,Assam,27.239449949682125,90.15273683386609,7.878664005244057e-05,LOW
1048448.0,Assam,26.1985,91.7998,0.9990912907368545,CRITICAL
3002535.0,Mizoram,23.8413264803356,93.0010717356848,0.005886849983961839,LOW
3003353.0,Mizoram,22.366037523404263,93.30524228516194,0.0002350488745147395,LOW
3001387.0,Assam,24.404968252559136,90.49356105216071,0.00028238500439384484,LOW
3002984.0,Assam,26.995083372400845,93.34346736474689,0.002418538955884555,LOW
2000058.0,Assam,27.191667665943253,94.1390633738305,0.9657071641339345,CRITICAL
3003136.0,Manipur,24.02308796995752,94.74902429393346,0.0024162749693776436,LOW
2000778.0,Manipur,24.79721280140877,93.61780214658756,0.9848519545787655,CRITICAL
3001865.0,Assam,25.14220026108221,90.3218955602926,0.1913237017798183,LOW
3001998.0,Mizoram,24.0854393688335,92.82551424748812,5.6441979937546145e-05,LOW
3003269.0,Manipur,24.903949672350784,94.61760563021168,0.014068559279536057,LOW
2000366.0,Mizoram,23.748720220249243,92.72755000840172,0.999708722350402,CRITICAL
3002028.0,Manipur,24.9702042781552,93.02279641222934,0.002532212607411364,LOW
3001595.0,Assam,24.579924527549867,93.1325477325557,0.00039788213905099057,LOW
3002057.0,Manipur,23.86863042748676,93.04163717826536,0.00047955903383106854,LOW
2000795.0,Manipur,24.326712634547217,93.11912035963252,0.9953637708887009,CRITICAL
2000202.0,Assam,26.10705103134063,91.89015833573082,0.9991199905581338,CRITICAL
938257.0,Sikkim,27.28329478,88.23595536,0.9910178138956462,CRITICAL
3000908.0,Manipur,23.83228280400268,93.860830594707,0.004524914183387069,LOW
3002827.0,Sikkim,27.208864774102597,88.51295324461742,0.04812757809971636,LOW
3000340.0,Mizoram,24.04475046367878,92.58060385211826,0.000268574881961759,LOW
3003283.0,Manipur,24.12909242427856,93.74349125629205,0.0014797198187684903,LOW
3003435.0,Assam,26.99108542380521,92.2625233469995,0.01069425156144599,LOW
2000748.0,Assam,26.349183666663773,92.8224859335097,0.9997226109611084,CRITICAL
3000062.0,Mizoram,22.73615020007737,92.65615984546552,0.006895364123372306,LOW
3001924.0,Mizoram,24.144611351678304,93.04557339882156,0.05088825425075856,LOW
2000137.0,Assam,26.134014504726284,91.7391405584812,0.9945310999044199,CRITICAL
3000094.0,Sikkim,27.625882651869937,88.42545790083247,0.0649072100962492,LOW
3003146.0,Sikkim,27.08714878577369,88.89988104893948,0.025862554955100796,LOW
3001077.0,Sikkim,27.232656193667324,88.48930157155561,0.0030062713973084,LOW
2000288.0,Manipur,24.3388305633262,93.15599745903508,0.9890988912659695,CRITICAL
3000387.0,Manipur,25.307091751158417,93.49246302444116,0.0005849483973112098,LOW
3001221.0,Assam,26.586514903256028,91.78070483124874,0.0014978406441323736,LOW
3003517.0,Manipur,24.429941431447286,94.09264242275331,0.003686900269104951,LOW
2000341.0,Sikkim,27.361915000865206,88.73443909009494,0.9650126884011043,CRITICAL
2000715.0,Tripura,23.889400101478312,91.7550194413577,0.9769870913071337,CRITICAL
3000805.0,Manipur,25.09054317213634,94.5049241475307,0.08270067767946924,LOW
3001960.0,Assam,24.837130905729712,93.93091346359311,5.193380962651712e-05,LOW
3001059.0,Assam,27.00962898108508,92.99784072014045,0.0002462246508172875,LOW
2000422.0,Assam,26.189037787098684,91.7207072691246,0.9925646615999739,CRITICAL
3001053.0,Assam,25.62350799916724,90.05409617281722,0.00027230809940304837,LOW
3000901.0,Assam,25.024829907682086,90.43132794406192,0.00034472817829991377,LOW
3001930.0,Assam,25.27076437262862,94.17483855630364,0.024169574648191305,LOW
3002232.0,Manipur,23.97819889700605,94.5144536586659,0.002843777946421305,LOW
938390.0,Sikkim,27.74367525,88.52635367,0.9923133508916399,CRITICAL
3001907.0,Mizoram,23.251803352050445,93.31596898931066,0.0002331260177358795,LOW
3003500.0,Mizoram,24.214828003238907,92.61037933818932,0.10338119136319453,LOW
2000313.0,Manipur,24.8118004450301,93.631193967171,0.9965665118566407,CRITICAL
3002507.0,Assam,26.350680405124187,92.8146010662086,0.0008285375631512093,LOW
2000420.0,Manipur,25.3064406243166,94.03774834472873,0.9801277289154393,CRITICAL
3003556.0,Manipur,23.914621830224966,93.62078796733913,0.024808912848399922,LOW
3001781.0,Assam,25.518403015819786,89.88033255662627,0.00997180087579591,LOW
3002823.0,Assam,25.49069947392549,90.53666140537736,8.263216823162678e-05,LOW
2000721.0,Manipur,25.138006628058545,93.97998197652949,0.9985328312441202,CRITICAL
2000672.0,Manipur,24.938780017027792,93.51689498629248,0.9927492686490169,CRITICAL
1050678.0,Mizoram,23.65637182,93.02746602,0.9997128911786545,CRITICAL
3003475.0,Sikkim,27.191573538707324,88.70575676853194,0.00024487176481166064,LOW
2000812.0,Mizoram,23.738508804893435,92.72647533408212,0.9985993694170732,CRITICAL
2000694.0,Assam,26.19485806577133,91.88265105385273,0.9896352258690779,CRITICAL
3001199.0,Assam,27.20513223231917,92.8558758998964,0.002004489545752704,LOW
3001108.0,Assam,25.79361641140522,93.07055841592484,0.015635036032405302,LOW
3000289.0,Assam,26.891053507945884,93.60850431520034,0.0012509449583922635,LOW
3003003.0,Assam,25.74453170825373,92.85570458431884,3.369256242304607e-05,LOW
1050648.0,Assam,24.81395989,92.85687296,0.993503034596368,CRITICAL
2000188.0,Assam,24.59000875062645,92.3728572844994,0.9669255512866093,CRITICAL
3003248.0,Assam,25.093602903579303,90.16603133570008,0.0001395672195406349,LOW
1048549.0,Assam,26.13140438,91.93086808,0.9501170481532666,CRITICAL
3000228.0,Mizoram,23.268377339348763,92.8224288011004,2.0063418221095248e-05,LOW
1054637.0,Manipur,25.1555,93.8474,0.9927653817770488,CRITICAL
2000383.0,Manipur,24.977841225483264,94.0202250498938,0.9936848026648805,CRITICAL
3000284.0,Sikkim,27.381661192016868,88.749818916593,0.000645250629256511,LOW
3002700.0,Manipur,25.260175824519017,93.39571294889022,0.0044604509460466684,LOW
3002595.0,Assam,25.699285457040716,91.88821591377952,0.00012818809044840156,LOW
3002200.0,Assam,26.47970331472575,92.25865288789268,0.0014721571631887698,LOW
3000161.0,Sikkim,27.388635241698186,88.58953410656392,0.20249465811756387,LOW
3000298.0,Manipur,23.84391297839824,93.77672351174054,7.555764391007926e-05,LOW
2000083.0,Sikkim,27.111695010415172,88.47110059195771,0.994700692978431,CRITICAL
3001081.0,Sikkim,27.53691744132973,88.35784740630031,0.00020351262561438488,LOW
2000704.0,Manipur,25.05431910059449,94.27582225924056,0.9946329858953527,CRITICAL
3000539.0,Sikkim,27.679940123723267,88.33698032347453,0.045839442629351176,LOW
2000214.0,Manipur,24.87546998696656,93.62811682980326,0.967290994774509,CRITICAL
2000245.0,Assam,25.100575259225927,92.8634580995562,0.9988398792360413,CRITICAL
2000070.0,Manipur,24.67454326419185,93.91738667666203,0.9987407416210716,CRITICAL
3001706.0,Assam,25.372306727346206,91.99042201302083,0.00012053280334936722,LOW
3002688.0,Mizoram,23.80077819927166,93.18838875163736,2.2965595338780072e-05,LOW
3001397.0,Sikkim,26.967839749888984,88.24830320307457,0.0005251097094752966,LOW
2000427.0,Assam,25.32114861831027,93.1226221412403,0.99978300062101,CRITICAL
3000390.0,Assam,26.95123436306121,90.93805611429488,0.00018113688129667147,LOW
3002176.0,Mizoram,22.72756922973524,92.98511439009545,9.036500061967379e-05,LOW
3001205.0,Mizoram,23.59734994622072,92.66688172991157,0.0012009843456076384,LOW
1050596.0,Mizoram,23.7313,92.7187,0.9261537596744136,CRITICAL
3000054.0,Sikkim,27.76051284827286,88.286354823166,0.004289666559779023,LOW
3002894.0,Assam,26.69400653186342,90.38191037649806,0.0006410684977908368,LOW
3001311.0,Manipur,25.423976282039217,94.29477138938996,0.020656502293815188,LOW
3000093.0,Manipur,24.42310936925372,93.41608014548105,0.0004780958201162425,LOW
3000608.0,Manipur,24.24078071238621,94.7048557895726,0.000313843065397227,LOW
2000077.0,Sikkim,27.172418634661064,88.5364793316411,0.9992543063956816,CRITICAL
2000769.0,Manipur,25.14047069767377,93.9713850136761,0.9991651302099885,CRITICAL
3001848.0,Mizoram,23.996875103838327,93.2789055042588,0.00026371077021552207,LOW
3001809.0,Mizoram,23.87727331897818,93.08238880790864,0.01387460650135026,LOW
3001178.0,Assam,26.612966385065747,92.74890735098938,0.004119416770158715,LOW
3000320.0,Manipur,25.65787171769149,94.596743773337,0.0002892554442314871,LOW
1050642.0,Assam,25.118398,92.853913,0.9982227847697593,CRITICAL
3003299.0,Manipur,25.4656330700942,93.08062239444077,0.000223557798124161,LOW
3003585.0,Manipur,24.87786696188275,93.74907455894272,0.00015658284213747006,LOW
3002161.0,Mizoram,22.90022347839293,93.52456810550548,0.0017690713297358886,LOW
3000992.0,Manipur,25.27808967249604,94.56227632486612,0.004743704839481659,LOW
3003545.0,Assam,24.48044832618716,91.3435911955153,0.1149724091557206,LOW
2000597.0,Mizoram,23.29013200604417,92.8343646310269,0.9963635577669004,CRITICAL
3002281.0,Sikkim,27.97515155899331,88.59298692939353,0.0003747247906644285,LOW
3002369.0,Sikkim,27.7417884903944,88.20997186452972,0.200543276361443,LOW
3001470.0,Sikkim,26.970035393886324,88.2131716742163,0.00047318050746536895,LOW
3000604.0,Sikkim,27.62963216779205,88.36643286508543,0.0015309042699583897,LOW
3002542.0,Assam,24.18539306461218,93.80834021531768,6.083534299908195e-05,LOW
3003386.0,Sikkim,27.523899575648155,88.69174065187848,8.57483788928687e-05,LOW
3003125.0,Assam,24.862275006709744,89.99653991700603,0.00013816919911369097,LOW
3003216.0,Assam,24.904184041580297,90.1181905922046,0.01599395390045708,LOW
3003200.0,Manipur,24.70448859909616,93.37651445607102,0.0022210847139277415,LOW
3002039.0,Assam,26.329323624824745,91.35830052961026,0.000455204811346174,LOW
3000393.0,Manipur,24.130004707748967,93.2699763165366,0.0006822557748009037,LOW
3001289.0,Assam,25.793654398250347,91.10683710550228,0.4790330652276301,MODERATE
3000292.0,Manipur,25.29538422494749,94.42847715471454,0.0016701444616513907,LOW
3002469.0,Mizoram,23.9777884939361,92.47250877369127,0.0009767383742881079,LOW
3001348.0,Manipur,25.160177080200995,93.2342957647973,5.343990467467826e-05,LOW
3000096.0,Assam,24.188995367583928,92.00515650333716,0.00185966270349936,LOW
1050617.0,Assam,26.96437841,92.78260587,0.9715798768294168,CRITICAL
3000448.0,Assam,25.103300000843262,91.19184270525383,0.00018192457362247778,LOW
3001973.0,Assam,26.71240777423324,90.3293386774056,0.14975438234598837,LOW
3003522.0,Assam,26.6328700097239,93.28514341566373,3.7676579667550346e-05,LOW
1057918.0,Manipur,24.819,94.3551,0.9857585374821645,CRITICAL
3002201.0,Mizoram,22.489452441263072,92.97775716054446,0.00010659409312437055,LOW
3002910.0,Mizoram,23.10624801778138,92.41937922319931,0.0006899455166442067,LOW
3002202.0,Sikkim,27.01950761697513,88.05177721005863,0.0002776636701433822,LOW
3001484.0,Assam,24.31684173333048,90.93353618949588,0.0020415914167414484,LOW
3001332.0,Manipur,25.018337513254345,93.30530372635177,0.00580051153971319,LOW
3003492.0,Tripura,24.10439169102487,92.36422439043965,0.3545121458389859,MODERATE
3000638.0,Sikkim,27.49082039079652,88.3162751531541,0.0002668683459556711,LOW
3003132.0,Sikkim,27.66275614211852,88.3971700789528,0.010520603006411215,LOW
3002634.0,Tripura,23.509533211720814,92.157907711839,5.583899769943983e-05,LOW
3001813.0,Manipur,25.255971836016805,93.71516880701994,0.00033675178926961574,LOW
3002181.0,Assam,24.775995972987428,93.07051162897343,0.0011020080435971012,LOW
3001837.0,Manipur,25.30385513548367,94.48051989607666,0.0325751695498971,LOW
3003363.0,Sikkim,27.588899412489045,88.57420412531405,0.016730104192315264,LOW
3002449.0,Tripura,23.89910370703418,92.32832710986928,0.0002543520631734693,LOW
3001812.0,Assam,24.88372718260922,92.24685627121792,4.1664993106203074e-05,LOW
3000587.0,Assam,25.76422963972967,93.3360676900721,0.0390948103447704,LOW
3002693.0,Assam,27.066333521890257,91.08845363265692,0.06153952472305775,LOW
3001046.0,Assam,27.309357795260784,92.86829842022811,0.0001265088770622261,LOW
3002588.0,Manipur,24.576351201595493,92.97333272149942,0.05535011336027358,LOW
2000664.0,Assam,25.881708037654118,91.19243890357872,0.9636072295178133,CRITICAL
3002494.0,Assam,24.44692268080217,93.47124963224655,8.824238378516302e-05,LOW
3001098.0,Assam,25.740872911099977,92.2063093946818,0.0020320213248700356,LOW
3000011.0,Sikkim,27.24942181372537,88.58174199786947,0.00018305390218269175,LOW
1050658.0,Mizoram,23.83655634,92.88807365,0.9653338626591015,CRITICAL
3001152.0,Manipur,25.0503679042391,93.7429380595968,0.00016700195403781629,LOW
3002439.0,Mizoram,22.79805662084406,92.36751343114496,0.0004416486943820321,LOW
3002504.0,Manipur,25.26950655886616,93.11258722417764,0.00025655772719825417,LOW
3001676.0,Assam,25.911825097181733,93.8268728426007,0.0028065318582001304,LOW
2000042.0,Assam,26.109273423426963,91.70366851223672,0.9722950775554011,CRITICAL
938429.0,Sikkim,27.54255403,88.62957834,0.9982301015171324,CRITICAL
3003351.0,Assam,24.298203696842148,93.94740999140174,0.006453984594125032,LOW
3000069.0,Assam,24.17676848136704,91.3195266541198,0.0014520818448215454,LOW
3003314.0,Assam,24.480253815357013,91.71589706505064,0.0002031509650399586,LOW
3001096.0,Assam,26.30387698933805,90.3851041050492,0.0016817240815886116,LOW
3001024.0,Assam,26.90252649537945,90.5920068585773,7.513433864442037e-05,LOW
938438.0,Sikkim,27.5509,88.6475,0.9938385986394618,CRITICAL
2000423.0,Mizoram,24.034241820536653,92.70049492037894,0.976469974274181,CRITICAL
3000411.0,Sikkim,27.88644761794112,88.16108459345547,0.0015864804327589527,LOW
3003073.0,Sikkim,27.861538600817752,88.44591160119488,6.317609365905281e-05,LOW
3003063.0,Sikkim,27.764279866396095,88.49564416714719,5.377069486147615e-05,LOW
3002217.0,Assam,24.303133216240614,90.83976154826222,0.00043315716378307536,LOW
3002523.0,Mizoram,24.33773923739863,92.84541860879064,0.00011271356782687825,LOW
3001816.0,Manipur,24.15018259526971,94.13044918676908,0.00012556620071741342,LOW
1057849.0,Manipur,25.4379,94.1162,0.9387622555267386,CRITICAL
2000794.0,Manipur,25.258753509529736,94.02784910596851,0.9986583982462027,CRITICAL
3001173.0,Manipur,25.49180755413864,94.1482040260772,0.00017227199969732375,LOW
3000706.0,Manipur,25.055031619250467,94.0639751526376,0.0003409361621895282,LOW
3003306.0,Mizoram,23.67126673114236,92.7400370238227,6.571811957078171e-05,LOW
3002993.0,Manipur,25.24943849066525,94.50577653246704,0.0007106476142815193,LOW
3002915.0,Assam,25.756624959200632,94.08531869527974,0.008487085060569475,LOW
3001661.0,Assam,26.362201033823364,92.13575890400789,3.978726019071227e-05,LOW
3000179.0,Sikkim,27.39891200759869,88.51096894806106,0.018296620324849272,LOW
3000755.0,Assam,26.4369576336213,90.25232121324026,3.999778691176438e-05,LOW
3001473.0,Assam,24.29169932622293,92.274712995219,6.771432324132273e-05,LOW
3003184.0,Assam,25.591076832424545,90.27068532362922,0.0007413811933918904,LOW
3003433.0,Assam,26.79958917230356,91.12623863759248,0.024765438595979045,LOW
3002580.0,Manipur,24.6564536645714,93.26350667579402,6.776259627080125e-05,LOW
3001478.0,Manipur,24.8686291613307,93.531061157159,7.491566484265877e-05,LOW
1057769.0,Manipur,24.1077,94.0396,0.997105865430979,CRITICAL
3000416.0,Assam,24.86017151493069,92.84084708422104,0.0036052089231363316,LOW
2000418.0,Assam,26.05719920171893,93.1432188132825,0.9823616785209525,CRITICAL
3002626.0,Manipur,24.206346577990136,93.98890461197058,0.1097092420637558,LOW
3000471.0,Manipur,24.217033959374355,93.21812836152134,2.7473693342615484e-05,LOW
2000803.0,Mizoram,23.65901075478012,93.01944506676938,0.9994922684704266,CRITICAL
2000584.0,Assam,26.19475843405611,91.80774848204916,0.9936555355399983,CRITICAL
938393.0,Sikkim,27.74367525,88.52635367,0.9995475616584242,CRITICAL
3002271.0,Assam,24.75299335682204,92.05329326277742,0.22675094610592764,LOW
3002730.0,Assam,24.436811518675423,90.46830931151068,6.213873269125175e-05,LOW
3003501.0,Assam,26.086684827386765,90.51039851560576,0.0003143972701469478,LOW
2000147.0,Tripura,23.87136290395741,91.89032615613088,0.9347409069220962,CRITICAL
3000679.0,Manipur,25.290235136502236,93.56958255429264,0.00010186778426723757,LOW
2000645.0,Manipur,24.187300253673044,94.08321405608253,0.9964261633844136,CRITICAL
3003177.0,Assam,26.683185734470868,93.49354440823608,0.007795310589253831,LOW
938385.0,Sikkim,27.54043014,88.49888236,0.9944793390063706,CRITICAL
2000115.0,Manipur,25.32992527567648,94.04721012639662,0.8880155709465507,CRITICAL
3001375.0,Manipur,24.21251803793129,93.4357552609708,3.159658369841518e-05,LOW
938445.0,Sikkim,27.29288574,88.67133148,0.9751789904403978,CRITICAL
938436.0,Sikkim,27.1748,88.6458,0.9956094453812647,CRITICAL
2000030.0,Mizoram,23.8328488526006,92.88393107975844,0.9816490691708635,CRITICAL
3002387.0,Assam,24.20850778754404,92.21271320732843,3.192203565945999e-05,LOW
3001300.0,Manipur,23.787390205933637,93.46430587668434,0.00017098516326814425,LOW
3003122.0,Assam,25.460531100248957,93.2707476602413,0.0013797254715047867,LOW
3002991.0,Assam,24.65247058440742,92.93457191226511,0.0002952885127459387,LOW
1048506.0,Assam,26.10430759,91.86227824,0.9924288747558285,CRITICAL
3002698.0,Mizoram,24.219700709159547,93.00581787703167,0.000776378720823367,LOW
3000367.0,Tripura,23.970886214703143,92.22461558115708,0.006392939510524392,LOW
1050659.0,Mizoram,23.83655634,92.88807365,0.9960609690777024,CRITICAL
3003104.0,Sikkim,27.56943987699911,88.68235364959753,0.014132429708229009,LOW
3000407.0,Mizoram,24.25099004369678,92.50988083601374,0.026909338105775435,LOW
3000766.0,Sikkim,27.068333981853108,88.87712388596051,0.00015667495062623722,LOW
3002590.0,Assam,26.001869071791816,93.88184388461356,0.020023728023518206,LOW
2000463.0,Tripura,23.83848845061235,91.86014167751097,0.9982838307288102,CRITICAL
3002662.0,Assam,26.41416006252005,90.68816779257338,8.501319805821342e-05,LOW
3001337.0,Tripura,24.28836098848557,91.6698578608156,2.4957584744039032e-05,LOW
3000045.0,Tripura,24.574783610020376,92.137112712512,0.0004975994936729176,LOW
3002141.0,Assam,24.45775614862687,92.7126819471357,0.00032987200108757875,LOW
3002696.0,Sikkim,27.84285725680773,88.44113448472959,0.00121272366867374,LOW
1050713.0,Assam,26.56636244,93.13195098,0.988175541726833,CRITICAL
3001818.0,Manipur,24.898140915045616,94.4554441357148,0.00516988655546055,LOW
1057862.0,Manipur,25.4769,94.1351,0.9852826334670817,CRITICAL
3002242.0,Sikkim,27.39961483032972,87.9963151290928,0.0009543334403497429,LOW
3002256.0,Mizoram,24.006402636598843,92.89556293083224,0.00010083377692618982,LOW
2000299.0,Assam,24.758453333380945,92.83525326525717,0.9995405103028796,CRITICAL
3001443.0,Sikkim,27.601925371808584,88.80305317028302,0.36571739974778317,MODERATE
3001479.0,Assam,24.731022432322668,90.62248665120308,5.665721453562915e-05,LOW
3003205.0,Assam,26.7288477623223,90.00646438042678,0.050967966298674276,LOW
2000817.0,Manipur,25.266027830423685,94.0228140584477,0.9986626650829136,CRITICAL
2000185.0,Sikkim,27.251329540180038,88.13552895035045,0.9956589625948529,CRITICAL
3003322.0,Tripura,23.65509319568892,91.59746721734533,0.021154159732099387,LOW
3000774.0,Assam,24.72625285373334,93.13731713988108,0.00011305803901785224,LOW
3003594.0,Assam,25.63570737367444,94.15598100172733,8.381955176390633e-05,LOW
3002137.0,Assam,25.4659212520588,91.40578113601237,0.010189373609217204,LOW
2000300.0,Assam,26.145231790288733,91.71153139530544,0.9586684345406571,CRITICAL
2000449.0,Assam,26.191379797691084,91.75674479998752,0.9715091105386546,CRITICAL
3001847.0,Assam,27.28002085045077,93.03369986002022,0.0008294480248251595,LOW
3001288.0,Manipur,24.49164597534076,92.99697605416632,3.6057089580364716e-05,LOW
2000693.0,Assam,26.18862732747472,91.77518456240472,0.9670371043042292,CRITICAL
3000971.0,Assam,25.856569233458075,92.7620139330167,0.00019010415221626923,LOW
3001933.0,Sikkim,27.79219004805916,88.43839886425096,0.00014844419839734612,LOW
3000727.0,Sikkim,27.80677809576195,88.62241948943002,2.9900726517118704e-05,LOW
3001259.0,Assam,25.48277005207128,91.28091099559852,0.0012211756154512081,LOW
3001914.0,Tripura,24.11845266051913,91.39403389727671,0.002093042698780143,LOW
1057890.0,Manipur,24.95178179,94.20340026,0.9740610923098709,CRITICAL
2000746.0,Assam,26.132971961628805,91.93268997700883,0.9875761121154117,CRITICAL
2000052.0,Sikkim,27.595253286714893,88.50509480340467,0.9433517391353733,CRITICAL
1050585.0,Mizoram,23.7527,92.694,0.9936645512848582,CRITICAL
3003041.0,Sikkim,27.135141461908944,88.57895133930295,4.2116244486073376e-05,LOW
3002874.0,Assam,24.2673861746896,93.29085943957531,0.0009280846243411643,LOW
3003438.0,Assam,25.49579496201384,90.84872109541148,5.8915256253711854e-05,LOW
2000155.0,Assam,25.171933316410897,93.0108903813851,0.9995258142406501,CRITICAL
3000237.0,Assam,24.18173055243167,92.02312692874084,0.013629490862868637,LOW
938236.0,Sikkim,27.25638429,88.13612339,0.9924012968484337,CRITICAL
3003520.0,Sikkim,27.86578450476376,88.22950911496409,0.13020158575435348,LOW
3001807.0,Sikkim,27.19505856763152,88.80817163956316,0.0019095591113339058,LOW
1055274.0,Manipur,25.5098,93.8794,0.9962797408814215,CRITICAL
938421.0,Sikkim,27.3392,88.6188,0.9980004842920251,CRITICAL
3003071.0,Mizoram,23.01819757276171,92.6007575036412,0.04776653826776344,LOW
2000516.0,Manipur,23.898524830278003,94.13834080958516,0.9451132808462543,CRITICAL
2000658.0,Sikkim,27.379736799793545,88.7357360226236,0.9955678760300031,CRITICAL
1050272.0,Assam,24.58041329,92.37948378,0.9987882512849431,CRITICAL
3001310.0,Manipur,25.13462957359887,93.13974224051668,5.589213833673891e-05,LOW
3002260.0,Manipur,24.91096478312849,94.41364142710307,4.202086336138241e-05,LOW
3002589.0,Manipur,24.54477757405437,93.46927250426756,0.0727748043535941,LOW
3000541.0,Sikkim,27.66152583329555,88.52035051074857,5.333212584167401e-05,LOW
3000578.0,Sikkim,27.713038505523578,88.28793250217755,0.0001805623405619015,LOW
3003054.0,Assam,24.57089990614777,91.97536959725484,0.010368516956217348,LOW
2000801.0,Mizoram,22.917109386253248,92.44793681671491,0.9924653305271229,CRITICAL
3002238.0,Mizoram,23.434996408437165,93.27201534925504,0.0014818685729198278,LOW
1055067.0,Manipur,25.5265,93.8673,0.9944200576529685,CRITICAL
3001134.0,Sikkim,27.70743771818333,88.58612207038684,0.0002715770171460478,LOW
1050611.0,Mizoram,23.75406693,92.74128531,0.9570531590488137,CRITICAL
3000720.0,Manipur,24.26490511269179,94.11464590846695,0.0018848427033430343,LOW
3001568.0,Manipur,25.0994431773287,93.7036931235143,0.05459651910381019,LOW
1050635.0,Mizoram,23.30680933,92.83619313,0.9959456802339575,CRITICAL
3000418.0,Assam,26.209730368868037,91.14809009256892,0.012383828009002975,LOW
3001597.0,Manipur,24.40527799825592,93.79302095118872,4.678497565629351e-05,LOW
3002267.0,Manipur,25.523201730948813,94.01307771527829,0.0010367662978455583,LOW
3001351.0,Mizoram,23.094663391290165,92.75534562458468,0.2577287939665137,MODERATE
3001929.0,Mizoram,22.497696541512585,93.26458497430563,0.0009884781065259943,LOW
3001070.0,Assam,24.52382411352131,92.78845634356492,5.202405222590478e-05,LOW
2000410.0,Manipur,24.84193367473577,93.50130241500396,0.9994603241283264,CRITICAL
3001767.0,Manipur,25.506080655647484,93.7246746196876,0.014271240299333656,LOW
2000081.0,Manipur,25.4848474990394,94.14120050752192,0.9491657724069881,CRITICAL
3003029.0,Manipur,24.88490458889848,93.49582821288271,0.0008170931424682212,LOW
3000772.0,Assam,24.148965729418315,92.91997250399972,9.22999118171741e-05,LOW
2000171.0,Manipur,23.907637980144127,94.13864487501613,0.9674592471497423,CRITICAL
3000889.0,Mizoram,22.684474763552416,93.16797160017543,0.0063538497637183325,LOW
3002870.0,Manipur,23.799578353940475,94.60444855093614,3.815044432829851e-05,LOW
3001769.0,Assam,26.61504013863003,93.682706188808,0.04014872824633918,LOW
1048413.0,Assam,26.1771,91.7599,0.9733706862394034,CRITICAL
3001223.0,Assam,24.143424735472063,90.37703120606706,0.00020687136751073692,LOW
3000286.0,Assam,26.028712527775788,93.80406426820277,6.938862795657439e-05,LOW
2000022.0,Sikkim,27.390309833227324,88.51273662085141,0.9996238485952852,CRITICAL
3001559.0,Mizoram,23.798141354314076,92.90598747167154,0.0008517855103314426,LOW
3001651.0,Manipur,25.293557879326208,93.44846994344483,0.008294826329917846,LOW
3003241.0,Assam,25.012680694693582,93.85110501608006,0.002630096150308345,LOW
3003377.0,Manipur,24.73869420636541,93.4434988528245,0.00010703358969482268,LOW
3000575.0,Manipur,24.330707574703904,94.29030416796743,0.0007520021174943037,LOW
3000758.0,Manipur,23.873282524229204,93.78852366388604,0.07315266116654409,LOW
3003088.0,Assam,25.85698263913589,89.9791968773173,0.003563437513279413,LOW
2000270.0,Assam,26.164646929963716,91.79855814244368,0.9552066092105663,CRITICAL
3002132.0,Manipur,24.174975134484917,94.2011492443997,0.0025462798532536928,LOW
2000328.0,Assam,24.79848757673411,92.84849414405464,0.9906669019404001,CRITICAL
3003072.0,Tripura,23.71734948741188,92.31174319566216,7.140290492530342e-05,LOW
3002450.0,Sikkim,27.7385618702685,88.62067118893476,9.672321649049315e-05,LOW
3002135.0,Manipur,24.608706109589207,94.65880235243486,0.0012832247228769308,LOW
3000737.0,Mizoram,22.352859594659435,92.66211648464169,0.0011574931089641774,LOW
3000670.0,Sikkim,27.297197545540783,88.88972458291904,0.002137135220945924,LOW
3002803.0,Assam,24.2753963769644,90.1708424999338,0.002549436133510472,LOW
3001722.0,Manipur,24.7163690224916,93.67054839610265,3.0026858703845345e-05,LOW
1057788.0,Manipur,25.3179,94.0462,0.9660361378619611,CRITICAL
2000509.0,Tripura,24.438718146552848,92.22726326429364,0.9993521861902552,CRITICAL
3001902.0,Mizoram,22.990835294196597,93.18855003221684,0.10050329982772828,LOW
3000417.0,Sikkim,27.37259510206256,88.76201333827694,0.0032703390031219,LOW
3000419.0,Assam,26.078834847655983,93.69649954611086,0.09474057047181624,LOW
3000208.0,Manipur,25.390012804458603,93.78384238124872,9.393645051458345e-05,LOW
1057698.0,Manipur,25.26049558,94.01914123,0.9993010353671294,CRITICAL
3001318.0,Mizoram,23.22642528824017,93.02674924945056,0.008158233872591823,LOW
3000698.0,Sikkim,27.36881557134405,88.83621651280622,0.0002079344893755497,LOW
2000247.0,Assam,26.084859375367387,91.69607486833824,0.9940704539989793,CRITICAL
3002890.0,Assam,25.163136261953824,90.62123421993029,0.0019536861527138546,LOW
3002878.0,Manipur,24.3206049451409,93.69281545921808,0.0016205815712422161,LOW
3003337.0,Tripura,23.00552775142585,91.65192505359644,0.00044617939161979746,LOW
3001399.0,Assam,24.172755190011063,91.95054705737324,0.0037845383744126273,LOW
3002527.0,Assam,24.75286217768396,92.99721159557023,0.00011965884100888471,LOW
938407.0,Sikkim,27.26265369,88.56249089,0.9938697620984072,CRITICAL
2000580.0,Assam,26.19316948796598,91.77280342386632,0.9637195305854669,CRITICAL
3001611.0,Manipur,24.691594977908984,94.60577593378602,0.05669434273332867,LOW
3001485.0,Sikkim,27.60073619926326,88.63834451480554,0.003176461236436387,LOW
1048404.0,Assam,26.10899001,91.74722978,0.9956851422120545,CRITICAL
3002859.0,Assam,25.241756187333728,92.89157922298104,0.0017188049177235998,LOW
3000823.0,Manipur,25.540738483567942,94.39922279705108,4.8436898970081205e-05,LOW
3003600.0,Mizoram,22.784923750276512,92.49181666655652,0.0004983037071927203,LOW
3000194.0,Assam,24.91054829722635,92.91033852122013,0.03206645696027195,LOW
3001780.0,Manipur,24.191026349396317,94.5941287922986,0.00027338180068071065,LOW
3002764.0,Assam,26.542284125118087,94.26653912779936,0.0007308559643165897,LOW
3002899.0,Manipur,25.19591405065794,94.23643720803064,0.0006691118995096371,LOW
3003153.0,Manipur,24.41241914816337,94.36892119878549,0.0002486251679464993,LOW
3003291.0,Mizoram,22.44512773742504,92.75375346149232,0.2738625322474208,MODERATE
2000222.0,Manipur,25.442641161087696,94.60142669290462,0.9498899741624354,CRITICAL
3001853.0,Sikkim,27.819453030429976,88.77328011053125,0.0015863622595155879,LOW
2000244.0,Assam,24.53547975806459,92.52752921330224,0.9777822601582384,CRITICAL
3000632.0,Assam,25.261006167661648,94.1231203105526,0.00015099373742239765,LOW
3002304.0,Assam,26.025421032457484,90.81461447712996,0.0035601458160944566,LOW
2000225.0,Mizoram,23.73339899076455,92.71685616575158,0.9515645089912154,CRITICAL
3000401.0,Mizoram,23.60266354036456,93.385953392489,0.026409515257239814,LOW
3000519.0,Manipur,23.91412085489923,94.04136109508308,0.0007113388715103171,LOW
3003106.0,Sikkim,27.03541160521792,88.29758058426474,0.019386026155010838,LOW
3001533.0,Manipur,24.783826150312496,94.33147295192175,0.014046101673206236,LOW
3000899.0,Assam,27.313032609582272,94.252114574897,7.690654477035725e-05,LOW
3002548.0,Tripura,24.503701417679306,92.23128149517706,0.00015790938297729617,LOW
3000546.0,Sikkim,27.542838806468367,88.74857498997108,0.016462901054880776,LOW
3002766.0,Assam,26.07824267107761,91.7077063356417,0.009755762447502007,LOW
3002434.0,Assam,26.25225679674561,92.17441135088156,0.00023704117696964958,LOW
3001614.0,Assam,26.652133985184964,94.13420147504466,5.432589400794643e-05,LOW
3001052.0,Assam,24.306848639068463,90.24465578195236,0.0017307931879894712,LOW
3001694.0,Assam,26.992409441830965,93.47695674513832,0.0006919197595365743,LOW
3003368.0,Mizoram,23.76776756709193,92.40112014045071,0.056144286217590315,LOW
3003145.0,Assam,24.95106248101792,93.87518082699376,0.00011207479678262446,LOW
3003527.0,Mizoram,23.21620948404933,93.33823627472776,0.0006892901742925402,LOW
3002630.0,Assam,25.159798437699664,94.09601457981216,0.0009973501279456178,LOW
3002381.0,Manipur,25.588921169814935,93.02891317806557,3.6809596593071914e-05,LOW
3000238.0,Manipur,25.315064215425085,93.73464635409032,0.0014966294386597133,LOW
2000409.0,Sikkim,27.288402175399277,88.65631769474524,0.9866807183412194,CRITICAL
3000922.0,Manipur,25.10407531935352,94.02528666267374,0.002053751194079587,LOW
3002807.0,Assam,27.284504557011097,90.60141129838554,0.04314945467285753,LOW
3000122.0,Sikkim,27.50820763656783,88.67477355347091,0.0020361037038676556,LOW
2000491.0,Sikkim,27.287121987524493,88.67210112383252,0.9915210955746672,CRITICAL
3000335.0,Sikkim,27.011500799464308,88.40373102757752,0.00015307890256112413,LOW
3001011.0,Assam,24.494298740558648,91.0043420828286,0.2690853746732036,MODERATE
1057887.0,Manipur,25.3833,94.1884,0.9979639847395909,CRITICAL
3001444.0,Manipur,25.572413736900835,93.0402612390248,0.004313915790357856,LOW
3001935.0,Sikkim,27.16022654713919,88.54283375677996,3.900923296034234e-05,LOW
3002493.0,Assam,26.43716644670234,91.20448856330653,0.06060503430310192,LOW
3001678.0,Assam,25.76249086581596,91.64324303793153,0.0012978035727385356,LOW
3003198.0,Manipur,24.28195820943385,94.74578413719703,0.0019889411017156512,LOW
3002338.0,Assam,25.305558136727964,90.5725616406284,0.005151375917597614,LOW
3000904.0,Assam,27.33213734305855,93.43802406357608,0.00018443751009995397,LOW
3000323.0,Mizoram,23.235270933286024,92.82680297704329,0.00021152748435268132,LOW
2000114.0,Mizoram,23.767189748188887,92.5280439959116,0.9802761924666041,CRITICAL
3002667.0,Mizoram,22.646311828993188,93.13872780547194,0.0032121784658098894,LOW
3002773.0,Manipur,25.1264972752443,94.05945051913356,0.00018452905209719693,LOW
2000735.0,Assam,26.12895813262189,91.71554693267836,0.9907987133694405,CRITICAL
3001277.0,Mizoram,24.201816944979228,92.64236453751076,0.0010606225384038174,LOW
3000327.0,Manipur,25.369651151104087,93.2975646208942,0.0005174244618745525,LOW
3002178.0,Sikkim,27.66029927016607,88.3885495136407,0.00013110063656498287,LOW
3000835.0,Assam,24.785636903140983,94.26407711321976,0.012517195091396056,LOW
3000304.0,Manipur,24.455945225566843,93.94288792051772,0.0012755523907197258,LOW
2000238.0,Manipur,24.3110999675007,93.125113918125,0.9907087408996309,CRITICAL
3002956.0,Mizoram,23.33349921345752,93.45031017091664,5.6679465273315254e-05,LOW
3002074.0,Manipur,24.10945141720604,94.42281742361465,0.004816675420455067,LOW
3001956.0,Mizoram,23.56377438263224,92.6497361975506,0.0002355739517043161,LOW
3003008.0,Assam,25.992887926867745,92.41528743391063,3.83555891233701e-05,LOW
3000647.0,Assam,24.157962671199503,93.64548580633668,5.4506632956064544e-05,LOW
3003305.0,Assam,25.08922703091553,93.7188427869537,0.0003283485723228135,LOW
2000489.0,Mizoram,24.034322471737884,92.67267906259504,0.9885604809655338,CRITICAL
3001507.0,Tripura,23.79631582382948,91.533790128188,0.001348177950478939,LOW
2000662.0,Manipur,25.50492937962169,93.87042292601024,0.9924165859651999,CRITICAL
3000001.0,Sikkim,27.376768521700317,88.72642110806251,3.416599866203068e-05,LOW
1050771.0,Manipur,24.7459,93.4251,0.9870351324193787,CRITICAL
3001385.0,Assam,24.50333940073884,92.76640592109528,0.0026750723199295305,LOW
3002324.0,Sikkim,27.286575190612524,88.180973423497,0.0004479291200389517,LOW
3001103.0,Mizoram,24.1479468573106,92.7782171060414,0.013701483376309807,LOW
3000796.0,Manipur,24.41868737253685,94.65996663031191,0.0031292847479749515,LOW
3002104.0,Manipur,25.55504724769884,94.16246431498875,0.00042668288724780615,LOW
3001237.0,Assam,27.0964896639814,91.56203863771292,0.0001549898730992135,LOW
3002745.0,Mizoram,24.328526221774965,93.4749814137907,3.815874327155325e-05,LOW
3001459.0,Manipur,24.80026437458045,93.58814042272276,0.005023051042695287,LOW
1050706.0,Assam,25.1718,93.123,0.9855600105289789,CRITICAL
3000355.0,Manipur,25.27470638134206,94.03892847931242,0.003036427121184552,LOW
3003096.0,Tripura,24.44373446983508,92.2102366711589,0.0002677775195280002,LOW
3002214.0,Mizoram,23.77452223825272,92.6256798979136,5.489809963366318e-05,LOW
3001735.0,Assam,24.173826645996844,90.81417930496072,0.00016461610205716588,LOW
3002892.0,Manipur,25.19629421272778,93.76136352895506,2.935419355748111e-05,LOW
3002112.0,Manipur,24.28564895736157,94.16781137280856,0.0001394308535822631,LOW
3001114.0,Assam,25.36614441573516,90.22529587917718,6.326578577103685e-05,LOW
3002234.0,Assam,25.389691713832477,90.40673400616636,7.663927786845544e-05,LOW
3000016.0,Mizoram,23.60436482072217,93.13197666586514,0.0003415975585665537,LOW
2000065.0,Assam,24.459236075701742,92.48023851024185,0.9878232549531296,CRITICAL
3000905.0,Assam,25.142057302637664,91.95306115265048,0.04612748994842032,LOW
2000072.0,Assam,24.5321922992166,92.50537983071436,0.9949713600512755,CRITICAL
3000172.0,Tripura,24.16414756221434,92.31892958207654,0.0007577734696459132,LOW
3001556.0,Assam,24.68729830052085,94.27517483604232,0.01596419907895451,LOW
1050651.0,Assam,24.81395989,92.85687296,0.9953035339815512,CRITICAL
3001253.0,Assam,27.07796562358656,94.06370730356568,0.0003755272057174357,LOW
2000565.0,Assam,26.1776097807935,91.76763671334308,0.9879408489545297,CRITICAL
3000708.0,Manipur,25.587529052193585,93.14690530817992,5.157316165461074e-05,LOW
3001799.0,Assam,26.45875943565021,94.10014604421852,9.61721215941496e-05,LOW
1048519.0,Assam,26.20450454,91.87202793,0.9837172106402885,CRITICAL
3003515.0,Assam,26.38116578209837,93.33811055387268,0.0008150808185180508,LOW
3000162.0,Sikkim,27.45912619815356,88.09567144474566,0.0003688535323277052,LOW
3002917.0,Assam,24.81875266942253,90.9551866269415,0.00022244055799804552,LOW
3002212.0,Manipur,25.17118625516778,94.57216359652898,0.00028736412940074985,LOW
3001755.0,Assam,27.123870963394936,93.2288140557966,0.0006994848133286155,LOW
3003176.0,Mizoram,23.32518100659575,92.65377442355172,0.0005332964745465001,LOW
3003596.0,Sikkim,27.14366505754922,88.16267970444476,0.00033826359454617547,LOW
3003491.0,Assam,27.15477061394711,93.55273520735204,0.02444090191800216,LOW
3001463.0,Mizoram,23.974959055138427,92.45005740631072,0.14704806399375325,LOW
2000110.0,Sikkim,27.162518791923446,88.38142514138086,0.9965399325548994,CRITICAL
2000482.0,Sikkim,27.462958539603505,88.52899825890833,0.9930008244385125,CRITICAL
3000337.0,Manipur,25.581656107234508,94.68358995153706,0.0666236492948425,LOW
3000873.0,Assam,26.21306546425166,92.39583714492056,0.0003376775129235423,LOW
3003225.0,Sikkim,27.553281298417257,88.3376205586174,0.0003359656266419275,LOW
3002733.0,Mizoram,23.053623944016408,92.78648275464089,0.0001389195741200359,LOW
3000233.0,Tripura,24.200146504986684,91.48766543865558,0.06973526059891842,LOW
2000126.0,Manipur,24.987165830420835,93.50198415574908,0.9604949085635512,CRITICAL
3001890.0,Manipur,24.798407690949222,93.33364471399004,0.00010581816182151686,LOW
3000548.0,Mizoram,23.074721668379805,92.32552156811936,0.00038151112895019467,LOW
3001827.0,Manipur,24.32974965701522,93.43025380340796,0.02638940078937352,LOW
2000733.0,Sikkim,27.337188577916425,88.24696637577686,0.9985230776118691,CRITICAL
3002606.0,Sikkim,27.38751428209341,88.04842969020962,7.204048624933135e-05,LOW
3001988.0,Sikkim,27.403251181165786,88.30555111636158,0.0016370381491217488,LOW
3002228.0,Assam,26.574779842708715,91.4926963429262,0.00028753519074252215,LOW
2000053.0,Assam,26.133571208286597,91.93758164974948,0.9811126463331886,CRITICAL
3002674.0,Assam,27.13781917737292,90.63011528539344,0.0004692530614713623,LOW
3002211.0,Assam,27.064229077725813,91.70596257929776,0.00022617824797286457,LOW
3001448.0,Assam,26.09383507761482,91.0923904744491,0.00018274869615841156,LOW
3000678.0,Sikkim,27.700144949421865,88.08874213975082,0.0009164909081059403,LOW
3000694.0,Manipur,24.46852135732621,94.54095329804426,0.0004478260157069832,LOW
3000043.0,Assam,24.61326923398754,91.21171212608432,0.005606034244719884,LOW
2000722.0,Assam,26.190851040871443,91.75800874343436,0.9360050223250351,CRITICAL
3001336.0,Assam,26.39385651977074,94.00207062987823,0.0022122315037693173,LOW
3002368.0,Assam,25.133609004757567,94.1070895845975,3.2669500720941796e-05,LOW
1050474.0,Assam,24.4638,92.4943,0.9815435007525508,CRITICAL
3003440.0,Assam,26.12153607042553,92.61341857474224,3.9157890074133705e-05,LOW
3003454.0,Assam,26.492835233030338,92.58289976088288,0.023396595955061196,LOW
3002758.0,Sikkim,27.552727035957,88.39044291881773,9.605158864988604e-05,LOW
2000263.0,Tripura,23.196656002095377,91.58446004296836,0.9963810725880782,CRITICAL
3000590.0,Assam,26.912109761704723,91.2822389197482,0.008783903567254964,LOW
2000688.0,Assam,24.864942257878926,92.34482461982644,0.9702754868322576,CRITICAL
3003478.0,Manipur,25.59764011322323,93.13522311008091,0.0001224086991239238,LOW
3001274.0,Tripura,23.92802836614346,91.2876832129104,0.0004165885060519047,LOW
3002848.0,Assam,25.967504923596746,91.57601819958865,0.004561517566199947,LOW
3002243.0,Manipur,25.07326027141941,93.57861419862732,8.057465477777623e-05,LOW
1050624.0,Mizoram,23.4495,92.8112,0.9691230434513449,CRITICAL
3000830.0,Manipur,24.400395570656865,93.32279175133483,0.000392116643007494,LOW
3001284.0,Manipur,24.624887630595502,94.38678387865704,0.022137028361423866,LOW
3002699.0,Sikkim,27.362964057295677,88.52627995128876,0.07665875162961691,LOW
2000242.0,Sikkim,27.531593029131106,88.6045740418061,0.9969241775578577,CRITICAL
3000979.0,Assam,26.591340371159685,90.87966900703697,0.00735270403497019,LOW
3003379.0,Manipur,23.994920653826476,93.36466575025764,0.0071903976046382,LOW
3001508.0,Assam,25.96144445280421,93.18172793588614,0.21935485103850869,LOW
3000945.0,Mizoram,24.146680479211582,92.87920311663486,0.0006234301810882128,LOW
3000389.0,Manipur,25.20265637528632,93.24130825966355,4.344424074814524e-05,LOW
3002777.0,Tripura,23.45873504403893,91.42728565025342,0.04577312719911071,LOW
2000375.0,Tripura,23.01189900699021,91.7236249262324,0.9947789160046181,CRITICAL
2000138.0,Tripura,23.89933391615346,91.38952931955411,0.9444177104582443,CRITICAL
3002646.0,Manipur,24.567589815607008,94.56501284247652,9.229753233731776e-05,LOW
1057951.0,Manipur,24.9111,94.4759,0.9796553377782848,CRITICAL
3001542.0,Sikkim,27.86721297637981,88.81046140876005,0.0001264092276827641,LOW
2000777.0,Mizoram,23.536145333325525,93.3637570720348,0.9295746279438348,CRITICAL
2000364.0,Assam,26.196557063861707,91.87680769960131,0.9970863128898347,CRITICAL
3001214.0,Assam,24.571734278616272,89.92504660955308,6.816366841355945e-05,LOW
3002529.0,Assam,25.002309916671518,93.45090236674685,3.942412148513088e-05,LOW
3000503.0,Sikkim,27.07728209208428,88.26575087107385,0.008161623930679776,LOW
3000858.0,Assam,27.21610648742049,90.6507338130489,2.851841592649156e-05,LOW
2000403.0,Assam,25.15615209881061,93.00017436619105,0.998446478948114,CRITICAL
3001931.0,Manipur,24.24968513348897,93.81515905535322,0.007144085848065447,LOW
1048396.0,Assam,26.149,91.7351,0.9970243620968968,CRITICAL
2000477.0,Sikkim,27.5042492389377,88.55156517184545,0.9909812771882771,CRITICAL
3001016.0,Mizoram,23.24415304238297,93.27972494727602,9.176465182867145e-05,LOW
2000028.0,Manipur,24.933914499711527,93.48809271590922,0.9889355717297623,CRITICAL
1050702.0,Assam,25.181453,93.118105,0.969659811570807,CRITICAL
2000160.0,Assam,26.145984026488893,91.83051231050256,0.9610736354425847,CRITICAL
3002663.0,Manipur,24.90552612704528,93.39125493268286,0.0003932699997779435,LOW
3002022.0,Manipur,25.123501370428848,94.69294732814768,0.00018672359959472502,LOW
3002427.0,Manipur,25.50853961305789,92.9682213019463,0.00015865754797522117,LOW
3000379.0,Assam,26.264052713771445,93.7758854623282,0.0003856020888613745,LOW
3000399.0,Sikkim,27.290393441392386,88.68343294682376,0.0003537924138983107,LOW
3003568.0,Manipur,24.65620281718197,93.82225374952192,0.12749428027590526,LOW
2000781.0,Mizoram,23.71651008046114,92.72674192966797,0.9944034682753435,CRITICAL
3000621.0,Manipur,24.91395283372088,93.50616689762182,0.027528905036404767,LOW
3001019.0,Manipur,24.28628910996861,93.26379956025762,0.28619569010954116,MODERATE
3002285.0,Sikkim,27.701396378194637,88.40214496902321,0.004657036576566052,LOW
3002572.0,Assam,27.002481104108885,91.68340294862652,5.377979295575423e-05,LOW
3003477.0,Mizoram,22.506958975740694,93.29596945639985,0.04271067808697976,LOW
3003560.0,Sikkim,26.99309926514355,88.46799104309366,7.941222330757368e-05,LOW
2000184.0,Sikkim,27.33271239311429,88.62452832728654,0.9829389179976303,CRITICAL
3002129.0,Tripura,24.40196473890404,91.3727417466772,0.024197829620359757,LOW
3003249.0,Assam,27.21145654728989,91.71369768928604,0.004895328333360763,LOW
3002121.0,Tripura,23.88496327706928,92.26101926587442,0.09852376620014447,LOW
3000806.0,Assam,26.59304648502899,92.23788954884792,0.00022261333659041502,LOW
3001171.0,Mizoram,24.215612211403947,93.10588916146928,0.002239503753101829,LOW
3002038.0,Assam,25.18938802155208,92.98507014911924,0.00014044411213664845,LOW
3000455.0,Sikkim,27.88478136038069,88.75746570120248,0.015372079236889007,LOW
3002709.0,Manipur,24.79909711383719,94.31181196890512,0.00014860731257015838,LOW
3001130.0,Sikkim,27.63373272193402,88.44626611491466,0.0030268064016895782,LOW
3000022.0,Sikkim,27.59115360788451,88.02550695704669,6.63110367765598e-05,LOW
2000792.0,Manipur,25.429972945655948,94.5947369887978,0.9154502679457257,CRITICAL
3000061.0,Assam,24.58184431461464,92.76219821756732,3.765800388201967e-05,LOW
1050621.0,Assam,25.0633,92.8025,0.9937684302945302,CRITICAL
2000671.0,Manipur,25.381548392775528,94.07508884138517,0.977594791136732,CRITICAL
3001550.0,Mizoram,23.536515003850003,93.28141889806096,8.011581360199025e-05,LOW
3002440.0,Tripura,24.087178437634947,91.47444724796736,7.0163338126786e-05,LOW
3000864.0,Sikkim,27.217284096411177,88.503886686475,0.005671590782024856,LOW
3000124.0,Manipur,25.441262089343056,93.3695716274214,0.0048854649543302545,LOW
2000816.0,Sikkim,27.171824862628483,88.53380167020696,0.9988089649156331,CRITICAL
2000240.0,Assam,25.11739376292182,92.84824616243164,0.9983300891281985,CRITICAL
3000013.0,Manipur,24.660469778646736,94.59201102742917,4.258517880144308e-05,LOW
3002585.0,Manipur,24.21640365604745,93.242904419146,0.019051232317981316,LOW
2000809.0,Sikkim,27.70107201692292,88.54033479300372,0.9922838353099449,CRITICAL
1048363.0,Assam,26.18654344,91.67187135,0.9836612524430088,CRITICAL
3001952.0,Sikkim,27.656788651186737,88.40959173049431,0.0001579757334066445,LOW
2000517.0,Assam,26.14595666396392,91.94925120379686,0.9855946339527841,CRITICAL
3002187.0,Assam,26.940652055403053,93.8354047163896,0.0003729164897569121,LOW
2000743.0,Sikkim,27.38066487755797,88.72633789583324,0.996210838270631,CRITICAL
3000467.0,Manipur,24.21328699743369,93.2709302249342,0.0002667609535720255,LOW
3003262.0,Assam,27.09237014461725,93.31941251422272,0.00033893972457013036,LOW
3000553.0,Sikkim,27.56037978787199,88.41472456229714,6.671765539342041e-05,LOW
3000843.0,Assam,27.085221115405314,94.10785267270252,7.113078968241124e-05,LOW
3002821.0,Assam,26.36225702878425,91.53504943788198,0.0001120434609906483,LOW
3000073.0,Sikkim,27.380764168253197,88.11991187052776,0.000603931282128628,LOW
3000687.0,Sikkim,27.28458125937869,88.16380223422942,0.04793069569568967,LOW
3002867.0,Manipur,25.61637224422769,93.9833549841897,9.038819304973756e-05,LOW
3003412.0,Assam,25.44246690807373,90.94785508040904,0.003916165735020897,LOW
3002219.0,Assam,24.400247794713074,91.3933721040337,0.00561313745811083,LOW
3001395.0,Mizoram,22.572387335876176,93.0195632279604,2.3763944851069508e-05,LOW
3000106.0,Manipur,24.508409614193397,94.61037390204844,0.03493442193457551,LOW
2000429.0,Manipur,24.824891651183137,93.60194880026232,0.9510482950822838,CRITICAL
2000598.0,Assam,26.126867839537542,91.93263085035728,0.9868724120951013,CRITICAL
3002471.0,Assam,24.97539744363921,92.87253261089062,0.00014247309800310347,LOW
3002000.0,Tripura,24.320349092283088,91.82838329146792,0.0006254535613181721,LOW
3000288.0,Manipur,25.019893452913657,94.716567168153,0.10265452572739014,LOW
3002711.0,Manipur,25.119592091330468,94.4548233620721,6.422150630904816e-05,LOW
3003242.0,Mizoram,22.512656831538266,92.86660546432304,0.006417790647351818,LOW
3001055.0,Manipur,23.77477679485357,94.41319810884046,0.0012685462049882696,LOW
3002342.0,Assam,26.316513827869016,93.3711154100633,0.0003752748865958528,LOW
3002060.0,Manipur,24.57800183933288,93.38286058715464,0.030151614995753497,LOW
3001897.0,Manipur,24.475735427134502,93.7476836131977,0.00010011400759408836,LOW
1050525.0,Mizoram,23.7705,92.5217,0.9911589779953232,CRITICAL
3000175.0,Assam,25.37196421219368,93.88456000705597,0.003792829088349498,LOW
3001093.0,Manipur,24.956868323260903,93.74710929388245,0.0003284535624791746,LOW
3001599.0,Assam,26.048334265834274,92.00073390136484,5.3838315383882064e-05,LOW
3000826.0,Sikkim,27.59602547383416,88.72257017506155,0.0013229408226902934,LOW
1050724.0,Manipur,24.32420539,93.15020652,0.9915837015492754,CRITICAL
3003024.0,Assam,27.15096037497757,90.591111959479,0.0026751129876583027,LOW
3002261.0,Mizoram,23.17622851447653,93.39387809076293,0.0025952626999306925,LOW
2000310.0,Assam,24.607612946847937,92.36904836027824,0.992744898323265,CRITICAL
3002004.0,Assam,26.205355750863024,91.503900045209,0.0003293846370528799,LOW
3000893.0,Manipur,25.335422669948617,94.40720921237474,0.009099653079873465,LOW
3001680.0,Manipur,24.750144252056256,93.21476415453986,8.13297653309013e-05,LOW
2000726.0,Mizoram,22.465950514611063,92.97933060274822,0.9991381644422661,CRITICAL
3001621.0,Manipur,24.94679108013799,94.17058713105766,0.00030351478390629275,LOW
3001743.0,Manipur,25.23934953087768,94.054058921923,8.915121789773986e-05,LOW
3000152.0,Manipur,25.22616014415044,93.4103375979552,0.0023813525635388113,LOW
3000660.0,Manipur,25.563405357810275,93.30475809940737,8.890033980726365e-05,LOW
3001822.0,Sikkim,27.24846075455769,88.1132115664411,0.006111837194422948,LOW
3002453.0,Sikkim,27.617789321995183,88.71082880121476,6.493318687742259e-05,LOW
2000196.0,Sikkim,27.265765745174917,88.13177980386718,0.997466329014818,CRITICAL
3002330.0,Assam,26.563873254778724,92.21852304913632,0.0011840068994004617,LOW
3003062.0,Assam,27.12130056284908,92.00732354525236,0.03966091821445688,LOW
2000800.0,Mizoram,23.83764332900015,92.88253364054115,0.9934966363653407,CRITICAL
2000508.0,Mizoram,22.7194369683476,92.83772515267842,0.9997916260221855,CRITICAL
3001718.0,Sikkim,27.736196640961285,88.84604297807839,0.00024317182928436913,LOW
3003010.0,Assam,25.315899381709336,94.03119823886144,0.00012839766676836967,LOW
3002489.0,Assam,26.77154665817134,90.11760282636718,0.00010834885906989665,LOW
2000437.0,Assam,25.18371880117534,93.01388947287224,0.9638975794635075,CRITICAL
3001854.0,Manipur,24.52846091782068,93.50549739589626,5.00999312769472e-05,LOW
1057681.0,Manipur,25.03561729,94.0144205,0.9899524891446285,CRITICAL
1057829.0,Manipur,24.1988,94.1016,0.9942479368370123,CRITICAL
2000739.0,Assam,26.34319628091677,92.83786149188292,0.992112175406052,CRITICAL
3000874.0,Assam,24.91403273984924,92.16416863422717,0.03148424060923284,LOW
3001378.0,Mizoram,24.259910062038085,93.2802364617806,0.0008546010573170877,LOW
3000065.0,Assam,25.95344703338373,93.9604030559356,0.0001422045957167798,LOW
2000610.0,Assam,26.190476605857203,91.77706396400046,0.9787573808209361,CRITICAL
3002781.0,Assam,26.48150585242876,91.9138747836772,0.011051199432128653,LOW
3000391.0,Mizoram,22.65824543969821,92.40759970215612,3.45446210062311e-05,LOW
1048329.0,Assam,26.3333,91.25,0.9693103589382305,CRITICAL
3000433.0,Assam,27.057686552315293,92.4048539168919,4.357608391538891e-05,LOW
3003219.0,Sikkim,26.969171470509625,88.65583848865212,1.9748740032691435e-05,LOW
3003589.0,Manipur,25.27186364406623,93.84800559369684,0.00016297687360469315,LOW
3003228.0,Assam,25.640419130946928,90.40023219157057,0.0008007933845725675,LOW
3000029.0,Assam,24.825436036323534,90.3018975707783,0.00376732869479808,LOW
3003191.0,Assam,26.319608961333984,92.09556742018752,3.309528350403682e-05,LOW
3001883.0,Assam,25.27337219862793,90.00202020785794,3.529464423280848e-05,LOW
3000370.0,Manipur,24.946281732279367,94.17243439132328,0.0001306221448561391,LOW
3003355.0,Tripura,24.190894042949,91.3626580699693,0.00029346018142146276,LOW
3001936.0,Assam,26.519092777991933,91.06459654317791,2.3971077555256398e-05,LOW
3001181.0,Sikkim,27.85146101011961,88.43697445984424,9.353989106383048e-05,LOW
1057911.0,Manipur,25.0118,94.3136,0.9859170445874699,CRITICAL
3000746.0,Assam,25.269045185912734,93.40688897860576,0.00023129899423342699,LOW
3000965.0,Manipur,25.32348559462208,93.96325418933952,0.00018427228397455213,LOW
3001814.0,Assam,25.38269977756639,92.7447997308638,0.04467576214176322,LOW
3001060.0,Manipur,24.312700556262413,93.36750053892077,0.00024717138253360274,LOW
3002041.0,Assam,26.893483597349004,93.57208491527108,0.00011540273909487592,LOW
3000998.0,Manipur,24.442000958310548,93.45949779594548,0.0003730674332816596,LOW
2000653.0,Assam,25.89145670342372,91.20019967916537,0.9657399355682763,CRITICAL
2000717.0,Mizoram,23.736058144476047,92.72757987255896,0.9997624468238017,CRITICAL
3002491.0,Assam,25.985716527617434,93.81660269481034,0.002995086835101442,LOW
3002751.0,Mizoram,22.66746841261892,92.75698330892644,0.3787164203853821,MODERATE
3002735.0,Assam,24.5213761913163,91.36343129266145,0.0019648673472042223,LOW
3000192.0,Assam,26.13315586059904,90.81594114086768,0.034127456317742215,LOW
1050597.0,Mizoram,23.7348,92.7187,0.9687511242243085,CRITICAL
2000345.0,Manipur,25.130353641628066,93.95866798676391,0.9834164167875705,CRITICAL
3002426.0,Manipur,25.60634555569405,92.97752963918056,0.021060765715548872,LOW
3001142.0,Mizoram,22.84775090546453,92.95623853049894,0.013410198071601927,LOW
2000056.0,Manipur,25.26710815462178,94.0177116730547,0.996287691138243,CRITICAL
3001117.0,Sikkim,27.30937133417526,88.41845816728745,0.00017671129483399242,LOW
2000532.0,Sikkim,27.15678866223689,88.36691815699804,0.9676470594790767,CRITICAL
3002816.0,Assam,26.353970666776643,92.372797537318,0.00012047696016151753,LOW
3002722.0,Assam,24.25633132583149,93.97280764926664,0.0005854798183082409,LOW
3003138.0,Assam,26.39309032303456,93.22509086792536,0.0017353310042697466,LOW
3001906.0,Manipur,25.24731958104969,93.79132621090535,0.0010924892821973953,LOW
3000943.0,Manipur,24.75469931030683,94.61454083855344,0.0010773188923798055,LOW
3000354.0,Manipur,24.634114019937392,94.39945178350328,4.368322679736213e-05,LOW
3000039.0,Manipur,24.315713921147623,93.06253894917836,8.42746799606078e-05,LOW
2000523.0,Manipur,25.38845340154073,94.19598354233544,0.9993038578637039,CRITICAL
3001733.0,Manipur,24.50241243035257,94.33758351000462,0.0019683031260044745,LOW
3003490.0,Manipur,24.91686725380677,93.85542862381224,0.0431655659081174,LOW
2000127.0,Mizoram,23.721346047366424,92.70510613581506,0.9898455943181288,CRITICAL
3001803.0,Mizoram,22.78530664775349,93.51424150244527,0.004397963894373129,LOW
1057853.0,Manipur,25.4993,94.1192,0.9920046259491716,CRITICAL
3002550.0,Manipur,25.400856419675897,94.0285946256978,0.0015782894451240096,LOW
3000415.0,Assam,26.76585985582113,90.96536905395553,3.4870913477402596e-05,LOW
1051726.0,Manipur,25.16,93.686,0.9866675152941498,CRITICAL
3003210.0,Assam,24.280555395677908,93.65048993566433,0.1753201264286677,LOW
3001033.0,Manipur,24.519651475890225,93.16042362290273,0.00011132116317946571,LOW
3002451.0,Manipur,24.58889029951561,93.83113082501865,5.4532496564077e-05,LOW
3001564.0,Mizoram,23.4469498049086,92.608054253676,0.08903329464820875,LOW
3001233.0,Manipur,25.389392204561325,93.11809880205848,0.023486370966198614,LOW
3003064.0,Assam,26.20628458467992,93.98755003936948,0.052656296874983174,LOW
2000766.0,Assam,26.124771524629328,91.71112905821572,0.9947335913899849,CRITICAL
3000643.0,Sikkim,27.68896443219726,88.23860536817259,0.00010495303624045863,LOW
1050668.0,Mizoram,22.479,92.967,0.9995771618995147,CRITICAL
3000352.0,Assam,25.01060356918931,90.06537934256782,0.011928095845559379,LOW
3000574.0,Assam,27.02890369233051,91.67096281388292,0.0032525014795056644,LOW
3000413.0,Sikkim,27.044592606210266,88.89636627157715,0.00031398874464118353,LOW
3000358.0,Sikkim,27.19079344048625,88.14979224968978,0.0023777334160219763,LOW
2000033.0,Assam,26.162102351953777,91.76115572104682,0.9923222790764139,CRITICAL
3003566.0,Manipur,24.59587198795489,94.39677014179844,0.00010418440760768399,LOW
3003199.0,Assam,25.23065036643504,90.8089363609605,0.00022516099101637806,LOW
2000421.0,Assam,26.34516870448906,91.25088926870438,0.9701173637204721,CRITICAL
3000089.0,Sikkim,27.57699930068371,88.08739391307738,0.0003160620769967104,LOW
3001839.0,Manipur,25.133190769324408,93.22124836354472,0.00043992000556787125,LOW
3001454.0,Assam,27.059568219462133,92.02113705350088,0.05625002999441201,LOW
3003263.0,Manipur,25.341001508411523,93.4332555497625,0.14235557576234154,LOW
3000973.0,Manipur,24.589615639318357,93.21312895713494,0.0012041475846712349,LOW
1052234.0,Manipur,24.79591421,93.72386429,0.994106109918276,CRITICAL
3001452.0,Assam,27.14259397937414,93.37680975160328,8.054252437015665e-05,LOW
3002367.0,Mizoram,22.335321757299354,93.3089815233627,5.5128701885533396e-05,LOW
2000771.0,Manipur,25.487376198632266,94.1212807954236,0.967604022088795,CRITICAL
3002919.0,Assam,24.24379202566737,91.05118778976804,0.016402965419293817,LOW
2000267.0,Assam,25.19379090407814,93.1290991644097,0.9785581735117804,CRITICAL
3001515.0,Manipur,23.960395062393328,93.98105786679513,0.0021960467520626523,LOW
3000305.0,Sikkim,27.297232243090093,88.69222489858076,0.0008497682032910976,LOW
3002704.0,Sikkim,27.0835779193277,88.26799972868561,0.00035109383723111773,LOW
3002302.0,Mizoram,23.226579395005047,93.20664768922973,2.4302892660279132e-05,LOW
3000116.0,Sikkim,27.168175677070234,88.01079407516387,0.00035065205936466603,LOW
3000672.0,Manipur,24.675890648193302,93.71478658063096,2.638617997405966e-05,LOW
3000531.0,Manipur,25.243742288873104,93.15740248782969,0.00016919953487640492,LOW
3001112.0,Assam,24.71199050798472,90.7390275177867,0.00010070487088369672,LOW
3001738.0,Assam,24.91766068608708,93.75811836448857,6.234973372712164e-05,LOW
3000633.0,Assam,24.529423727709176,92.05488050082174,0.046813850294766216,LOW
3003239.0,Assam,27.330424887434955,93.91612406831815,0.0003005802482850989,LOW
3001723.0,Sikkim,27.572222327963868,88.31081156881419,6.731828767663354e-05,LOW
938327.0,Sikkim,27.1695,88.3664,0.9956442263462535,CRITICAL
3002610.0,Assam,26.42033808824972,92.09218805434934,0.00033201872341707104,LOW
2000806.0,Assam,26.13021427063532,91.70931876905811,0.9829968136948144,CRITICAL
3003342.0,Assam,24.993080905399975,93.9456752421786,0.002462386367700415,LOW
1050598.0,Mizoram,23.73478778,92.72124394,0.9628167764666218,CRITICAL
3000110.0,Assam,26.494548561323874,90.777404495984,0.18579663050722184,LOW
2000315.0,Mizoram,23.736092630994914,92.72250159924776,0.9924701147282017,CRITICAL
3000878.0,Mizoram,22.82629199456478,93.42009310332048,0.10562810133591752,LOW
3002717.0,Mizoram,23.5990758360023,92.5740667080248,0.0026509187397504245,LOW
3002820.0,Assam,25.28511170687852,91.66978778564022,0.00140550574870327,LOW
3000334.0,Manipur,24.82939648329045,94.6539684377662,0.030022443550704794,LOW
3001320.0,Assam,24.351555560969235,93.33932412064188,0.00023830963873698824,LOW
3003236.0,Manipur,25.43992794673958,93.94298892584602,0.0006994984985261358,LOW
2000302.0,Manipur,25.27844121028382,94.0245656533786,0.9988475914766995,CRITICAL
3001122.0,Tripura,23.77267448118673,91.56036729823988,0.03729968588724073,LOW
3001955.0,Manipur,24.350975592547847,94.05276005521272,0.3097453638154014,MODERATE
3002911.0,Sikkim,27.0325492941481,88.21959420761868,0.0003596967081577961,LOW
3002069.0,Manipur,24.875138585962656,94.19182241755884,8.68088261612826e-05,LOW
3001464.0,Manipur,25.381265775492107,94.33023371744044,0.0001446285901763708,LOW
1048444.0,Assam,26.15146273,91.79753177,0.9866543826431047,CRITICAL
3000623.0,Mizoram,23.32113165445099,93.13322963015106,0.00026841062511632704,LOW
3001065.0,Assam,24.554701274512887,90.37374953167904,0.005234269102693162,LOW
3001608.0,Manipur,25.29376463976321,93.4659587349894,0.0014786917921351794,LOW
3000315.0,Assam,26.552076208235484,89.98573015599206,7.377985025364124e-05,LOW
3002061.0,Sikkim,27.02837204219796,88.05221036521836,0.0005793350346275346,LOW
3000222.0,Sikkim,27.75911728877848,88.21690331542474,0.0004965657737370315,LOW
3002707.0,Assam,25.14156415522408,92.7318161746536,0.007358211609589549,LOW
2000356.0,Sikkim,27.528690056739777,88.51910431056925,0.9854284436795566,CRITICAL
3003423.0,Mizoram,23.64242561996372,93.46019277528283,0.00035535175549081504,LOW
1057913.0,Manipur,24.3527,94.3429,0.992466096867126,CRITICAL
3001037.0,Sikkim,27.278300273801968,88.43433412942233,0.0014974068948543746,LOW
3002885.0,Assam,24.467956574911916,92.65725052796851,0.000259179804863025,LOW
3002036.0,Mizoram,24.009885950977743,93.09570140256125,0.0014723368655040314,LOW
3003031.0,Mizoram,23.247695777637468,92.85822474524652,0.015395448622930337,LOW
2000691.0,Mizoram,22.52982662885233,92.8939678293572,0.9950489914393428,CRITICAL
3000946.0,Assam,25.17031377357455,90.04227037951733,4.210900583879213e-05,LOW
3002806.0,Mizoram,24.3504846366269,92.99560017022716,0.0034953247084483193,LOW
3000947.0,Tripura,23.58189293017232,91.81639437401375,0.0041025743442439444,LOW
3002746.0,Manipur,24.18191226899237,94.12217121308248,0.00047463999984991365,LOW
3002635.0,Assam,24.531410183192424,90.78939367313562,0.005150370504620036,LOW
3002448.0,Mizoram,24.1316852982083,93.07935340035768,0.005267888994203393,LOW
3001938.0,Manipur,23.97532055333055,93.54530442253916,0.02139727252433152,LOW
2000118.0,Manipur,25.13215980313909,93.96622911159868,0.9967646920056914,CRITICAL
3002975.0,Sikkim,27.76148541207829,88.20781021054076,0.00012180179964643232,LOW
3000703.0,Assam,26.221325858159418,93.325428983989,0.00010111842678795283,LOW
3003036.0,Assam,24.49635456227135,92.05867479165586,0.0002637516388202854,LOW
3003038.0,Mizoram,23.76075552239952,93.52499874722864,0.0019854837836839794,LOW
3000668.0,Mizoram,22.44123970034029,92.56134615353211,0.0005111475830512895,LOW
3001635.0,Sikkim,27.13477807135667,88.80828077216412,5.905613980088059e-05,LOW
3002183.0,Mizoram,22.437739564740816,92.9594658596997,0.0017945355565329832,LOW
3000934.0,Manipur,24.780152227300864,94.17287744725456,0.0011240674200261001,LOW
3000589.0,Manipur,24.940601944719504,94.31961349534878,0.0001804462275598721,LOW
2000642.0,Manipur,24.970893271770723,93.49913626943436,0.999804721744679,CRITICAL
3003519.0,Assam,27.259827325887724,92.21086717314816,0.004582233118891713,LOW
3003493.0,Sikkim,27.67565918420117,88.07189850042201,2.8062367014435048e-05,LOW
3000547.0,Manipur,25.13928698238456,93.90453520343776,0.00012059384126037015,LOW
3003507.0,Manipur,25.137813819059573,94.00305688560732,2.875614386832418e-05,LOW
3002055.0,Mizoram,22.803582923257395,93.52319720503112,5.15145307336343e-05,LOW
2000285.0,Mizoram,23.83134732438337,92.86763706913828,0.9950894454034465,CRITICAL
3002454.0,Assam,24.25966881695129,93.63464406468628,0.0013488346224341426,LOW
3002708.0,Assam,25.07685379016892,90.50842774364752,0.0018557557771856632,LOW
2000637.0,Tripura,24.021060210703244,91.49841178847645,0.9685858490825909,CRITICAL
3000663.0,Manipur,23.758412830602406,94.59901356552808,0.01979589199341225,LOW
3001050.0,Manipur,25.105982550428717,93.23511426527396,0.0489119370329986,LOW
3000008.0,Sikkim,27.283169920030275,88.07277570068865,0.0003818319990897362,LOW
3001572.0,Assam,27.118898912736,90.95563002924942,0.01834982202234235,LOW
3000747.0,Tripura,23.82189534737857,91.51468584827197,0.00011301175156328436,LOW
3000333.0,Manipur,25.20483583779458,93.70306350053616,0.0053911296828912415,LOW
1057795.0,Manipur,25.4477,94.0489,0.9644264836713969,CRITICAL
2000783.0,Assam,26.075973756226954,93.1427448428128,0.9899634342579038,CRITICAL
1055056.0,Assam,26.95147008,93.86686394,0.9994312666182545,CRITICAL
3002822.0,Assam,25.35180822326229,90.15758827399635,0.011599315886983486,LOW
2000734.0,Manipur,24.13618653942132,94.09774321582852,0.9914144694191265,CRITICAL
938324.0,Sikkim,27.16551929,88.36456702,0.9875545051507815,CRITICAL
3001469.0,Mizoram,23.8397919870441,93.47514932000276,3.514872434736164e-05,LOW
3001763.0,Mizoram,24.091304356837195,92.70183865373852,0.08398528598666491,LOW
3002392.0,Manipur,24.368739621346744,93.88855589669376,0.004801688192615533,LOW
3002416.0,Sikkim,27.96802372967581,88.27558858144613,0.001448974630221045,LOW
3002614.0,Assam,24.76367325070328,92.91321130813368,0.011792366354554388,LOW
3001155.0,Assam,24.14804442563885,90.582875457791,0.020947894019368626,LOW
3001430.0,Assam,24.851688564831925,93.58044708914512,2.726584119834378e-05,LOW
3000918.0,Manipur,25.599209944253825,94.67466754883974,4.250369877238761e-05,LOW
3001940.0,Assam,25.980148689630628,91.85916626997432,0.000958487701645073,LOW
3000568.0,Assam,24.84354216239516,92.36492912676071,0.000928510120685145,LOW
3000038.0,Manipur,23.916599951712268,93.00599121493973,0.0006031584744019608,LOW
1050670.0,Assam,25.5242,92.9914,0.99432867225028,CRITICAL
3001272.0,Mizoram,23.900111783619337,92.90703524546572,0.0034892720239891825,LOW
3001416.0,Assam,26.990854871551743,93.8942397278072,0.0022001085471348913,LOW
2000128.0,Mizoram,24.023685198888227,92.6721748230908,0.9861205635780304,CRITICAL
3001041.0,Sikkim,27.82722918875541,88.06611480567781,0.0007222923749198037,LOW
3003536.0,Manipur,24.126499412482467,93.05307816230884,0.006478762801226473,LOW
3001455.0,Assam,27.157124849426257,93.41647331126283,4.4513466889541445e-05,LOW
2000485.0,Manipur,24.934703650077715,93.5424673207445,0.9688121872790334,CRITICAL
3001082.0,Manipur,25.63939200629348,94.4108429107318,0.00012356389441749724,LOW
2000528.0,Assam,26.11271347051019,91.69282166548224,0.9852229336575258,CRITICAL
3000710.0,Assam,25.246838742840364,92.88591659292034,0.0004339296899060982,LOW
3002419.0,Manipur,23.91830677009102,94.43294122880646,8.166732464959841e-05,LOW
3002355.0,Assam,24.799246165852303,92.04356874605364,0.000953297233277855,LOW
2000455.0,Sikkim,27.32708755688001,88.61356378185378,0.990906938214776,CRITICAL
1057864.0,Manipur,25.4788,94.1399,0.9878412481829787,CRITICAL
3002836.0,Assam,24.36136245911405,93.12362917635632,5.5955024161253885e-05,LOW
1057940.0,Manipur,25.1941,94.4481,0.9426168235329484,CRITICAL
2000623.0,Assam,25.217474707327725,93.1604074251838,0.997254753905368,CRITICAL
2000002.0,Sikkim,27.850782911569333,88.54270810868199,0.9986404821026345,CRITICAL
2000561.0,Assam,24.53113173914845,92.73901431344586,0.995875304335857,CRITICAL
3000485.0,Assam,26.410885047456656,91.0505418172774,0.005123277717660378,LOW
2000381.0,Mizoram,24.03243636903564,92.66771455509765,0.9856693416691928,CRITICAL
3000451.0,Assam,26.536114420514057,91.33237440275,0.0052012801864875,LOW
3001188.0,Manipur,24.057754577169337,93.69344645230323,0.0003667006529457933,LOW
3000665.0,Tripura,23.59894624102261,92.3706237668554,0.0003211073215867026,LOW
3000640.0,Mizoram,23.349491177390828,92.97197496889976,0.012447593316599554,LOW
3000641.0,Assam,25.660430809986284,91.04730210169916,0.00012464548897424748,LOW
3002429.0,Sikkim,27.709960902881104,88.58465395299388,5.183508014030801e-05,LOW
3000203.0,Mizoram,22.53282910368512,93.24614925769812,4.014994355041286e-05,LOW
3003462.0,Mizoram,22.490947705625462,92.69935003519689,0.0018902024535308707,LOW
3002895.0,Assam,25.011564463980665,93.62148957571856,0.13842624863164857,LOW
3003013.0,Sikkim,27.184015403469967,88.22792205375943,0.02585397908550123,LOW
3002786.0,Mizoram,23.072069945819425,93.05341585348329,0.00011145320926905402,LOW
2000808.0,Manipur,25.44598775974966,94.0957182695545,0.999725634175094,CRITICAL
3001588.0,Assam,25.542211484760852,93.39564840369376,0.00032351255247988137,LOW
3003081.0,Sikkim,27.25885407771535,88.63044971965905,0.00010383791364875232,LOW
3002400.0,Assam,26.53570970805687,90.87934229088496,0.002508895735870914,LOW
3002002.0,Assam,27.172639702740145,92.38079330848932,0.0023705223550063675,LOW
1050626.0,Assam,24.768609,92.821182,0.9994899122400458,CRITICAL
3002983.0,Sikkim,27.35081215889068,88.0071396073243,0.15225608188372558,LOW
3000435.0,Mizoram,23.450571315469315,92.5216699516958,0.061614423819744114,LOW
1057861.0,Assam,27.1743511,94.13502058,0.9742481689260445,CRITICAL
1048380.0,Assam,26.10481582,91.7127005,0.9939273716053838,CRITICAL
2000416.0,Tripura,23.79361512365757,91.5281680178125,0.9886041506576706,CRITICAL
938404.0,Sikkim,27.7167,88.5577,0.9812379602573897,CRITICAL
3000887.0,Assam,25.87425059001853,90.19461314951072,0.00019840508781860246,LOW
2000405.0,Mizoram,23.72507700248195,92.7195587069145,0.9939981270536802,CRITICAL
3002873.0,Sikkim,27.80968184423248,88.8620201129095,0.008090372715679469,LOW
3000522.0,Manipur,24.84922079565264,93.9828243742139,0.14657668261083362,LOW
3000566.0,Sikkim,27.5344688449878,88.37997387919914,0.09900785405950027,LOW
3001752.0,Manipur,24.908425749081545,94.71058880144008,6.597833300714544e-05,LOW
3002092.0,Manipur,25.335753502456814,93.08933907203884,0.0003176704480614138,LOW
3000306.0,Manipur,24.361747845768495,94.44653272480063,0.001149788644201148,LOW
1050601.0,Mizoram,23.73719685,92.72342008,0.9939989782361691,CRITICAL
3002668.0,Sikkim,27.091164132024804,88.43134461817932,0.00015282843037636961,LOW
3001023.0,Assam,25.710034705811267,92.8036104636944,6.207282466073122e-05,LOW
3002191.0,Assam,26.689068581615672,92.06327077329254,0.0017084533562546503,LOW
2000530.0,Tripura,23.8955680664662,91.75729588286428,0.9979572947289777,CRITICAL
1050685.0,Mizoram,23.3439,93.0748,0.9965624509492188,CRITICAL
3000736.0,Mizoram,22.80849462878813,92.57432858409511,0.0007046225216341462,LOW
3000058.0,Tripura,23.96848032872085,91.75985870339746,0.00016203310057195288,LOW
3002665.0,Assam,26.14565824644608,92.88707390318812,0.003599710162399409,LOW
3002208.0,Assam,26.36545608909864,93.33279803745566,0.0018568985232367274,LOW
3001951.0,Manipur,23.789645783746572,93.93212683029998,0.01584239384196115,LOW
2000798.0,Mizoram,23.77589884987249,92.5102559618795,0.9817166421014781,CRITICAL
3002032.0,Sikkim,27.27768198744862,88.7373182860011,0.00042965737511194385,LOW
3003466.0,Assam,24.194901616162703,90.08701385433938,0.00012549401364045782,LOW
2000062.0,Manipur,24.80468819605948,93.10266249666164,0.9989877284022929,CRITICAL
3002837.0,Assam,26.19763962351604,91.99046922101722,0.00020224893087477888,LOW
3001917.0,Manipur,24.9226976797556,93.45282996797376,0.07506759771828526,LOW
2000545.0,Sikkim,27.45972930006417,88.52042830056948,0.9957987328559885,CRITICAL
3000722.0,Assam,26.78630529638764,90.83378606978371,0.003125901839063615,LOW
3001554.0,Sikkim,27.16238916268492,88.89583442704905,0.00013545832890514875,LOW
3000212.0,Sikkim,27.026758803295973,88.08925488844731,8.080257401576175e-05,LOW
3002687.0,Mizoram,24.07361335016329,93.0878680915254,0.0013742655708349901,LOW
3000346.0,Manipur,24.726932972233836,93.31595742412416,0.001637815564142885,LOW
3000765.0,Sikkim,27.196763987060475,88.06377594716724,0.0003296207050436442,LOW
3000028.0,Assam,24.846005644563604,90.5544989309114,0.000132530054855498,LOW
3002154.0,Assam,26.02314838647488,94.08983361732372,0.00010055393350689331,LOW
3002909.0,Manipur,25.33446163574392,94.0917698699613,0.0001994450383471332,LOW
3001920.0,Mizoram,23.558134926896305,92.5724795120881,0.0002989838983362598,LOW
1048411.0,Assam,26.13146397,91.75782228,0.9975140114654966,CRITICAL
3001675.0,Mizoram,23.161805829597498,93.3458365162531,0.000353322923400053,LOW
3000540.0,Manipur,24.9041108564756,94.12944748695384,0.00024465181836328434,LOW
3000476.0,Sikkim,27.485365792098744,88.35165838422952,0.0536087059526061,LOW
3001875.0,Assam,24.60010814346094,93.83529863926628,0.00017320263425277675,LOW
3002812.0,Assam,26.88696646182178,91.15495133431648,0.00015957694551023047,LOW
3000299.0,Tripura,22.89896063641623,92.25706723835954,0.001225018891119391,LOW
3000303.0,Assam,26.170281462597213,90.27585523364112,5.2330810352529554e-05,LOW
2000626.0,Assam,25.47719502678468,93.13455574123157,0.9448692667747135,CRITICAL
3002948.0,Sikkim,27.953646587808933,88.36204402821353,4.7730757954640754e-05,LOW
3001915.0,Tripura,23.2161605921557,91.81628601027931,0.0002824249780822535,LOW
3002077.0,Assam,25.54473134456941,90.86328709364996,2.853827971800061e-05,LOW
3000268.0,Assam,25.540388891511075,91.82407573631336,0.00012576998392067082,LOW
3000026.0,Mizoram,24.30828425388659,93.07929163058736,0.0015706090576834441,LOW
3000924.0,Assam,26.7480954614662,92.7620708470888,0.060545456206994586,LOW
3000645.0,Assam,25.390680011440885,92.12859941841808,9.568419332364718e-05,LOW
3000017.0,Assam,26.646793362357258,90.173767785207,0.021388214628932527,LOW
3002650.0,Assam,25.80041328812533,92.6458810205066,0.1736683646032396,LOW
2000040.0,Assam,25.48306229081674,93.13627291540136,0.9603549736751167,CRITICAL
3002410.0,Assam,26.06411286057358,90.07986682684556,0.053667812600914466,LOW
1048431.0,Assam,26.1097,91.7747,0.9855063624730942,CRITICAL
2000552.0,Manipur,24.9522193340336,94.18787446389946,0.8389829517156839,CRITICAL
2000059.0,Manipur,24.80216196577744,93.11962360358604,0.9994505177709769,CRITICAL
3000114.0,Sikkim,27.959206005129925,88.59591621465668,0.030316311615131562,LOW
2000298.0,Sikkim,27.75578521506338,88.62669184044599,0.9981839460088502,CRITICAL
3001939.0,Mizoram,23.16294316338492,93.2580537497408,5.506085354648543e-05,LOW
3000410.0,Mizoram,23.81718213558321,92.93955429564414,0.00017336091289318233,LOW
3000925.0,Assam,24.79013260059873,92.5658476920577,0.0001024367723943654,LOW
3003252.0,Sikkim,27.062196774266035,88.55092134737886,0.0014875477708268092,LOW
3002633.0,Mizoram,23.026560748344373,92.66092139196437,0.002709619813767143,LOW
3003502.0,Assam,26.5633915242895,90.43990717697942,0.000128877586948742,LOW
3002952.0,Manipur,25.45413155512968,94.36165450406897,0.01869269653750153,LOW
3001085.0,Manipur,24.70424930225209,94.16299401343834,4.80698868120305e-05,LOW
3001180.0,Assam,24.56366573662852,93.50952958702112,0.001941271451636638,LOW
3003404.0,Assam,25.970777607593316,92.036409478003,0.004227321132922653,LOW
3002882.0,Sikkim,27.429742787275572,88.91040625141297,0.00040424337065656565,LOW
3001269.0,Sikkim,27.023416958253737,88.13930323237852,0.12206172285458883,LOW
938357.0,Sikkim,27.4885,88.4451,0.9911764821579692,CRITICAL
3000275.0,Mizoram,23.88156034460484,93.1300832149086,5.6043173555283e-05,LOW
3002677.0,Assam,27.313960679601728,90.699476348462,0.0004158756116029222,LOW
3000012.0,Assam,27.38045471982649,90.9523775070612,0.0007330170629639881,LOW
3001113.0,Mizoram,23.94125188552038,93.4507590933769,3.162903458101045e-05,LOW
3002553.0,Sikkim,27.025406736916672,88.2569165475727,0.30957979941227054,MODERATE
3003223.0,Tripura,23.184548778480465,91.71579622595168,0.00022805276458343386,LOW
3001329.0,Manipur,25.55350500221961,93.259677041767,0.09556874083989167,LOW
3000879.0,Manipur,24.01493073010698,94.4906443962744,0.022553761741977874,LOW
3002851.0,Sikkim,27.51969770049336,88.83384399253983,0.0006887210878654432,LOW
2000750.0,Sikkim,27.369888899905533,88.77240272422662,0.9981566597786933,CRITICAL
3000262.0,Sikkim,27.558498000853582,88.09131289514507,5.86716653601672e-05,LOW
1057827.0,Assam,27.2298,94.0989,0.9972088234096829,CRITICAL
3003452.0,Manipur,25.65340232113021,93.24279001794476,0.00411114483659643,LOW
3002845.0,Manipur,24.54771790637488,94.31814971842536,0.0001756632306538565,LOW
3002739.0,Manipur,25.342687897969185,93.99219912214096,0.00021868537822671027,LOW
3000103.0,Assam,24.55304373911682,92.68286180804212,0.0022207198828560508,LOW
3001605.0,Sikkim,27.40148648368223,88.81544506461424,3.1998718599968824e-05,LOW
938411.0,Sikkim,27.54295099,88.59676956,0.9889121093725215,CRITICAL
3003280.0,Mizoram,22.4661065842222,93.26242258170106,0.00010731767914573984,LOW
3000495.0,Manipur,25.24497120844077,93.06370939004428,0.001871698529397334,LOW
2000193.0,Mizoram,23.74800604757554,92.71336265900302,0.9811892251529848,CRITICAL
3000037.0,Manipur,24.717600244325197,93.0343521836091,0.0006169204959225326,LOW
3003133.0,Sikkim,27.75676029641165,88.27112055402738,0.008035650661489778,LOW
3003045.0,Assam,25.889406716555037,94.24319872009264,7.500630614612957e-05,LOW
3000135.0,Assam,26.64718704529292,92.27901985280036,0.0014866893660397042,LOW
3001104.0,Assam,25.01881740158377,92.56576655424858,0.0019302894695330903,LOW
2000038.0,Manipur,24.9486906094828,93.84330310470114,0.9895102657166048,CRITICAL
3001624.0,Assam,26.416471025904503,90.04971970706052,0.00021432608821284082,LOW
2000724.0,Manipur,24.801363119314825,93.61688453881251,0.982548353077533,CRITICAL
938395.0,Sikkim,27.74367525,88.52635367,0.9831806163054609,CRITICAL
1057839.0,Manipur,24.1419,94.1078,0.9777500273905798,CRITICAL
3003109.0,Sikkim,27.92357763924779,88.13728582438411,5.617166050900516e-05,LOW
3001616.0,Assam,26.80404113966244,91.65655109742268,0.00011675710326318703,LOW
3000900.0,Manipur,23.895215731738297,94.14172821372188,0.030340227460449086,LOW
3002414.0,Sikkim,27.701064321702653,88.83189942508348,5.988792059034495e-05,LOW
3002966.0,Manipur,24.32835953299102,94.60172506288508,0.010365422947465341,LOW
3000705.0,Manipur,24.30463146888072,94.43850049531854,0.15666956238958774,LOW
3000424.0,Sikkim,27.70679567975721,88.55057885188889,0.13925634458580952,LOW
3003011.0,Manipur,24.240902240935068,94.45773971846062,0.027521029086398002,LOW
3000364.0,Manipur,23.93815635719842,93.62896255375924,3.2279797560900455e-05,LOW
3003196.0,Manipur,23.98851889699165,93.44873964756924,0.003353446873240831,LOW
3003408.0,Assam,24.99757773723453,92.27244762029687,0.0009463863199042724,LOW
2000332.0,Sikkim,27.399747758917705,88.5230823617824,0.999770177185626,CRITICAL
3001248.0,Manipur,23.77332036710304,93.9273702714268,0.0003838021975240746,LOW
3001367.0,Manipur,25.474479336934905,93.11463814663703,0.0004046430254823917,LOW
3000674.0,Assam,26.642218091800245,91.28357752850954,0.01249900498170651,LOW
3002464.0,Sikkim,27.635374624250503,88.84969638432513,0.04401574442870686,LOW
3000090.0,Manipur,24.589816413268483,94.0590298843508,0.049767552731249706,LOW
2000069.0,Manipur,24.982100696041137,93.50381707049654,0.8548820607397757,CRITICAL
3002602.0,Manipur,24.93025304389272,94.01472312318334,0.002453170445551288,LOW
3001206.0,Assam,25.86808696401428,91.0287928735016,0.0032751854870047125,LOW
2000578.0,Assam,27.174089505729565,93.98719282563282,0.9989410366696492,CRITICAL
3003079.0,Sikkim,27.31191002568315,88.48291840232065,0.0026702370261706757,LOW
2000274.0,Sikkim,27.147410655511653,88.15941503134431,0.9962751440539015,CRITICAL
3002377.0,Manipur,23.842263537295857,93.5991941868194,8.964001916885546e-05,LOW
3001068.0,Assam,24.22270020921994,93.64743982243994,8.116280456187587e-05,LOW
3001140.0,Mizoram,23.032044885359724,93.13674201180172,0.0016220164984134566,LOW
3003444.0,Manipur,24.060979394661235,94.40767314700076,5.474727540902386e-05,LOW
3000616.0,Manipur,24.963856171559016,93.14641267581962,0.0002421261039886014,LOW
2000031.0,Manipur,24.864845568078938,93.61212863971237,0.9677007060339846,CRITICAL
3003398.0,Tripura,24.475641222268717,91.56875346512548,0.08346888993030065,LOW
3001032.0,Manipur,24.53852689025771,94.54095543737346,0.0005049056001077037,LOW
3003508.0,Assam,24.70500687791631,93.95071098869614,5.0072501917323856e-05,LOW
3002950.0,Sikkim,27.189649726374817,88.41329676115318,4.5867092581460334e-05,LOW
3002322.0,Manipur,25.055254466348696,93.49720704466344,8.0031983731549e-05,LOW
3001677.0,Manipur,24.1971966482265,93.75240341716255,3.361388004420638e-05,LOW
3002320.0,Assam,26.205830013963563,92.0196112341846,0.09936903683254386,LOW
3002127.0,Assam,26.424073981789377,90.86870884111931,0.0006873320356833018,LOW
2000050.0,Assam,26.14188289104548,91.95167975744296,0.9932415139557127,CRITICAL
3001529.0,Manipur,25.053200506430077,94.31552466908268,0.000178142987382925,LOW
3000167.0,Sikkim,27.494006031102938,87.99136880955142,0.0007798456292633667,LOW
3002999.0,Sikkim,27.718016449055863,88.88552661680869,0.00010511654675513864,LOW
3001462.0,Assam,24.153029133521407,93.60325432335569,0.0004013131868935159,LOW
2000796.0,Assam,26.16901213797296,91.7043529818478,0.9790717886297309,CRITICAL
3001908.0,Manipur,23.80069449676345,94.5111683556886,5.538633427731534e-05,LOW
3000277.0,Assam,24.963754880227302,91.93265705203042,0.0433231842216768,LOW
3001740.0,Manipur,23.92032915394076,93.747431513837,0.0001846166342487293,LOW
3002130.0,Assam,27.03354020229172,93.9430932284492,0.0002774684294474198,LOW
1049243.0,Tripura,24.42795641,92.23424031,0.9993783004767085,CRITICAL
3003180.0,Sikkim,27.13469165967784,88.4453683406519,0.0003981431969260036,LOW
3001593.0,Assam,25.006953947747483,90.13112097373497,0.0004014282935403989,LOW
3000064.0,Manipur,25.139679828011783,94.51933270913013,0.03939676019685061,LOW
3001490.0,Manipur,25.576879065986446,93.07518496380987,0.00021493321631415425,LOW
3001786.0,Assam,27.055165088798745,90.41077170774696,5.6338060392977445e-05,LOW
3002167.0,Sikkim,27.797539541593643,87.99858144725299,0.00478377605324114,LOW
3001658.0,Manipur,25.35592447178711,93.18119313341978,0.0006748429223575262,LOW
3001362.0,Sikkim,27.5475151336443,88.21349553419331,7.580502391068444e-05,LOW
3001876.0,Assam,25.640535889740494,93.38158467002208,0.1441393639742986,LOW
3001758.0,Manipur,25.070918672338856,94.50800535472852,0.00023477074454315492,LOW
3001573.0,Manipur,25.560542503973785,93.33177303909096,0.0006196060102350622,LOW
3000444.0,Mizoram,24.05424594994283,92.89790669638964,0.00013443140760896707,LOW
3002819.0,Mizoram,24.19222613769692,92.76592037482206,6.352771849018528e-05,LOW
3000975.0,Assam,26.11355733259763,91.99957425519132,6.321085422604156e-05,LOW
3000381.0,Assam,24.265475422665112,93.89942565587316,0.0001255458612905061,LOW
3003049.0,Assam,25.73528949002418,90.21892047325927,5.27399304654994e-05,LOW
3002638.0,Assam,25.035036844729312,93.20373967247176,0.00405245049911946,LOW
3000157.0,Assam,26.941218625070015,93.79466249875536,0.00019892948850638837,LOW
3001959.0,Mizoram,22.53103787634837,92.60258455555434,0.010259455379892566,LOW
3000894.0,Manipur,23.90331949945031,94.55278727682747,0.0004739095650900612,LOW
3000580.0,Mizoram,22.60396893082604,93.38563495161245,0.00102582414630322,LOW
2000016.0,Manipur,25.191256481833957,94.45520309151966,0.9334515008609003,CRITICAL
3002235.0,Tripura,23.40555331317801,91.89932363893492,0.04934158220579879,LOW
2000684.0,Sikkim,27.137396012205027,88.16897296727731,0.9939722987495625,CRITICAL
3001014.0,Mizoram,24.05605451559155,92.52966819362696,0.00641366560265298,LOW
3002605.0,Manipur,24.846603189534108,93.34558187521976,0.003918503953593854,LOW
2000438.0,Assam,26.335152915178345,91.2476540349029,0.9581435389036237,CRITICAL
3003004.0,Assam,25.4750687607928,91.30971038602928,5.051854886024301e-05,LOW
3000353.0,Assam,25.963600355972336,90.8666486066457,0.00029472812864725947,LOW
3001711.0,Manipur,24.085840962132508,94.65301977285442,0.0007641107105912681,LOW
2000436.0,Assam,25.19067174796707,93.13504410883408,0.9963630599199658,CRITICAL
3000373.0,Assam,24.14122366468791,92.08597984045711,0.0006215049547649735,LOW
3002946.0,Sikkim,27.255053694311567,88.75368842846382,8.368374015118083e-05,LOW
3002920.0,Manipur,24.67527114955257,93.6489598838112,0.0015827777157799506,LOW
2000001.0,Assam,26.1966653004561,91.77304009640147,0.9484043547643342,CRITICAL
3002350.0,Assam,25.0022376486627,91.24144901326034,4.000399985375146e-05,LOW
3001975.0,Mizoram,23.74194906179821,92.78586816885029,0.00041440050700245856,LOW
3002065.0,Manipur,24.07358968354188,94.1538915221102,5.851965940248299e-05,LOW
3003012.0,Manipur,25.477689223572767,94.2808263250284,0.001799302746133926,LOW
3002521.0,Mizoram,22.818204807376315,92.62458463485083,0.0012081896741738573,LOW
3000987.0,Sikkim,27.426171641333468,88.08327101969107,0.00045087367721854385,LOW
2000484.0,Assam,26.145546206747536,91.7398912482402,0.9973160944667898,CRITICAL
3001618.0,Assam,26.87001227564788,93.0563401928377,0.0004985683942881511,LOW
3003298.0,Assam,24.75157629871176,92.6779172554178,3.094383362034709e-05,LOW
2000174.0,Manipur,24.31630372848893,93.18824700150088,0.9971811804807118,CRITICAL
2000779.0,Assam,25.553790905906432,92.9903764026601,0.9947319678071824,CRITICAL
3000014.0,Sikkim,27.06969478477985,88.84816735809534,0.0005087909139614415,LOW
3000585.0,Sikkim,27.31810134867533,87.98976731846739,0.07908690239282981,LOW
3002902.0,Assam,25.19785829254016,90.68831529769484,7.12915416268721e-05,LOW
1048491.0,Assam,26.1324,91.8342,0.9949493596774455,CRITICAL
3002857.0,Manipur,23.960902647635397,93.82112992039104,0.0403197312557462,LOW
3001620.0,Sikkim,27.96449319907219,88.4605428445472,0.0001877615085654688,LOW
2000272.0,Assam,26.11533270465336,91.71826208778094,0.9815570863050367,CRITICAL
2000368.0,Sikkim,27.148163886554336,88.23682276842787,0.9991456161956094,CRITICAL
3000256.0,Tripura,24.34039488948777,92.1855912989849,0.00045141415028254164,LOW
3002776.0,Assam,26.911156754549832,91.32836881255946,0.00010461416506709072,LOW
3002511.0,Manipur,25.60843839441513,93.8537366294941,0.0003047723813554905,LOW
3002876.0,Manipur,25.443071762311305,94.44641541723551,0.00040077343906099936,LOW
2000486.0,Assam,25.47255116884399,93.13123489930672,0.9611381618977601,CRITICAL
2000372.0,Sikkim,27.322287656147203,88.6043290127594,0.998742591907305,CRITICAL
3000445.0,Manipur,25.038821633873987,94.54505296964676,0.006010696622460622,LOW
1050600.0,Mizoram,23.73719685,92.72342008,0.9748604293686366,CRITICAL
3001441.0,Manipur,24.931901243164663,94.75047958488304,0.021250595063950675,LOW
3002833.0,Mizoram,23.530859073308743,92.92174576291156,0.00010867791543364496,LOW
3001196.0,Manipur,25.431231068119565,93.8155341444914,0.0001444419500527357,LOW
3001258.0,Assam,25.979559708246025,93.06404559494082,0.008302995691816502,LOW
3000291.0,Sikkim,27.84362944837622,88.79372433141418,0.0006348960599434705,LOW
3001503.0,Mizoram,23.478388956182997,93.05380333495503,0.00011047044611891024,LOW
3002399.0,Sikkim,27.012467702758386,88.05732262582728,4.512363290223048e-05,LOW
2000349.0,Assam,24.804025030651932,92.87206379676734,0.9943372056032946,CRITICAL
3001341.0,Assam,27.36960351812118,92.1203409223531,0.07997732919812134,LOW
3002779.0,Assam,24.71239200912773,92.09639886767194,4.646594616439626e-05,LOW
3000902.0,Mizoram,22.63440259691274,93.45162887758713,0.00022746821024927446,LOW
3001131.0,Assam,25.4051189451204,94.03752551792104,3.7981725510217605e-05,LOW
3002479.0,Manipur,24.40181572821126,94.58748970551046,3.72223816117883e-05,LOW
3002053.0,Manipur,25.503528249732582,93.56525548507544,0.00542667428044495,LOW
2000730.0,Assam,26.143071041558976,91.80159410812314,0.9989129696850334,CRITICAL
3001913.0,Manipur,25.314452944947863,93.31624224087544,0.0018128093189102525,LOW
3003097.0,Sikkim,27.9793708862488,88.88187729598447,0.0030122007352517454,LOW
3002783.0,Sikkim,27.113233140873252,88.29503258896906,0.00041375757791047246,LOW
1048527.0,Assam,26.1028,91.8806,0.9988928490235041,CRITICAL
3000793.0,Manipur,25.227385024422706,93.7233445379535,0.12425700801255135,LOW
3002522.0,Sikkim,26.971619007498557,88.13007464355434,0.05283648196609285,LOW
3000316.0,Assam,25.52661548701498,92.75002547813548,7.99782510429567e-05,LOW
3003288.0,Manipur,24.04499162105072,93.31543432926422,0.00022478549210378496,LOW
2000198.0,Mizoram,22.483384052033824,92.96657647061842,0.9990813455537346,CRITICAL
1050660.0,Mizoram,23.83655634,92.88807365,0.9180115203022143,CRITICAL
3000230.0,Manipur,25.349667210809912,93.13699038168836,0.00124888287089181,LOW
3003168.0,Sikkim,27.007717832629798,88.14722158770908,8.917317518109268e-05,LOW
3003057.0,Sikkim,27.122672811971675,88.53638208923186,0.00017734198255738205,LOW
3001373.0,Manipur,23.90840562262822,93.74128957055458,0.00014277137006224046,LOW
3003554.0,Mizoram,23.24556373680848,93.30135508524516,0.000120925983938131,LOW
3002767.0,Mizoram,23.637584113936985,93.02940971473326,0.004808924308568312,LOW
1056334.0,Manipur,24.6869,93.9157,0.9987530236716102,CRITICAL
3001506.0,Assam,27.147028876202125,89.99133223154666,3.9220189798817526e-05,LOW
3003092.0,Sikkim,27.76310713947065,88.28667122321514,7.681590374721862e-05,LOW
3003202.0,Assam,27.04862032991065,93.96735137645366,0.0092179299624848,LOW
3001985.0,Tripura,23.03528568168032,91.8862167241229,0.0006430540780896284,LOW
3003456.0,Assam,25.353045060196138,91.0021840638828,0.034944163795479155,LOW
3001027.0,Mizoram,22.734544919388068,92.43023906623527,9.977978841275398e-05,LOW
2000224.0,Assam,25.88066623324552,91.17276845687124,0.9726136808651564,CRITICAL
3000609.0,Mizoram,22.50537584480136,92.5159020341878,0.0019380144317589748,LOW
1050739.0,Assam,25.5215,93.1645,0.9995660259274772,CRITICAL
2000278.0,Assam,26.16361055978145,91.8161257587318,0.9810297447768634,CRITICAL
3003598.0,Mizoram,22.749160476397105,92.90590816035116,0.12722593056540593,LOW
3003579.0,Mizoram,22.5647777411787,92.48024638494694,0.00011796205578587583,LOW
1057980.0,Manipur,25.426,94.6024,0.8971629826099694,CRITICAL
3000412.0,Assam,24.49376701044622,90.74265870292768,0.028617601944779865,LOW
2000057.0,Manipur,25.044420359520927,94.03072326050729,0.9891071338332166,CRITICAL
1048488.0,Tripura,24.19467451,91.82931979,0.9670494072033706,CRITICAL
3002684.0,Sikkim,27.23941603786849,88.91157546685083,0.0004257960040488338,LOW
3000255.0,Mizoram,24.23582279898297,93.09648512127684,0.0002308986289954402,LOW
1050618.0,Mizoram,23.3572,92.7878,0.970268722379316,CRITICAL
3002227.0,Mizoram,24.240403108927342,93.0503264895772,0.0020115792257240843,LOW
3001185.0,Assam,25.1120051459654,92.77210898648627,0.000936191531826881,LOW
2000708.0,Assam,26.19849824696652,91.78604037683876,0.9932911721865394,CRITICAL
2000099.0,Sikkim,27.384166704719483,88.72584898743209,0.999335773189555,CRITICAL
2000347.0,Manipur,25.326888437788547,94.0485500656114,0.9956777651261761,CRITICAL
3002316.0,Manipur,23.87341627705374,93.1792646080044,0.0005862487810800336,LOW
2000596.0,Assam,26.11438186610617,91.873525681989,0.9756226866289024,CRITICAL
3000581.0,Manipur,25.20347254849397,94.61252129125252,0.02450417847238913,LOW
3001577.0,Assam,25.47768845902608,93.81094986675951,0.003128443863878973,LOW
3000269.0,Manipur,24.044041657940223,93.51075125545836,8.073134718650194e-05,LOW
3000025.0,Mizoram,22.726036912193976,93.28834521408476,0.024506942721471123,LOW
3003436.0,Assam,26.87462655960957,92.05123478369325,0.0002925221562663125,LOW
3003441.0,Sikkim,27.002172974104607,88.01158351144079,0.00028318806584201053,LOW
3000100.0,Assam,25.888382566654272,91.90824826554132,0.0023463075711801663,LOW
3001589.0,Mizoram,22.438618834108983,93.19157427894297,0.0017472452745603718,LOW
3003221.0,Mizoram,23.13570222889681,92.74554998264476,9.37919616487265e-05,LOW
2000280.0,Manipur,24.096242251641005,94.03983784659434,0.9939024111589881,CRITICAL
3001045.0,Sikkim,27.031812873210907,88.45866786834078,0.06151187645810203,LOW
3001424.0,Mizoram,22.369193617862795,93.1840233323018,0.0020388571299640207,LOW
3001576.0,Assam,27.28867668956663,93.00619172754122,0.0003818944195640746,LOW
3002354.0,Manipur,24.89406100597816,93.97440032300572,4.7617148345777145e-05,LOW
3000854.0,Manipur,25.52765200871981,94.28728332025676,0.00032495872169878887,LOW
3002756.0,Assam,26.22140327493238,91.80843819483344,0.000175863809782306,LOW
1050629.0,Mizoram,23.5705445,92.82885714,0.9943655287410507,CRITICAL
3001327.0,Sikkim,27.302548565337283,88.64000251574818,0.00021974064066605494,LOW
3002124.0,Assam,27.183887524675715,93.37446011580757,0.00038563039408893464,LOW
3001018.0,Assam,25.919459196273262,90.38607856682964,0.00048123816523374936,LOW
3002151.0,Mizoram,23.546468234235004,92.82859588051444,0.0006488332489037478,LOW
3002193.0,Tripura,23.27517001721076,92.16110358499536,0.0001760049114868348,LOW
3003309.0,Manipur,25.47753217930106,94.7131577244182,0.0008933829580506042,LOW
3003409.0,Manipur,25.44407450779457,93.81003672809015,7.023402951911283e-05,LOW
3000079.0,Assam,24.82804457969628,90.07945771537804,0.022645302773744023,LOW
3003259.0,Sikkim,27.185731821923248,88.80508511459658,0.00045051086683990465,LOW
3002349.0,Manipur,25.257651377683665,94.25381844244336,0.0011644243523474768,LOW
3000422.0,Sikkim,27.715702308476512,88.04233374400023,0.002837778612529456,LOW
3003301.0,Assam,24.38757910087344,90.50911660625732,0.0012494016255513718,LOW
3001526.0,Manipur,25.420290392687647,93.68709586554697,0.00041569857788598715,LOW
3002447.0,Assam,24.934206597957548,93.81574152166912,6.460738604399663e-05,LOW
3001445.0,Assam,24.804046297629952,90.3880775941318,8.685718211175791e-05,LOW
1048429.0,Assam,26.11117064,91.77318437,0.99731026424469,CRITICAL
3001216.0,Manipur,24.265384458041453,93.3221899184059,0.018473459226402436,LOW
3003470.0,Assam,26.63746301138981,92.10232516213304,0.0001141326013786668,LOW
1050615.0,Mizoram,23.73672831,92.7516868,0.9746861713141612,CRITICAL
3002797.0,Sikkim,27.457319735174423,88.61495848550565,0.0006516444116449122,LOW
3001571.0,Assam,25.272296287708528,92.81503248532194,5.491990620537074e-05,LOW
3002321.0,Assam,24.458849015487537,90.19208380525792,0.0025844065235441733,LOW
3002741.0,Sikkim,27.703917131171394,88.87081342849996,0.0012107738153239425,LOW
3000027.0,Assam,27.20622473083973,93.77328292784688,9.89811030189416e-05,LOW
3000682.0,Assam,24.563125005898435,93.74412238534576,0.001517355046019623,LOW
1050718.0,Assam,25.481623,93.141692,0.9758936671948137,CRITICAL
3003388.0,Manipur,24.24432724603416,94.38027839445589,8.881882031275592e-05,LOW
3002415.0,Manipur,25.412082899994843,94.61201245093922,0.0025167013307538662,LOW
3001449.0,Mizoram,23.294831634941527,92.85508768690552,9.06064889671749e-05,LOW
3002840.0,Assam,26.93388201641112,93.60446371397455,0.0015206607395745156,LOW
3000767.0,Manipur,25.268750134423165,93.40435024489824,7.233662564320096e-05,LOW
3003338.0,Manipur,24.924360780525955,92.9836418380557,0.00017978563906637159,LOW
3002185.0,Assam,25.49154787024332,90.41905877819693,0.2453833596813303,LOW
3002796.0,Manipur,24.620050665244605,94.07998731388948,0.00012759305319448873,LOW
3003178.0,Sikkim,27.337171756744517,88.84771849343564,0.1401771114159563,LOW
3002903.0,Assam,24.500575075754387,93.56500895197313,0.029993134332968296,LOW
3002481.0,Tripura,24.33853497377444,92.11386132728428,0.0010846305765029418,LOW
2000763.0,Manipur,24.97351663487437,94.00898986112534,0.9974941205467099,CRITICAL
2000017.0,Mizoram,23.71711748279805,92.74082352460672,0.9914487468524722,CRITICAL
3000860.0,Mizoram,24.359019310023005,93.26403384010644,0.0008326101230647092,LOW
3002158.0,Assam,27.321226744126985,93.64892481124896,0.0003854106840228181,LOW
3002747.0,Manipur,25.03676837200784,92.97417151441527,5.871659820989202e-05,LOW
3002934.0,Assam,25.38168839255012,93.37062021041314,0.22862539481363559,LOW
3001381.0,Mizoram,23.389949513219417,92.40628562822404,0.001351581976630541,LOW
3000199.0,Sikkim,27.530059314435643,88.85483109186278,0.0010629195756297455,LOW
3000460.0,Assam,26.909377903770476,92.32161861264484,0.0004970449240820459,LOW
3001966.0,Sikkim,27.17742123729698,88.65687682139475,0.0010507521766531028,LOW
2000716.0,Assam,26.13715105840481,91.9533612069827,0.9962884489936044,CRITICAL
3002552.0,Assam,26.54514415367772,92.64875705059748,0.0018504472819495142,LOW
3000542.0,Manipur,25.419766149501765,93.41120498342866,0.0015778998596156445,LOW
3000151.0,Assam,26.83615208442162,90.25600064677546,0.05202697719026335,LOW
3003211.0,Manipur,24.697921128829357,94.0716809423745,0.0001168514403392343,LOW
2000599.0,Assam,25.128888704183773,92.86290423484,0.9955272456845681,CRITICAL
1050700.0,Manipur,24.808,93.117,0.9990420443986184,CRITICAL
3000537.0,Assam,25.93466862255509,91.44084941227766,7.890073512473952e-05,LOW
3000099.0,Sikkim,27.435288394719024,88.1673862568953,0.0019773988171538776,LOW
3002312.0,Assam,25.65907059823143,92.02190156336786,9.484171792235962e-05,LOW
2000518.0,Assam,25.52607900930508,93.18334509696017,0.9997315512095593,CRITICAL
3002515.0,Assam,26.02856721335061,94.20359490586812,0.0009349755046359358,LOW
3002618.0,Tripura,23.43016386231827,92.19857683751712,3.605324006282995e-05,LOW
1050362.0,Assam,25.0318,92.4584,0.9983410623764952,CRITICAL
3001105.0,Assam,25.29363983171999,92.6209214962839,8.442858405314864e-05,LOW
3002620.0,Assam,26.11803473485326,90.9429552770932,0.008446556082449258,LOW
2000233.0,Manipur,25.101015681235577,93.37286805717108,0.9939727720360241,CRITICAL
3002314.0,Mizoram,22.433134557755533,92.8226049434297,0.0006481605373483005,LOW
3002480.0,Manipur,24.89120652363303,93.03242059836909,0.0002864530464312884,LOW
3001189.0,Manipur,25.24450154841436,93.93400466109352,0.12563153259861992,LOW
2000043.0,Assam,26.94574532200865,93.87216957123132,0.9991080875369797,CRITICAL
3002970.0,Manipur,24.633353353688133,94.64758769819076,0.0015780332072938231,LOW
3003161.0,Manipur,23.904455585064728,93.60160591726674,9.994878191999013e-05,LOW
3003277.0,Assam,26.571761991494725,92.32312627888189,0.018108353666702045,LOW
3000366.0,Mizoram,22.77562253750761,93.12781520310318,0.001134711673935714,LOW
3001928.0,Manipur,24.28450359756617,93.56090510917711,8.264213564773988e-05,LOW
3002791.0,Tripura,24.311379463693417,91.28991820282492,0.0007479762518544577,LOW
3002356.0,Manipur,25.443750569041228,94.18201709819064,0.00020533685386217064,LOW
2000459.0,Manipur,24.794764233683185,93.92931052572958,0.9991033996510557,CRITICAL
2000120.0,Manipur,24.774523781165776,93.43873160871128,0.9906502196543914,CRITICAL
2000231.0,Manipur,24.96897685081512,93.52814701575927,0.974830476984643,CRITICAL
938387.0,Sikkim,27.40133744,88.52441984,0.9997123548457549,CRITICAL
2000169.0,Mizoram,24.25120489965484,92.6558310774912,0.9952033922290036,CRITICAL
2000177.0,Manipur,24.84925389554125,93.912313748353,0.9871698869697232,CRITICAL
2000507.0,Sikkim,27.196330017203472,88.48845252826196,0.9937756713488162,CRITICAL
3000178.0,Assam,25.56922705792497,93.81661944985252,0.0009698322774656378,LOW
3000427.0,Manipur,24.279788738432217,93.14733427507625,6.256585683213531e-05,LOW
3002239.0,Mizoram,24.15825727506164,92.7984654839598,4.1975084489973906e-05,LOW
3001527.0,Manipur,25.56576981700386,94.53268514684314,0.09201063090657369,LOW
1048414.0,Assam,26.1965,91.763,0.9920446218672272,CRITICAL
3001634.0,Manipur,24.095130195034592,94.25877421386896,0.008051180759497364,LOW
3000763.0,Tripura,24.147277554869543,91.75597716690008,8.026811440994061e-05,LOW
3000561.0,Manipur,24.988529766768053,93.02921057666649,0.0004671767825888425,LOW
2000758.0,Manipur,24.302613111393125,94.0345194969344,0.9989609759364657,CRITICAL
938423.0,Sikkim,27.3425,88.6236,0.9994968247636298,CRITICAL
3001761.0,Mizoram,22.619845107945046,92.42090647886803,0.0007672245979468839,LOW
3001439.0,Assam,25.016372412279765,92.2976661837718,0.004959825704125368,LOW
3000588.0,Assam,26.10011139487171,90.624243196726,0.002647527030842841,LOW
3001203.0,Assam,25.135732753030968,92.59128760169229,0.03682878301502278,LOW
2000170.0,Assam,26.12251355804127,91.70317538602676,0.9649406909735554,CRITICAL
3000225.0,Assam,25.38250743302128,90.92890532363666,0.0007212762940396881,LOW
3002896.0,Assam,26.385450219112546,94.04503124379568,0.17896743973269447,LOW
3001590.0,Mizoram,22.51009057350053,93.34435164022666,0.003920285349699126,LOW
3002153.0,Assam,24.18521745296336,91.284376413555,0.0007793402966622725,LOW
2000568.0,Sikkim,27.540752683698827,88.64217611856903,0.9970260754625258,CRITICAL
3000453.0,Manipur,24.43002213472421,94.51576495336244,0.00011139106459928942,LOW
3000919.0,Manipur,25.107445847896308,94.32416810794888,0.0037180301411562297,LOW
3002737.0,Sikkim,27.653254107037668,88.03951927230126,0.006337157934603103,LOW
2000152.0,Manipur,25.49201768825985,93.98124271285658,0.9836652916578914,CRITICAL
3003091.0,Sikkim,27.486638873012097,88.4397135823369,0.051347582904455624,LOW
3001825.0,Tripura,23.735489161149324,91.49366347620696,0.19943273525817168,LOW
3000630.0,Manipur,24.07773706717547,94.2060236206678,9.06962045847823e-05,LOW
3001523.0,Assam,25.35383071773764,93.51989595206317,0.0003317678710097744,LOW
3002442.0,Assam,24.884499498515822,90.06326474551025,0.0037187002856056642,LOW
3001749.0,Manipur,25.308848579655454,94.07753651240604,5.170060292959962e-05,LOW
3000403.0,Mizoram,24.10413585799117,93.49993452325891,6.839406532710035e-05,LOW
3002774.0,Manipur,25.44574456147207,94.49310761081054,0.00013304437037628189,LOW
2000259.0,Assam,24.283228827295797,92.39017367860338,0.9529433990385303,CRITICAL
3003443.0,Manipur,23.967418918394248,93.10025653154564,0.002940348467850921,LOW
3000583.0,Assam,25.535745417901705,91.58286983989136,4.406739724239879e-05,LOW
2000587.0,Mizoram,23.725919595986205,92.72833088132606,0.9738914620712209,CRITICAL
1050669.0,Mizoram,24.17638911,92.97979352,0.998659427810821,CRITICAL
3001376.0,Assam,26.454094946535196,91.1417789002044,0.0005321551316678385,LOW
3002671.0,Mizoram,23.767569462101417,92.5562479305954,0.030207216379486763,LOW
3003511.0,Mizoram,22.673628039548856,92.60988196817962,0.0018255999354624365,LOW
3002076.0,Sikkim,27.370635599835257,88.29399874390568,0.0011586257094060141,LOW
3000996.0,Assam,25.158485471079928,93.22863164062764,0.0006027659150316343,LOW
3002824.0,Assam,26.91478547458608,91.35212421044456,0.002782050177415272,LOW
1050541.0,Assam,24.52848466,92.54040606,0.9960968756573132,CRITICAL
3003394.0,Sikkim,27.481099198421237,88.333886413642,0.04193484974491135,LOW
3001451.0,Assam,25.505555748163133,93.09631662619572,0.00020421482955666797,LOW
2000709.0,Assam,26.09290397544561,91.7923933347922,0.9961345101467934,CRITICAL
3002188.0,Sikkim,27.94094745649657,88.07923594035366,0.0002989160930230103,LOW
3002108.0,Mizoram,23.36039883364254,92.37948363222206,3.9722808181046645e-05,LOW
3002849.0,Manipur,25.06003874592431,94.6855443278132,0.0044409638179307665,LOW
1048368.0,Assam,26.1016,91.6906,0.9823275585606568,CRITICAL
2000550.0,Sikkim,27.156269553630867,88.38795489258204,0.9971679578758808,CRITICAL
3001145.0,Manipur,24.36510601637023,93.03500501190057,0.09305043188986115,LOW
3001472.0,Assam,24.504956245391817,93.32088892926711,7.406668145299282e-05,LOW
3001682.0,Assam,24.203857808331847,91.89166774783892,0.0006305424861811537,LOW
3002854.0,Manipur,24.017753964402583,94.30564938552988,0.0005508636065200108,LOW
3001660.0,Assam,25.111004711815237,90.49438928334956,0.0012540203442246867,LOW
3003561.0,Mizoram,23.30511990758903,92.73928909669768,0.002811410797155675,LOW
938319.0,Sikkim,27.1667,88.35,0.9935336527136377,CRITICAL
3003591.0,Manipur,24.04416690748853,93.4612357013421,0.026450845939818737,LOW
3000920.0,Assam,27.05592520569775,94.12772461655324,0.0002962179591593969,LOW
3003001.0,Manipur,25.34195587810173,94.29553303929526,0.24336952170704743,LOW
1050772.0,Manipur,24.75,93.4333,0.9869049955718918,CRITICAL
2000572.0,Manipur,24.839008221254616,93.91131793913608,0.9735908094868992,CRITICAL
3003117.0,Manipur,25.01936072604865,93.17169150756452,0.004343927747878974,LOW
3001022.0,Assam,26.03614867717641,92.2495020811612,8.510241998231135e-05,LOW
3002352.0,Assam,26.401895310212936,90.51745361086532,0.001681240125218967,LOW
3000969.0,Manipur,24.045514428331423,94.32365971682783,0.15285071763565022,LOW
3003448.0,Manipur,24.569010214192677,94.73396755199052,0.0001600801226543958,LOW
3002384.0,Manipur,25.12190480105236,94.46707688596008,7.727808841514681e-05,LOW
3001215.0,Mizoram,23.4199397477654,93.36011143167366,4.968345517577647e-05,LOW
3003281.0,Assam,26.246825505184805,90.27360805313278,0.0001686097090906761,LOW
3000499.0,Mizoram,22.78681173034163,92.80668922364003,0.0007452748370354737,LOW
3003326.0,Manipur,25.561168667637453,94.47326606703668,0.14403437730779955,LOW
3001558.0,Sikkim,27.54365827070469,88.12301144682571,0.012713504457772824,LOW
3001428.0,Assam,24.33232959699342,90.43840816503771,0.0004641281001744352,LOW
3001850.0,Sikkim,27.91623696448235,88.83503715646408,0.007040359951701674,LOW
3002010.0,Sikkim,26.975938761411182,88.83643008474932,0.010434895355619275,LOW
1050783.0,Manipur,24.9926,93.4946,0.9788948943301887,CRITICAL
3002679.0,Mizoram,23.66308507287768,93.4529747469297,0.10980876673740597,LOW
2000605.0,Manipur,25.257809800822447,94.00338199641811,0.9994667101726407,CRITICAL
3001392.0,Mizoram,23.34186372009335,92.71479803920782,0.0076219545531919525,LOW
3002941.0,Manipur,23.87356368292757,93.12896515104744,0.0004164117336950368,LOW
3000884.0,Assam,25.92086276755777,93.75899001114573,0.026433981446120174,LOW
3003389.0,Assam,24.857832716700656,92.11601029410328,0.0013445027725942213,LOW
2000601.0,Manipur,24.94365505286994,93.52526540837611,0.9783324142186395,CRITICAL
3001138.0,Mizoram,23.65628807344789,92.99230852284164,0.002061110866756334,LOW
3000552.0,Manipur,25.659332622874985,93.05086805363275,0.045744402115270824,LOW
3003187.0,Assam,26.30208263573668,92.54582653751602,0.00010738635244559206,LOW
3003480.0,Mizoram,22.55376151535032,92.61976551989994,0.0003831921029544513,LOW
3001078.0,Assam,24.500178791923396,89.97935344426125,0.0034823419983087524,LOW
3001895.0,Manipur,24.91691170552214,93.78860946460078,0.0068024605658507445,LOW
2000562.0,Manipur,25.28045911046762,94.0203270585512,0.9980052479624852,CRITICAL
3001547.0,Assam,24.948337924719663,92.0782418790674,6.486939329771795e-05,LOW
3002087.0,Assam,25.221039771048577,93.8145533588854,0.00010423042004864446,LOW
3000201.0,Sikkim,27.39237122826711,88.63467646793144,7.943037689818893e-05,LOW
3000396.0,Assam,24.691782987429704,89.96119129949685,0.003066866039516222,LOW
1057775.0,Manipur,25.20164854,94.04130978,0.99654761421795,CRITICAL
3002371.0,Assam,25.83551261578845,93.88625520716454,0.031245485688203026,LOW
3000258.0,Assam,25.67731874536408,93.61528443543172,0.013906926862589842,LOW
3000310.0,Sikkim,27.182031275841734,88.72480180473023,0.00045455687192056424,LOW
3000196.0,Assam,24.63086471494436,90.43859967855964,5.1085208534538924e-05,LOW
1048386.0,Assam,26.16175948,91.72188533,0.9894106170975524,CRITICAL
3003358.0,Assam,25.645242727678223,93.21823156075534,0.0007652186816564056,LOW
3000300.0,Sikkim,27.14224938376128,88.56642990358306,5.9400360195375554e-05,LOW
2000320.0,Mizoram,23.61610734040509,92.8113375586981,0.9846181621734462,CRITICAL
3001903.0,Assam,24.71241203336368,91.04074044189178,0.005535642522596404,LOW
2000264.0,Manipur,24.927114927552047,93.52037274034176,0.996593273164003,CRITICAL
3003544.0,Manipur,24.16868808832981,94.4367036952356,0.00021032005551997344,LOW
3000206.0,Manipur,25.255739991947216,94.19807205192026,0.0011493598947467363,LOW
3003487.0,Assam,24.65065144897934,92.5335618215426,3.651104065532033e-05,LOW
2000549.0,Mizoram,23.651791431376203,93.03789593437328,0.9994240179557816,CRITICAL
3001657.0,Assam,25.40862621285456,90.68629511588648,0.0004348221071068239,LOW
3003319.0,Manipur,23.91402498034596,94.01724847794664,0.00011895661899763131,LOW
1050609.0,Mizoram,23.7131,92.7362,0.995003642106922,CRITICAL
3003144.0,Assam,24.486508870493694,93.83253719031278,0.0021397510525271576,LOW
3002230.0,Manipur,24.90518183375561,94.31019400638031,0.0014690716669866059,LOW
3002465.0,Manipur,25.22819261077384,93.92897150460156,0.0024015578563882875,LOW
3000661.0,Mizoram,23.130295684378403,93.15053018097284,0.000715663639063719,LOW
3000619.0,Mizoram,24.333864917459525,92.82143094052007,0.008253609350844739,LOW
3003473.0,Mizoram,23.16351546641565,93.47193335270988,0.00010735338974013825,LOW
1050608.0,Assam,24.52029991,92.72826503,0.9774885582107862,CRITICAL
3002145.0,Assam,26.536157623992548,91.20173937133188,0.0024743416901430925,LOW
3000559.0,Manipur,24.776279677429724,92.9720525690138,0.002434901739181629,LOW
3003472.0,Assam,26.26951661511372,93.34875007641205,0.002188991197092455,LOW
3002179.0,Assam,26.985562997800024,93.3666868641246,0.00044991108104166047,LOW
2000543.0,Sikkim,27.58742977404932,88.49103481196906,0.9655670836949968,CRITICAL
3002811.0,Assam,24.70740421944891,90.0994176245687,0.00013150785872422714,LOW
2000805.0,Assam,26.361205948055485,92.84594980505494,0.9832820059044655,CRITICAL
938326.0,Sikkim,27.167,88.3652,0.9976658787707658,CRITICAL
2000289.0,Assam,26.176547820238795,91.79420916065726,0.9852703562290608,CRITICAL
3000357.0,Mizoram,22.409844671203256,93.31048572934594,0.003095191228497912,LOW
3003378.0,Assam,24.243181971102715,91.29831397666416,0.00016368965896995592,LOW
3000803.0,Assam,24.46978064370156,90.1551679408892,0.0019478231428102502,LOW
3003285.0,Manipur,25.43749925768858,93.26855978296322,0.004143020384537147,LOW
3003066.0,Sikkim,27.47393570493667,88.54961126749603,0.0001338326769556015,LOW
3001043.0,Tripura,23.305277012946764,91.26351552613345,3.739925228430184e-05,LOW
3002498.0,Manipur,25.06193508986771,93.5034968132049,0.006440369866483215,LOW
3000711.0,Sikkim,27.758438833503934,88.75553737551516,0.13305348429449027,LOW
3001619.0,Assam,27.23200646628465,91.97238720345868,0.002709156055749733,LOW
3003428.0,Manipur,24.73167175762271,93.64570808759,0.00010674658897579053,LOW
3002051.0,Sikkim,27.55310680349875,88.4604088740532,0.00034671031334408854,LOW
2000268.0,Sikkim,27.45052949009744,88.60801075644007,0.9941679831246041,CRITICAL
2000163.0,Manipur,25.006680307299057,93.49201901127022,0.9657240624293464,CRITICAL
3002850.0,Manipur,25.02088392925024,93.7121597125234,0.0007796029253019455,LOW
3002586.0,Assam,24.255624815245035,92.83694447243444,6.497108234737732e-05,LOW
3001175.0,Manipur,25.072968847075742,94.58888602999022,0.00025986648985417093,LOW
3002686.0,Manipur,25.58992746000629,93.60287993615654,0.00023623726486846785,LOW
3002244.0,Sikkim,27.11961719078701,88.13202663597595,0.0019034154873677949,LOW
938328.0,Sikkim,27.1499,88.38,0.9970403924941889,CRITICAL
3000820.0,Assam,26.69820030264005,93.96046069405072,0.013446580788909472,LOW
3000932.0,Manipur,23.96431597451662,94.55946861568712,0.019693811868465028,LOW
3001581.0,Manipur,25.675649938742797,94.15454125318938,0.00010333857687025734,LOW
3000716.0,Assam,26.80605761720015,89.88074778908125,0.00013472313890579605,LOW
2000547.0,Manipur,24.427424924113208,94.18678704329066,0.9994073539510451,CRITICAL
2000232.0,Assam,26.18588643374755,91.77835417643227,0.9811410356053982,CRITICAL
3000344.0,Assam,24.52249393594189,90.97881469030004,0.20893444653442558,LOW
2000643.0,Assam,25.051149504729263,92.78617480957998,0.9933547388761075,CRITICAL
3002953.0,Assam,25.928410749396704,91.90169380063573,0.0005649770626609659,LOW
2000772.0,Manipur,25.062832283932213,93.42011473924356,0.9835396393072227,CRITICAL
1050544.0,Mizoram,23.7788134,92.54085299,0.9778170338932126,CRITICAL
3003087.0,Sikkim,27.79324652788838,88.69041273122164,0.010076948795508203,LOW
2000105.0,Assam,26.126689872996923,91.7438195651172,0.9936372189426377,CRITICAL
3002089.0,Tripura,24.0085504628924,92.13704486323556,0.0016045895378437444,LOW
3000699.0,Assam,24.89231899907556,94.06716633698764,4.5654624136111995e-05,LOW
3000450.0,Sikkim,27.928507907190387,88.28985617650974,4.3821260419051184e-05,LOW
3001099.0,Sikkim,27.94219202610987,88.83205290557127,0.02843287894567746,LOW
1048347.0,Tripura,23.79260297,91.53090192,0.9897815391505116,CRITICAL
3002907.0,Assam,26.843267608514097,93.3932801701631,0.012177717416871075,LOW
2000006.0,Assam,26.139322396681184,91.73706801912766,0.9977692217589834,CRITICAL
2000467.0,Sikkim,27.15255420669361,88.35253382670629,0.9927190807507047,CRITICAL
3002457.0,Assam,26.27973058680441,91.894155877723,0.005066539306410341,LOW
3001241.0,Manipur,24.967885299093307,93.22102983800606,0.0001458211557624459,LOW
3002455.0,Mizoram,23.186202605505,93.211255731663,0.0004870257214756702,LOW
3000278.0,Assam,26.282518781429975,92.46841362131964,0.00021467152494789032,LOW
3002877.0,Manipur,25.25090912884576,94.38511257293936,0.0003440343692250053,LOW
3003366.0,Mizoram,24.241013301862147,92.97010544776307,2.2272100258753884e-05,LOW
2000173.0,Manipur,24.19935239259289,94.10832762768167,0.9939493755799869,CRITICAL
3000034.0,Mizoram,23.953930743839848,93.5008826175746,5.4616512882746534e-05,LOW
2000747.0,Sikkim,27.2029077848144,88.49540245017037,0.994907000838229,CRITICAL
3001306.0,Assam,27.03260336285597,91.53105206995642,0.03398443397710322,LOW
3000768.0,Mizoram,23.41507470360889,93.18359977924857,0.0005437718176088212,LOW
3002608.0,Assam,24.56958726238175,91.83629706286474,0.012769045719003981,LOW
3002844.0,Assam,25.340129985796708,90.11721487279812,0.002433427718168185,LOW
3003084.0,Assam,26.878941545558344,94.2818462349852,0.00010691770359650728,LOW
2000104.0,Mizoram,24.0079600812489,92.67135932087449,0.995701799176676,CRITICAL
3000121.0,Sikkim,27.63926977820384,88.02846095915062,0.02373745946958794,LOW
3001030.0,Assam,26.76267718587875,93.83969205513372,0.0019776285904134602,LOW
1050762.0,Manipur,25.1019,93.3729,0.9939895700893215,CRITICAL
3002643.0,Assam,26.41197877722495,92.3033784609292,0.011315703688679957,LOW
3001775.0,Assam,24.78573132938676,92.86391099921842,0.2247535336090591,LOW
3000251.0,Sikkim,27.05510500707636,88.68233711845707,0.0018238908806985513,LOW
3002499.0,Mizoram,23.11660146188474,93.25935773794338,0.0010184130036039391,LOW
3000615.0,Assam,25.122101211202285,93.52570964497362,0.0005235628789211123,LOW
2000393.0,Manipur,25.156092258942845,93.84542326117318,0.9942987967405084,CRITICAL
2000631.0,Assam,24.733394634871203,92.36976908036296,0.9985398367192913,CRITICAL
3001466.0,Manipur,24.30431355154673,94.06015565193768,0.033128346766039936,LOW
3003246.0,Assam,26.511235920772823,92.60298445188818,8.085458559808255e-05,LOW
3000792.0,Manipur,25.475509930813534,94.28813385655404,0.0020479447433991147,LOW
3002710.0,Manipur,25.349097464087947,93.80988218575222,0.005549551292318018,LOW
3000584.0,Mizoram,22.4025245167275,92.81728723155616,0.0008057933693505054,LOW
2000066.0,Mizoram,23.341211480286564,93.06727790268356,0.9984883702126193,CRITICAL
2000500.0,Manipur,24.91484131899861,93.50646175025088,0.9639198054291569,CRITICAL
2000401.0,Mizoram,23.594665588035497,92.91081714957636,0.9944706621562782,CRITICAL
3000550.0,Mizoram,22.89438544274289,93.22897770146623,4.3021417334807825e-05,LOW
3003488.0,Assam,26.672883631144327,92.15086235812788,9.664547840611566e-05,LOW
2000503.0,Sikkim,27.33343117033524,88.60431606626865,0.9967203262455615,CRITICAL
3001028.0,Assam,24.382016110250703,90.04198530367401,0.15663310041144707,LOW
2000711.0,Tripura,23.78140110914699,91.52366433325226,0.9912841254261138,CRITICAL
3001543.0,Sikkim,26.96674179976784,88.58159463658528,0.00113953796787452,LOW
3002847.0,Manipur,23.816990135519426,93.28330896910929,2.93046153011055e-05,LOW
3003512.0,Manipur,24.90906698728222,93.56897320027772,0.00020048916117834954,LOW
3002612.0,Sikkim,27.649199869446942,87.99082450590166,0.0010858363883225071,LOW
3000528.0,Manipur,24.73070771645121,93.47718599877672,0.00030508654605375363,LOW
2000230.0,Assam,26.116484474084707,91.77487372995758,0.9961864440390236,CRITICAL
2000190.0,Tripura,23.18322366772206,91.58649267439844,0.9858571235156918,CRITICAL
3001298.0,Sikkim,26.98113688073164,88.14389895157888,0.0020333742060120435,LOW
3001626.0,Assam,25.02090317611142,92.93418430394888,0.0012846120549919564,LOW
938330.0,Sikkim,27.28709076,88.38035955,0.9994409236556285,CRITICAL
3003105.0,Sikkim,27.492272115921683,88.71015245584962,0.00024816561211587975,LOW
3001728.0,Sikkim,27.61246017789694,88.69425543623481,0.0046053116829756005,LOW
2000054.0,Sikkim,27.20761491733924,88.48407340929492,0.9925426974996203,CRITICAL
3000704.0,Assam,24.242751181578434,91.76110279667574,9.938232624627242e-05,LOW
3002333.0,Assam,24.306756968306445,92.9538851393603,0.00012123118120128425,LOW
3003469.0,Assam,27.325107024465108,93.31154457623198,0.0013375660951917925,LOW
3000870.0,Assam,24.81504828414831,89.8845474990064,0.007605565071827961,LOW
3000338.0,Tripura,23.39767056495826,92.32365395956036,8.065104547515711e-05,LOW
3000911.0,Manipur,24.57639406394034,93.7272276200072,0.003007707530969413,LOW
3001465.0,Manipur,24.6954920469466,93.40480496561896,9.931407648889396e-05,LOW
3000318.0,Mizoram,23.28207683907204,93.34705778073231,0.00539184646674663,LOW
2000585.0,Assam,26.179661373061062,91.731345335145,0.9604240376238236,CRITICAL
3003033.0,Assam,25.8134184391032,90.0012412310433,0.0031822903291809667,LOW
2000148.0,Tripura,24.02492442630373,91.50346606946164,0.9849999247002623,CRITICAL
1050836.0,Manipur,24.95138801,93.52811839,0.9851802341517846,CRITICAL
3002044.0,Sikkim,27.38497876559178,88.66637660941677,4.082120197018544e-05,LOW
3001656.0,Assam,25.736307876625943,90.85215239242876,8.8768608145641e-05,LOW
3002930.0,Manipur,24.545133283149188,93.4162621560153,0.046707564546702184,LOW
2000192.0,Assam,25.4576328184768,93.14362686082696,0.9488278548465575,CRITICAL
3000955.0,Assam,26.928358868096044,90.25592384212752,0.0017987658003890098,LOW
3002070.0,Sikkim,27.383598790492105,88.81122208488203,0.00011751587071818038,LOW
3001106.0,Sikkim,27.38378036647633,88.72513557693131,0.013269995784203563,LOW
3001793.0,Mizoram,24.105176390649124,93.3120950498302,0.00010296200974502439,LOW
3001217.0,Manipur,24.59508262408826,94.56231346282011,0.001909301700041323,LOW
3002963.0,Sikkim,27.089291952458137,88.4847767951069,0.0037955318156476688,LOW
3001377.0,Mizoram,23.155507977062765,92.98027255284758,0.00027637246432929836,LOW
2000003.0,Manipur,24.413196588742203,94.04633168497848,0.9901470737803941,CRITICAL
2000472.0,Assam,26.12625266795475,91.7189914440738,0.9876817461190786,CRITICAL
3000681.0,Manipur,23.80215651913514,94.27813117368744,0.08426500262235498,LOW
938409.0,Sikkim,27.23279809,88.59292517,0.9984806682536225,CRITICAL
3001132.0,Assam,26.41266743384981,94.13460468327176,0.0004160578593589209,LOW
3002955.0,Assam,24.57680281571779,93.63559186397536,0.0023940799809381115,LOW
2000725.0,Manipur,25.18997406850089,94.45492946793138,0.9029059678876816,CRITICAL
3001207.0,Sikkim,27.66727771079388,88.81794032151447,0.0008826748619722466,LOW
3002467.0,Mizoram,24.01950528156888,92.53756869983503,0.0051819438055862995,LOW
3000137.0,Manipur,24.43940654645673,93.7970668299253,0.00027005718185211803,LOW
3003217.0,Assam,26.74468492160772,93.6906386347004,3.026049567857985e-05,LOW
3000974.0,Manipur,25.65083193796657,94.25313735497171,0.00041687269508021576,LOW
3002771.0,Assam,24.208988957062548,90.86585384549502,0.0005378271574673657,LOW
3003457.0,Assam,26.761934721627775,93.05412419394123,0.034487704529249125,LOW
2000791.0,Sikkim,27.743174558221536,88.63749765159368,0.9976672887894951,CRITICAL
3001227.0,Assam,27.26195513541016,91.06273489972406,9.012908163221652e-05,LOW
3001319.0,Mizoram,23.40962135831245,93.20596318308526,0.004932774571021897,LOW
3000223.0,Mizoram,24.00735274304762,92.8852697938873,0.021858006161939215,LOW
3000995.0,Assam,24.61267421107939,90.13942733648192,0.024032751902267658,LOW
3003232.0,Assam,24.68513487587,94.1828109481396,0.00016385870860274567,LOW
3002864.0,Assam,25.109551179325454,90.49819888563836,0.0006409573790975473,LOW
2000494.0,Assam,26.143784528802687,91.73383755620566,0.995183285756414,CRITICAL
3000978.0,Assam,24.54784662248798,89.97197169185891,0.00035507705864202773,LOW
3002971.0,Manipur,24.22848067382815,94.2137782420068,0.003190783683263093,LOW
3000052.0,Assam,26.24291094993527,90.2076309376582,0.00023314939352643034,LOW
3001002.0,Assam,26.822882256875214,91.98809089171723,9.136757239174519e-05,LOW
2000460.0,Manipur,23.893874551223224,94.14421081684412,0.9329499963836938,CRITICAL
3001666.0,Manipur,24.078729148603102,94.75155471099676,0.00042235253518911077,LOW
2000201.0,Manipur,25.152263747591515,93.8484821760163,0.9928415825066886,CRITICAL
1050607.0,Assam,24.52029991,92.72826503,0.9853040561950256,CRITICAL
3000442.0,Assam,24.156162533746183,91.23502368523664,0.006855153948410303,LOW
3000815.0,Manipur,24.341651597688813,93.62053488490038,0.0008966383625841211,LOW
2000525.0,Mizoram,23.738948344173856,92.73621172902963,0.9977298848819781,CRITICAL
2000251.0,Assam,24.80238867945848,92.86396105515324,0.993718815198503,CRITICAL
3001687.0,Assam,27.12403894880736,90.21876091106054,0.0003791353685727702,LOW
3000775.0,Assam,27.21448972676109,92.71863981314443,0.00010677563650881083,LOW
1050786.0,Manipur,24.8961,93.4957,0.9909022982433664,CRITICAL
3002809.0,Mizoram,23.87879128706378,93.22381383551304,0.00011468932385807964,LOW
3001474.0,Assam,25.96379472202105,92.6806546812841,6.107386858102774e-05,LOW
3003121.0,Assam,26.65788320676877,90.2236680380608,0.00027607376323556714,LOW
2000237.0,Sikkim,27.34647849354193,88.61178377094865,0.9982384946959119,CRITICAL
3002582.0,Manipur,25.112320895921226,94.50812455947371,0.016785174122351126,LOW
3000232.0,Assam,25.8333341787657,90.13495185361148,0.00015016475717757698,LOW
2000167.0,Assam,25.1444657014498,93.01239095560048,0.9983484648269056,CRITICAL
3001910.0,Manipur,25.49692436797328,93.57378488665648,0.0006543459064830573,LOW
3003169.0,Manipur,25.05439337124532,94.58667865627947,0.0001311334029047465,LOW
3002817.0,Mizoram,23.304957586593844,93.15120942533194,0.000691512139768925,LOW
3001039.0,Sikkim,27.1991292246546,88.56394854089103,0.0003576752072085739,LOW
3003279.0,Sikkim,27.97325588714263,88.73915553737766,0.00033144615715518123,LOW
3001124.0,Assam,24.855114943603837,92.77070764039944,0.0006774061483120862,LOW
3002579.0,Assam,26.504688165825083,94.18833510133685,0.00029332522420595793,LOW
3000662.0,Assam,24.285054121789887,93.03755989945344,0.00014254036478043692,LOW
2000260.0,Sikkim,27.38452222392155,88.76005325335754,0.9993134933596124,CRITICAL
3002517.0,Tripura,24.030239821951668,91.93426294688189,0.062123160898645655,LOW
2000257.0,Tripura,23.772687979375505,91.54329970308608,0.9610791943669066,CRITICAL
3002078.0,Mizoram,22.705481152987694,93.29321464967484,0.00015165416409023156,LOW
3001585.0,Tripura,23.72666311017269,92.25660136184445,0.19200988328654317,LOW
3000897.0,Assam,26.295680798377045,90.64832605215804,0.00011289688400680208,LOW
3001126.0,Manipur,25.307979307543484,93.73786200429878,0.00017854054332439452,LOW
3003043.0,Mizoram,23.69013492637633,92.72063891010382,0.001958198619391812,LOW
3003016.0,Assam,26.659475479138717,93.16730116543816,0.005544679117254346,LOW
3001560.0,Sikkim,27.07718245492574,88.50343237917747,0.00011888316329201433,LOW
2000541.0,Assam,24.57011492853651,92.36926134665858,0.998853050063671,CRITICAL
2000166.0,Assam,26.16489764180732,91.68025505968151,0.9891197364277031,CRITICAL
3002213.0,Assam,27.349679611777955,92.45132412262174,0.00014420135611582807,LOW
3002695.0,Assam,26.978864704537365,94.15926687902244,0.0016416100241188345,LOW
3000829.0,Assam,24.2264926817024,93.6855153533943,0.000513470147261836,LOW
3000686.0,Manipur,25.539345844003144,93.55472963915058,0.00031633922319854174,LOW
3000443.0,Assam,26.31065220087937,91.15699058487202,7.373105661570846e-05,LOW
3002071.0,Manipur,24.814539010571742,93.5482393380386,0.009781275292800033,LOW
3003420.0,Sikkim,27.84917417058992,88.02269957864792,0.0003319553352979744,LOW
3000898.0,Manipur,25.32464615011287,94.470152080022,0.00022456491595473937,LOW
3003108.0,Assam,26.156477974712487,92.16909014802158,0.00013798459365123604,LOW
3002120.0,Assam,24.27115864280324,92.24403328907724,0.1877911445250587,LOW
3003120.0,Assam,25.679112304768168,92.91376998443096,3.911911080505903e-05,LOW
3003569.0,Mizoram,22.417110480895573,92.56006535503248,0.0005259769488769061,LOW
2000456.0,Assam,26.56071904880933,93.1242777080656,0.9869616282068192,CRITICAL
2000221.0,Assam,26.143733132695584,91.8389173358885,0.9906700901492974,CRITICAL
3000985.0,Manipur,24.18496060731994,94.4448019889396,4.41870005976809e-05,LOW
3002390.0,Assam,25.978811761656196,91.59888679244044,0.00012013374099078235,LOW
3003164.0,Assam,24.34906438740189,94.27244301724006,0.00011698711231682938,LOW
3002940.0,Manipur,24.41678985196876,93.06561269734384,0.001974841690668576,LOW
3000383.0,Assam,26.516058498528764,91.13096459978856,7.164235674988811e-05,LOW
3002900.0,Manipur,23.75308210410282,93.32754891231149,0.03641137396690966,LOW
3003201.0,Assam,25.954648564307163,91.64363280054523,0.0007827374344355033,LOW
3002496.0,Manipur,23.947768343377813,94.6934128512362,0.0009178225353284248,LOW
2000690.0,Assam,26.1633265615258,91.81987338969611,0.9738281138667597,CRITICAL
3000576.0,Manipur,23.82222606728091,93.94685342848986,0.007236621113428755,LOW
3003419.0,Manipur,25.50209585914459,94.53628441478128,0.003166177724778616,LOW
3000084.0,Manipur,24.987304328861107,94.25287634594952,0.04483306353443749,LOW
3001647.0,Assam,25.41468555214687,92.44782816560566,0.0030203326523561484,LOW
3003367.0,Mizoram,22.7696276711558,93.1645942979126,0.00014228284693170538,LOW
3000637.0,Assam,25.86573417193036,92.93885205743892,0.00018527509845402628,LOW
3002961.0,Manipur,25.56585569407174,94.7464924574182,0.06413141439292136,LOW
2000639.0,Assam,26.19848417861864,91.78059659072969,0.9976685064016361,CRITICAL
3002425.0,Manipur,24.868323922498572,93.62307034267114,0.000439746852522654,LOW
3000127.0,Tripura,23.77582325294461,91.37456137038468,0.029304094583715735,LOW
2000095.0,Mizoram,23.34366731107289,92.80631084216508,0.9818153594279007,CRITICAL
3002162.0,Manipur,24.096426655565296,93.59799315358276,0.0002366436540026291,LOW
3000452.0,Assam,27.231794810282523,90.03863608346681,0.0007812791969716859,LOW
3002818.0,Manipur,25.07179570541024,92.98578430188226,0.0009809737354210455,LOW
3003584.0,Assam,26.64589905206236,91.12567405242932,0.019081622267783392,LOW
3001242.0,Assam,24.673799009137383,91.96554581763996,0.0007781128068261012,LOW
3002292.0,Manipur,24.861478752473648,93.5598671624204,0.00013411312945961124,LOW
3001218.0,Assam,25.60435499969892,93.0629802262236,0.000204333026389859,LOW
3000174.0,Assam,24.283530149944024,92.45037397929669,0.0002917405273322094,LOW
2000359.0,Assam,26.209024244093,91.73567080236944,0.9940742238721363,CRITICAL
3003403.0,Manipur,24.773574378630045,94.44692551742352,0.04793883127539397,LOW
3001088.0,Assam,26.849505202558007,94.1280035323418,0.0009972657413823225,LOW
2000487.0,Mizoram,24.239731409693672,92.6680097510074,0.9903560673242547,CRITICAL
2000760.0,Manipur,24.743394131348232,93.43276699657116,0.9614101472141026,CRITICAL
2000617.0,Sikkim,27.54512161680038,88.62759886368065,0.9950733312460496,CRITICAL
3000138.0,Sikkim,27.944791995571556,88.81747877261431,0.0001956453296043921,LOW
2000161.0,Mizoram,22.525190180488487,92.89905490407536,0.9977786326007064,CRITICAL
2000719.0,Tripura,24.02900695670713,91.49380812817854,0.9834161077223622,CRITICAL
2000752.0,Mizoram,23.715428232323877,92.72339285246753,0.9626582887890252,CRITICAL
3003373.0,Manipur,25.217815304036115,93.69859658806574,0.003936389058898002,LOW
3002470.0,Mizoram,23.223259517846028,92.94717973416768,0.004120697380786869,LOW
3002506.0,Sikkim,27.289824147949727,88.79460762139307,0.00024962603975476185,LOW
1050664.0,Mizoram,23.66555038,92.92747832,0.967099849936031,CRITICAL
3001497.0,Sikkim,27.110694809461503,88.32316536188502,2.5788501999307792e-05,LOW
3000739.0,Assam,25.987301677371704,90.6615859503374,0.10316227702282987,LOW
3003505.0,Sikkim,27.228384734172987,88.22277681475141,0.0012998791323613455,LOW
3003539.0,Mizoram,22.56056325701333,93.16865807055052,4.6632401224574625e-05,LOW
2000698.0,Assam,24.80046027145995,92.84783966008244,0.9984524547433924,CRITICAL
3002340.0,Assam,24.566095532615837,92.68939780941028,0.028305613111968643,LOW
3001717.0,Manipur,24.96064598106672,94.1322912595985,0.000648277140093213,LOW
2000560.0,Assam,26.135153231609262,91.76435891983614,0.9969903296767626,CRITICAL
2000700.0,Sikkim,27.716623299388367,88.63089059273445,0.9983612963174748,CRITICAL
938417.0,Sikkim,27.322,88.6087,0.9711688595245869,CRITICAL
3001263.0,Assam,24.79142762127077,92.37085251016428,3.489591058796398e-05,LOW
3000886.0,Manipur,24.25948045612315,93.56853978824132,0.06933153536732505,LOW
3003497.0,Manipur,25.239280354920066,94.48008086826124,0.0005834885275587638,LOW
3000824.0,Manipur,24.319308324380685,94.66688338311889,0.0005948938346040363,LOW
3001431.0,Manipur,23.80081444542569,94.4477112199812,1.9448502447517312e-05,LOW
3002755.0,Sikkim,27.66707171683547,88.46643092757236,0.06966920015673636,LOW
3002729.0,Assam,27.36872407825613,92.17178312049182,0.12479355271230375,LOW
1050217.0,Assam,24.8669,92.3576,0.9646712823046066,CRITICAL
3001881.0,Sikkim,27.62001268710994,88.63064412414926,6.176627363938348e-05,LOW
3000730.0,Sikkim,27.043944053481056,88.8735313670858,0.0009742228018879684,LOW
3001652.0,Assam,26.02004622342513,91.20112000135724,0.0009061667604560654,LOW
3003115.0,Sikkim,27.524455001452115,88.55251298813388,0.017695627056499606,LOW
3000205.0,Assam,24.414477560555508,90.34776341537186,9.94952134127057e-05,LOW
3000980.0,Sikkim,27.816408707414983,88.82605056858057,0.00036752996345262515,LOW
2000317.0,Manipur,24.771099854140832,93.43382016109264,0.9844640987748041,CRITICAL
2000744.0,Assam,25.52776542378296,92.98943571077994,0.9947350167050213,CRITICAL
3002147.0,Sikkim,27.180616777034206,88.80679736885747,5.144140836799881e-05,LOW
3003023.0,Assam,27.269025391972768,92.89687955015536,0.0042056923228417165,LOW
3000579.0,Assam,26.20372137217757,92.1886751939791,0.0002609464510518163,LOW
3002558.0,Assam,25.16791048687941,91.856991197535,0.00010533609583111985,LOW
2000657.0,Mizoram,24.021961717870816,92.67377097752414,0.9807035311901512,CRITICAL
3002742.0,Mizoram,22.47592865245991,92.57797540560998,0.004782402577962705,LOW
3001057.0,Tripura,24.106479746129214,92.38321022426136,0.0002057161260090535,LOW
1050788.0,Manipur,24.938948,93.496837,0.9794496110403098,CRITICAL
3000217.0,Manipur,25.00602226450493,93.15093854478056,0.011707529057360614,LOW
2000656.0,Sikkim,27.210126512848568,88.48280405417044,0.9925779049759886,CRITICAL
3000960.0,Assam,25.70239507330789,94.20448606540272,0.04759108102354978,LOW
3002721.0,Tripura,23.24076069877525,92.17940372809068,7.291931595896301e-05,LOW
3000555.0,Mizoram,23.753931650973872,92.45274186462956,0.0004675627497223733,LOW
3001322.0,Assam,25.49993365692568,90.0670381063683,0.0008403765037471968,LOW
3001790.0,Manipur,25.657678108751107,93.00154630171988,0.0007005982465913834,LOW
3002562.0,Assam,25.621016317609545,90.97455706184864,0.000394002472448405,LOW
3002923.0,Mizoram,23.40476589012533,92.51530524700156,0.004402707323264641,LOW
3000307.0,Assam,24.61503200745359,93.26870356574398,0.00013322943649137352,LOW
3000724.0,Assam,24.14498123845947,93.14395170129532,0.0003961198111807788,LOW
2000068.0,Sikkim,27.416034979379848,88.53095640745585,0.9996210774995585,CRITICAL
3001091.0,Assam,24.42366127951742,93.34269630916783,0.00012254047400293134,LOW
3001168.0,Tripura,23.99339274522511,91.65824443767669,0.00038389645637013656,LOW
3003571.0,Manipur,24.62328199517763,93.47283449339976,0.0004405398922278479,LOW
3003397.0,Sikkim,27.781769773563703,88.27567357318081,0.0003496471101354364,LOW
1057697.0,Manipur,24.981195,94.018619,0.9930679567189871,CRITICAL
3000984.0,Manipur,24.316774266930636,94.58032571938335,0.033372762742749036,LOW
2000754.0,Manipur,24.73710902776486,93.43781685196636,0.9947554015299853,CRITICAL
3002404.0,Sikkim,27.43318421400173,88.41290719430089,0.000800073951543004,LOW
3000956.0,Mizoram,23.27255962574714,92.74601695880848,0.00012642321824640106,LOW
3000631.0,Sikkim,27.821902261211505,88.72781032605971,0.07573551744546253,LOW
2000673.0,Sikkim,27.369567190710832,88.70829071134953,0.9991314047749229,CRITICAL
1050650.0,Assam,24.81395989,92.85687296,0.9481279165558874,CRITICAL
3000867.0,Manipur,25.58261873606452,93.54262998446802,7.102232960359553e-05,LOW
3000454.0,Mizoram,22.89150104657864,92.65453261092983,0.000784059071975547,LOW
3003442.0,Mizoram,24.16684343365863,93.16100625245012,0.0003192826624738972,LOW
3001792.0,Assam,24.39715005242606,91.80917351714066,0.04242483634720764,LOW
3003542.0,Manipur,24.041844934972566,93.19205464814114,0.0027400139651949183,LOW
3002551.0,Assam,26.95272722427917,90.3693393217075,0.00033754140844093853,LOW
2000080.0,Manipur,25.42512419385969,94.10747366604345,0.9714200805449731,CRITICAL
2000687.0,Sikkim,27.266862731210452,88.27985734317929,0.9972541574354499,CRITICAL
1048422.0,Assam,26.1619,91.7697,0.9716012176726869,CRITICAL
3002978.0,Assam,26.14185304283,90.03978668757789,4.369255283694608e-05,LOW
3001406.0,Manipur,25.485060095426448,93.27758823877754,0.17384020626266164,LOW
1050798.0,Manipur,24.9829,93.5063,0.9951117017553435,CRITICAL
2000082.0,Mizoram,23.81049845412473,92.88388295292854,0.9776728924074007,CRITICAL
938410.0,Sikkim,27.65532317,88.59440471,0.9580711956007808,CRITICAL
3001143.0,Sikkim,27.43706228975741,88.77667409929039,0.0013642550412806998,LOW
3000169.0,Manipur,25.534652000750192,93.44424662860231,0.0015433164526770298,LOW
1050834.0,Manipur,24.95138801,93.52811839,0.9950979145403422,CRITICAL
3001390.0,Assam,27.365219775680025,90.77062593055282,0.0007715055774704426,LOW
2000217.0,Mizoram,23.74247124832017,92.72178096534512,0.9826233531510595,CRITICAL
3003047.0,Manipur,24.88826931457512,94.00406322453374,0.00014343891763938951,LOW
3001051.0,Assam,27.08248197966314,91.29818203522116,4.350721285274931e-05,LOW
3002546.0,Manipur,23.95581545765228,94.02330017811894,0.00046189961963574055,LOW
3001084.0,Mizoram,23.213567559946217,92.75886799765108,0.00015996840094361977,LOW
2000282.0,Assam,26.13063983181253,91.703184368418,0.8930318375370099,CRITICAL
3003565.0,Assam,26.948249707497435,91.4560568901973,0.06661785087365392,LOW
3001086.0,Assam,26.218231685010316,91.45167282635764,0.00022141131924146055,LOW
3003334.0,Sikkim,27.41737354321777,88.86523020896142,0.03567589911050163,LOW
3001779.0,Mizoram,22.88828379876994,93.49573365716012,0.010547709926501732,LOW
3001147.0,Assam,24.55107688132719,92.89948943258048,0.00013066419878287054,LOW
3001997.0,Sikkim,27.238494327396403,88.0672925810965,8.527702217055115e-05,LOW
2000399.0,Manipur,24.72895970178646,93.40868943262042,0.9983994556889357,CRITICAL
3001946.0,Manipur,24.03006533999996,93.64049882692484,9.949859267529202e-05,LOW
3002436.0,Assam,26.239543158969088,91.79455263093298,0.03485254511191678,LOW
3001864.0,Sikkim,27.80828254472742,88.27077391675874,0.0004046495457839485,LOW
3002835.0,Sikkim,27.545969801775183,88.74541554980446,0.0040375243185189775,LOW
3003445.0,Manipur,25.142748318475807,94.10725140362533,0.0003344973203318174,LOW
2000305.0,Assam,26.21290113614493,91.78171688926906,0.9806604633961995,CRITICAL
3001756.0,Manipur,24.99718476674757,93.55024087020928,0.040273786079635054,LOW
3001370.0,Sikkim,27.4837097635684,88.86549436987337,0.0009302382409974764,LOW
3000972.0,Assam,25.69408131640108,92.87817736354214,0.15455842736493203,LOW
3001382.0,Sikkim,27.69296596927906,88.4674956396483,0.02864903123865711,LOW
3000651.0,Sikkim,27.43323940508997,88.77251010229101,5.09973204595679e-05,LOW
2000107.0,Assam,26.121411850997703,91.72180158318594,0.9892055736274005,CRITICAL
3000489.0,Sikkim,27.30553943148985,88.59919871111867,0.01006953770474444,LOW
3001031.0,Assam,25.0876463569682,90.602715266892,5.885452374843125e-05,LOW
3001842.0,Assam,26.546937060244485,93.0617928209084,0.00019523364980347617,LOW
3001121.0,Assam,24.49802989332821,90.55450431583346,0.017666436021676953,LOW
2000402.0,Assam,26.144241999981983,91.9343511809854,0.9956062615014174,CRITICAL
2000141.0,Manipur,25.46336127914775,93.97637105354738,0.9937697517265989,CRITICAL
2000142.0,Assam,25.968123027870213,91.36251913000186,0.9991430292284771,CRITICAL
3001450.0,Assam,26.568629669693028,92.06665673183684,0.0016532347709327933,LOW
3003251.0,Manipur,25.65313359342351,94.38848550775865,3.90809964531728e-05,LOW
3001008.0,Sikkim,27.47916452602318,88.33482694641427,0.05235727937445718,LOW
3002049.0,Assam,26.61241058086593,92.5710588029846,0.00011682886804544729,LOW
3002110.0,Manipur,25.036302998820908,93.808995034057,0.001209407139428023,LOW
3001851.0,Mizoram,23.10736289583657,92.35941956762476,0.00017489130280009586,LOW
3000312.0,Assam,26.448191004620057,92.55476156622964,0.23195565368198634,LOW
3000683.0,Assam,27.21566703560102,92.94197341613796,5.007174689553651e-05,LOW
2000271.0,Assam,26.185838143987457,91.7338880061356,0.9776391378330564,CRITICAL
3001404.0,Manipur,23.8596289761366,94.63022944674832,0.002222989213931124,LOW
3001683.0,Mizoram,23.340274122190632,93.19086305896876,0.04217823509284917,LOW
1048467.0,Assam,26.1963,91.8074,0.9974530484766971,CRITICAL
3001741.0,Assam,27.352497403004342,90.88881911162682,0.00022877029542628055,LOW
1048545.0,Assam,26.22817592,91.92448438,0.998106805111368,CRITICAL
3001896.0,Mizoram,23.250402340653515,93.18637631764943,0.0009774116645834066,LOW
3003065.0,Manipur,23.750356513432347,94.57553807827048,0.00045663691885368445,LOW
3001017.0,Assam,25.055711341408845,90.81746347554056,4.29887847669881e-05,LOW
3002100.0,Sikkim,27.250751133512992,88.58210446590024,0.008094276993285111,LOW
3000414.0,Sikkim,27.08995432758352,88.17264896527017,0.0048269390859147455,LOW
3002026.0,Assam,25.90941796493494,91.64689089597393,0.0006838868691127313,LOW
2000582.0,Manipur,24.27642053886746,93.28993863846604,0.9921022749334281,CRITICAL
3001498.0,Assam,26.67374393094893,90.8147936223401,0.00013317069851704466,LOW
3002603.0,Assam,26.15677839645808,91.13954821279754,0.00448386861774732,LOW
3001630.0,Sikkim,27.76130721967876,88.1372413594782,6.245409419189168e-05,LOW
3003273.0,Assam,25.19020224924458,91.15936001103324,0.1400548445360241,LOW
3002839.0,Sikkim,27.453190549056558,88.35722902776355,0.0023256104439838736,LOW
3000986.0,Manipur,24.12329630520648,94.1157207435842,6.944127305674978e-05,LOW
3001435.0,Manipur,24.190493415330177,94.00847658902448,0.00010739540595712962,LOW
3000838.0,Mizoram,22.837491694520303,92.456067456117,6.335467577627246e-05,LOW
2000392.0,Assam,24.830417116136186,92.856112372547,0.9960973874491936,CRITICAL
3000085.0,Assam,26.25464856171933,93.0567034395894,0.02524802539519044,LOW
3003534.0,Manipur,25.14628766034097,93.52209613046114,0.01680025735138909,LOW
3000215.0,Sikkim,27.057008418643,88.33295515459925,0.0011493115650138782,LOW
3000035.0,Sikkim,27.579207354472373,88.80337724041021,0.006809769678898111,LOW
3001323.0,Assam,27.26622798900906,93.31787270879305,0.000270706538053132,LOW
2000055.0,Assam,25.15497603619912,92.9526840488453,0.9912965081692722,CRITICAL
3000475.0,Assam,25.900111435786933,89.94346859933341,7.454317332807064e-05,LOW
938239.0,Sikkim,27.13798514,88.15516991,0.9929701411693759,CRITICAL
3003422.0,Sikkim,27.306555154343663,88.4412663353401,0.020300594617576124,LOW
1050590.0,Mizoram,23.74182634,92.7141905,0.9804471640072876,CRITICAL
3002901.0,Sikkim,27.76167087426147,88.10327363437496,0.0001644712904703893,LOW
3002556.0,Sikkim,27.26735327054277,88.54315373872531,0.05400345164779475,LOW
3002855.0,Mizoram,24.13839901172697,93.4079577020504,0.00017540319794104428,LOW
2000027.0,Assam,26.19021301996869,91.7153350798836,0.9801932258443836,CRITICAL
3000891.0,Sikkim,27.145801992830304,88.11709533185241,0.015752696911471617,LOW
1050604.0,Assam,24.5202,92.7239,0.9561653008568862,CRITICAL
2000464.0,Manipur,24.938059276159844,93.4672281395605,0.9987667348260589,CRITICAL
2000651.0,Mizoram,22.878396719662145,92.75801787610568,0.972822240668568,CRITICAL
3001260.0,Tripura,24.004844832439375,92.02518400238866,2.20398750412419e-05,LOW
3001787.0,Sikkim,27.06396142028529,88.48297382154989,0.006090979391130897,LOW
3001811.0,Mizoram,23.167207663911068,92.47445720644262,0.013483757389874826,LOW
2000475.0,Sikkim,27.372405689321017,88.71165635990157,0.9975796834234387,CRITICAL
938396.0,Sikkim,27.478,88.527,0.9930646384828109,CRITICAL
3001048.0,Manipur,25.487070031807196,93.06384664297626,0.0003070627812202628,LOW
3003193.0,Sikkim,27.10782552840193,88.04555559534045,0.0004294630868316915,LOW
3002204.0,Tripura,23.444823962388668,91.95417219178633,0.17681492261826026,LOW
3001519.0,Manipur,25.325962674020836,93.34544562930785,0.0007618145365953476,LOW
3001516.0,Manipur,24.40683168164396,94.12097604612931,9.590851568349023e-05,LOW
3001080.0,Sikkim,26.98447788377144,88.10907777796865,0.2149276750763452,LOW
3001801.0,Assam,25.607238152787424,93.44343163585044,0.00021119196578582095,LOW
3002716.0,Manipur,24.79284709096656,94.73672080769188,0.0011806289939501034,LOW
3002706.0,Assam,25.181556496559267,90.3076819556509,0.00015024778607683383,LOW
3001993.0,Assam,26.82830284678285,92.17040415073484,0.00014093383399698767,LOW
3000977.0,Mizoram,22.998347749685827,92.47248867125462,0.00018135761835667057,LOW
2000044.0,Assam,26.119557405318695,91.92225187491076,0.9933618322746163,CRITICAL
2000012.0,Mizoram,23.72635280469894,92.73789964160072,0.9909149880323356,CRITICAL
3003344.0,Manipur,24.157760825222667,93.65234243767944,0.0003969347071391079,LOW
3002393.0,Manipur,25.54005050748917,93.37313567697804,0.11793276965532087,LOW
1048381.0,Assam,26.1662,91.7138,0.9468994008693885,CRITICAL
3001725.0,Manipur,25.537389395143737,93.85299655997864,0.009568597581001375,LOW
3000749.0,Assam,25.104542692980196,92.94295397376976,0.0010596251876733174,LOW
3000260.0,Sikkim,27.15006176965352,88.30821592722667,7.29214632412199e-05,LOW
3001835.0,Assam,27.24525127997063,90.24454169681567,0.06375748269212125,LOW
3002046.0,Manipur,24.912227099625063,94.0398760604052,0.0016346835305886182,LOW
3001330.0,Sikkim,27.93184193981674,88.08206202289345,3.996481535683915e-05,LOW
3003401.0,Assam,25.42141063979581,93.589841059845,7.071270105778727e-05,LOW
3000388.0,Sikkim,27.55984542104494,88.09771542093374,9.277263084902723e-05,LOW
3002207.0,Assam,26.018369961517447,90.58322304460783,0.0003381658086508198,LOW
3000532.0,Assam,25.823837851457053,90.03192525766767,2.7211849130996173e-05,LOW
3002254.0,Manipur,24.552768005289103,94.00088896380556,0.0003627276932701036,LOW
3002225.0,Tripura,24.41726088049912,91.46836397856843,0.0005157344208472796,LOW
3000592.0,Manipur,24.18416880330238,94.36121006502069,0.0004098634943658048,LOW
3001156.0,Manipur,24.747425960165256,93.96854570767766,0.0011819644484378736,LOW
3000741.0,Sikkim,27.39998453568752,88.81098144173238,3.5249688891845296e-05,LOW
2000322.0,Assam,24.602395508459143,92.37602913880382,0.9778532192752075,CRITICAL
3001429.0,Sikkim,27.34921638703208,88.28565936949505,0.0016631281431920791,LOW
2000116.0,Assam,25.16596002914023,93.00929925656602,0.9796007987329607,CRITICAL
2000084.0,Manipur,24.27690922188178,93.2708590150994,0.9953328928280435,CRITICAL
3003421.0,Assam,26.896230287665865,93.05675388962572,0.00047923732100514616,LOW
3002982.0,Manipur,25.411646932284437,94.3275307861418,0.0013840860935062612,LOW
1050120.0,Assam,24.59448017,92.29672017,0.99233350358623,CRITICAL
3003372.0,Manipur,24.1932726807226,94.38199900946611,0.0004541636863630059,LOW
3003407.0,Assam,26.516506989024546,92.2713569935832,0.018244519654350595,LOW
3001840.0,Manipur,23.849042248968896,93.57540226624634,0.00012543533463308775,LOW
3001552.0,Mizoram,24.068940123863488,92.33504637642872,0.0036152587698819716,LOW
3001061.0,Sikkim,27.48915047588661,88.3325109654105,0.012534001244233473,LOW
3000913.0,Manipur,24.18061775522344,93.69206737746504,0.000627722098081237,LOW
2000520.0,Assam,24.86848915285836,92.34819889098966,0.9672879392113196,CRITICAL
3000247.0,Sikkim,27.7559339989723,88.31331194230239,0.0013138654735005543,LOW
3003070.0,Assam,25.082455845164244,91.10306787238213,8.067028842237051e-05,LOW
2000361.0,Sikkim,27.486620417356388,88.5475060563992,0.9827387480023082,CRITICAL
3001094.0,Assam,24.42309396825392,94.21307254310116,0.015881369250492033,LOW
3001251.0,Sikkim,27.968544811293512,88.12494260952177,0.04696488421864187,LOW
3002591.0,Manipur,24.724609076981714,94.17309601099058,0.0020000135182415254,LOW
3000007.0,Mizoram,22.67482563501591,93.30612107497316,0.0011426327058795865,LOW
2000129.0,Assam,26.208274617529355,91.74757817894474,0.9904840077771263,CRITICAL
3002645.0,Assam,25.98607297124874,93.66034944362694,4.58023178503636e-05,LOW
3001418.0,Manipur,25.41616061676198,94.62319920144115,4.9920557532518264e-05,LOW
3000350.0,Assam,25.37743320132412,93.60655249394289,0.00014634019199040996,LOW
3003206.0,Manipur,25.025952740849657,93.54408917539772,0.00039846910746795,LOW
3001003.0,Tripura,24.134600641045683,91.66186035586946,0.00016333379972636937,LOW
3000845.0,Manipur,24.9514367146064,93.21854792192435,0.0032494600094442752,LOW
2000387.0,Assam,25.52472676436537,93.17026017414484,0.9997551956329884,CRITICAL
3003479.0,Manipur,25.159157189011328,94.50394170700852,0.0005037977425599448,LOW
3002276.0,Assam,26.8451558933316,92.11889341639927,0.00027702879622995227,LOW
2000041.0,Assam,25.215884312195552,93.1530159005996,0.9951223721481701,CRITICAL
1057923.0,Manipur,25.1122,94.3591,0.9964011956945775,CRITICAL
3002720.0,Mizoram,22.822945816399287,93.30980858156131,0.33846900554450965,MODERATE
3001257.0,Manipur,23.959644155261103,93.79690233767622,9.6108239674423e-05,LOW
2000439.0,Mizoram,23.756116053065583,92.71617823736018,0.9805945816523056,CRITICAL
3000204.0,Manipur,23.76919856913143,94.33218554155046,0.001378777799334721,LOW
3000183.0,Assam,25.84912336610307,90.09509923586027,0.01415473412289656,LOW
3000949.0,Tripura,23.49648376613913,91.97767899668088,0.018923470951927264,LOW
3000376.0,Manipur,24.79376194178945,93.5295048907391,0.017730386526208668,LOW
3000439.0,Manipur,24.06083791414164,94.000617521594,3.414607773539929e-05,LOW
3000596.0,Manipur,24.099312227297965,94.3940848236953,0.020500505193685042,LOW
3003426.0,Manipur,24.566148967775163,94.37978940047826,0.00034038250488319403,LOW
2000019.0,Assam,27.227739741092773,94.11344172782556,0.979080845446819,CRITICAL
3001111.0,Assam,26.955794746148356,91.75841832990436,4.045247386981076e-05,LOW
2000502.0,Manipur,25.50108590216192,94.12804258342452,0.970437649001428,CRITICAL
3003575.0,Manipur,23.924964820026105,94.63606600346984,0.02348057128078799,LOW
3001505.0,Tripura,23.137463970180697,91.93703965360316,0.01724772201556161,LOW
3000153.0,Mizoram,24.21323445444147,92.3287784592016,0.000253483969393219,LOW
3001544.0,Mizoram,22.52127616297376,93.2992877152728,6.342308420854326e-05,LOW
3003173.0,Sikkim,27.655582840441927,88.80091756735409,0.015287658536446912,LOW
3000931.0,Manipur,25.18635703726985,93.55659682797337,0.008567324797480867,LOW
2000602.0,Assam,26.12250616363781,91.9391596129538,0.9842601358327947,CRITICAL
2000076.0,Assam,26.116576814028686,91.82891357625272,0.9864632624231611,CRITICAL
3002090.0,Manipur,25.35309343330093,93.37969470355746,0.004271447804034145,LOW
2000699.0,Assam,26.20377457309147,91.78953699449904,0.9984376634189883,CRITICAL
3000751.0,Sikkim,27.51358520649048,88.56798280178518,0.0014428136059420203,LOW
3003020.0,Assam,26.158707415715558,91.1727506008953,0.00034421325912523733,LOW
3002828.0,Assam,24.27110851090474,90.32194694667776,0.022698334345615908,LOW
3001230.0,Manipur,24.404627885518934,93.913880691843,0.24434465952177392,LOW
2000261.0,Assam,26.20935468367013,91.75997489041193,0.9981591520692954,CRITICAL
3001193.0,Assam,24.21654047504041,93.47230619611062,0.014129649780415374,LOW
3000754.0,Sikkim,26.998367113646644,88.1793776083472,0.0006176439873026301,LOW
3001371.0,Sikkim,27.16934837831772,88.45507267421767,2.5173397609652645e-05,LOW
3001386.0,Manipur,25.328917951204424,93.5350756095505,0.22448422903836246,LOW
3002059.0,Assam,25.200165241625403,91.24610327345258,3.2898137148544124e-05,LOW
3003380.0,Mizoram,22.999224298108285,92.8152876655439,0.005978226170981816,LOW
3002669.0,Assam,25.39378115914518,94.14111171895716,0.07370375345635663,LOW
3000685.0,Manipur,24.57561834248016,93.11622869900884,0.00019990574247582952,LOW
2000009.0,Assam,26.10559902691739,91.71683669885476,0.9461906216855085,CRITICAL
3001708.0,Assam,26.89587936775212,91.53628563447344,0.0001414193855774075,LOW
3001500.0,Mizoram,23.61534620608288,93.06856710969538,0.00013232572113406414,LOW
2000465.0,Mizoram,24.017774007085254,92.68698044062188,0.9947009822704127,CRITICAL
2000162.0,Assam,26.97970995276428,93.71475252521684,0.9974128929443518,CRITICAL
1050613.0,Mizoram,23.73354779,92.74744512,0.9985403244651543,CRITICAL
3002413.0,Sikkim,27.373290047592626,88.80541731533171,7.320707745371623e-05,LOW
3000780.0,Manipur,23.961241021370054,93.50748101359451,0.00014349383723955654,LOW
3002482.0,Manipur,24.987394745549903,94.06428387989342,0.02203485935416981,LOW
3002594.0,Manipur,24.598539078802503,94.55115985594604,0.00010336972567470924,LOW
3002279.0,Assam,26.290849658651226,93.22379205717212,0.005852212401688667,LOW
3000477.0,Mizoram,24.136045603281996,93.1927442771708,0.006640460336248424,LOW
2000668.0,Assam,26.1561062221411,91.72937562991116,0.9902972165316941,CRITICAL
3000761.0,Assam,25.70224714753684,92.42558398268184,0.0001178653278059258,LOW
3002406.0,Manipur,24.20720109421223,94.49231040531204,0.00013364641444657592,LOW
938394.0,Sikkim,27.74367525,88.52635367,0.9843302561362368,CRITICAL
3001566.0,Assam,24.36593826099181,92.11727018451644,6.360758283122217e-05,LOW
3002050.0,Assam,25.488847455647942,92.8730943485233,0.0026146767408330765,LOW
2000753.0,Manipur,24.911850114223466,94.48624190095768,0.9579224699234055,CRITICAL
3000606.0,Sikkim,27.09287445957932,88.24688415891985,0.00010740203937614979,LOW
3002680.0,Sikkim,27.61123326624383,88.26804171881794,0.0002277351623991401,LOW
1057888.0,Manipur,24.4265,94.1913,0.9992703983695121,CRITICAL
3002054.0,Mizoram,22.79018230776238,93.25303459143844,0.00013717740363308005,LOW
3003327.0,Manipur,25.19771406390537,93.8848350991409,0.00011175170366301414,LOW
3003323.0,Assam,24.91672239908235,93.27007768389949,0.00012304910039121668,LOW
3002114.0,Mizoram,23.469989703032983,93.16118094015506,0.0002474991410634601,LOW
3001785.0,Sikkim,27.543249447824056,88.23828805686998,0.03622524319488854,LOW
3002326.0,Assam,24.551828497701024,93.5635300760208,0.004511165301518197,LOW
3002460.0,Assam,25.64372710197086,91.8764637319408,5.1753678386095675e-05,LOW
3000612.0,Manipur,25.630577373414496,92.99707710301048,2.608099112645679e-05,LOW
3001701.0,Manipur,23.94467823074321,93.13565343706244,0.02575032785587187,LOW
3000229.0,Manipur,24.325037392054057,93.32305852434772,7.532318085657727e-05,LOW
3002165.0,Mizoram,22.634736725454623,92.75055306606173,0.18491458099577524,LOW
3001415.0,Sikkim,27.49712528253907,88.41112687292897,0.00035297575736781414,LOW
3001964.0,Assam,26.5555182298102,91.74817722677862,0.0001918236314542205,LOW
3003093.0,Assam,24.445649625946167,92.86170835617251,0.0038924275502837976,LOW
3003268.0,Assam,25.93588076430501,93.20285150331668,7.552381361215942e-05,LOW
3001434.0,Sikkim,27.54628469102317,88.3345390743212,6.248426854268812e-05,LOW
3000253.0,Assam,27.036040326058917,92.54429031476803,0.0007319970581398539,LOW
2000213.0,Assam,26.1528132519476,91.78395472455864,0.9996271870963076,CRITICAL
1050277.0,Assam,24.6005,92.3814,0.980529978542761,CRITICAL
2000180.0,Mizoram,23.728192221066152,92.718136895715,0.9957892330314626,CRITICAL
3001637.0,Mizoram,24.220976247216694,93.21219553933582,6.423827860595178e-05,LOW
3003260.0,Manipur,24.027970896520728,94.41558116876767,4.318098564630447e-05,LOW
1054158.0,Manipur,24.9336,93.8275,0.9756570875716905,CRITICAL
3000140.0,Assam,25.32127742131171,93.7554996266156,0.0028521910481463467,LOW
3002666.0,Sikkim,27.034813897024332,88.63934281971291,7.778814170925268e-05,LOW
3002417.0,Manipur,24.15315936392793,93.26186302749998,0.00027298737607001685,LOW
3002328.0,Mizoram,22.868366147389896,93.16279580974933,0.0023229088254458482,LOW
3000243.0,Assam,26.983727054792737,91.12682302279076,2.2507137296157983e-05,LOW
1050768.0,Manipur,24.7679,93.4108,0.9555340073461255,CRITICAL
3001384.0,Mizoram,22.803228033043457,93.05267282217248,0.001395220076299099,LOW
3000490.0,Assam,27.015445171795072,90.38419943697464,0.0002242403392794844,LOW
3000526.0,Sikkim,27.61396374004679,88.61116864205174,0.0015659209820290784,LOW
3002575.0,Sikkim,27.80611184372439,88.08013677286357,0.0006315624096342551,LOW
2000454.0,Manipur,24.842302831179907,93.5769593383474,0.9495531477952668,CRITICAL
3000667.0,Sikkim,27.809624383996525,88.00643812888968,0.0037829768928145857,LOW
3001297.0,Manipur,24.319844479889717,93.54871893525812,0.00014706637799608707,LOW
3000811.0,Sikkim,27.9366555208348,88.27030467527658,0.0011212914888979715,LOW
1048525.0,Assam,26.20023757,91.87974492,0.9961154270265864,CRITICAL
3003174.0,Sikkim,27.483516931105594,88.10142661020033,0.006492924571194951,LOW
3000402.0,Assam,24.735893555499192,93.3783315520093,0.00013880812725232335,LOW
3002134.0,Assam,26.61420849019611,90.0038997977563,0.0007232721931982204,LOW
3003312.0,Assam,27.2289289845253,91.89034661935383,0.002893246427756785,LOW
2000100.0,Manipur,25.14403512570328,93.9597687039717,0.9928806153237328,CRITICAL
3002423.0,Assam,26.10172517101116,91.24394523493812,0.0004996693894406966,LOW
3001962.0,Mizoram,23.310131949468857,92.87358292345417,0.0008634980718644961,LOW
3003257.0,Sikkim,27.731804223031254,88.19742883174787,0.0002132349140622672,LOW
3001644.0,Assam,26.17885018346236,92.11782949366426,0.0021266073541926197,LOW
3002754.0,Assam,24.71559205383397,92.16150574438822,0.04703868294769237,LOW
3000567.0,Assam,24.91465491368588,92.1709117545292,0.0008607586802829868,LOW
3003099.0,Mizoram,23.7621745250909,92.34118669644982,0.00012938640783651483,LOW
3001254.0,Manipur,25.33914144771937,93.3328395575311,0.00901521457103541,LOW
3001486.0,Sikkim,27.78480479524473,88.36715132496174,5.0257473048509574e-05,LOW
3002343.0,Sikkim,27.083418479544825,88.44937863752465,0.001019190050176953,LOW
3002532.0,Assam,26.67713332221912,91.15441005997562,0.07176110038677325,LOW
3003295.0,Manipur,24.696492762603096,93.98437471629656,0.0072793671528830674,LOW
3002223.0,Mizoram,22.373385799442072,92.84554712681926,0.03407226822886827,LOW
3000072.0,Sikkim,27.332304957908672,88.64704823940296,0.0005332173007984115,LOW
3001674.0,Assam,26.297496378605715,90.74381769681598,0.00042758975042351654,LOW
3003127.0,Manipur,24.550959622573863,93.62738032347556,0.001981704619059415,LOW
3001688.0,Assam,24.434747422958083,92.20699652464758,0.00032003509785331343,LOW
1056342.0,Manipur,24.7339,93.9161,0.8563940109754304,CRITICAL
3002405.0,Assam,26.58241450382948,91.15406359417123,0.001684843851085281,LOW
3003243.0,Sikkim,27.313718862127704,88.80321994968082,0.0061724889653406115,LOW
3001363.0,Manipur,24.50731851048476,94.58579549595596,7.033344882518777e-05,LOW
3003213.0,Mizoram,23.61586099836657,92.34021524243008,3.0036467305618174e-05,LOW
3000224.0,Manipur,24.660555491947758,94.34267965085265,0.00028314474279749656,LOW
2000276.0,Manipur,25.48748244877796,94.10551611759269,0.9816466331630631,CRITICAL
3000903.0,Mizoram,23.73219006170382,92.38294030453218,0.0001143572097164393,LOW
2000252.0,Sikkim,27.239882391080343,88.15864246450195,0.9861373691922726,CRITICAL
3001294.0,Sikkim,27.97076115483789,88.11810270915319,0.001823257933272831,LOW
3002628.0,Assam,24.217592534855974,93.12113190230954,0.0011631824090028928,LOW
3002210.0,Manipur,25.272553161965195,93.17170128369392,8.146717135311977e-05,LOW
3001884.0,Assam,25.572405004830223,90.07823688795123,0.00019414415400419586,LOW
3003564.0,Manipur,24.45039161601957,93.67745322337994,0.001827831192986419,LOW
3002150.0,Mizoram,22.81573512186501,92.9792741270686,0.00023472335627667005,LOW
3001301.0,Sikkim,27.38245488808341,88.49484062352508,2.2924665314043755e-05,LOW
3000266.0,Assam,25.73998603015033,90.63403385778123,0.0121031847195739,LOW
3001447.0,Assam,27.06741670956097,89.96848045149213,2.5797964379301324e-05,LOW
1052013.0,Manipur,24.37169581,93.70684171,0.9834411852616958,CRITICAL
3000622.0,Assam,24.463341140303477,93.52418471074364,0.00048775073177438285,LOW
3000295.0,Manipur,24.7990560483306,93.28205857571844,0.010726615148583885,LOW
3001202.0,Sikkim,27.65049566718937,88.04156154145242,0.19261753376951418,LOW
3000033.0,Manipur,25.586282390831578,94.35713964112104,0.0013380041120336199,LOW
3001481.0,Assam,25.04940250474964,93.56412350277688,0.00022087439890791112,LOW
2000773.0,Assam,25.15209922549562,93.00695594297734,0.9094402973790843,CRITICAL
3002374.0,Assam,24.89275500284693,90.00682846356862,0.009775249817569975,LOW
938415.0,Sikkim,27.3383,88.6069,0.9886025239772104,CRITICAL
3001963.0,Sikkim,27.88956483871852,88.39557821417755,5.292403566156209e-05,LOW
3002921.0,Assam,27.17502444928955,91.72260063404728,0.0004919196408045693,LOW
3003547.0,Sikkim,27.57881268441048,88.62345012160134,0.00025777963364381664,LOW
3000536.0,Assam,26.74278924869705,90.82656154139444,0.001146098600655483,LOW
3000997.0,Mizoram,23.753845073399088,93.51268572727804,3.238537194477728e-05,LOW
3002484.0,Mizoram,22.388876409284418,92.50799771889513,6.928413058285007e-05,LOW
3001276.0,Manipur,23.98890680368535,92.99196691681009,0.0033895135084096315,LOW
3001365.0,Sikkim,27.634160181653726,88.12818413848389,0.0027691320542748074,LOW
3001745.0,Assam,25.419621968894138,93.84990019784192,0.003016876202865581,LOW
3002203.0,Assam,25.713988189711312,92.080676471992,0.0015051249537349426,LOW
2000327.0,Assam,26.116794119582288,91.77058973953947,0.9946447134243795,CRITICAL
3002914.0,Assam,27.197621914079928,92.99170417366042,0.00019818416212660984,LOW
2000713.0,Assam,26.18436741678194,91.7824502667003,0.9875225146425493,CRITICAL
3002119.0,Assam,25.740584219058228,91.86138067621832,8.241339212965387e-05,LOW
3000177.0,Mizoram,24.069952109161072,92.44061805459788,4.2857595007042104e-05,LOW
1050501.0,Assam,24.5308,92.5121,0.9919362939736345,CRITICAL
3000723.0,Assam,24.635712046401107,93.8393139129534,0.012126933342986299,LOW
3003374.0,Assam,24.360325199339503,91.11270352632026,0.11325182338057432,LOW
3000565.0,Manipur,25.065724588952,93.0154070790933,0.0003105219701819118,LOW
2000363.0,Mizoram,22.952038906041835,92.709779926619,0.9903505517147853,CRITICAL
3001487.0,Mizoram,23.04068402783151,92.67013170979368,0.00016857023287113697,LOW
2000625.0,Manipur,24.76656733297476,93.9320850236408,0.9894620196581432,CRITICAL
2000810.0,Mizoram,22.542585128590577,92.89733613735405,0.9978164089886339,CRITICAL
3003325.0,Sikkim,27.508144174353585,88.42830903240069,0.0466704263262719,LOW
3002731.0,Assam,26.47602904730601,94.20553175874748,0.0029913565189395217,LOW
2000745.0,Assam,26.17777723031988,91.7913817342358,0.9980402863513765,CRITICAL
3000042.0,Sikkim,26.996375450275117,88.76577188424805,0.009641629287105054,LOW
3001460.0,Assam,25.9719104485252,90.00310457534289,0.0005156280962675176,LOW
3002660.0,Sikkim,27.92295101320266,88.05860181859013,0.0021390014742673795,LOW
3002007.0,Mizoram,24.12131863921158,92.58622497079364,0.00038455066524293376,LOW
2000618.0,Manipur,25.053795962680034,94.33905763368296,0.9906593618581714,CRITICAL
3001954.0,Assam,24.58981181418128,90.2302322707332,0.08357254880218648,LOW
3000378.0,Tripura,23.089521341008638,92.12442612720642,0.0004954294279952331,LOW
3003402.0,Manipur,23.91493738444718,93.49311508576136,0.0005283221369084995,LOW
3000627.0,Manipur,24.370469054948988,94.1480041470604,0.0007915737132580974,LOW
3002715.0,Manipur,25.58184568561906,93.33992603623676,0.01908004016870969,LOW
3003590.0,Assam,24.694877676997883,93.61745579002002,0.03368573245824646,LOW
3003339.0,Mizoram,23.386396944082517,93.49892463630673,0.00026834354885071844,LOW
2000060.0,Assam,26.08654767923555,91.7381707266243,0.9972527278245307,CRITICAL
3003553.0,Mizoram,23.61727060615371,92.4254333851816,4.407485810335278e-05,LOW
2000720.0,Manipur,24.21922819141755,93.1946435700996,0.9987439095534805,CRITICAL
3002526.0,Assam,26.749366998010903,93.28383165585647,0.0006172651084794458,LOW
3002337.0,Manipur,25.085351228430472,94.48897232988392,0.0002427533374280244,LOW
2000269.0,Assam,26.142904972356614,91.71810523453212,0.9996868790656506,CRITICAL
3000347.0,Assam,24.76872171264884,92.74451373324688,0.0003780878683538029,LOW
3002097.0,Mizoram,22.929492580424437,93.37209392366935,0.0025177595389688718,LOW
3002118.0,Assam,27.02803335998859,93.3985131687474,0.0010831066528839601,LOW
3001772.0,Sikkim,27.90513878436021,88.35720725292029,0.0017286611646893009,LOW
2000250.0,Manipur,25.4929124657929,94.14007872590632,0.9939508306914406,CRITICAL
2000292.0,Manipur,25.053066768370616,94.33561760372343,0.9764376194078536,CRITICAL
3000050.0,Assam,24.921019471506305,90.88940634192552,0.0010961058857171507,LOW
2000102.0,Assam,26.1071403344522,91.7125973534072,0.9935110539806176,CRITICAL
3000385.0,Assam,24.4319249916449,94.10352124494302,0.0023341712145686193,LOW
3003247.0,Assam,26.087871915855743,91.80752739482725,0.009925549339349436,LOW
3001636.0,Manipur,24.62403606914644,94.10049350461082,9.372596486701028e-05,LOW
3000263.0,Sikkim,27.27525968677837,88.78202061034766,0.0001362291665101289,LOW
3002452.0,Manipur,24.49864541703429,94.65656154975062,0.00016528338042284634,LOW
3002173.0,Manipur,24.93241620922073,94.39510737528737,0.0014401937079243526,LOW
3001379.0,Manipur,24.106130407791795,94.543658588767,0.00016849851671661562,LOW
1048541.0,Assam,26.22247247,91.92053028,0.9975546895170913,CRITICAL
3002922.0,Manipur,25.46264905547393,94.02871120234444,0.0001515417836604698,LOW
3001750.0,Manipur,24.256020486183644,94.53353076555472,0.0003499312391035741,LOW
2000478.0,Assam,26.122475765215437,91.79527802234584,0.9922866394584675,CRITICAL
2000692.0,Assam,26.20743664870755,91.77297046596486,0.9967636579495606,CRITICAL
2000339.0,Assam,25.8922402440309,91.21126436868003,0.8999654255029492,CRITICAL
3001744.0,Assam,25.78289417933584,93.97129619933072,0.0005743972846876933,LOW
3001432.0,Assam,27.12920550006545,92.65487166866303,0.00019587564981203578,LOW
3000461.0,Mizoram,22.770510876164465,93.4396008804736,0.0036758649534863385,LOW
3000457.0,Manipur,24.179594225525207,93.35110787040898,0.0013496805356530482,LOW
3001226.0,Manipur,25.143031158782534,94.74226002552844,5.894907974724015e-05,LOW
3003080.0,Sikkim,27.293907545912365,88.83023010795597,0.02482600049889663,LOW
3002826.0,Mizoram,23.881001025233083,93.46527606115497,0.0015795616387443965,LOW
3003576.0,Manipur,25.525492995705264,93.69284410128124,0.00020386791837999845,LOW
3001886.0,Assam,24.718810687267,93.33423347432743,0.00019449340065214198,LOW
3003102.0,Sikkim,27.90055147786924,88.58431772475808,0.004064110203833012,LOW
3003365.0,Manipur,25.27015723876503,93.93523387464128,6.171612656876265e-05,LOW
3002656.0,Manipur,23.903583962150588,93.58993666063036,0.009097996198686207,LOW
3001407.0,Mizoram,23.481188770042323,93.14006487245376,0.00016961053009739358,LOW
3000186.0,Mizoram,22.406810617857413,92.52431942655085,0.08258620599699001,LOW
3002361.0,Manipur,25.56132111746897,93.82205821879856,0.0007158181267021362,LOW
3000200.0,Assam,26.95844867493239,92.41829169341692,6.605698719959993e-05,LOW
2000815.0,Assam,26.12416565345173,91.91249598004671,0.9877054051513524,CRITICAL
3000209.0,Assam,27.3712917601231,91.45379166665568,9.427981246492971e-05,LOW
3002351.0,Manipur,25.482199369655813,93.3794401256706,0.021656159197498213,LOW
3000599.0,Mizoram,24.01511033210137,92.39793207494064,0.15568258434841575,LOW
3000276.0,Manipur,25.32088571298858,94.2302743892518,0.192223409009482,LOW
3001798.0,Sikkim,27.91287977434436,88.23041050004957,0.0005215564114573486,LOW
1048421.0,Assam,26.16343122,91.76898556,0.9945636339740392,CRITICAL
3002099.0,Sikkim,27.931499747069125,88.6036297432748,0.06362218394516933,LOW
3001146.0,Assam,27.141066034704775,94.24981753225616,0.00024185299831943285,LOW
3003039.0,Sikkim,27.06292809870764,88.46488778667312,0.0006871295203827097,LOW
3001160.0,Assam,25.53675718253992,92.47937303567004,0.0006738288996398123,LOW
3001007.0,Manipur,24.943704099676676,94.72362113879444,0.00016174852161903643,LOW
3002301.0,Mizoram,22.6501668161282,92.32637763101852,0.025089419192957763,LOW
3000087.0,Assam,25.06624240936382,93.5646805225174,0.05530479234866614,LOW
1050795.0,Manipur,24.9786,93.5027,0.999823085001938,CRITICAL
3002842.0,Assam,24.54234226185081,93.2313442785359,0.00015711017869317914,LOW
3001492.0,Sikkim,27.717390691226747,88.52302830345884,4.5225226831531146e-05,LOW
3001579.0,Manipur,24.82192280169716,94.44132222594295,0.0034236466405300776,LOW
3003110.0,Manipur,24.32607056180506,94.50668844111628,6.58973036383108e-05,LOW
3000482.0,Assam,25.27424356559232,92.10308481653692,0.0015277492273088138,LOW
3000244.0,Assam,24.901267935097334,90.4658899163448,0.0023156579915701416,LOW
3002274.0,Assam,26.9226607833294,91.92519410396076,9.968086258882336e-05,LOW
3000472.0,Manipur,24.576733231250717,94.44713074001616,0.002286487498429469,LOW
3001555.0,Sikkim,27.37776688657838,88.2974741221179,0.0003947856960176125,LOW
2000799.0,Sikkim,27.141355227439977,88.235885944325,0.9997371593549162,CRITICAL
3003035.0,Assam,27.01001373191052,93.36319128653992,8.435361012826066e-05,LOW
3002757.0,Assam,26.664136121132604,92.7423769952201,3.505525649009491e-05,LOW
1050561.0,Assam,24.49649775,92.58903387,0.988489010112072,CRITICAL
3002163.0,Sikkim,27.922245987900396,88.33023734333106,0.003324938964556592,LOW
3000717.0,Assam,25.98183284295572,90.61238318681636,0.0005663560648073524,LOW
3000158.0,Assam,25.755769220987744,92.33692308437172,3.535313763756063e-05,LOW
3000626.0,Assam,27.21077279362612,90.90735539570144,0.00014439745174361603,LOW
2000406.0,Mizoram,23.724074059611315,92.712883229886,0.9982040578763496,CRITICAL
2000089.0,Mizoram,23.62553525417235,92.83168516387605,0.9856922444780761,CRITICAL
1050744.0,Assam,25.195355,93.172758,0.9385104073536451,CRITICAL
2000408.0,Assam,26.077232634116044,91.70147606155308,0.9892273546352826,CRITICAL
938258.0,Sikkim,27.28329478,88.23595536,0.9945558966683881,CRITICAL
3002631.0,Mizoram,23.62249277613156,93.04035432338738,2.794351881620016e-05,LOW
2000334.0,Sikkim,27.459155601668733,88.55252312968952,0.9950156494903681,CRITICAL
3003114.0,Sikkim,27.915868387043663,88.88896988979832,2.2499102431105572e-05,LOW
3001247.0,Assam,25.389478479302404,91.6123187863891,0.0002324156110894107,LOW
3003424.0,Assam,26.669823927368714,91.76634888494156,0.0008109650502646671,LOW
3003046.0,Sikkim,27.814444855435248,88.11425966277429,0.0001645559978236758,LOW
3003218.0,Manipur,24.21293914279721,94.19454376596318,0.0006605350931752199,LOW
3001613.0,Assam,26.480762292770947,91.98051664326398,0.0060416610237988095,LOW
3001467.0,Assam,24.93806975248687,91.31177513653972,0.00019510515669083692,LOW
2000026.0,Manipur,25.43819810003124,94.03730010560308,0.9374063158746438,CRITICAL
3001932.0,Assam,25.130224930263196,92.93610982572972,0.011692841684803477,LOW
2000624.0,Manipur,24.848461893776648,93.9098790363698,0.9868824341256348,CRITICAL
3002678.0,Tripura,23.50629911544188,92.2336925173181,0.13539907889148062,LOW
2000510.0,Assam,26.091123364731043,91.7497090100452,0.9814455858604572,CRITICAL
3001212.0,Manipur,25.278717081949235,94.74674615664094,0.017747252361206625,LOW
3001346.0,Manipur,25.132451316251785,94.21724915377273,0.011664769379497833,LOW
3002001.0,Assam,26.190583981890363,90.93188502139336,0.15374428271860757,LOW
3001191.0,Assam,26.719201427950544,91.61195415040244,8.362111478401711e-05,LOW
3002461.0,Assam,25.47543493641193,92.97651819777386,0.014900856217347987,LOW
1057841.0,Manipur,25.4192,94.108,0.9997607906056093,CRITICAL
3002728.0,Mizoram,23.625206235394398,93.4898302867808,3.329359680344858e-05,LOW
1048402.0,Assam,26.13041734,91.74561624,0.9886091033208739,CRITICAL
3003139.0,Tripura,23.767218221358338,92.36453407822464,0.021648474323491918,LOW
3002284.0,Assam,25.960898786630064,91.21569569600445,3.6975660043777715e-05,LOW
2000284.0,Mizoram,22.88263964544609,92.761355452929,0.9740769523652852,CRITICAL
2000797.0,Sikkim,27.725393254268827,88.54874720230109,0.9621897700380841,CRITICAL
3001477.0,Sikkim,27.457849251840525,88.00529160350041,3.537731564070096e-05,LOW
3000748.0,Assam,24.310567629813526,92.59273054721456,0.0003473983303048368,LOW
3001302.0,Assam,24.36143105031812,93.36141352202716,4.068983621943265e-05,LOW
3000274.0,Mizoram,24.08402805113571,93.40925692248707,0.0022703907444890565,LOW
3002409.0,Sikkim,27.00243427395068,88.77769516114074,6.318177660898204e-05,LOW
3000933.0,Manipur,24.714395130919552,93.14645206481308,0.004874511724784282,LOW
2000646.0,Sikkim,27.171898450872497,88.521149969773,0.9983553768658473,CRITICAL
2000581.0,Assam,26.180040850540607,91.76898887625256,0.9888218048177154,CRITICAL
3000810.0,Sikkim,27.142591653100965,88.01624477424956,0.00023663890779162045,LOW
3000950.0,Manipur,25.466941660228684,94.12693121362987,0.1360560811641016,LOW
3001899.0,Manipur,23.897272454150063,94.73546041203602,3.709546694497507e-05,LOW
3001139.0,Sikkim,27.166747968371777,88.4651041854274,7.11998371889498e-05,LOW
3002412.0,Manipur,24.25607048531838,93.94609727215564,4.1070793222101696e-05,LOW
1048550.0,Assam,26.13140438,91.93086808,0.9979931815872857,CRITICAL
3000241.0,Manipur,25.149405853011054,93.62566694303008,0.0008801194592614582,LOW
3000297.0,Mizoram,24.02892562203204,93.30174248443171,0.00027080237162943393,LOW
3001453.0,Manipur,25.16902207822117,93.8377790036596,0.0018492340487699733,LOW
2000536.0,Assam,27.166135635605063,94.13303165463115,0.9482602916009116,CRITICAL
3002749.0,Tripura,24.408791445672392,92.20061341263506,0.003605457604451536,LOW
3003543.0,Sikkim,27.65094362271885,88.56065610956186,0.16962517084964204,LOW
3000425.0,Manipur,24.379156920400334,93.10319301401157,0.00014424348510653245,LOW
3002363.0,Mizoram,23.849660842609406,92.77276289412828,0.1463407049345109,LOW
2000441.0,Sikkim,27.244309545480935,88.59832251517257,0.9983019786816006,CRITICAL
3001877.0,Sikkim,27.016997566190387,88.32098670439098,0.0001594026149050191,LOW
3000155.0,Assam,26.01192744213965,93.46976886921362,4.562746823943207e-05,LOW
3003123.0,Assam,27.35811088073399,89.92920007943327,0.011932646959605166,LOW
2000470.0,Sikkim,27.297561237919755,88.67812932193299,0.9938856830074052,CRITICAL
2000620.0,Manipur,25.162332513279555,93.97189430629992,0.9993314468232619,CRITICAL
3003183.0,Manipur,25.47092914311935,94.67078305772876,0.002193048422012833,LOW
1048389.0,Assam,26.16833375,91.72831667,0.980887946025391,CRITICAL
3000438.0,Manipur,24.6378217570883,93.46709688023122,7.497528582335226e-05,LOW
3000468.0,Assam,25.302469693128423,90.5218102861816,6.546123336473425e-05,LOW
2000113.0,Assam,26.57802811135104,93.10365592697752,0.9195472942876126,CRITICAL
3002642.0,Sikkim,27.08802096092618,88.22189990177161,4.057200867044846e-05,LOW
3002268.0,Mizoram,22.36787462285562,93.14312509946468,0.0005298793222004146,LOW
3001833.0,Assam,25.699850914583465,91.28115483503042,2.3107676445458052e-05,LOW
3002166.0,Sikkim,27.395610114548944,88.48988507060403,0.00017948149016212077,LOW
2000307.0,Manipur,24.369912889780107,93.70349099880038,0.9601751017893287,CRITICAL
3002270.0,Manipur,24.881266702914047,94.11085155367913,0.003390945854300697,LOW
3000409.0,Manipur,25.14413464923729,93.13099145414954,0.0003621154725831086,LOW
3002596.0,Assam,24.818093364677672,91.24505825465523,0.01089066059842269,LOW
3001970.0,Assam,27.333383173487253,89.94990892167877,0.00604947205043534,LOW
2000629.0,Manipur,25.326535455077316,94.05219516990066,0.9799112892190291,CRITICAL
3001209.0,Assam,24.645403161572048,91.32964213419449,0.0012286779872076811,LOW
2000712.0,Assam,27.166495272676094,93.9913012967744,0.9976156154721998,CRITICAL
3000128.0,Mizoram,24.277584805201965,92.91549085204544,0.0012172946324753202,LOW
3000478.0,Assam,24.25586783712613,93.3574183567556,0.022893226556239283,LOW
3000800.0,Tripura,23.64276252145943,91.61132582622515,0.00023531233053713282,LOW
3000111.0,Manipur,25.2507527234659,94.21801144739428,0.00018609459460826457,LOW
3000788.0,Assam,27.0610883929057,93.28268287422723,0.0018422764429178833,LOW
3002197.0,Manipur,24.01821494868147,94.18678252726774,7.651840824602848e-05,LOW
1048458.0,Assam,26.1966,91.802,0.9826900424188434,CRITICAL
3002639.0,Manipur,23.8101529577958,94.28594230876963,6.602296874095154e-05,LOW
2000606.0,Assam,24.52906396024737,92.71136501232054,0.9880229363799243,CRITICAL
3002376.0,Mizoram,22.955790499953885,93.02122657867687,3.911435153162611e-05,LOW
3002336.0,Sikkim,27.670010454766278,88.80217657471924,0.026684246643042496,LOW
3002945.0,Assam,27.078958328930927,90.69338912097272,0.00014970447242484668,LOW
3002518.0,Sikkim,27.172312727887952,88.59254696384491,5.976677621928447e-05,LOW
3003413.0,Manipur,25.12902559882426,93.51004936102365,3.5075709717835234e-05,LOW
3001628.0,Mizoram,24.36236871669608,92.87464604814748,0.0006326702327222629,LOW
2000762.0,Manipur,25.20010302108813,94.04958573273564,0.979201230262646,CRITICAL
3001159.0,Manipur,24.991422749413797,93.96530059152003,0.0002225649488919885,LOW
2000818.0,Manipur,23.907840563509403,94.16313660894184,0.9649877951885961,CRITICAL
1050599.0,Mizoram,22.97431823,92.72197716,0.989232077460666,CRITICAL
3000319.0,Manipur,24.147682205842152,93.62254918094436,0.00027287985126157746,LOW
3002705.0,Sikkim,26.996468685108223,88.43885474562744,0.0004773682148696943,LOW
3000182.0,Manipur,24.892071740990342,93.55268169128036,0.0049912083163179055,LOW
3001517.0,Assam,26.243592563420503,90.93820831088718,0.0012484858862039103,LOW
3002951.0,Mizoram,23.714751978772565,92.67579650568936,0.0011228335809143886,LOW
2000634.0,Manipur,24.67248630681676,93.96789447003928,0.99858827719308,CRITICAL
1057817.0,Manipur,24.2451,94.0691,0.9662473189484235,CRITICAL
3000165.0,Manipur,24.294677246691663,93.09066610364276,0.0001495614411298311,LOW
3003002.0,Assam,27.23338510594092,92.76040503231748,0.030039197410430957,LOW
3003148.0,Assam,24.418175756300045,93.4187426307965,0.03275035244969064,LOW
2000511.0,Sikkim,27.534939371986518,88.50331541241256,0.9970573769419087,CRITICAL
3001594.0,Mizoram,23.054312874688947,92.56395615252048,0.000166489896016326,LOW
3002798.0,Sikkim,27.424672938385232,88.02565139838126,0.002564167606362441,LOW
3000160.0,Manipur,25.460776704797546,94.47362300050142,0.0013699904266527962,LOW
1057953.0,Manipur,25.31006064,94.48265093,0.9973690369369534,CRITICAL
3000462.0,Mizoram,24.01799512865986,92.64207560707511,4.0193189591359776e-05,LOW
3001232.0,Manipur,25.2648008844247,93.98770115272926,3.005971569719742e-05,LOW
3002456.0,Manipur,23.82614879431705,94.56292118143875,0.00011744049995514433,LOW
3000118.0,Manipur,24.77121121068028,94.19851258526045,0.0034701216979586315,LOW
3002936.0,Sikkim,27.844580813684548,88.81427798219002,8.101037163518875e-05,LOW
3001275.0,Assam,24.286885335812503,93.3984664268362,0.000162736655491385,LOW
3001343.0,Assam,27.28479242862144,92.45005221187452,0.0006481684714233641,LOW
3003172.0,Assam,26.733349636690345,93.9481517872077,0.0001828466041519101,LOW
3000009.0,Manipur,25.22488923778948,94.22573910101347,0.00022400793449768884,LOW
1050673.0,Assam,25.1796,93.0083,0.9720394713345333,CRITICAL
3002925.0,Assam,26.66941100260101,91.84974334639148,0.0004515893749063625,LOW
3001659.0,Assam,26.97298368246857,90.08025269551976,0.2954393275527226,MODERATE
3000040.0,Manipur,24.56464029237645,94.4180774428652,0.0010751797508040813,LOW
3001090.0,Assam,26.77799379241164,92.04074841804292,3.730672129048771e-05,LOW
3001541.0,Manipur,23.965092818407957,93.07382659911256,0.00022490824382421983,LOW
1050748.0,Manipur,24.30415689,93.18182448,0.9957334078505332,CRITICAL
2000109.0,Sikkim,27.26640166719204,88.72479452156523,0.9937498824323181,CRITICAL
2000655.0,Manipur,25.19999862249865,94.02883439539404,0.9979774207392582,CRITICAL
3000030.0,Assam,26.03002696033117,91.12356584808572,0.010512667347622746,LOW
3003208.0,Mizoram,23.07773153094779,93.13550740316494,3.2053405222152416e-05,LOW
2000628.0,Assam,25.18874422670149,93.17596401956357,0.9177950145085748,CRITICAL
3002571.0,Assam,25.192759075954772,91.09167232804552,0.00029882236842757086,LOW
3003175.0,Assam,26.44101161970813,92.52866863519873,0.0059566284937474,LOW
3001333.0,Assam,26.059920584206356,90.67289783878708,0.005729201455406946,LOW
3002736.0,Assam,24.296520963090217,92.75601303303137,2.1845621684741594e-05,LOW
2000678.0,Manipur,24.911517236132703,94.46038409997502,0.9818423677343011,CRITICAL
3000967.0,Sikkim,27.275588081547347,88.34689556006667,9.526896202758919e-05,LOW
3001944.0,Sikkim,27.581546470893667,88.54839558707458,7.872064034970626e-05,LOW
1050630.0,Assam,26.35735036,92.82954074,0.9744321163737921,CRITICAL
3002123.0,Sikkim,27.1485502896132,88.13458852228378,0.00025171453120174703,LOW
3000117.0,Manipur,24.39145970056788,93.582085213495,0.0004487863293479265,LOW
3003580.0,Manipur,25.253924931356785,94.04162559259052,5.921848701983733e-05,LOW
2000588.0,Mizoram,23.731307426878097,92.75055022593996,0.9797374675911867,CRITICAL
3001716.0,Manipur,25.239080349699805,92.97713055306524,2.480589621777287e-05,LOW
3002443.0,Assam,26.678165875153564,92.42827671803298,9.697731823892831e-05,LOW
3001753.0,Manipur,25.435187854141407,93.15314652699,0.006553942943275351,LOW
3002080.0,Manipur,25.12014744941317,93.02663310220328,0.0003113294823325975,LOW
2000239.0,Tripura,23.741731836929613,91.73816228883244,0.9627974951143299,CRITICAL
3001815.0,Assam,24.64916270683745,91.55590657147344,0.0001448985289404572,LOW
3000543.0,Manipur,23.85656758649405,94.6854536665463,0.04851221403800188,LOW
3000191.0,Assam,26.91107261853278,92.57427034516654,0.0013524809187832664,LOW
3003455.0,Sikkim,27.22748180707395,88.15998161998512,4.98298580812063e-05,LOW
3000648.0,Mizoram,23.300147918840725,93.19042410456592,0.00011797292136026552,LOW
3000380.0,Assam,24.982973375051508,92.10868731648446,0.0006658859410333218,LOW
3000456.0,Sikkim,27.07245201246162,88.52492290188756,7.272449941725717e-05,LOW
3001153.0,Sikkim,27.49340158035704,88.02197179739433,0.0004149398881267515,LOW
3001013.0,Sikkim,27.974022205348447,88.22128630418472,0.0004669847267798925,LOW
3000821.0,Assam,24.214776703118005,91.69406082183777,5.951436149249568e-05,LOW
3003574.0,Manipur,25.24575571834756,93.22776468804068,0.0013363156241452852,LOW
3000757.0,Manipur,25.143684189255747,94.00062767684514,0.0007772288913619866,LOW
3000108.0,Assam,26.623019621115013,93.72214704118514,0.02844992940431095,LOW
3000804.0,Sikkim,27.17748930664738,88.63673143432071,0.0036599253923474025,LOW
2000195.0,Sikkim,27.14098599775839,88.1507397259326,0.9935254787365286,CRITICAL
3002600.0,Mizoram,24.179166317941863,92.5865884681473,0.00020204448986405505,LOW
3002790.0,Assam,26.8012146781393,90.21666863814968,0.00021171920537231068,LOW
3000507.0,Manipur,23.97702156940145,94.05261845093317,0.0004957914046673535,LOW
3002280.0,Manipur,25.127201502377023,94.4390260362705,7.114215042899056e-05,LOW
3002216.0,Sikkim,27.372061054901454,88.74989856674712,0.04290977517827438,LOW
3000081.0,Sikkim,27.130605703290723,88.58528780062512,0.0016201066403628696,LOW
2000481.0,Manipur,23.997348918279723,93.9792836009915,0.9970013907006987,CRITICAL
3000602.0,Mizoram,23.991930617623797,92.34070330443484,8.893051495959294e-05,LOW
3000429.0,Sikkim,27.827518697417744,88.62019293203915,0.0007270909279454982,LOW
3000794.0,Sikkim,27.48382985591875,88.16400892347124,0.0008482936240868172,LOW
3001440.0,Assam,25.873217337918412,90.45554121920053,0.036127632668698964,LOW
1057863.0,Manipur,25.48,94.1383,0.9923444257372718,CRITICAL
2000249.0,Manipur,25.18246608895905,94.46429234803392,0.8979117214683305,CRITICAL
3001135.0,Manipur,25.45842668061908,94.06218180811264,2.975114736757709e-05,LOW
1048416.0,Assam,26.1407,91.7645,0.9993456683649908,CRITICAL
2000079.0,Manipur,24.994381216441955,93.49388311963818,0.9848320457116502,CRITICAL
3000248.0,Manipur,25.28889114183575,94.68363396998755,0.0014327548728065133,LOW
3000273.0,Mizoram,22.393788292575103,92.74091151212671,7.880484105223819e-05,LOW
3000847.0,Mizoram,23.57312212515248,93.29269748948298,0.0003277536046400227,LOW
3002825.0,Assam,27.256341356403365,92.89469438131142,0.0002600893838158071,LOW
3003207.0,Manipur,24.67613633266925,93.5436752217395,0.00037431913720703747,LOW
3000914.0,Assam,24.7560659384168,92.97673244999264,4.833387620406293e-05,LOW
1048518.0,Assam,26.1062,91.8717,0.9844974380411028,CRITICAL
3002365.0,Assam,25.11667642664142,92.6522723603636,0.019509332441868546,LOW
2000457.0,Mizoram,23.740401704440615,92.7233873507537,0.9740258674782096,CRITICAL
3002353.0,Manipur,25.20456776058291,93.36566169743892,2.5188740243475e-05,LOW
3000809.0,Sikkim,27.22030254421008,88.8914210685476,0.039901842488142825,LOW
3003513.0,Manipur,25.15777744409439,93.89970067459568,0.07589040481185899,LOW
2000123.0,Manipur,24.405039820446905,94.07388937494318,0.9973454252600117,CRITICAL
3001789.0,Manipur,25.53963217080921,93.43624031831996,0.08521842507960486,LOW
3002727.0,Manipur,24.939898976143773,93.96182037182425,3.148855935636402e-05,LOW
1050665.0,Mizoram,23.591,92.9296,0.9972651719184364,CRITICAL
3002778.0,Assam,26.38731764376945,91.11236678140808,7.605507400100796e-05,LOW
3000326.0,Mizoram,23.33720923279761,93.00535580798898,0.00020807835682484023,LOW
3002800.0,Assam,25.26107362660006,91.30917520321664,0.00013767847404413591,LOW
3003311.0,Sikkim,27.550309608542573,88.07116010879652,0.00045344285627043333,LOW
3001685.0,Manipur,25.2630150730851,93.91709090012152,0.00022074132007699339,LOW
3001141.0,Assam,26.099879193639445,92.07840168537491,0.0637369867600342,LOW
1057376.0,Manipur,25.4538,93.9827,0.9878989685011677,CRITICAL
3003005.0,Tripura,23.004690089904752,91.67699944701764,0.015091465147021617,LOW
3001182.0,Manipur,24.72709477872039,93.6848278558908,0.00012840287754554657,LOW
3002942.0,Sikkim,27.152223398057213,88.8873120306488,3.1416962294174506e-05,LOW
2000559.0,Assam,26.17847825042502,91.76244627670242,0.9879887185935758,CRITICAL
3002375.0,Sikkim,27.318895754976648,88.54577488034003,0.00046623400986681136,LOW
3002723.0,Assam,24.275870270203693,94.01415766419235,0.07929515785341668,LOW
3001600.0,Mizoram,23.137562290543407,92.64267146100394,8.766871068939443e-05,LOW
3000948.0,Assam,25.457254447710955,91.100689276165,4.840228885704504e-05,LOW
3002345.0,Manipur,24.293698673859044,93.15711883041304,0.022309007610563435,LOW
3003163.0,Sikkim,27.47982309758983,88.28122807256497,0.2944714252066556,MODERATE
3000869.0,Sikkim,27.719004584270834,88.45282418237537,3.0266344428989176e-05,LOW
2000149.0,Manipur,24.941758092554867,93.50826775588506,0.9898696890182073,CRITICAL
3002269.0,Assam,24.44095595648168,92.8358581824441,7.375718880407924e-05,LOW
2000256.0,Assam,25.052958151991547,92.79762712992158,0.9984959434439051,CRITICAL
3000070.0,Assam,25.249674435695567,91.14949972508307,2.4365633030882634e-05,LOW
1048378.0,Assam,26.13088435,91.71073619,0.9588567084167279,CRITICAL
3002346.0,Manipur,25.094614431586763,93.84647755893666,0.003926665239285,LOW
3002787.0,Manipur,25.363939305454704,93.22335276338931,0.00012723260964277324,LOW
3002388.0,Assam,26.460424419994524,90.35767511344724,0.13764602172757884,LOW
3000598.0,Assam,24.928752034493925,91.34601783651806,0.0003545625349064932,LOW
3000242.0,Assam,24.690797840313923,91.29197560061073,0.015472490730779123,LOW
3002109.0,Manipur,24.28853661052699,93.55037703550198,0.00030622873568730466,LOW
3003481.0,Sikkim,27.3655329065076,88.76320313823193,0.004339403902915937,LOW
3000336.0,Mizoram,23.07051515767031,92.45047511839756,0.00018384032668252153,LOW
3002008.0,Manipur,24.83398634461369,93.23706938858965,0.00030828984454837975,LOW
3000074.0,Sikkim,27.58985727309441,88.47145929268532,3.5016661847431615e-05,LOW
3002617.0,Assam,26.453743016362072,93.47447951120748,0.03631184378938353,LOW
2000227.0,Mizoram,23.737306336407585,92.75738048508455,0.9747677588480257,CRITICAL
3000513.0,Assam,25.279867020136024,90.56685920526137,4.9171182146394614e-05,LOW
3001000.0,Mizoram,22.768850649676136,93.46527220465852,0.00012155650684621716,LOW
2000575.0,Mizoram,24.007337012154267,92.66749872107282,0.9819019894191701,CRITICAL
3001380.0,Mizoram,24.06288515661263,93.2209829212626,0.0019925210734248865,LOW
3002420.0,Assam,26.679498628394278,92.6476567937914,0.00012103260936760319,LOW
3003052.0,Manipur,24.333501310225056,94.18491051127268,0.25961203597503096,MODERATE
3001949.0,Mizoram,23.706018471012463,92.5929889860656,0.00044789344177778936,LOW
3002229.0,Assam,26.97208560461284,92.44256306438594,0.0010520096138167592,LOW
2000023.0,Assam,26.20134702196256,91.82018110556756,0.9713160906298247,CRITICAL
3000872.0,Sikkim,27.645743050121663,88.39237745216366,0.0033249754341320575,LOW
3003369.0,Sikkim,27.67467597921568,88.1834933792233,0.001045233673215354,LOW
3000778.0,Manipur,24.95527664531571,93.85444323359246,0.06301539652431398,LOW
1056279.0,Manipur,24.837,93.9128,0.9964291592761001,CRITICAL
3000549.0,Manipur,24.232619916732475,94.6662844598494,0.0005489939358984683,LOW
3001710.0,Manipur,25.605297444390448,93.34966048642984,0.0023203537943191294,LOW
3002093.0,Manipur,24.4369138326119,93.90409215790964,0.004379965961135781,LOW
2000522.0,Assam,25.05190482012736,92.80970952517252,0.999518062403896,CRITICAL
1050835.0,Manipur,24.95138801,93.52811839,0.9985979250041626,CRITICAL
3000031.0,Assam,27.10077397907009,92.58125826364528,4.469989796797464e-05,LOW
3003496.0,Sikkim,27.08523267246673,88.17073223835604,0.0017734942925204283,LOW
3000941.0,Assam,26.44732419205296,91.65979560894976,0.00042085558361779237,LOW
2000064.0,Sikkim,27.72226177755731,88.55583846192546,0.9554401734678327,CRITICAL
3003550.0,Sikkim,27.748881906779427,88.22687323066096,0.0004492249146125191,LOW
2000374.0,Mizoram,23.855079892900207,93.03992740576756,0.9529081762256943,CRITICAL
3000538.0,Mizoram,23.864007440246382,93.16889097121896,0.0005812448272942568,LOW
3003581.0,Manipur,24.326799333362736,93.25636588478795,0.00473585763189982,LOW
3001721.0,Manipur,24.651857983055866,93.71231541260931,0.00016762370468855625,LOW
1050606.0,Mizoram,23.7269,92.7265,0.9957150209583554,CRITICAL
2000168.0,Sikkim,27.16549587611813,88.37379210239497,0.9912783660456983,CRITICAL
3002566.0,Mizoram,22.468578060314893,93.0059042663682,0.00011979173907062263,LOW
3003375.0,Mizoram,22.668543328176973,93.47862544324433,0.00045316799243322065,LOW
3000790.0,Assam,27.32217751934132,93.00726260009692,0.01080108343483154,LOW
1048377.0,Assam,26.13088435,91.71073619,0.9891956140795544,CRITICAL
3001136.0,Assam,24.38324059884833,92.44532361623,0.0002789381351715463,LOW
2000314.0,Manipur,25.51369978352877,93.96765348063164,0.9840895182792391,CRITICAL
3001157.0,Assam,25.252925543684476,90.00100117319867,0.0005698304232229581,LOW
3000728.0,Mizoram,23.110073929338963,92.5227960550283,0.0001457403370378466,LOW
2000304.0,Manipur,24.42241210037703,94.05995954680252,0.9986020341134842,CRITICAL
2000369.0,Assam,26.115994499512546,91.71742724860718,0.9622860208603439,CRITICAL
3001826.0,Manipur,24.71848762497432,93.87770018182124,0.0008896634525978153,LOW
3000067.0,Manipur,24.19140000779289,93.91584724703642,2.2901057279509335e-05,LOW
3001862.0,Sikkim,27.005814826593447,88.04742836994981,0.00038753029849832287,LOW
3003022.0,Manipur,24.041162377985632,94.68178298793252,0.0028988130865146835,LOW
3003244.0,Mizoram,23.392351261622,92.67233013610334,0.0002717340766791775,LOW
3002503.0,Assam,24.935447269652396,91.96947295985876,3.0434040376634704e-05,LOW
2000590.0,Manipur,25.154923954109243,93.6807146679385,0.9966214689319823,CRITICAL
1048532.0,Tripura,23.86469956,91.8949662,0.947761114817828,CRITICAL
2000493.0,Sikkim,27.2211586265276,88.51661451823763,0.9867338982725873,CRITICAL
2000428.0,Assam,26.12059243156729,91.70726525817884,0.9835578667853565,CRITICAL
2000134.0,Manipur,25.002136105794825,93.49753336338918,0.9454244885422574,CRITICAL
3003538.0,Mizoram,23.13773501897742,92.96464485166616,0.002529023759939839,LOW
2000029.0,Assam,25.507491588434718,93.35159476782336,0.9796213148105605,CRITICAL
3001974.0,Tripura,24.43625289419561,91.28120558184888,0.001456156268005799,LOW
3002973.0,Manipur,24.31469505914485,94.62971297986078,0.0004705665346629123,LOW
1050759.0,Assam,25.5125,93.3613,0.9920446485853494,CRITICAL
3002288.0,Assam,25.205078292027174,92.39729293146516,0.00011872192201161218,LOW
2000078.0,Assam,24.52313659291152,92.72125269581106,0.9903775198444305,CRITICAL
3002034.0,Manipur,25.13521265858914,94.23074381784711,0.0012557714781856336,LOW
3001231.0,Manipur,24.931425845849343,94.03062105155468,0.0006182379874700367,LOW
3002205.0,Manipur,24.49563332111711,94.0149594177698,0.00016507901559904018,LOW
1057833.0,Manipur,25.4196,94.1054,0.9815355637540923,CRITICAL
3002681.0,Sikkim,27.78885325549724,88.69123388001597,0.25221363708133004,MODERATE
3002559.0,Assam,24.26255268479345,94.28154534653687,5.6034681811183886e-05,LOW
3000684.0,Sikkim,27.50997487246781,88.54524522312073,0.0004968179690852565,LOW
3000514.0,Manipur,24.89286247116968,94.67546542381828,4.1510134903907836e-05,LOW
3002804.0,Assam,26.46435215273007,92.67715913607714,0.004014808659355063,LOW
3001967.0,Manipur,24.469209835493704,93.7777636758093,0.09971038429326562,LOW
2000172.0,Assam,26.19300097592325,91.77605848582613,0.9925321108377743,CRITICAL
3000240.0,Assam,25.621350317905502,91.30263875592796,5.593079769242123e-05,LOW
3001071.0,Assam,25.303021158933728,93.50493440798776,0.0008846542033618277,LOW
3001622.0,Sikkim,27.465821879239748,88.50876418992416,0.00021238735743106112,LOW
3003393.0,Sikkim,27.14736074699538,88.29773993212835,0.02112894528444271,LOW
3000726.0,Mizoram,23.60339089010414,93.3627767576165,8.541066002052104e-05,LOW
2000254.0,Sikkim,27.171962970199797,88.52405664323919,0.9966392722452375,CRITICAL
3003416.0,Assam,26.060337159236614,90.79598430810952,0.012435226419662274,LOW
938386.0,Sikkim,27.45377772,88.52426486,0.9963922235315454,CRITICAL
3002810.0,Manipur,24.68681316162373,92.99583064672964,0.00045419024315340316,LOW
3003317.0,Mizoram,24.31200351765489,92.86478269099273,0.0001223762817392837,LOW
3000129.0,Sikkim,27.7273608071722,88.18829653458454,4.2937062942865945e-05,LOW
2000047.0,Assam,26.133214435367307,91.9220094678362,0.9993115000443173,CRITICAL
3001945.0,Assam,24.284236014869933,92.49544032444771,0.004776432462448665,LOW
1057438.0,Manipur,25.0604,93.9877,0.9945248382996603,CRITICAL
1050683.0,Mizoram,23.8447,93.0514,0.9748372323602934,CRITICAL
3000970.0,Manipur,25.027664926707835,94.66177089710344,4.702358073410292e-05,LOW
3003451.0,Assam,25.454231199414952,92.70445797361072,0.39672978871893494,MODERATE
1048345.0,Tripura,24.02515388,91.49747518,0.9808790323489702,CRITICAL
3001719.0,Tripura,24.155966661953205,92.07967225321596,0.00012133380349466585,LOW
3001042.0,Sikkim,27.18078403821224,88.47989318213939,0.017835725466348994,LOW
3002637.0,Assam,26.220481000466275,91.51684202839832,0.01168556972581876,LOW
3000964.0,Sikkim,27.88221924024028,88.24389169151719,6.210412661558428e-05,LOW
3001437.0,Sikkim,27.636149449681074,88.40870896157828,0.00017925722924974397,LOW
3000750.0,Manipur,25.09965160425077,93.78017911924464,5.809222459910842e-05,LOW
3000569.0,Assam,24.62229965588228,91.66583180537305,0.3264371766199209,MODERATE
3003235.0,Assam,27.220029588329364,93.27128091751987,0.0004002286033450237,LOW
3001073.0,Assam,26.158767997297105,93.31227097832829,7.010578958086364e-05,LOW
1050679.0,Assam,25.1553,93.028,0.9296787052950631,CRITICAL
3001859.0,Assam,27.16324356537004,90.32064422637151,0.005745325640017611,LOW
3003559.0,Tripura,23.577028830214843,91.69880360399448,6.94069158306146e-05,LOW
3000752.0,Assam,25.659284927978465,93.74457686180752,0.00014242272572635725,LOW
3002609.0,Assam,26.213827924059743,93.96986865224515,0.06599288580448491,LOW
3002929.0,Mizoram,22.516477767660536,92.59300501066576,0.02726189831709626,LOW
3001521.0,Mizoram,23.58057309414144,92.64463958491552,2.682076903918513e-05,LOW
3002048.0,Sikkim,27.794961081499192,88.4388224413724,0.000375084303111671,LOW
2000729.0,Mizoram,22.86350002132356,92.7572970046364,0.9698307321396459,CRITICAL
3003535.0,Assam,24.20780797476006,90.23698835402836,0.0004366694772629229,LOW
2000211.0,Assam,26.9660393586126,92.7983058239338,0.9810721868826173,CRITICAL
3000496.0,Sikkim,27.80312533663254,88.04003432255139,0.001346363121857176,LOW
3001737.0,Manipur,24.406923281233908,93.92384062217914,0.004583794003371412,LOW
3003385.0,Assam,24.7672342054698,91.53249381884535,4.1432922895293145e-05,LOW
3001977.0,Manipur,25.555222315718265,94.64064884995038,0.00021579397272649656,LOW
3000377.0,Assam,25.15549972845188,93.16171825151343,0.3173656149058161,MODERATE
3002475.0,Manipur,25.510482152830107,94.66724804059989,0.0003664446861102559,LOW
1050791.0,Manipur,24.98793655,93.49870413,0.9540952467766597,CRITICAL
2000398.0,Sikkim,27.59494136265948,88.49189255429592,0.9875154979793365,CRITICAL
3002860.0,Manipur,25.022843839018535,94.0076965465326,0.0034600806592360233,LOW
3002295.0,Assam,25.660651186274603,94.25702960276992,0.008847757481102964,LOW
3000844.0,Manipur,24.097845183313115,93.40576409648864,0.1948858592742982,LOW
3001649.0,Sikkim,27.89430218468577,88.37963185480504,0.1067930020282581,LOW
3003160.0,Assam,27.025793150733715,93.21712918104085,0.00019242563797444126,LOW
3002967.0,Mizoram,23.526899644906468,93.17633467126538,0.004320644787151627,LOW
3002341.0,Sikkim,27.975752422931134,88.81730277075337,0.0005973877710781553,LOW
3000368.0,Mizoram,22.97296673505559,93.22685404491398,5.8077786167972844e-05,LOW
1050674.0,Assam,25.1775,93.0123,0.9995597469482321,CRITICAL
3003332.0,Mizoram,22.63601946766324,93.43378785271672,0.05908999336873589,LOW
3002140.0,Assam,27.12347927889808,89.9745390254051,0.0007725849862268528,LOW
3003530.0,Manipur,24.985981010954948,93.54034044137596,0.0006835090519028736,LOW
3000144.0,Assam,25.364128753041584,92.2367609649421,6.796343713792938e-05,LOW
3000814.0,Assam,26.390602360016512,91.96609811055718,0.004478922613558643,LOW
1055884.0,Manipur,24.83507319,93.89896294,0.9949495449570991,CRITICAL
1056702.0,Manipur,25.06657276,93.9310888,0.9738620994844236,CRITICAL
3002411.0,Sikkim,27.12655693040339,88.24574818682567,0.0002818714456421746,LOW
2000707.0,Mizoram,24.006719833572596,92.68025503399132,0.9916014894743539,CRITICAL
2000014.0,Mizoram,23.758101309669584,92.69203742192504,0.9949739739032297,CRITICAL
2000203.0,Sikkim,27.27278711810755,88.14343569401879,0.992654068355328,CRITICAL
3000168.0,Assam,26.01057262846606,89.90701733608876,0.00040884798468353485,LOW
3003588.0,Manipur,24.668621770611903,94.52612389599938,0.014598916051244712,LOW
3003533.0,Assam,24.322867636286777,90.0535632682136,0.0003154572523880451,LOW
3001349.0,Manipur,25.0807772788691,94.2488764771772,0.000647951181045723,LOW
3002632.0,Manipur,24.98200389646098,94.67106527242078,0.02576158845980006,LOW
3003504.0,Manipur,25.06998736826334,94.354325134518,0.00026955799976812915,LOW
3001804.0,Manipur,25.469012631776977,94.038694050481,0.0033154260458608067,LOW
3003400.0,Sikkim,27.82509117207641,88.28048412603509,8.461075193980634e-05,LOW
3002516.0,Sikkim,27.917734053243223,88.4739045443212,0.0003611501056267433,LOW
3002091.0,Assam,27.00083832429029,92.56425944731356,0.00023833894767103262,LOW
3000564.0,Assam,25.0417568242572,90.83012810248974,3.1953210994258114e-05,LOW
3000676.0,Manipur,24.45763620561963,94.06606011379692,0.0006101581422846939,LOW
3000060.0,Manipur,25.24112229007304,94.6014700248578,0.13931957739409423,LOW
3003155.0,Manipur,25.661660795615035,93.80574436371154,0.00214469454364195,LOW
3001054.0,Manipur,25.251587477998328,94.5128412875594,0.058328840662592266,LOW
3001582.0,Sikkim,27.164768732145763,88.12025833980725,0.0006819025246312632,LOW
2000146.0,Assam,25.05144129769755,92.794318304821,0.997058055695648,CRITICAL
3001986.0,Manipur,25.343415940933543,93.07546433524394,0.00037264926348312216,LOW
3002887.0,Assam,24.79097022658513,92.24570026031472,0.0713717607619206,LOW
1057781.0,Manipur,25.318,94.0441,0.9959727645929359,CRITICAL
3000360.0,Sikkim,27.29821724585031,88.2673002299111,0.00026425635562081246,LOW
3003567.0,Assam,26.059186040980997,93.99364690085666,0.00468466986892125,LOW
3000764.0,Manipur,25.022618012383468,93.6198449831722,9.478027075392675e-05,LOW
3003348.0,Assam,26.57723779342914,92.24160362978893,0.0026477609432337583,LOW
1050582.0,Mizoram,24.1293,92.6921,0.9761942128130785,CRITICAL
3001235.0,Assam,24.86224536687772,94.186931912529,0.004175293844120253,LOW
3001047.0,Manipur,24.055021683275264,93.88522333911888,6.815363575471772e-05,LOW
3003381.0,Sikkim,27.44397244905123,88.46921842850378,0.0012282771155339347,LOW
3000510.0,Manipur,25.475014783006703,93.70597508630463,0.04458958061777529,LOW
2000670.0,Manipur,24.869533291660574,94.42178851536382,0.9970219459987806,CRITICAL
2000210.0,Assam,26.134910258868636,91.93867361189322,0.9861510598618777,CRITICAL
2000139.0,Sikkim,27.44977276056265,88.61302431397263,0.993939035855385,CRITICAL
3003119.0,Manipur,25.42576554137434,93.72532677131912,0.02350058485405123,LOW
3003167.0,Manipur,24.964852125417003,94.69183108676827,0.00019394077547184307,LOW
3001278.0,Sikkim,27.560692288080872,88.76520595827117,0.0015810207460024814,LOW
2000703.0,Sikkim,27.16508086368975,88.34551398230435,0.9815877679075042,CRITICAL
3003250.0,Manipur,24.70488908436148,93.6378939640076,5.8053345585227516e-05,LOW
3003390.0,Mizoram,24.066874938425727,92.80914562829614,0.0028056823475990176,LOW
3003135.0,Sikkim,27.14713535804133,88.12336574729954,5.852419568170345e-05,LOW
3000095.0,Manipur,25.27255567033743,93.88200827279532,0.00017935206988242951,LOW
3000610.0,Manipur,24.59385700993464,94.37331160244833,0.016238442830507717,LOW
2000411.0,Assam,24.289053134628336,92.39003287176132,0.9480901021330097,CRITICAL
2000412.0,Assam,26.170863168161763,91.7753029834356,0.9508922805619604,CRITICAL
3002636.0,Sikkim,27.19791470298267,88.5771121883282,8.977558800760268e-05,LOW
3002785.0,Manipur,25.596123279108724,93.15892430017676,0.0003049810294468638,LOW
3000781.0,Assam,24.98459692386184,93.64713985347178,0.0034510122673753075,LOW
3002431.0,Manipur,25.260564257131428,93.2435013859723,0.00012520404608173453,LOW
3002278.0,Tripura,22.88644032298995,92.19267350167344,0.000869247486147419,LOW
3000331.0,Mizoram,23.48201948101873,93.00285053103585,0.00013069001677293578,LOW
3000211.0,Assam,25.487223559653945,93.73192419026908,0.350958217284428,MODERATE
3002927.0,Assam,24.50261834045192,92.54830491893009,0.05600191388494233,LOW
3003267.0,Manipur,24.30621449890055,94.64892001490487,0.006102610694891604,LOW
938405.0,Sikkim,27.3773,88.559,0.9110043627150524,CRITICAL
2000488.0,Sikkim,27.181886355201183,88.4910319365598,0.9944008215451663,CRITICAL
3001151.0,Manipur,24.69718452256007,94.56631519119397,0.0073926967017200005,LOW
1048497.0,Assam,26.16066111,91.85294885,0.991129078474497,CRITICAL
3001989.0,Assam,24.583872585336728,93.98102124229632,0.00020042620189339623,LOW
3001596.0,Assam,24.82844743100381,90.86137687377877,9.576783467304164e-05,LOW
3003195.0,Manipur,23.970916551523437,93.16593376199806,0.002484973473561382,LOW
3000363.0,Assam,24.626867644892297,92.47740308036089,8.075537403646981e-05,LOW
3001894.0,Assam,26.384286379488238,93.230883615048,0.000490733569148036,LOW
2000593.0,Mizoram,23.732929668090968,92.76364618139458,0.998281878830968,CRITICAL
3000511.0,Assam,25.106525986078367,92.84292831252496,7.962524707228594e-05,LOW
3002500.0,Manipur,24.5882623718787,93.1004600384418,0.00035253232562069904,LOW
3003430.0,Assam,27.313893746035127,94.05749707513854,0.00019912678171284603,LOW
2000718.0,Sikkim,27.31256954805259,88.59859989338825,0.9437748522349345,CRITICAL
3002719.0,Manipur,23.841270792751363,93.73715329962252,0.14084848379364304,LOW
3001645.0,Mizoram,24.24410170897591,92.83246660145645,0.00037203255133947907,LOW
2000506.0,Assam,24.57876650752189,92.2843789991846,0.9928726373515298,CRITICAL
3002897.0,Sikkim,27.04220992435854,88.70622965585612,0.0028818399263991603,LOW
3003203.0,Assam,26.45237919044914,90.82848293475168,8.882572781931331e-05,LOW
3003028.0,Manipur,24.499767797138983,94.74181023397064,0.011273661433008647,LOW
2000135.0,Assam,26.210436069779,91.77163585379432,0.9986191896929819,CRITICAL
2000357.0,Sikkim,27.31308541729404,88.61202656532363,0.9786130843362015,CRITICAL
3000254.0,Assam,24.221975654748213,93.06250398963168,0.0006504578977920142,LOW
3002490.0,Sikkim,27.710510324281,88.15182319374323,0.0008896492658879234,LOW
3003318.0,Tripura,23.703270244101667,91.5876497220983,0.0005888651019457622,LOW
3001307.0,Assam,25.722566544070546,91.14063794791096,9.718767111163534e-05,LOW
3001795.0,Assam,26.94760751236268,91.62531344207832,1.6285155350169317e-05,LOW
3000927.0,Manipur,24.873614596926284,94.1019503399064,0.27447294350627083,MODERATE
3001727.0,Manipur,24.495672768969406,94.60404421470407,0.0012978902259442437,LOW
3003360.0,Assam,25.183620858634587,91.91976698416592,0.0002830798589678801,LOW
2000526.0,Assam,26.22700018742004,91.92448912986366,0.9979778276200876,CRITICAL
3002196.0,Manipur,25.25149521845844,93.1933415564336,2.1404004055592983e-05,LOW
2000650.0,Sikkim,27.2611902498628,88.22414745967181,0.9938723193625231,CRITICAL
3001308.0,Sikkim,27.49211085425237,88.61939530953696,0.0036860704345219354,LOW
3001229.0,Assam,27.04461473935929,90.32894617473542,0.013972184258705323,LOW
2000567.0,Assam,24.52115807511156,92.73427134938676,0.9793038856463016,CRITICAL
3002335.0,Manipur,24.25685455187021,94.37094362940702,0.00019149479192493815,LOW
3002581.0,Assam,26.62163577467111,93.48653170584046,0.05997371619262508,LOW
2000335.0,Sikkim,27.19324573140557,88.60654662830981,0.9961661351722502,CRITICAL
3002569.0,Assam,24.632947571752723,93.49078672576096,0.009700310246729748,LOW
2000306.0,Manipur,25.13851722260126,93.96496540492446,0.9981391344599724,CRITICAL
2000323.0,Manipur,24.961381046997023,93.51053298402414,0.9841744119612501,CRITICAL
3001154.0,Assam,26.122937799449797,93.66676858302988,0.0014517601406057144,LOW
3001058.0,Manipur,25.285446075081595,93.86926439321894,0.0019378137897436887,LOW
2000093.0,Manipur,24.777796758947986,93.95513362009656,0.9987969154114007,CRITICAL
1054667.0,Assam,26.93567947,93.84867836,0.9894255527780846,CRITICAL
3001553.0,Manipur,24.937781052651246,93.69846442387558,0.0025222102666960303,LOW
2000505.0,Assam,26.149156294622674,91.72613154926316,0.9686792748111297,CRITICAL
3001249.0,Assam,26.60724853469816,94.1476261492103,0.01637096446964024,LOW
2000537.0,Manipur,25.429977544760757,94.58784802580549,0.9296204121196043,CRITICAL
3002293.0,Assam,25.237933266204028,91.27785436537768,3.350755693328726e-05,LOW
3003074.0,Mizoram,23.04483496110792,93.05990731996536,0.03779885687428856,LOW
3001040.0,Assam,26.60430391043991,94.1502848593712,7.959621090730752e-05,LOW
3002370.0,Assam,27.314517708068568,92.07960704428068,0.0023523750114811913,LOW
3000066.0,Sikkim,27.873653077421757,88.77462322102585,0.012606788691643982,LOW
2000103.0,Assam,26.117782186062836,91.72007037804184,0.9840817819137713,CRITICAL
3002968.0,Manipur,25.05201926584365,93.66739159616418,0.001575008786819045,LOW
3001764.0,Tripura,23.098070767848068,92.15586782210082,0.00025671290177523595,LOW
3000020.0,Assam,26.234268884575343,92.66886793696258,0.0726951792752136,LOW
1048440.0,Assam,26.1844,91.7896,0.9927639319481655,CRITICAL
2000608.0,Mizoram,23.693445742484645,92.74485807214931,0.9937674138160482,CRITICAL
3000885.0,Assam,26.958641166228443,89.9423867939058,0.002281087758886187,LOW
3000046.0,Mizoram,23.82591744420063,92.95857764638872,0.0002627837948226737,LOW
3001183.0,Assam,25.259354616089063,93.72486673355289,0.005569432952151393,LOW
2000191.0,Assam,26.08810576265011,91.7366071219087,0.9953226919207034,CRITICAL
3000236.0,Assam,26.723657824082352,91.82354843199715,0.0008911008199764541,LOW
2000613.0,Assam,26.14507903483756,91.81073151624952,0.9832866511195966,CRITICAL
3003226.0,Manipur,24.96332893923168,94.58631109320262,0.00010648844280398729,LOW
3002011.0,Sikkim,27.30051504354136,88.63229232178497,8.773539656065516e-05,LOW
2000205.0,Mizoram,23.756868494864147,92.53154302655476,0.9887137649667828,CRITICAL
3002206.0,Sikkim,27.322419689872184,88.65009648700148,0.001555722451073007,LOW
3001315.0,Assam,26.9298964415988,94.23287034099128,0.0019269858193477092,LOW
3000150.0,Manipur,24.627979712850244,93.50162345122008,4.388148941526819e-05,LOW
2000627.0,Manipur,24.244641139058647,94.0742607607634,0.9588951680079099,CRITICAL
2000294.0,Assam,25.28110403209013,92.82951879528788,0.989316346586365,CRITICAL
3001213.0,Manipur,25.55044968993849,93.74301058271126,2.3982857133024166e-05,LOW
3001704.0,Sikkim,27.407739330495392,88.28773072311401,0.0065461388354284035,LOW
2000067.0,Manipur,25.132298804830636,93.95019192737276,0.9809133575196629,CRITICAL
3003371.0,Assam,26.17437662614052,93.10271706134246,0.001811836184731244,LOW
3002294.0,Assam,25.583767318856506,93.45621512189916,0.0012637930042658084,LOW
938267.0,Sikkim,27.2879,88.2579,0.9726454725561691,CRITICAL
3000865.0,Assam,25.13888922575753,93.09044495815664,0.0009037089056422552,LOW
3003076.0,Assam,25.87663834484948,89.99580419794133,0.0007305135705595774,LOW
3002339.0,Assam,25.31781091605691,93.46992927397604,0.0008103897350112694,LOW
3000491.0,Manipur,24.153550482690264,94.65962076502736,0.01339297368242853,LOW
3002958.0,Mizoram,23.118147202765662,92.9568178606632,0.00016194041115395703,LOW
3000349.0,Mizoram,23.15144055194613,93.1317780805965,6.775206283661888e-05,LOW
3000048.0,Manipur,24.267875522408023,94.7249813684877,0.003300318964291944,LOW
3000786.0,Sikkim,27.781656990516087,88.57491037873012,3.2568756641174524e-05,LOW
938401.0,Sikkim,27.8385,88.556,0.9970364192116596,CRITICAL
3000348.0,Manipur,23.957893297976447,94.15936283437216,2.054065272220235e-05,LOW
3000813.0,Assam,25.44989745844933,94.1625961888512,0.048645834942745006,LOW
2000208.0,Assam,26.211498850751106,91.7941294195764,0.9966534322688152,CRITICAL
3001204.0,Sikkim,27.184977046981825,88.02158879248769,5.64966704056238e-05,LOW
3000930.0,Manipur,25.54481862392895,94.3580471520695,0.00023261956457718054,LOW
3003015.0,Manipur,23.974683086135958,94.71413840375853,0.028422827752645312,LOW
3001211.0,Sikkim,27.041170058780096,88.6997988093213,0.07020660583523261,LOW
3001520.0,Mizoram,23.53911151015412,92.74100733079132,0.00015368858450251678,LOW
2000045.0,Assam,25.51964411321796,93.15885628356176,0.9996648762963661,CRITICAL
3001383.0,Manipur,24.34609116951411,92.98474330523264,0.0933184365727161,LOW
2000674.0,Sikkim,27.74247707602701,88.65029873894576,0.9952278965547019,CRITICAL
3002485.0,Assam,25.230633565536355,92.26093535463244,0.001334049994118831,LOW
3003185.0,Mizoram,22.80366958504036,93.11530720701737,8.447544906697155e-05,LOW
2000176.0,Sikkim,27.18849895091948,88.60781912890714,0.9971068167878818,CRITICAL
3002988.0,Sikkim,27.83112090896052,88.32274300901366,0.009284362535401889,LOW
3002459.0,Assam,25.123301306769168,90.4553382857165,0.0010400964149508973,LOW
3003330.0,Manipur,24.36766464754542,94.05008502195253,0.001786810418603727,LOW
3003162.0,Manipur,25.121213353665677,93.25508644502408,0.022011505963219605,LOW
3003328.0,Sikkim,27.403472056654305,88.02008469297691,0.0016867119057831707,LOW
3003541.0,Mizoram,22.64221175161759,93.0803837264197,0.0014882247536226315,LOW
2000813.0,Assam,26.130585875190903,91.73208738919531,0.9986294497818033,CRITICAL
3000517.0,Assam,27.15006024197647,92.9102354656691,0.013519812573195454,LOW
3001405.0,Manipur,25.62927980920332,92.97707269195948,0.00046879249772292927,LOW
3002659.0,Assam,24.57650100807519,92.76968016504256,0.00016581179740304,LOW
3001629.0,Assam,25.44131013990735,90.22621864892976,0.001742007433043501,LOW
3000505.0,Manipur,24.87966747452377,93.19188967670112,0.0005010142182977424,LOW
3001664.0,Manipur,24.865987502249943,94.44430299398338,0.0044445655250333164,LOW
3001419.0,Assam,26.430543704954182,90.75170012835684,0.005628970072290174,LOW
3001201.0,Manipur,25.07611538779883,93.06869716191676,0.00038211742150867775,LOW
3000940.0,Sikkim,27.24711651712933,88.81522266311272,0.00014131567659539113,LOW
3002040.0,Sikkim,27.12972873975581,88.63151471120052,0.0006704260403428117,LOW
3001184.0,Sikkim,27.27641208127676,88.36024077334739,2.9620235375564204e-05,LOW
3002019.0,Assam,25.99945818802632,92.11893797227005,6.684322617129049e-05,LOW
3002769.0,Assam,25.568480092968034,93.66825939617176,0.002813752110642706,LOW
3000086.0,Sikkim,27.112706783270845,88.84291522822873,9.47393579338903e-05,LOW
3002325.0,Mizoram,24.34807906352609,92.3414573587729,0.00017835680128441215,LOW
3002366.0,Mizoram,23.12731487822238,93.27116315436896,0.0004955491022657309,LOW
3003094.0,Manipur,24.38317835523479,93.54831345114724,0.0002386429640762403,LOW
3000888.0,Assam,25.40091370473241,93.4681066381545,0.0010973860089927294,LOW
3000690.0,Assam,26.75185666911585,91.74038783730391,0.0012695856032345725,LOW
3003186.0,Mizoram,23.16187244620972,93.1483498075775,0.00041737395857834817,LOW
3000392.0,Mizoram,23.78907692532429,92.54667697437704,0.0014315059096190943,LOW
3000147.0,Assam,24.386187728209,92.05186615047155,0.0010461397425368672,LOW
3003058.0,Manipur,23.833027071793172,93.02590503945986,0.03285212780430806,LOW
3000963.0,Manipur,24.80127957638121,93.98106571405653,9.718536850283587e-05,LOW
3001197.0,Manipur,24.505232473034443,93.99055833118376,0.026431900715906058,LOW
3003364.0,Manipur,23.96153248852756,92.96960723309736,0.0001269197245317224,LOW
3001072.0,Manipur,24.964516780247077,94.53799551432128,0.001842118880289708,LOW
3003116.0,Assam,26.268438213755264,93.5762174194126,0.00041739928273769723,LOW
3001912.0,Assam,25.008209375256577,91.37897084679736,0.00022076774410411792,LOW
2000757.0,Assam,24.7363419513739,92.35783764990114,0.9988313408825036,CRITICAL
3002418.0,Manipur,24.95964051631792,94.18279794292415,0.0013478787156766096,LOW
2000592.0,Sikkim,27.289427397434054,88.3740885906629,0.9996351087016034,CRITICAL
2000415.0,Assam,26.12407242457845,91.77458089149114,0.9832210352507766,CRITICAL
3001821.0,Manipur,24.195647783546548,93.06802222349248,0.0006279604403524552,LOW
3000512.0,Assam,26.468317436980104,91.2143559672461,0.0007753835538585781,LOW
938431.0,Sikkim,27.7344,88.633,0.9961178691255921,CRITICAL
2000073.0,Manipur,24.940093729993087,93.52543735306976,0.983481672377043,CRITICAL
2000533.0,Mizoram,23.652345160066304,92.92928768576664,0.9599548233973914,CRITICAL
3002593.0,Assam,25.263366614299752,90.37653746729016,0.22399807918233755,LOW
2000819.0,Assam,26.995754705639367,93.72737479646428,0.996124446161764,CRITICAL
3000075.0,Assam,27.324379391130208,93.17674286063352,7.29282223128868e-05,LOW
3001176.0,Manipur,23.759766091683204,93.95314499640912,6.224170089673853e-05,LOW
1050612.0,Mizoram,23.7327,92.7463,0.980244146100657,CRITICAL
2000594.0,Manipur,24.71350851044258,93.52846820171834,0.9889411448902562,CRITICAL
3001996.0,Assam,26.67388143615995,92.01476383371468,0.00865566174053159,LOW
2000603.0,Assam,26.363024824303707,92.83019674148342,0.970904748703471,CRITICAL
3002583.0,Mizoram,23.090852252264103,93.15474957681224,0.005166222662144441,LOW
3000219.0,Manipur,24.247954980713796,93.69380114356797,0.0004202533734062938,LOW
3000361.0,Manipur,24.892379391404127,94.3088033891184,0.00018990361749349465,LOW
1048367.0,Assam,26.1001,91.6849,0.9948313720071289,CRITICAL
3000287.0,Assam,24.442718716456756,91.37014761971146,7.443379700841961e-05,LOW
3002407.0,Assam,26.375172670493004,91.97950285680652,0.04935020428769218,LOW
1048557.0,Assam,26.13140438,91.93086808,0.9993323883117355,CRITICAL
3000156.0,Sikkim,27.07900080988106,88.37204053133158,4.086174743584762e-05,LOW
3001586.0,Mizoram,22.663188694461148,92.54258296881208,0.023140501636999575,LOW
3002182.0,Assam,24.36258385974562,92.1589104636404,0.0028117376650929594,LOW
3003362.0,Assam,24.93672816066644,93.43554500208596,0.00035985126551490537,LOW
3002802.0,Sikkim,27.20018252903946,88.58681609373524,0.0001169436825117708,LOW
3001483.0,Sikkim,27.113491895908066,88.79954268248598,5.011663121950423e-05,LOW
3002541.0,Assam,24.8128323548483,90.90587215589832,0.00011966749110273442,LOW
3000441.0,Mizoram,22.52642465417608,92.80558782189136,0.0005383512917572099,LOW
3000091.0,Manipur,23.906803022710548,93.166004275292,0.0001020548236589602,LOW
3000181.0,Assam,27.041289286803934,91.62764626498593,2.8785764164098518e-05,LOW
3000734.0,Assam,25.45165088170444,92.72075917126745,0.004773066948571148,LOW
2000199.0,Mizoram,23.834502485370905,92.6378282151124,0.9531612265947188,CRITICAL
3002813.0,Manipur,23.97629588262605,93.59933934097376,8.038112920947077e-05,LOW
3001961.0,Assam,25.278077382217592,93.56432843847112,0.00019810670767742537,LOW
3000831.0,Mizoram,23.16887697201265,93.17917371064812,3.145478530369187e-05,LOW
2000512.0,Sikkim,27.591031092906498,88.65062826904793,0.973349044846996,CRITICAL
3002472.0,Sikkim,27.451946418979823,88.26241276899731,2.138093316060637e-05,LOW
2000400.0,Assam,26.23024729916657,91.92835295934373,0.9962785882443952,CRITICAL
1050780.0,Manipur,24.9037,93.487,0.9981601244327769,CRITICAL
1050579.0,Mizoram,24.0135808,92.67420963,0.9943342830133197,CRITICAL
3002694.0,Assam,24.32088819913624,92.114384297434,0.018586757380310043,LOW
3002017.0,Manipur,25.198328050085816,93.5317342770214,0.009128099560237777,LOW
3000910.0,Manipur,24.26869722374068,94.1256297905402,0.008067473293215964,LOW
2000469.0,Assam,26.17389750113971,91.80231224209294,0.9808343228977361,CRITICAL
3001538.0,Tripura,23.79291897125777,91.4295500271853,0.0407358409794355,LOW
3001267.0,Assam,26.72656793065177,91.95176813996632,0.002553407795047049,LOW
3002199.0,Manipur,24.520538672554046,92.97660168262,0.22470538744453245,LOW
3000397.0,Assam,25.323133586094208,90.36294553792445,0.00011418024408612994,LOW
3000577.0,Sikkim,27.42527462685852,88.56641459488316,0.0002230986237656836,LOW
3000714.0,Assam,24.58518394138545,91.28198873423098,3.83239943950021e-05,LOW
2000663.0,Tripura,23.86237422800553,91.90185682479016,0.9397148498293062,CRITICAL
3003331.0,Sikkim,27.73663878168089,88.47186891720835,0.02864935674976908,LOW
3000345.0,Manipur,25.1777781591564,93.6215262588352,0.0018119768068130056,LOW
3001537.0,Manipur,24.12183453098206,94.36039192947966,0.00016982833904406408,LOW
3002248.0,Manipur,24.767250742183144,93.26574641413733,0.1140136307912486,LOW
3003237.0,Sikkim,27.49403075092388,88.68943476994718,0.00027585973904605844,LOW
1057261.0,Manipur,25.14429782,93.97198129,0.9989907554664121,CRITICAL
3000597.0,Assam,26.38956062987343,94.1877983057664,0.0008276270584438431,LOW
3000712.0,Sikkim,27.14781968720606,88.15521375897664,0.00013906366934974212,LOW
3002831.0,Mizoram,23.866480980991188,92.59261900343256,4.3176805462951465e-05,LOW
3001354.0,Manipur,25.14942812682946,93.52794771705346,0.00028699345186318395,LOW
3001601.0,Manipur,25.117414387874057,93.533866857431,0.008527563690371468,LOW
3002597.0,Manipur,25.554295676061034,93.50796785193744,0.1117447752319494,LOW
3002657.0,Tripura,23.54609321707606,92.27528921248664,4.659178028189497e-05,LOW
2000444.0,Mizoram,22.866473496533988,92.77129029947854,0.9799958715419079,CRITICAL
3003396.0,Manipur,24.70012037988363,93.75043633345491,0.00010003938844118062,LOW
3001979.0,Assam,26.198501268731487,92.43432972804726,0.00012919703500094035,LOW
3000190.0,Assam,26.362209212350816,91.09505194593407,0.003813759968713238,LOW
3003483.0,Assam,24.97073050532044,91.93768532404704,0.008512398421736274,LOW
2000504.0,Mizoram,23.443604042241585,92.81061630754732,0.9487089279218504,CRITICAL
3002629.0,Manipur,24.937491275215557,93.35800043181268,0.0005758889664517867,LOW
3000408.0,Manipur,25.246866775376013,93.69054987256143,0.002211250435922129,LOW
3000395.0,Mizoram,23.327790993939672,92.63675096974764,0.00016211198732401204,LOW
2000391.0,Sikkim,27.593519160176733,88.62843152349414,0.9639376162381941,CRITICAL
3001412.0,Assam,25.531208159048575,91.63465932145836,0.006643922814523475,LOW
3002379.0,Assam,26.45814174214647,93.24190181447084,0.00033134755761858386,LOW
3001074.0,Assam,26.39877663929742,91.91659537118434,0.0012653805153613443,LOW
3000669.0,Assam,26.264715899567413,92.62771568823108,0.001328488500631417,LOW
2000705.0,Assam,26.23011619296343,91.90701776255904,0.9956401621597852,CRITICAL
3002670.0,Assam,26.1855271654908,90.26662523292904,0.00033239703633701083,LOW
3000126.0,Sikkim,27.131781645008907,88.67492980969617,8.454261000626951e-05,LOW
3000264.0,Sikkim,27.320135319739805,88.0815980719957,0.002162719561084449,LOW
2000426.0,Assam,26.087971178854577,91.69846317888796,0.9949643768466852,CRITICAL
3002360.0,Manipur,24.525151765400544,94.4569048366056,0.266758307620689,MODERATE
3002305.0,Assam,26.511038877778468,90.88949263423456,0.25618923865643983,MODERATE
3000909.0,Manipur,24.40482588379808,93.475930413328,0.005998571157616086,LOW
3002838.0,Manipur,23.84217796171634,94.6159444068268,0.009567803587209822,LOW
3003558.0,Manipur,25.414859190227663,93.9289576387012,9.800910819974723e-05,LOW
3001035.0,Assam,25.249743275618915,93.81619353963234,8.91078138196726e-05,LOW
3002012.0,Sikkim,27.05805622081836,88.58165719773253,8.204996646376877e-05,LOW
2000583.0,Manipur,23.8902272755886,94.15254304126228,0.9476940942769139,CRITICAL
3002289.0,Sikkim,27.397342929685355,88.13519374046923,0.0005055955418519986,LOW
2000018.0,Assam,26.14066123543653,91.82593198962267,0.991215785613275,CRITICAL
3001433.0,Assam,26.16781718354235,90.534630758135,2.4071167963501235e-05,LOW
3003460.0,Mizoram,22.66468312499173,92.49770569997366,3.850427908342889e-05,LOW
3001797.0,Assam,24.714915849729405,92.14930252925276,0.0072640331379872376,LOW
2000324.0,Manipur,24.95864197272528,93.50111487609432,0.9998355554403289,CRITICAL
2000051.0,Mizoram,23.74617839962763,92.70650359824518,0.9987868792172372,CRITICAL
1050633.0,Mizoram,23.61045606,92.83182797,0.9833881420737975,CRITICAL
3003474.0,Sikkim,27.976214609330597,88.53138456147589,0.0006100673674571284,LOW
1050273.0,Assam,24.58041329,92.37948378,0.947221748584367,CRITICAL
3003523.0,Manipur,24.298998552167504,94.54861700438818,6.724124600592433e-05,LOW
3000834.0,Mizoram,23.45970792183322,92.7632770470989,0.002147302221018817,LOW
3002795.0,Manipur,23.756345594950258,93.00413362301452,0.0003544349094324472,LOW
2000785.0,Assam,26.09478039808627,90.01588253134076,0.9459664846806667,CRITICAL
3000851.0,Mizoram,24.20743600887115,93.21806098688891,9.752878913077114e-05,LOW
3001425.0,Assam,27.314454568247537,90.33687944103248,0.001336701919596728,LOW
3003006.0,Assam,26.74480199091927,94.04454898912982,0.02504135906191221,LOW
1048360.0,Tripura,23.71701896,91.61577214,0.9858177769586893,CRITICAL
3002980.0,Assam,26.173027924413933,93.80048464441292,0.0027713462123802176,LOW
3001774.0,Assam,27.025639281257288,93.54633094461312,0.04250871069727799,LOW
938420.0,Sikkim,27.3313961,88.6138098,0.979752292011058,CRITICAL
3001225.0,Sikkim,27.801973024325815,88.67050759306979,0.0021588962390746815,LOW
3000063.0,Tripura,23.759953092550862,92.09086464569356,0.0036582527994065595,LOW
3000572.0,Mizoram,24.291340987669656,92.56708944294166,0.4168126607470686,MODERATE
938245.0,Sikkim,27.34711035,88.17392386,0.9992003800454134,CRITICAL
2000316.0,Assam,24.78927329681293,93.0019974469945,0.9606945901598387,CRITICAL
2000367.0,Manipur,24.6998830246594,93.89686671598773,0.9992356430117537,CRITICAL
938298.0,Sikkim,27.2872,88.2816,0.9949330743302015,CRITICAL
1050753.0,Manipur,24.27173018,93.28039349,0.9953331913714771,CRITICAL
2000096.0,Manipur,24.006212295420006,93.99221312844372,0.9973063585079773,CRITICAL
3000833.0,Manipur,24.081711493960725,94.65203011074644,0.0046003017392318175,LOW
2000577.0,Manipur,24.94404776530778,93.51772563370768,0.9988224529203357,CRITICAL
3002344.0,Manipur,24.77426119585869,94.36442500923611,8.739831107713687e-05,LOW
2000433.0,Manipur,25.25644891130334,94.00513071255943,0.9986684771882451,CRITICAL
3002738.0,Assam,25.22751472707926,93.85681660293064,5.399868920188135e-05,LOW
3000715.0,Mizoram,24.053991440328968,93.46637102741708,9.75651994285902e-05,LOW
3003224.0,Assam,26.073692231463934,89.90042179146724,6.029372504437854e-05,LOW
3000098.0,Sikkim,27.08053134225833,88.18760350914434,9.071713851081403e-05,LOW
3003467.0,Manipur,24.734351516893778,94.6958193755019,0.01668521457135436,LOW
3000605.0,Tripura,22.912248913266957,92.15884871244162,0.00023942532541940773,LOW
3002888.0,Manipur,23.870078995707463,93.72410393390092,0.014459092966252352,LOW
1048443.0,Assam,26.14547804,91.79364785,0.9981602327545762,CRITICAL
3001262.0,Manipur,25.571818573178703,94.3154883500922,7.631196837478541e-05,LOW
2000165.0,Manipur,24.90340038951601,93.474890821648,0.999203589870625,CRITICAL
3002042.0,Sikkim,27.605891560007905,88.19731120234664,5.459711896797358e-05,LOW
2000358.0,Tripura,23.716296743776528,91.6260922709768,0.9883868863790624,CRITICAL
1048364.0,Assam,26.1868,91.6739,0.9918992624276178,CRITICAL
3001742.0,Tripura,24.01306035832172,92.3143833716154,0.0015068824612363763,LOW
2000751.0,Sikkim,27.34789299545969,88.62647352554654,0.9984638020649483,CRITICAL
3000250.0,Mizoram,23.216159846959595,93.33689604187316,0.30023080176072076,MODERATE
3003525.0,Assam,25.623725192338892,94.2295538666005,0.0006544130832083102,LOW
1057859.0,Manipur,25.4786,94.1327,0.9942453030736463,CRITICAL
3002033.0,Manipur,25.03239012405367,93.39292431103692,0.04260100691675447,LOW
3001570.0,Assam,24.95657621345284,92.5453239326378,0.14823353716577975,LOW
2000540.0,Assam,26.134202699058644,91.6923573815732,0.9530412159768256,CRITICAL
3001830.0,Manipur,24.099498106602333,93.60371285063349,3.430697757328253e-05,LOW
3002784.0,Assam,26.991553447801305,90.3281532284986,0.00028128909692077056,LOW
3001345.0,Sikkim,27.401929035315064,88.0393508216948,0.02930333802258434,LOW
1048435.0,Assam,26.1961,91.7825,0.963597400807618,CRITICAL
938250.0,Sikkim,27.34883031,88.18678352,0.992148839863182,CRITICAL
3002615.0,Manipur,24.976341917331112,93.08067061439291,0.0004256977711020088,LOW
1048279.0,Assam,26.10159837,90.02789028,0.9692264069713643,CRITICAL
3001834.0,Assam,26.19704370221129,92.06515911605165,0.0004281497425871527,LOW
3001784.0,Manipur,23.930434384099392,94.62173292878543,7.067516391652537e-05,LOW
2000814.0,Assam,24.75898531005176,92.82138457799346,0.9996270935003149,CRITICAL
3001653.0,Manipur,23.878918029744213,93.53772585699768,0.006959526150406706,LOW
3002300.0,Assam,27.16807049167884,94.27178477599122,0.0003568417226020585,LOW
2000741.0,Mizoram,23.74860124142931,92.7220798471953,0.9813865013521318,CRITICAL
3001036.0,Manipur,25.53657023443961,93.85399469450456,0.007391073102436697,LOW
3001468.0,Sikkim,27.917650888870373,88.66343381715302,0.00011553012226446158,LOW
3003089.0,Sikkim,27.171230586849468,88.32946683348908,0.0011875871047906878,LOW
3002024.0,Manipur,24.515474166497885,93.12717345453956,3.0184737875694344e-05,LOW
2000802.0,Manipur,24.378882232353103,93.72449527156496,0.9731277442722122,CRITICAL
3002926.0,Manipur,25.50114020235213,94.42956165649127,0.008132251886772631,LOW
2000234.0,Assam,26.089066777709785,91.68277642531984,0.9826124937727823,CRITICAL
3000267.0,Assam,25.15326015324985,94.08044723116234,4.132066991868459e-05,LOW
2000021.0,Mizoram,23.746663775630463,92.718099024982,0.9982735188559801,CRITICAL
3001843.0,Manipur,25.62238447589674,93.68218319577764,0.015252807057732982,LOW
2000554.0,Mizoram,23.73616323216681,92.72978408435428,0.9558652285683708,CRITICAL
3001220.0,Assam,25.56944036132175,93.264331550081,2.1310519032981234e-05,LOW
3003458.0,Manipur,25.35884437800456,93.2724503575318,0.0001420869606517465,LOW
3003140.0,Sikkim,27.003958257001084,88.56266521008547,2.2682048692895518e-05,LOW
3001442.0,Assam,26.03647582060545,92.20326047160498,0.0001433750146787822,LOW
3002533.0,Assam,24.314443879435043,92.41042330456789,0.0005096644110217169,LOW
2000346.0,Mizoram,23.546001038216097,93.37123061495969,0.9915818708823911,CRITICAL
2000446.0,Sikkim,27.345885145981143,88.59626688719234,0.9979268571614522,CRITICAL
3000322.0,Manipur,23.875083609249295,94.61653985069847,4.82790661393674e-05,LOW
3003359.0,Tripura,24.43503016599603,92.03084302434394,0.0008424364341255695,LOW
3001731.0,Assam,24.878552615066624,92.05618963243312,0.0001206446889648706,LOW
1050647.0,Assam,24.81395989,92.85687296,0.9888346033679687,CRITICAL
2000248.0,Manipur,24.835824055161485,93.92896909198754,0.9692438181722689,CRITICAL
1050603.0,Mizoram,23.73719685,92.72342008,0.9984332069642345,CRITICAL
2000010.0,Assam,26.1614029403634,91.7631219204994,0.9767728909813256,CRITICAL
3003014.0,Sikkim,27.958913141387203,88.05654407006485,4.2425750080437406e-05,LOW
3003482.0,Tripura,23.709567709783013,91.40291677801946,0.01277383052749217,LOW
3002358.0,Manipur,24.98926034961904,93.97254096534309,0.051883582760710534,LOW
3000618.0,Mizoram,22.961363035584245,92.3234489750567,0.00032725791146311344,LOW
2000020.0,Manipur,24.863295512693277,93.61964906566458,0.974044858740077,CRITICAL
2000330.0,Assam,26.571502692049613,93.11975965582153,0.9912350272167709,CRITICAL
2000659.0,Assam,26.087411239478776,91.86369492899404,0.9852477121661474,CRITICAL
3002508.0,Assam,24.59224406647428,93.87028599965925,0.00011667658795649942,LOW
3002160.0,Mizoram,23.618091780279062,93.52077902554004,0.0010665296607770885,LOW
1050720.0,Assam,26.06838073,93.14761961,0.9894784280700899,CRITICAL
3000362.0,Manipur,25.556545350192746,93.13491701047552,0.0011916337970824158,LOW
3003410.0,Manipur,23.76168018570053,93.06806365264148,0.0650550211698242,LOW
3003453.0,Assam,25.60550007707824,93.86890727918508,0.0006110349356164841,LOW
2000732.0,Manipur,24.90555613507691,93.46855342777984,0.9971434833923227,CRITICAL
3001314.0,Assam,25.050885743332653,92.74498495724768,5.629903311842835e-05,LOW
3000024.0,Manipur,24.354652168899182,93.50516506093668,0.0015633085784470127,LOW
3002574.0,Mizoram,23.63327047802041,93.18496622974332,0.04595323100403869,LOW
3001824.0,Manipur,25.08289558167084,93.53505434298638,2.1391958110035316e-05,LOW
3001222.0,Assam,25.00721730537313,90.49104126949526,0.004633631394647181,LOW
3000309.0,Manipur,24.366810728887963,94.1048969019934,0.001340808903862081,LOW
3000551.0,Mizoram,23.37269135382557,92.69421133916988,0.00028809220337860486,LOW
3003447.0,Manipur,24.39174171819493,93.5423094791013,0.010458804998477244,LOW
3002607.0,Assam,25.681252772485536,91.74603216360649,0.011592512970673277,LOW
3000600.0,Mizoram,23.62864251687217,92.96797864478836,0.0010299682891428148,LOW
1048423.0,Assam,26.1768,91.7702,0.9945464964310959,CRITICAL
1050792.0,Manipur,24.9925,93.5,0.9866988493528255,CRITICAL
3000142.0,Manipur,24.28042802978116,94.55076550576656,0.0011151207819004826,LOW
1048341.0,Tripura,23.87643891,91.39718144,0.9155417288871449,CRITICAL
3000321.0,Manipur,23.81447397944913,93.91385469495664,0.0004828318948844312,LOW
3002458.0,Assam,25.123820315186823,91.24861420221724,0.000807771009574559,LOW
3002309.0,Assam,26.88358757705485,92.29451499601376,0.00010549913542823715,LOW
3001805.0,Assam,27.25534429087317,92.90557895386472,0.0013643121958711226,LOW
3001665.0,Sikkim,27.400636353232205,88.67165496849437,3.749083027436764e-05,LOW
3001916.0,Assam,26.558859260604518,93.13664865968232,5.97533863474684e-05,LOW
3002621.0,Manipur,23.988744959592527,93.4282720339826,0.013160256697490644,LOW
3001123.0,Mizoram,23.62008754108004,92.77169574444002,0.00021478928727469734,LOW
3001372.0,Manipur,24.3630100977349,94.4353687408996,0.192956854706181,LOW
3001714.0,Assam,25.73588580461121,92.07567392050652,0.004867542176736308,LOW
1057912.0,Manipur,25.0634,94.3415,0.9928763102053543,CRITICAL
3003307.0,Assam,25.89050023139253,91.0213135202844,0.018162146930851934,LOW
1051127.0,Manipur,24.86388954,93.62191829,0.9729563985459098,CRITICAL
1057403.0,Manipur,25.5007,93.9854,0.9846763401265968,CRITICAL
3002780.0,Assam,26.573569583978987,91.0660464279898,0.022753564642832635,LOW
3003592.0,Manipur,23.988540431524186,93.78651487289956,0.0014982370980565589,LOW
3002928.0,Manipur,25.288770280992907,94.41021760601367,0.0059015909884697765,LOW
3002577.0,Assam,26.43204380266048,93.99633829777969,0.0059871995891318894,LOW
3002386.0,Sikkim,27.577788536623785,88.0948334230403,0.0018373191416985657,LOW
3002649.0,Manipur,24.080900310989296,93.0951305518171,2.6118125908554917e-05,LOW
3002584.0,Tripura,23.316004220955055,91.754810167865,0.0015579501212692397,LOW
938454.0,Sikkim,27.3746,88.7648,0.997416835346947,CRITICAL
3000041.0,Sikkim,27.59290725576233,88.61185632160384,0.005152111865136227,LOW
3003256.0,Assam,25.35105206475391,92.71290765573664,7.439335100386502e-05,LOW
2000660.0,Manipur,24.011768264386493,93.95939240578018,0.9956126114026638,CRITICAL
3002761.0,Manipur,25.406937121155277,94.41735856372638,0.0001795002084894924,LOW
3001561.0,Manipur,25.504327317500668,93.5761689858376,0.04057751743810467,LOW
3000921.0,Manipur,23.90758461198701,94.747648751493,0.032050208665388144,LOW
3000325.0,Assam,24.609403120533216,93.39898907119672,0.03138633713341678,LOW
1048390.0,Assam,26.16833375,91.72831667,0.9540403204458928,CRITICAL
3001049.0,Manipur,24.97853914447441,94.25476079595482,0.0012173443185212554,LOW
2000101.0,Manipur,24.29453434311923,93.29865087086876,0.9946453382199001,CRITICAL
3002832.0,Tripura,22.87408086160136,91.30905225266945,0.00010354058879706495,LOW
3002938.0,Manipur,24.223503897662138,93.09014659399544,0.00019614583171259295,LOW
3002654.0,Mizoram,24.06757373939579,93.1671328707405,0.07542417310231742,LOW
3002116.0,Assam,24.47556359620651,91.76763215480568,6.073999686076138e-05,LOW
3000563.0,Assam,26.37281823071516,92.81549864655784,4.2467623828835016e-05,LOW
3003414.0,Mizoram,22.48090877993175,92.81615625681064,0.019800602712211297,LOW
2000370.0,Sikkim,27.84712619031799,88.55125633185594,0.9985198653416139,CRITICAL
3000586.0,Mizoram,24.06772048928488,92.4956181646864,0.0005619794536560806,LOW
3002725.0,Assam,26.836087326742373,92.49759358576188,4.3339778371410396e-05,LOW
3002184.0,Manipur,25.071114980995965,93.71543654915702,0.000127591679598924,LOW
3002672.0,Tripura,23.3542350935052,91.67749345592736,0.009419904967195351,LOW
2000025.0,Assam,26.127430703887956,91.71064869603244,0.9845802873363804,CRITICAL
2000377.0,Assam,24.74543331071291,92.33059263837671,0.9967467034632953,CRITICAL
3001512.0,Assam,27.12787658598808,93.32814102060244,0.00180411087756525,LOW
3001471.0,Tripura,23.99163608361796,91.74552197513174,6.661668624579335e-05,LOW
3002555.0,Assam,24.7825025226354,91.08910033208042,0.00023299795553659752,LOW
1050761.0,Mizoram,23.55290361,93.37126263,0.9926703100978039,CRITICAL
3000134.0,Manipur,24.937848745887607,93.8726769406064,4.146165144491836e-05,LOW
3003078.0,Tripura,24.142938638050307,92.32539398700564,0.0002608234567670102,LOW
3001592.0,Tripura,23.878333053661592,91.68565647731526,0.00010792378321156746,LOW
3001655.0,Manipur,24.262027475965024,94.70673514873025,0.00013962836391404613,LOW
1050616.0,Mizoram,22.87370331,92.7581259,0.9777168724145231,CRITICAL
3002519.0,Tripura,23.434789409251252,91.63147541990313,0.00010060240034800957,LOW
3001524.0,Assam,25.641122071094895,92.07819899696996,2.808783574262371e-05,LOW
3000859.0,Sikkim,27.246350761087587,88.03636506118171,0.3922764398470634,MODERATE
3002789.0,Sikkim,27.26398965023545,88.58465741259656,0.029502841330861423,LOW
938402.0,Sikkim,27.71646253,88.55668313,0.9921459656014586,CRITICAL
1048344.0,Tripura,24.0896,91.4663,0.9829131150938815,CRITICAL
3002675.0,Assam,24.33498160196317,93.52934325381725,0.0001165043825579858,LOW
3002525.0,Manipur,23.80126969064121,93.83143066670718,0.0002640813313337634,LOW
3002676.0,Assam,25.07405299336907,92.44648086178894,3.9065976451572274e-05,LOW
2000312.0,Manipur,24.808607463180376,93.7303447404148,0.9737303228676851,CRITICAL
3001667.0,Assam,24.702347188123905,93.5349297691144,3.343384911889069e-05,LOW
3000187.0,Assam,24.818963972262377,91.81919489998826,0.0008450194130186001,LOW
3000646.0,Manipur,24.493926901717177,93.4851072135865,0.009442004028346168,LOW
3003347.0,Assam,24.90276042961468,93.60162790409176,0.025594203443021164,LOW
3002682.0,Mizoram,24.245252876564365,92.89643837871256,6.968474587579727e-05,LOW
3000400.0,Assam,24.35630577673496,92.86889469320752,0.0011934623609456563,LOW
3003129.0,Manipur,25.287278871123352,93.4797207670384,0.002627149555431609,LOW
2000321.0,Assam,25.17895427048177,93.02296762016768,0.9985625434189158,CRITICAL
3002501.0,Sikkim,27.199521594331188,88.7851056429536,0.00041661891672683523,LOW
3001829.0,Manipur,24.83240270736528,92.98091556894312,0.007027660830189966,LOW
3001770.0,Assam,25.621689101369984,90.14042695095496,0.00020688830010315756,LOW
3003060.0,Assam,25.905900078767964,94.25630643944376,0.0011395973434973126,LOW
3000509.0,Assam,26.4344990307921,90.1398070540372,8.842133871517517e-05,LOW
3001754.0,Assam,27.32200175900738,92.29655147382638,0.016382164377756525,LOW
2000074.0,Assam,26.20684943513076,91.90749661390085,0.9969802012903253,CRITICAL
3001669.0,Mizoram,24.096720585948887,93.37950092297316,0.029922468286150895,LOW
3000841.0,Sikkim,27.430493925911893,88.75619138525228,0.023799105567622412,LOW
3002765.0,Sikkim,27.00607715509145,88.21357434030449,0.0025308832563361986,LOW
3001116.0,Manipur,24.4636239221616,93.7278151753612,0.003989382101224477,LOW
2000229.0,Manipur,25.039838242655453,94.03126933022584,0.9785245968005916,CRITICAL
938430.0,Sikkim,27.7565,88.632,0.9979467261606872,CRITICAL
2000350.0,Assam,25.22361227115328,93.17303239582192,0.9978910527444934,CRITICAL
3002872.0,Sikkim,27.97568669144918,88.65633010632477,0.08013415307306612,LOW
3002159.0,Mizoram,23.336101390234717,93.43293836622756,0.0081165847305796,LOW
3000875.0,Assam,25.80848418569925,93.5077036665068,0.17395775856867357,LOW
3002554.0,Assam,24.840100406316708,91.66355128603178,0.00020414758725163622,LOW
3000423.0,Manipur,24.62591520431361,93.13699421145324,0.00013510761375912686,LOW
2000207.0,Mizoram,24.01374126186292,92.66815070833434,0.9893122880324036,CRITICAL
3000202.0,Assam,27.13393947724966,92.03538799639254,0.0008193463121864853,LOW
3001846.0,Assam,25.05898724503704,89.94519773294952,0.0003261175501310874,LOW
3002025.0,Tripura,24.44719337387548,91.39348455654893,0.0011338572881295222,LOW
3000501.0,Mizoram,23.405542017805114,92.9643764745823,0.00012394228684773463,LOW
3001889.0,Assam,24.989097122090765,90.68631582082614,0.0028438604150315917,LOW
3003017.0,Sikkim,27.12821683051766,88.44018944655932,0.002077719044733094,LOW
3001782.0,Assam,25.90158406772884,92.64682795674608,0.00046991682790314244,LOW
1057865.0,Manipur,23.899,94.1434,0.9735094534631812,CRITICAL
3000180.0,Assam,26.97160872646561,90.90296052348626,3.2035886745893904e-05,LOW
3000890.0,Assam,25.632436454530616,90.18949695185378,0.0008135856835589833,LOW
3000976.0,Mizoram,23.789208026992235,92.47499228160883,0.0007530217686277203,LOW
3002018.0,Sikkim,27.375169164392837,88.87768827781467,0.00032514204297024276,LOW
3001686.0,Assam,26.571721237674964,91.48212881213156,0.03240729845931821,LOW
3002875.0,Assam,25.392412086950124,93.70801710231908,0.00011764026711618516,LOW
3002432.0,Assam,26.714621158443972,94.0185067786946,0.0004253608796156663,LOW
3001458.0,Manipur,24.909526315394256,94.70997761054298,0.07336786649240656,LOW
3001981.0,Sikkim,27.84368074837983,88.5536068153447,0.00034798216595980486,LOW
3000877.0,Sikkim,27.97252394037392,88.8167910672141,2.0270670273542602e-05,LOW
2000061.0,Sikkim,27.34749319568354,88.2600026642736,0.9984729252185034,CRITICAL
3002565.0,Assam,27.370161366110885,92.35444995329348,0.015102582746477064,LOW
3000852.0,Mizoram,23.738133880053056,93.145566381298,0.00020008199067927438,LOW
3001342.0,Mizoram,23.45539342426625,93.42925523055544,0.005750209888239646,LOW
3002107.0,Assam,24.40792338828352,93.05052992105,0.003826139777237966,LOW
3000102.0,Assam,26.01008374633925,93.05278522777016,7.439312285694961e-05,LOW
3000582.0,Mizoram,23.80763042397986,92.61736523770574,0.11509311488428292,LOW
3003425.0,Mizoram,23.65372599995697,92.5462754196262,0.000391109527630264,LOW
3002231.0,Assam,26.64892446437266,92.88295188680416,0.00017574556472527852,LOW
3000105.0,Manipur,25.551541505802007,94.25353370296128,0.0012924369575596426,LOW
938247.0,Sikkim,27.34711035,88.17392386,0.9955082432821364,CRITICAL
3001400.0,Mizoram,23.226595549364824,93.10887238681616,0.00026622853247703233,LOW
2000140.0,Mizoram,23.8333174697528,92.88808023208225,0.9729441235836587,CRITICAL
3001374.0,Manipur,25.23987818241287,93.52465346349518,0.003451889158554317,LOW
3002081.0,Sikkim,27.86667058724012,88.71917903630123,0.00010990938984467577,LOW
3001987.0,Manipur,24.69367579773322,93.0893040786519,0.0012250370023030553,LOW
3001569.0,Assam,24.25325967740057,92.2399900873828,0.007195152504937757,LOW
2000355.0,Assam,26.20979420216984,91.82477542432989,0.9969158549059796,CRITICAL
3003321.0,Sikkim,27.533430591117853,88.18756341988717,4.585064795042817e-05,LOW
3000907.0,Mizoram,23.27947354481622,92.94013150349392,0.015082175108702493,LOW
3001480.0,Manipur,24.094514861242185,93.5576835224343,0.016047559897864494,LOW
3002030.0,Sikkim,27.050765721616877,88.79254301956676,6.081986414570452e-05,LOW
3001562.0,Manipur,23.846927822453715,94.6545727764519,0.02748218103067103,LOW
2000212.0,Manipur,24.84887950100349,93.9117758435617,0.9951787505661909,CRITICAL
3000104.0,Assam,26.942848185342804,93.34875061908822,0.00025649018212170314,LOW
3000188.0,Manipur,24.224774004485432,93.21278295924112,0.0007999699426446194,LOW
3003313.0,Assam,27.039606980029387,92.76722846492784,8.763903459604333e-05,LOW
3003151.0,Manipur,25.228649342293615,94.55581464217218,0.004482360241482461,LOW
3002468.0,Mizoram,23.614893469816597,93.36632259347014,0.010354471976855174,LOW
3000691.0,Assam,27.278794159196032,93.8496698359282,0.007186808248567574,LOW
3001788.0,Assam,26.16630477682317,92.12975390867372,0.0003333866412406296,LOW
3003528.0,Assam,26.61808699057712,92.45852185315678,0.000742701511550995,LOW
3002098.0,Assam,26.082998383017912,92.30742617125956,0.005908195651817211,LOW
2000524.0,Manipur,25.246823982995014,94.01559725055806,0.9986733355637379,CRITICAL
3003230.0,Sikkim,27.795366365866798,88.8661341643169,0.0024566000342411687,LOW
3000080.0,Manipur,25.364800615997204,94.42175882556664,6.0227598117493214e-05,LOW
2000553.0,Manipur,24.931741159016383,93.86163523038442,0.9918697048662377,CRITICAL
3003506.0,Assam,26.073072210338456,92.65647392640446,0.07620713661987909,LOW
3001109.0,Assam,24.653267520858176,93.38555238114806,0.004032284476375059,LOW
3000356.0,Manipur,25.633848103937613,93.7949812054522,0.00029423954306194314,LOW
3003157.0,Assam,24.98416289609662,91.33385400124251,0.0004119342765337877,LOW
3001991.0,Manipur,25.49520807999736,94.62775288994683,0.06177520212979676,LOW
3003068.0,Assam,24.353129390372874,94.04318243157272,0.0005902182399190831,LOW
2000326.0,Assam,26.143160521928568,91.75706747382188,0.9586193896219098,CRITICAL
3003308.0,Sikkim,27.97311427083625,88.39065893936757,0.0004656842376577618,LOW
3001871.0,Sikkim,27.874732899719834,88.79866809723703,0.0001551774236528796,LOW
2000365.0,Mizoram,22.474827893307843,92.94163634494798,0.999254874527387,CRITICAL
3002395.0,Assam,26.245282625980813,91.32592500049924,0.029414231800998666,LOW
3000740.0,Tripura,23.837616158771134,91.50352407434768,0.009986264128265827,LOW
3003027.0,Assam,26.88019646920212,89.89624330815832,0.0004318468797237837,LOW
3001663.0,Assam,24.271184067868937,93.2346210156769,5.271298954322699e-05,LOW
3002513.0,Assam,24.876187686607384,93.75067257024337,0.004112746513792928,LOW
2000133.0,Assam,26.1919478649794,91.78259633702308,0.9843672828067952,CRITICAL
1048340.0,Assam,25.9611,91.3681,0.9995522073541814,CRITICAL
3003578.0,Sikkim,27.50756583332628,88.09488422587224,0.0005317488494651202,LOW
3000109.0,Assam,27.11253605104304,90.2523890395959,0.014946586848042325,LOW
3003171.0,Sikkim,27.5666288583974,88.91448519734783,0.005516168488275585,LOW
2000534.0,Assam,24.736656133154398,92.82072486427532,0.9991672534170525,CRITICAL
3002253.0,Manipur,23.98417998663441,94.22684093237278,0.04089364451273641,LOW
3003415.0,Assam,25.88811859251481,94.13354221127712,0.31907527973826866,MODERATE
3001957.0,Assam,27.224654575308005,91.23234120088804,0.00034457805026570653,LOW
3000999.0,Manipur,24.4779951668196,94.36364032915796,0.3320504762141447,MODERATE
2000394.0,Manipur,24.22196237485401,93.20846013844049,0.9989162363917218,CRITICAL
1050708.0,Assam,25.3056,93.1265,0.9997264957565296,CRITICAL
3000855.0,Manipur,24.65286297413088,93.05112042575374,0.002794684390681817,LOW
3000802.0,Assam,24.379427438505303,91.4118853896595,0.0009716723436410729,LOW
2000563.0,Sikkim,27.31783329821324,88.60629291954187,0.9902115530811979,CRITICAL
2000442.0,Tripura,23.18747588823277,91.5747894011285,0.98920035686672,CRITICAL
3003152.0,Assam,25.95543729626639,93.3137382544866,0.00016258105045800775,LOW
2000529.0,Mizoram,24.134074496041247,92.69854764969573,0.9846158426763545,CRITICAL
3001317.0,Manipur,25.4329907559456,92.97263851512436,0.0017644949096623733,LOW
1048460.0,Assam,26.10973183,91.80317334,0.9969227143026331,CRITICAL
1050707.0,Manipur,24.3069,93.125,0.9950272360236719,CRITICAL
3000324.0,Assam,25.02450500434142,92.38474964370135,5.5881901519725166e-05,LOW
2000071.0,Assam,26.11845855518859,91.75695841030166,0.9953258231298217,CRITICAL
3001339.0,Manipur,25.43291023567983,93.11181223900124,0.00039761342035164596,LOW
3002622.0,Assam,26.82499811605584,93.9060131398731,0.014143809340184745,LOW
3003387.0,Manipur,25.63357671797267,93.84831211739522,0.006796877357772823,LOW
3000112.0,Assam,24.72734591088828,93.54828136762433,0.0002299902146514685,LOW
3001950.0,Manipur,25.60797590423765,93.72631936821443,0.003030004785995955,LOW
2000731.0,Assam,26.191740265441723,91.77815499382568,0.9904286597471232,CRITICAL
3003170.0,Sikkim,27.14417129878496,88.28060510821201,8.90007628340449e-05,LOW
3002290.0,Assam,26.11954020448364,92.91488813213384,0.005742174258877858,LOW
3000088.0,Assam,27.03740434871765,92.74791756898676,5.7581759420894953e-05,LOW
3003546.0,Assam,26.536103337888665,92.5834329047338,0.0031639490940934454,LOW
3003264.0,Sikkim,27.334599463955552,88.66665019946981,0.0002517706318053347,LOW
3002962.0,Tripura,22.880989203272843,92.35304769569149,4.069908366831369e-05,LOW
3002734.0,Sikkim,27.985012260032065,88.62373729101986,0.00021234705074787806,LOW
3002101.0,Mizoram,24.302732144780737,92.3504895457859,0.12468383983549253,LOW
3002111.0,Assam,25.71958183820643,93.43269788457536,0.00015547573693258315,LOW
3003179.0,Sikkim,27.342863391711205,88.08601416304587,0.00015505890789765107,LOW
3001926.0,Manipur,24.43168557950936,94.13677523161778,0.001666660025178128,LOW
1048387.0,Assam,26.16175948,91.72188533,0.9962041109226143,CRITICAL
3000591.0,Sikkim,26.9988490827091,88.55071066941497,0.0010835041964576658,LOW
3001291.0,Mizoram,23.31768950334633,92.56400017346706,4.39540590749511e-05,LOW
3000807.0,Assam,25.153194343632,89.90350229644208,5.5874113467957267e-05,LOW
3000808.0,Assam,26.23850142968276,91.15469404744697,0.0028610815985523176,LOW
3000659.0,Mizoram,23.79197755022549,93.39387689930253,0.0002503837876057611,LOW
3003303.0,Manipur,25.21059652540618,93.86696535279512,0.00721578891055453,LOW
1048552.0,Assam,26.13140438,91.93086808,0.9086102703840371,CRITICAL
2000452.0,Manipur,24.969021618177297,93.53309417274694,0.9995206412037236,CRITICAL
3001880.0,Assam,26.67522310000393,93.178683140786,0.007799205493692021,LOW
3003335.0,Mizoram,24.206318631862093,92.81212350922657,0.013916215428738183,LOW
3002263.0,Mizoram,23.674794895974166,93.06694374004884,0.001143931947905299,LOW
3000002.0,Manipur,24.617214967085303,94.46494012825968,0.00031482516483582004,LOW
3003018.0,Sikkim,27.825377209985184,88.2915379179273,0.0021754154942772155,LOW
3002348.0,Manipur,25.380186926885504,93.8736886122466,0.0007429469060595405,LOW
3003101.0,Assam,25.863290889727143,92.8249396872092,0.0028263215692295295,LOW
3000935.0,Assam,25.17683875094043,89.91865152706556,0.00015948541490087815,LOW
3002252.0,Assam,24.623505500356902,93.6994494171258,0.0001858392641277872,LOW
3001010.0,Sikkim,27.52662042128723,88.60483787437425,4.3543019709904817e-05,LOW
3000702.0,Mizoram,24.17420561508272,93.5174807158024,0.0008378238376698446,LOW
3000282.0,Mizoram,24.1128900679985,92.38912479306912,0.0006905104305069483,LOW
2000397.0,Manipur,23.998512121187044,94.04484404730438,0.9828130726020061,CRITICAL
2000419.0,Assam,26.1675078172895,91.69168651614672,0.9846457731657567,CRITICAL
1048376.0,Assam,26.1044,91.7082,0.9714114643460845,CRITICAL
3001773.0,Mizoram,23.664397170696265,92.97585737764588,0.04446310578932845,LOW
3002136.0,Assam,25.567236728594374,93.89669636568348,0.003981141548350595,LOW
3000721.0,Assam,27.22713625475361,90.13861224830768,0.12088139798390896,LOW
3003265.0,Assam,26.66057793906024,93.35975356712754,0.0005147278558014001,LOW
3002866.0,Manipur,24.941031957684014,94.37140841222326,0.0003300811247283129,LOW
3000502.0,Mizoram,22.98437371354173,93.28787533421,0.0001581968197880006,LOW
3002094.0,Assam,26.01081366722076,90.31451152782633,0.026931800766087678,LOW
3000962.0,Sikkim,27.390979025406544,88.52726465328145,0.00021125070969625154,LOW
2000756.0,Mizoram,23.839602604194795,92.88692752641,0.9707835024524154,CRITICAL
2000607.0,Manipur,25.106758978183866,94.36679686516622,0.9954565177969393,CRITICAL
3001350.0,Manipur,24.43007028232421,93.4279578745962,0.026889474411955362,LOW
3002863.0,Manipur,24.784943568393583,94.25865754297617,0.005343580130340233,LOW
3001858.0,Mizoram,23.43378364021692,93.32400617198758,0.00010368916350017957,LOW
3002047.0,Manipur,24.958611651058444,93.44581863410104,0.22235497192008982,LOW
3000195.0,Assam,25.140030273561543,90.54740456518252,0.0014035655274390584,LOW
3001438.0,Assam,24.61148538127245,89.88369937023201,0.0318250133577676,LOW
2000388.0,Sikkim,27.440470395631397,88.52868503899708,0.9962776475225179,CRITICAL
3003320.0,Sikkim,27.31726650826896,88.56568503146195,0.010583862112105767,LOW
3001891.0,Assam,26.957955435335403,91.21902309008522,3.197767594155101e-05,LOW
3002296.0,Assam,25.35935974179927,92.9596301568013,0.00021092920483544044,LOW
3002016.0,Assam,26.29872914776106,92.8071151983528,5.156893681779861e-05,LOW
1048504.0,Tripura,23.82994813,91.85896802,0.9984373047578963,CRITICAL
3003540.0,Manipur,25.617885677633367,93.200275249863,0.00032079192801532134,LOW
2000048.0,Assam,26.21520245147678,91.88434793031216,0.9987740799925149,CRITICAL
3003075.0,Sikkim,27.59129723193593,88.62111910621599,0.0005073212146083422,LOW
3001133.0,Assam,26.88442207741461,93.4790948241598,5.741721301421301e-05,LOW
3001518.0,Manipur,25.26364761908994,93.12994001632116,0.0006168522780454183,LOW
3000880.0,Manipur,24.10235580864711,93.72687221912314,6.433156622900883e-05,LOW
3002190.0,Sikkim,27.62150237370517,88.63879590883437,0.0003281514357553884,LOW
2000342.0,Manipur,25.42650340161369,94.08658627517616,0.9720703005104646,CRITICAL
2000571.0,Manipur,24.985903544944136,93.99722111012248,0.9809101347952509,CRITICAL
3002994.0,Sikkim,27.759715268260997,88.51414407058172,0.00021640713535040537,LOW
3001063.0,Sikkim,27.830010981649085,88.64085386645972,0.0056067823743348845,LOW
2000609.0,Sikkim,27.70368915564394,88.55576749993168,0.9656726055437432,CRITICAL
3002013.0,Assam,27.089563510611903,92.3247375080486,0.00029500169331309766,LOW
3000560.0,Sikkim,27.52025049622052,88.43449187879868,0.00039333766756420325,LOW
3002623.0,Assam,27.259031629441107,91.2125031485384,0.000227689861987149,LOW
1048428.0,Assam,26.19037705,91.77306002,0.9754377819709041,CRITICAL
3001409.0,Sikkim,27.606954217546296,88.16621820830251,9.930128562238386e-05,LOW
3000184.0,Assam,24.35070518695405,91.70562753023482,6.17001462620059e-05,LOW
3000525.0,Assam,25.520084194102765,90.43836716335429,0.00024028412201677391,LOW
2000706.0,Manipur,24.992470950664025,93.4961870659262,0.977503918487828,CRITICAL
3001324.0,Assam,25.26740716856008,91.0679360763044,0.000891055488432907,LOW
1057807.0,Manipur,24.4279,94.0564,0.9995562934340417,CRITICAL
3002502.0,Sikkim,27.67726078592042,88.45140533368117,0.009922678663931716,LOW
1057115.0,Manipur,24.65145617,93.95748186,0.9945600378441017,CRITICAL
2000308.0,Assam,26.57356291410497,93.11511953022053,0.9861245492434014,CRITICAL
3002233.0,Sikkim,27.231365054517745,88.91126560387171,4.629077153596688e-05,LOW
2000727.0,Mizoram,23.73063731415895,92.72876165190772,0.9644109780271737,CRITICAL
2000468.0,Sikkim,27.333747460864146,88.60112236959841,0.9945438626386656,CRITICAL
2000586.0,Manipur,24.960618657018767,93.53535842308536,0.9980523840926292,CRITICAL
3003345.0,Manipur,24.608388254083568,93.12634457118818,0.00021579998883687688,LOW
3000293.0,Mizoram,24.13444028559931,92.45931978422216,0.23156040201447292,LOW
3001004.0,Mizoram,23.99342974929575,93.31588704380977,0.024645694067875926,LOW
3001514.0,Manipur,24.626437042472677,94.6861770533732,0.0013353370045243004,LOW
2000281.0,Manipur,25.0808740656386,93.99914540139308,0.9885749390841831,CRITICAL
2000622.0,Assam,26.09873799537763,90.04037593780757,0.96901191353359,CRITICAL
1050741.0,Assam,25.2269,93.1658,0.9974196951969985,CRITICAL
938437.0,Sikkim,27.6047,88.6463,0.9780144708512359,CRITICAL
3001025.0,Assam,26.78028271952397,90.14882145490068,0.0004203665335527848,LOW
3003324.0,Assam,24.17760979252921,91.0628920733974,4.285871894104702e-05,LOW
3000680.0,Mizoram,24.249254186220696,93.04987570489511,0.025348819048108102,LOW
3002373.0,Sikkim,27.966423810767573,88.29153755423728,0.00023766240940114558,LOW
3003464.0,Sikkim,27.544018085668803,88.50897192833031,0.0009013729065436016,LOW
3000004.0,Assam,26.6925045863608,92.85147900950592,0.0006622705733441804,LOW
3000791.0,Manipur,24.565536657411783,94.68196961887816,0.00020546717593381873,LOW
1050677.0,Mizoram,23.6866,93.017,0.9756082028677158,CRITICAL
3003461.0,Mizoram,23.115228352303795,92.54695815922888,0.0088486791350779,LOW
3002616.0,Sikkim,27.36617358525958,88.55540419344625,0.0005613475477836501,LOW
3002732.0,Manipur,24.58949644374333,93.14203837695064,0.0006232575895155203,LOW
2000382.0,Manipur,24.75594217968988,93.44395691665784,0.9850551867567752,CRITICAL
2000495.0,Manipur,25.41467431498038,94.1049870268466,0.9859909864155388,CRITICAL
3003357.0,Sikkim,27.74179196687366,88.77849030675982,0.00019133249406117788,LOW
2000558.0,Assam,26.17624131423489,91.70427218456726,0.9867414186744305,CRITICAL
3001488.0,Manipur,24.84400247850232,93.58945402728054,0.006980266752599405,LOW
3002401.0,Manipur,24.10452202228312,92.98188190310395,0.0001317250032863313,LOW
3001195.0,Mizoram,22.51265757812999,92.45205413681788,0.013722194226351073,LOW
3003432.0,Assam,25.797010086698503,92.07240195236758,0.0005303426924943626,LOW
3003582.0,Assam,24.53953605456514,93.14528163400486,0.001775661265963992,LOW
3002653.0,Manipur,23.9362233118142,93.27560184803262,0.00010494923992794913,LOW
2000005.0,Manipur,24.3139503399741,93.10931492161964,0.9925199450516635,CRITICAL
3002998.0,Assam,27.233871740868736,90.10931500588192,0.010009909946287816,LOW
3003192.0,Manipur,23.825390131564696,93.32608087546063,7.232959921143952e-05,LOW
2000156.0,Sikkim,27.344535405049708,88.60234961891216,0.998391298022113,CRITICAL
3001092.0,Mizoram,23.165349083972245,92.57305414291892,0.032538062754790785,LOW
3002750.0,Sikkim,27.891482748136927,88.68964603564201,2.695633518594796e-05,LOW
2000556.0,Manipur,25.29938055647788,94.03837673969224,0.948230867638147,CRITICAL
3002538.0,Assam,25.980429734049803,90.24318447177508,0.0006621706356543476,LOW
3003261.0,Manipur,24.467178295120235,94.1516510638959,0.015088374786438902,LOW
3001161.0,Assam,26.393908405849764,92.39984555262248,0.00037034121233563394,LOW
3002308.0,Sikkim,27.26778001635966,88.39387893714647,0.1667611961328769,LOW
1050593.0,Mizoram,23.73941422,92.71505961,0.990579626575107,CRITICAL
3002009.0,Assam,25.07739953943229,93.82408529774818,0.011582334894921383,LOW
3000133.0,Sikkim,27.321203029709604,88.71689141549375,0.0006546265224836358,LOW
3001817.0,Assam,24.503525717384875,91.85150379730136,0.00016417926560305547,LOW
3002303.0,Manipur,23.889429959523262,93.63402835408236,0.00018134971040878762,LOW
3001509.0,Tripura,24.1244552460763,92.07141926614614,0.0005114357873234276,LOW
3000735.0,Mizoram,22.84410506350492,93.1682399502426,0.00045554812374984095,LOW
2000555.0,Manipur,25.057107174707507,93.43391476414024,0.9693031357404454,CRITICAL
3001219.0,Assam,25.639563577042487,91.5215686670613,4.27784685433476e-05,LOW
2000186.0,Assam,26.13138755189505,91.93142856946297,0.9987074586575693,CRITICAL
3000655.0,Manipur,24.702901369374462,93.35142697567876,0.001021519010107221,LOW
3003095.0,Assam,25.61422228550252,90.9476507420307,0.03329990893855028,LOW
3001673.0,Sikkim,27.42114324534915,88.32922193093813,0.003996103056359529,LOW
3001831.0,Assam,27.272930676927945,90.65020343700104,3.9781151288233044e-05,LOW
3000006.0,Tripura,23.72228668799039,92.01683223141704,0.00015594828870324013,LOW
3001268.0,Manipur,24.979539290508114,93.49815923815832,0.0030476100225728183,LOW
3000446.0,Assam,26.35423546091908,93.83252378389052,4.4003611918604924e-05,LOW
3002218.0,Manipur,24.07685635648997,93.90802626040676,0.00036272381681435196,LOW
3002277.0,Manipur,23.928884540656444,93.32048187183408,4.6198782895141e-05,LOW
3002814.0,Assam,24.389732206162645,94.19184121858456,0.0017705856479282149,LOW
3001662.0,Sikkim,27.92635945842536,88.32618689784759,0.0008397307915896715,LOW
3000593.0,Assam,26.344734150650176,93.285425494804,4.70257013358653e-05,LOW
3000231.0,Sikkim,27.888239639801427,88.01111328934907,0.0018143424283444927,LOW
3001627.0,Manipur,24.16330680114426,94.6839896064368,0.00012418849417318608,LOW
3002598.0,Manipur,25.15874764364765,93.0422397285383,0.0004949130536658978,LOW
3002169.0,Mizoram,23.88167121462894,93.23516175987513,0.008290001191619083,LOW
3002168.0,Assam,26.867830047346693,92.42190335029224,2.388716495883924e-05,LOW
3002334.0,Sikkim,27.68521473900736,88.86193558536469,0.00021218267567229524,LOW
3001901.0,Assam,24.910417232766115,91.1588585139646,0.00038016181556179264,LOW
1057936.0,Manipur,24.8628,94.4182,0.9977224740657527,CRITICAL
2000633.0,Assam,25.163267411756465,92.99610576256563,0.9994983658296269,CRITICAL
3000729.0,Assam,26.201339198762675,92.06810093807054,3.776964090730978e-05,LOW
3002250.0,Sikkim,27.049721518842684,88.08747658831538,0.00020064169850010036,LOW
2000223.0,Sikkim,27.159506042190856,88.37455020190733,0.9957540080869998,CRITICAL
3001857.0,Sikkim,27.335172451883828,88.50193444602623,0.008046064280634802,LOW
3002990.0,Assam,24.368606692441062,91.4711877071802,0.00013888995660529973,LOW
1050634.0,Assam,25.2946,92.8339,0.9958691802553457,CRITICAL
3002760.0,Mizoram,23.697442136392954,92.56863989922134,0.002106649388048011,LOW
3001736.0,Sikkim,27.706120549294077,88.75554508135747,0.0015100112997875293,LOW
3002005.0,Manipur,24.61649638465654,94.18493209254412,0.0001710227170635392,LOW
3000148.0,Sikkim,27.160422578918663,88.28289799729245,7.703032426220778e-05,LOW
3001856.0,Manipur,24.975846270677746,93.21660929970771,0.0012164628040113616,LOW
938444.0,Sikkim,27.29288574,88.67133148,0.9953047645564206,CRITICAL
3003276.0,Tripura,23.76703665150056,91.71407769953264,0.05261827286931905,LOW
3002332.0,Assam,26.948530609809428,93.56349627406682,0.033651900866928854,LOW
3001531.0,Sikkim,27.11392107805472,88.69256014469046,0.006876844501105615,LOW
2000447.0,Assam,26.357849048440016,92.82937375386912,0.9988777805493283,CRITICAL
3000440.0,Assam,27.040051689072488,93.12034711814492,0.0001744125384609556,LOW
3002495.0,Manipur,24.631909509870248,93.0967869537608,0.005464388156846679,LOW
3001841.0,Assam,25.74514555366853,91.21158002106256,0.0004357767187361148,LOW
2000604.0,Assam,25.125997661050825,93.06148333812077,0.9950851161954988,CRITICAL
3002082.0,Assam,26.72167710462135,93.44410068472337,0.08618522498219983,LOW
3003573.0,Manipur,24.99468539079417,93.57088244166589,0.0006584552118191727,LOW
3002834.0,Assam,25.016326712346537,89.90674754604862,0.008067308772327426,LOW
3000989.0,Sikkim,27.74945798606695,88.66307292019745,0.00034633645836598323,LOW
3003233.0,Manipur,24.86801793113208,93.43417331320332,7.927839576087363e-05,LOW
3001244.0,Manipur,25.513659996532866,94.18783997021124,0.0004617260312668976,LOW
1057821.0,Manipur,25.3908,94.0926,0.9886527967522141,CRITICAL
3001150.0,Mizoram,24.345804718570268,92.49564449585392,0.0009080178159864556,LOW
1057207.0,Manipur,25.1333,93.9667,0.9689514399807687,CRITICAL
3002697.0,Assam,26.940068394113908,90.82088802190222,7.237576367511087e-05,LOW
3003229.0,Sikkim,27.77656494464815,88.80818395096897,0.00026810329271495373,LOW
2000331.0,Manipur,25.04623553352018,94.01483660348696,0.9823459843159283,CRITICAL
3002006.0,Assam,26.7225215806912,91.41758840763303,0.009927556394450008,LOW
3002718.0,Manipur,25.5997680210023,93.56741693132868,0.001617006751838389,LOW
3003406.0,Assam,26.66976370614195,90.43774944975604,0.10077796678524753,LOW
3002703.0,Assam,24.60156721776471,92.71337343631087,0.008837974337816943,LOW
3002126.0,Manipur,23.933335773592084,94.22066655902664,0.0001086733502217481,LOW
1048398.0,Assam,26.1475,91.7356,0.984263538519796,CRITICAL
3000484.0,Sikkim,27.28467477246998,88.86048889153865,0.26328305658608697,MODERATE
3000917.0,Manipur,24.75105916444389,93.80362130737504,0.0045665469412316355,LOW
3003350.0,Sikkim,27.13414562995716,88.81021973852816,0.004347385597136949,LOW
3000635.0,Sikkim,27.74048331470311,88.55225136808845,0.0001355914283829536,LOW
2000413.0,Manipur,24.734082016664487,93.42650605920716,0.9968783217871455,CRITICAL
3002164.0,Manipur,24.15345961680217,93.0732082781119,0.000995776884913578,LOW
3003548.0,Manipur,24.995056902126688,94.52792297882158,0.0014006106913135564,LOW
3001603.0,Manipur,24.970927596863067,93.87539407820913,2.9735044899071032e-05,LOW
3001475.0,Sikkim,27.287427584508222,88.00804103209596,0.0020991005321789355,LOW
1050638.0,Mizoram,22.7176,92.8416,0.9998405468283995,CRITICAL
3002713.0,Assam,24.333443437063814,91.15610956032282,0.00112370915111807,LOW
1050573.0,Mizoram,23.83291945,92.63125938,0.9911735204583496,CRITICAL
3002557.0,Sikkim,27.10226467981585,88.21002846732853,0.0009746449530547725,LOW
3001692.0,Assam,26.498547397649645,92.70156944736588,0.000748636461677739,LOW
3001172.0,Manipur,25.435811254420564,93.2527589819787,0.012262252087964453,LOW
3000895.0,Mizoram,24.2976775947004,92.37450533627296,5.4226460003100693e-05,LOW
3002690.0,Assam,25.41079704343892,93.62037663621466,0.002216336768282652,LOW
3002133.0,Manipur,24.369153427854904,93.07605810867244,0.0031949544407906937,LOW
3003059.0,Manipur,24.580612683395547,93.61884147574914,0.00024575471414086124,LOW
3002029.0,Tripura,24.51965374954036,92.28087667609098,3.6548609352909775e-05,LOW
3003524.0,Mizoram,24.158789348288657,93.46586752778288,0.000525813754386996,LOW
3002568.0,Mizoram,22.77131549345779,92.55140020385812,0.0034121144913955527,LOW
3001796.0,Sikkim,27.713589715734265,88.66119576963344,0.00046916331333497524,LOW
3001064.0,Sikkim,27.30350571351842,88.20683924963511,0.00035701355326617494,LOW
3000701.0,Sikkim,27.95334828372057,88.59362051327398,8.299093758584382e-05,LOW
3001076.0,Assam,24.16072969142807,92.95687870849706,7.508219230628614e-05,LOW
2000434.0,Assam,26.223188680285105,91.91400925628206,0.9955392178364146,CRITICAL
3002031.0,Assam,25.20497085390352,90.17539118048272,0.007316132012083457,LOW
3000733.0,Manipur,25.16197444826824,93.23957030542338,0.04704404512789999,LOW
3001654.0,Mizoram,22.764192931110045,93.39884019519944,0.00021009608354414684,LOW
3002852.0,Sikkim,27.65351018428077,88.73201740319618,0.00016989692851707982,LOW
3001713.0,Mizoram,23.90830199833384,92.84043997738104,0.002492988065509867,LOW
3000666.0,Sikkim,27.718582619653443,88.73583747706087,0.0004438907166799044,LOW
3000459.0,Assam,25.663093944057184,91.00532999646848,0.0001868011145318371,LOW
2000136.0,Manipur,24.372255926263744,93.73036484897312,0.9746731484006681,CRITICAL
3002394.0,Assam,25.80089984822952,92.37451432192692,0.00020418811226667141,LOW
3000658.0,Mizoram,23.314655958895592,93.26869360239962,0.0011142372307750429,LOW
3001446.0,Sikkim,27.755299218073784,88.02843655139338,0.00017512883600246222,LOW
3001044.0,Manipur,25.20385955595349,93.60576614234684,0.009119948082830166,LOW
3000078.0,Sikkim,27.69399473098173,88.42032749720236,0.006739452003504811,LOW
3001137.0,Sikkim,27.06944432928549,88.86771708967066,0.0013081787508008181,LOW
2000570.0,Manipur,24.328432272913087,93.14852422287274,0.9907261355538648,CRITICAL
3002283.0,Assam,26.05231141340393,93.27471707870964,0.0002686895622289517,LOW
3001845.0,Assam,27.346799845142503,93.2873134941469,0.0008261331216962509,LOW
3001869.0,Assam,24.65418087751262,93.25502931443994,0.0005660408913078257,LOW
2000740.0,Mizoram,23.352057341687367,92.78975000067167,0.976796229454165,CRITICAL
3003333.0,Manipur,23.966517391833097,94.6980731908743,0.00012185633077968654,LOW
3001398.0,Assam,26.664940746799527,93.15039697468572,0.12067343673701793,LOW
3001005.0,Mizoram,23.491137444397356,92.58520873858596,0.008926866204251706,LOW
2000039.0,Manipur,25.05852291938608,93.97336955230033,0.9968696855558357,CRITICAL
2000542.0,Assam,26.93977203748613,93.85151168379356,0.9858677696378835,CRITICAL
3000055.0,Sikkim,27.446404711771574,88.59591292573907,0.003845414435559813,LOW
2000097.0,Mizoram,23.7350764971112,92.73683819493768,0.9986423292645279,CRITICAL
3000836.0,Manipur,25.135227713368963,93.35601242921952,0.0008090830274024986,LOW
3002904.0,Sikkim,27.02693848342622,88.48394043879921,0.00018545391586593835,LOW
3000493.0,Assam,25.299262409337743,91.94718722828988,0.0012495576964974893,LOW
3003055.0,Manipur,24.0217672553907,93.16167461518232,0.0006085896891410043,LOW
3002931.0,Manipur,23.958978277760387,94.08966028711669,0.003917849373010957,LOW
3002372.0,Sikkim,27.90491210232834,88.63330187158421,0.0007945764123573253,LOW
3000272.0,Manipur,24.48194906263859,94.51017403181407,0.003978807427656026,LOW
3001402.0,Assam,27.211085124781697,91.51623891801376,0.00012019388657482326,LOW
3000003.0,Assam,24.293181289872454,91.94802014717516,0.0007402246476150211,LOW
3001239.0,Manipur,25.43317233930479,94.442867610328,6.85701397780354e-05,LOW
3001427.0,Assam,26.876423588184597,92.11015408887152,0.0004501120044401269,LOW
3000470.0,Assam,26.722080714857803,93.17461599828492,0.00238258652960553,LOW
3003429.0,Manipur,25.180246578764518,93.13438992433012,0.02107454639297004,LOW
3000771.0,Manipur,24.763528750944484,93.3420914217286,0.02480280919790892,LOW
3001911.0,Manipur,25.63351165192864,94.6387708938198,0.00012211298560647159,LOW
3000952.0,Assam,24.674756859861382,91.20486676604312,0.00045759817556073254,LOW
3002488.0,Mizoram,24.274655485701597,93.51906578162132,9.60037187063899e-05,LOW
2000440.0,Sikkim,27.138788488166355,88.44029186841513,0.9995939743563506,CRITICAL
3000798.0,Manipur,24.2915306706181,93.01816176005237,0.0012565140022448985,LOW
3003499.0,Sikkim,27.355218278669188,88.58640727715013,0.0035450647256772077,LOW
3001855.0,Assam,25.78255769653069,93.54701667305568,0.0025550384861694254,LOW
3000049.0,Manipur,25.637207957113024,93.543634913431,0.007902350241654584,LOW
3000993.0,Assam,27.012623469075542,91.36702570496008,0.00041349335683233215,LOW
3001513.0,Assam,24.48789080056148,90.9499076656066,0.024444574467497107,LOW
2000612.0,Manipur,24.948416405827025,93.51997975794148,0.9776145101763165,CRITICAL
3000991.0,Assam,24.4536376547954,93.03315885101048,7.90517556200562e-05,LOW
3003284.0,Sikkim,27.51982295367706,88.36980865611787,0.0006962765506892664,LOW
2000666.0,Assam,26.194094416632485,91.7234170490726,0.9854964076775898,CRITICAL
3000689.0,Assam,25.27265108323725,91.02376787252534,0.007400764100658747,LOW
3001270.0,Assam,27.29582311284731,92.62612577026812,0.024284325344929296,LOW
3002509.0,Assam,25.600033453742743,93.41781967158047,0.08761334871537864,LOW
3002563.0,Assam,25.97486165099249,92.00628102537766,6.957875123720649e-05,LOW
3001648.0,Manipur,24.278099696574387,93.94952940183832,0.007280439650331691,LOW
3002398.0,Manipur,24.86805823909666,93.0188237225609,2.9352372721851134e-05,LOW
2000235.0,Sikkim,27.320276495277465,88.60354759755867,0.9889299321342981,CRITICAL
3000119.0,Manipur,24.094687818830145,94.04119380291372,0.0033609148317824125,LOW
3000664.0,Assam,26.46895179383453,92.37011881759535,0.0019295808099249613,LOW
3001144.0,Sikkim,27.880259172492035,88.69122032058276,3.2918341572462174e-05,LOW
3001250.0,Sikkim,27.87809717152392,88.06690998181767,0.010821800474979583,LOW
3000937.0,Sikkim,27.407453447168443,88.75207285286882,4.045794714321736e-05,LOW
2000685.0,Assam,25.607847480717545,92.70876926198972,0.944859973401581,CRITICAL
3000573.0,Tripura,23.22145737104489,91.5937920325388,0.01071793379650094,LOW
3003562.0,Tripura,23.992841769771022,91.71454930022436,0.022679528674243846,LOW
938412.0,Sikkim,27.6558,88.605,0.9114725653585871,CRITICAL
3002865.0,Sikkim,27.898190119299677,88.78826750054513,8.113536318905648e-05,LOW
3002282.0,Sikkim,27.22252088367268,88.08028195068718,0.0014053884254256318,LOW
1048325.0,Assam,25.8833,91.2,0.9588065967225616,CRITICAL
3002251.0,Sikkim,27.58551246887408,88.16587151788666,0.0006709591012588358,LOW
3001699.0,Manipur,25.508007134378285,94.58406638824002,0.0035702391450451424,LOW
3000853.0,Assam,25.064204016516072,93.99211897712144,0.0004937471208718157,LOW
3003126.0,Assam,25.889430689026987,92.73987456667656,0.0005623211920921772,LOW
2000344.0,Mizoram,23.65154444555677,93.0111141386147,0.9995870808137413,CRITICAL
3000115.0,Assam,26.04846759821801,89.95176600199635,0.00033341572119298293,LOW
3001646.0,Assam,24.57887905875277,91.33112182848816,0.012386178319662605,LOW
3000652.0,Tripura,22.98626221741002,92.37243023085288,0.0014389158750409848,LOW
3001118.0,Assam,26.226860720982906,92.26276108576144,0.00015150687600298086,LOW
3003382.0,Sikkim,27.34312878309573,88.4489289987269,0.0015465970014497408,LOW
2000492.0,Mizoram,23.44519809999888,92.8172793953374,0.9102673453550021,CRITICAL
3002651.0,Assam,24.172643888200945,90.58948117711763,0.010564860239814122,LOW
3002712.0,Sikkim,27.653407727797678,88.4757880110227,6.366125624420584e-05,LOW
3000173.0,Sikkim,27.49790952865854,88.31623144055607,0.011325423408423874,LOW
3000656.0,Manipur,24.694337620989906,92.98983395198664,4.870253926893135e-05,LOW
3003509.0,Manipur,24.07014381218767,93.97617685070117,0.002484514956265958,LOW
3001766.0,Assam,26.946451196467777,93.23852752931796,0.007538871416598208,LOW
3002192.0,Mizoram,23.4713892072517,93.4807392981768,0.06722317039851855,LOW
3000120.0,Assam,27.113944550833587,90.69324400861728,0.0003833043064735591,LOW
3001361.0,Sikkim,27.12495467744132,88.79199564880425,0.0007563122940839886,LOW
3003503.0,Assam,27.38324318692061,90.28452252929957,0.0012899619831559612,LOW
3001436.0,Assam,24.14284326489734,91.09607746891302,0.0017124197527981925,LOW
3002889.0,Assam,25.70300159319158,93.94042588134178,0.04646900354141251,LOW
3002331.0,Assam,24.947016858324083,93.37018322579618,0.0004907945347772775,LOW
1050767.0,Manipur,25.0672,93.4093,0.9652226166095808,CRITICAL
3000709.0,Assam,25.264816627214167,92.65558844541972,0.0002602131795864367,LOW
1048373.0,Assam,26.1666,91.7042,0.9841580923994793,CRITICAL
3002964.0,Assam,24.938283260820945,92.55033459454768,0.003128710012118147,LOW
3003007.0,Manipur,25.62860493562204,93.335731290012,0.0010237909737050202,LOW
3001166.0,Manipur,24.00526588382307,94.58941158863205,0.001277112751302605,LOW
3000405.0,Assam,27.21176964365312,93.46966645017076,6.33851931858279e-05,LOW
3002689.0,Tripura,23.953673338934884,92.216328565421,3.229629164406961e-05,LOW
2000738.0,Mizoram,24.212759842250698,92.68487791538524,0.9933453594341763,CRITICAL
3002478.0,Sikkim,27.353901809671203,88.89207821112136,0.003863153770719113,LOW
3002291.0,Assam,24.13933397984839,92.24394331009542,0.00011767092395980564,LOW
3003471.0,Assam,27.05209608213266,92.43920998513984,0.0003909911056125347,LOW
3002422.0,Assam,25.779283615781548,90.57937010521051,4.695501446761887e-05,LOW
3000744.0,Assam,26.581787698265487,92.3806572008192,0.05385802130806678,LOW
3001759.0,Sikkim,26.9665038540851,88.17926376920924,9.542694517409526e-05,LOW
3000795.0,Assam,26.07063635596017,91.50816070874468,0.0018292104679244721,LOW
3003557.0,Assam,25.72844749490079,90.20149937194373,0.00017456100907540628,LOW
3002985.0,Manipur,24.614757501205982,93.9422577657401,0.0013865748296408142,LOW
3001177.0,Manipur,25.122406631936386,92.99152584183254,0.0009793811824772845,LOW
3003450.0,Assam,26.765561505406566,90.66264373071998,0.0001175389382465659,LOW
3000143.0,Manipur,23.8123783702507,93.72187333478192,0.0013472249195671969,LOW
1057027.0,Manipur,24.8063,93.9482,0.9996958788578856,CRITICAL
3000420.0,Manipur,24.45154090646487,94.28189482620937,0.0006228329916756379,LOW
3002514.0,Sikkim,27.902901010996384,88.05369948449707,0.00010654151210422157,LOW
3003137.0,Sikkim,27.12791516054248,88.16279411955007,0.0014630783654108065,LOW
3000861.0,Sikkim,27.456543553942264,88.52063747299572,7.943328789086144e-05,LOW
3001746.0,Sikkim,27.405670620475355,88.68870905797671,0.11693029916722933,LOW
3001020.0,Tripura,23.41234312485256,92.11759853346204,0.00538248670068202,LOW
3000474.0,Mizoram,23.68377459110432,92.5633944297698,0.0006312962976032594,LOW
3000743.0,Assam,25.05220311000652,90.42693791019016,0.007261501714286781,LOW
1048399.0,Assam,26.1049,91.7369,0.9983415838267546,CRITICAL
3003044.0,Manipur,25.655276993520346,94.44670092442112,0.007793078912043203,LOW
3000840.0,Assam,25.36446314031128,92.02061613840377,3.4779349822151844e-05,LOW
2000309.0,Sikkim,27.126244391917027,88.23393747332533,0.999574988846995,CRITICAL
2000521.0,Assam,24.805684399885976,92.86256665086742,0.9915653134015608,CRITICAL
3002545.0,Assam,24.16105304505681,91.94482960327026,0.018334009966826048,LOW
3001107.0,Manipur,25.588434401178212,93.44961000795703,0.0032485975038033855,LOW
3000827.0,Assam,27.005761366912743,91.20227088363242,0.00034035486719171336,LOW
3001693.0,Assam,24.409320875928483,93.01193126250894,0.00024572116123133207,LOW
3002740.0,Manipur,24.6831115273148,94.7396378038044,0.0001247022630669728,LOW
3003427.0,Sikkim,27.58549050352949,88.71350855324467,0.001423347671697833,LOW
1048548.0,Assam,26.13140438,91.93086808,0.9889276769642366,CRITICAL
3000718.0,Assam,25.35802384946193,91.7637848246862,4.59391975786238e-05,LOW
3000629.0,Assam,25.49101088364311,92.25434572252806,9.3705808113095e-05,LOW
3000374.0,Assam,24.73704141207713,92.72860711672874,0.00016391590586852382,LOW
1057851.0,Assam,27.2333,94.1167,0.9776851739552685,CRITICAL
2000273.0,Sikkim,27.32682158771849,88.60135553691492,0.986544788614357,CRITICAL
3000938.0,Assam,27.379561351725243,91.50986347239792,0.0001638860385636418,LOW
3003021.0,Assam,26.941009865661435,91.127391430756,0.001182057313438476,LOW
2000178.0,Sikkim,27.11455557821113,88.4553579384912,0.9933598500440164,CRITICAL
3000988.0,Sikkim,27.09310576962239,88.24755435302765,0.00014576411711052738,LOW
1048374.0,Assam,26.1665,91.7049,0.982991890771618,CRITICAL
2000151.0,Assam,26.18786716179412,91.76840328703716,0.9681120080812845,CRITICAL
1050649.0,Assam,24.81395989,92.85687296,0.9977639008989557,CRITICAL
2000343.0,Sikkim,27.34709653919772,88.18294091081323,0.9925593924799417,CRITICAL
3003111.0,Sikkim,27.646557886865665,88.4904406293288,0.011356755126657746,LOW
3001684.0,Assam,24.38139630423812,91.66727676756511,0.001556367527429946,LOW
2000761.0,Assam,26.10646491513989,91.7557707993156,0.9963266297640989,CRITICAL
3000234.0,Assam,25.975014370953915,93.91678766704548,0.0007928015448264057,LOW
3001174.0,Assam,25.12289835801076,94.27538450938884,0.000253220745432012,LOW
3003026.0,Manipur,24.67185473017092,94.37956919896256,0.0004870995930849374,LOW
3002172.0,Tripura,24.096604033952488,91.3570041703253,0.03569309702181623,LOW
3001021.0,Mizoram,22.576823647119102,93.06012578747746,4.8251770314676476e-05,LOW
3000259.0,Assam,27.092604395119057,90.52503990068504,0.038865670858578054,LOW
3001898.0,Assam,24.6699823302066,92.87311025685678,0.01672798984710088,LOW
3000216.0,Manipur,24.41985892008483,94.11585477447386,0.03572417451471993,LOW
3001563.0,Mizoram,22.6200428333894,92.89509351837008,0.07455149020784699,LOW
2000466.0,Sikkim,27.709348035618376,88.56181022667542,0.9739072405124014,CRITICAL
938377.0,Sikkim,27.57153591,88.47287208,0.9944887117581269,CRITICAL
3000265.0,Assam,25.118987470890836,93.43315028842296,0.016625089718212582,LOW
3001422.0,Manipur,25.137856037137407,93.34641946815984,0.0001167726386009302,LOW
2000566.0,Assam,26.11146786058847,91.74382995899104,0.9958077807720327,CRITICAL
3000822.0,Sikkim,27.17320614127171,88.91179924660186,0.0784200702612447,LOW
3001352.0,Assam,26.108346892953488,93.15612666029448,0.00010757623707165423,LOW
3000430.0,Sikkim,26.96811042951116,88.51145217072506,0.0013802065950274003,LOW
3001729.0,Sikkim,27.386914781054184,88.36409631602993,4.52959624498541e-05,LOW
1048400.0,Tripura,23.74450253,91.74176515,0.9972987865761164,CRITICAL
2000265.0,Manipur,25.321908530212188,94.05363204883491,0.9863433203177188,CRITICAL
3000671.0,Assam,24.441048657151413,93.30099706768634,0.0007985035420618774,LOW
1050605.0,Assam,24.5204,92.7264,0.9777574235052591,CRITICAL
938383.0,Sikkim,27.593,88.492,0.9283716694332105,CRITICAL
3000556.0,Sikkim,27.784670123247125,88.56660291490668,6.113744433685487e-05,LOW
2000087.0,Mizoram,23.74020699981678,92.73461358246436,0.9671074606694345,CRITICAL
3002194.0,Sikkim,27.693286394395777,88.11622154466811,0.00014535897285780874,LOW
1050808.0,Manipur,24.82767572,93.51825,0.9995681489996766,CRITICAL
3000047.0,Manipur,25.031996693993385,93.22485492280978,0.00010587345618379955,LOW
2000539.0,Sikkim,27.168328214491005,88.63770994475088,0.9969969881840364,CRITICAL
3001396.0,Assam,26.537818613106168,92.3398092978946,7.928673315478215e-05,LOW
1050751.0,Manipur,24.21988831,93.20266204,0.9974770974728338,CRITICAL
2000683.0,Sikkim,27.11769350281172,88.13758920339995,0.9936749867170034,CRITICAL
3001391.0,Manipur,25.08826831834642,93.79991891629236,4.2519636205765794e-05,LOW
938451.0,Sikkim,27.3702,88.7334,0.9994730852478453,CRITICAL
3001747.0,Manipur,25.514038540838055,93.95011784906482,0.0162561236060935,LOW
2000378.0,Sikkim,27.60834041081113,88.64508071683332,0.9833734781776713,CRITICAL
2000780.0,Assam,26.124837818498257,91.7685230161037,0.9937486691952713,CRITICAL
3001671.0,Assam,26.844065407176707,92.43177479298998,1.4977361572041204e-05,LOW
3002536.0,Assam,24.6845194530627,93.73730874864576,0.002256022567676155,LOW
3000431.0,Tripura,23.2611240807985,91.26465476013396,0.06546068517337361,LOW
3001198.0,Assam,24.329043177001044,92.71483131694896,0.00047057321594397034,LOW
3002702.0,Sikkim,27.939809209111445,88.5776700450989,0.37007055897468577,MODERATE
3002318.0,Sikkim,27.81784726122935,88.17663412241666,0.001048564449158633,LOW
3001691.0,Assam,26.569331406305945,91.16373753651114,7.700973740417107e-05,LOW
3002222.0,Manipur,24.45168767793683,94.18212176393628,0.08027446268339294,LOW
3001364.0,Assam,27.01617663186469,90.18245247233774,6.42078046913117e-05,LOW
3000406.0,Assam,24.82783163798156,90.6059367494288,7.642185451495384e-05,LOW
3003439.0,Sikkim,27.0573002587219,88.53402314680723,0.03543955589891565,LOW
3001125.0,Sikkim,27.36761901678179,88.13249440480669,0.00015463939707817154,LOW
3001510.0,Assam,26.66605720230393,90.19789503799244,0.0026823964872002013,LOW
3003025.0,Assam,25.63247360387456,90.77764511438306,0.00032962401286705523,LOW
3000113.0,Mizoram,23.2768215202481,92.97808694717052,9.941430578063454e-05,LOW
3002249.0,Assam,25.587321492005746,90.51648193519011,0.0006259018396994761,LOW
3002613.0,Assam,24.374360020263364,92.62911028169952,7.073129479290375e-05,LOW
3003274.0,Sikkim,27.64907207652118,88.91449944534374,5.2692256922082895e-05,LOW
3001163.0,Manipur,24.577891542065004,93.84357066967152,0.0049922155980197305,LOW
3000776.0,Sikkim,27.950741190145557,88.90963747305283,0.013361062803324265,LOW
3002315.0,Mizoram,23.60429363275496,93.1110348496764,0.002002311645992259,LOW
3000562.0,Manipur,23.81728321395095,93.59076181483724,0.012410978707043064,LOW
3001540.0,Sikkim,27.335639637267025,88.35777911480153,0.008331837388689704,LOW
3003278.0,Assam,26.7273348680244,93.15615153867822,0.0005416249607466037,LOW
3001273.0,Assam,26.297451989129808,91.45654656689857,0.0008170341158991962,LOW
3002808.0,Assam,25.45325304261776,91.35730010200528,0.0020299526602986446,LOW
3000294.0,Sikkim,27.26387977770145,88.89261719768716,0.0012590345683237392,LOW
3000959.0,Manipur,25.37645384515431,94.58269167186702,0.00031580427857500696,LOW
2000789.0,Assam,25.509895537162294,93.388257517828,0.9914268062247807,CRITICAL
3003304.0,Sikkim,27.38488726472871,88.65936529305381,0.012306667902214605,LOW
1048441.0,Assam,26.19758217,91.79057805,0.9948819882739992,CRITICAL
1050289.0,Assam,24.28898101,92.38885624,0.9755779712259234,CRITICAL
3000404.0,Mizoram,23.98854755733432,92.47136549299562,0.0003923989205697658,LOW
3002084.0,Assam,24.72020770145016,90.19668415303175,0.00017343386670808087,LOW
3002397.0,Assam,27.23002354065531,91.80923200777148,0.00043315116460347625,LOW
938397.0,Sikkim,27.1761,88.5287,0.9984623663747612,CRITICAL
3000097.0,Manipur,23.85537350262143,94.44314440371154,0.0007193198953368509,LOW
3000777.0,Assam,26.73970627951479,94.28187348662073,0.00026178369666689466,LOW
3003143.0,Assam,24.93818741998739,90.26729777401133,0.0011626274049953444,LOW
3003107.0,Manipur,25.599041357908437,93.54447765508738,0.004399944462780903,LOW
3000876.0,Manipur,24.584550091197844,93.74558693701712,7.232325597776303e-05,LOW
3001887.0,Sikkim,27.68549204985305,88.5057546738191,0.00010255486123676312,LOW
3003082.0,Manipur,24.08641962060266,93.15491594075228,0.10363616991162448,LOW
3002146.0,Assam,25.52375839277282,92.20067799079132,6.963535285664404e-05,LOW
3003090.0,Assam,27.19260615139135,92.69179372329933,0.0037097866154238296,LOW
3001598.0,Assam,25.80562902170409,92.80663227715851,0.07975134428948934,LOW
2000538.0,Mizoram,22.45928772605956,92.97268955606374,0.9994796777641348,CRITICAL
3000447.0,Assam,26.760602789389573,92.37701629792426,0.0004629332226649801,LOW
1048385.0,Assam,26.49349035,91.72137514,0.9992033033931172,CRITICAL
3002088.0,Manipur,24.022788766474505,93.30441498735442,0.000479097409466413,LOW
3000926.0,Assam,24.596968874559224,92.0676823832024,0.007235857967633962,LOW
3002924.0,Assam,25.01829499477322,93.69960725727248,0.00699040655301737,LOW
2000145.0,Sikkim,27.543614874127744,88.48241343517951,0.9960627522485181,CRITICAL
1050620.0,Assam,25.0477,92.801,0.9994437983461482,CRITICAL
2000258.0,Assam,26.08973759027417,91.6845064593969,0.9875092165662374,CRITICAL
1048417.0,Assam,26.1964,91.7652,0.9988534682818164,CRITICAL
3001567.0,Sikkim,27.82666608378907,88.10384129608049,0.00012748983207802118,LOW
3000077.0,Assam,26.609838161289524,92.30903179267756,0.0001575895096693003,LOW
3000856.0,Assam,24.230832060882125,90.48666628409906,4.549644219405113e-05,LOW
3002445.0,Manipur,24.92499639337359,93.3807727053596,0.021514005701145533,LOW
3002944.0,Sikkim,26.98398747664119,88.2849855099876,4.2773494526567596e-05,LOW
3001679.0,Manipur,25.068361341424865,93.23252435161898,0.09956482425285343,LOW
3001087.0,Assam,26.426373913997136,91.1536901518572,0.0022581252341681195,LOW
3001062.0,Manipur,24.384049552282423,93.28466696778418,0.0028742917801411116,LOW
3001097.0,Tripura,24.131238493019502,91.9843240042905,0.00015365196348041468,LOW
3000554.0,Assam,24.38725709423292,90.82144015576388,2.9473223770712237e-05,LOW
3000769.0,Assam,25.282726420161445,91.81697498275416,0.0001257201994530969,LOW
3002981.0,Assam,25.38651413139476,92.10228994373036,0.006741170318528994,LOW
3001918.0,Assam,25.486599302666136,90.96298863455532,0.009314012281919847,LOW
3001194.0,Sikkim,27.78798351533388,88.81077515384479,8.439908926878136e-05,LOW
2000143.0,Manipur,25.073509383498862,93.9975525390926,0.9902544216721466,CRITICAL
3002701.0,Manipur,23.94537331983674,94.27591263307846,0.00034432306979555535,LOW
3001923.0,Sikkim,27.32293247669669,87.99223535653452,0.0006245137743308828,LOW
3002957.0,Assam,27.239065351463125,90.01326331262847,0.016093155387229687,LOW
3000770.0,Manipur,25.13368114997639,93.37309693356023,0.0005959956550083726,LOW
2000291.0,Manipur,25.30884849195276,94.50675427488784,0.9958283677461788,CRITICAL
2000286.0,Manipur,24.9615705888501,93.54698896404864,0.9841114193458068,CRITICAL
3002969.0,Manipur,23.776025609653423,93.15807487073548,0.14330989004867445,LOW
3000688.0,Manipur,25.66186689962842,94.64985454632024,0.09184265215994047,LOW
3002067.0,Manipur,25.26749863082321,94.24417334194774,0.00016083472603481804,LOW
1050197.0,Assam,24.74751503,92.34889194,0.9988335926566698,CRITICAL
3000520.0,Assam,27.377294146400203,91.52948269105389,0.08708026037274932,LOW
3001748.0,Tripura,23.394913516336832,91.30515634184007,0.00026922064787241113,LOW
2000519.0,Assam,26.102130911441837,91.82308023794396,0.9972659430648074,CRITICAL
3003572.0,Assam,24.206506094069464,91.9717594339224,0.13411669921351854,LOW
2000380.0,Assam,26.94885854846874,92.78532888730552,0.9540618588938568,CRITICAL
3000707.0,Assam,27.1612545511904,90.26954227646893,0.16824415371279264,LOW
3002843.0,Manipur,24.381285694951902,94.51582520425828,0.00014996054544126687,LOW
3002624.0,Assam,25.6181591760639,93.41472738422686,0.014296956393244653,LOW
3002939.0,Manipur,25.374736675255555,93.84350759893488,4.885573302318163e-05,LOW
3002619.0,Sikkim,27.326998234000182,87.99261190600022,0.0021248455291431874,LOW
3001394.0,Assam,26.153063703306437,91.28157701677034,0.059341376514840144,LOW
3002965.0,Manipur,23.82036875550252,93.3925191680732,0.00036704832465045677,LOW
3001832.0,Sikkim,27.274789980283245,88.90565903035602,0.01574907255550005,LOW
3002380.0,Assam,25.984224774808933,93.78299358359192,0.0006447208555672694,LOW
3001633.0,Manipur,24.6471995637468,93.93316180810749,0.0001617158906720821,LOW
3002273.0,Sikkim,27.150154869002236,88.19292178370121,0.00012274139353536678,LOW
1057825.0,Manipur,24.416,94.0984,0.9885093437692756,CRITICAL
3000981.0,Assam,24.68586307839811,93.0019464795592,0.3774041617662495,MODERATE
3000929.0,Manipur,24.247659989917505,94.05079106232886,0.0009128915317865999,LOW
3001978.0,Sikkim,27.49617419404201,88.45936262760404,0.0002866931134857775,LOW
3002995.0,Mizoram,23.79505208411665,92.823808819885,0.18602247094344251,LOW
3000132.0,Mizoram,23.860746751396007,92.9312082703311,0.00019503729993035205,LOW
3000818.0,Manipur,25.42490299539658,94.57660756709453,0.0001370125977910248,LOW
3001283.0,Sikkim,27.112867469435727,88.66845554579781,0.01384669572617703,LOW
3000159.0,Sikkim,27.746647806437853,88.71012932809802,0.014956711011315196,LOW
3000130.0,Sikkim,27.10463047971382,88.67455765382635,0.00011382761728269425,LOW
3000951.0,Manipur,24.99447809533943,94.42544837858068,0.0001924646813599351,LOW
3000923.0,Assam,25.479426960741765,91.36040437307751,0.019528242217036494,LOW
3002782.0,Assam,25.44894852364863,91.4623455914452,0.001784367025840828,LOW
3000053.0,Manipur,23.94883784621306,93.46143845447038,0.0356695365263722,LOW
3002079.0,Assam,24.877901588568413,93.12582188719637,0.0001942180996245048,LOW
3002175.0,Sikkim,27.82501827959616,88.4726263787038,0.26248912223341136,MODERATE
3001615.0,Sikkim,27.16960219575628,88.00238397370188,0.03377030870397056,LOW
3000649.0,Sikkim,27.94614791490533,87.98875278918999,0.0002361577428773589,LOW
3001838.0,Assam,26.894130855027385,93.69753115545085,0.052766296965813704,LOW
2000008.0,Sikkim,27.323157184552983,88.60343293312329,0.9808942565456101,CRITICAL
938433.0,Sikkim,27.3543,88.6428,0.9970649821533213,CRITICAL
2000697.0,Manipur,24.291464844286374,93.17617959276528,0.9900407005249945,CRITICAL
3000785.0,Assam,24.75680875720449,91.07143255953136,0.07378785916203541,LOW
3002763.0,Mizoram,23.705823657932218,92.49246462864473,6.676013987608034e-05,LOW
2000390.0,Assam,27.162665385001432,94.11677443362952,0.9269286202326843,CRITICAL
3000966.0,Mizoram,23.335731716198826,92.68323351611674,5.063031971644741e-05,LOW
2000293.0,Sikkim,27.35144777094717,88.19076483677009,0.9870600937264677,CRITICAL
1057815.0,Manipur,24.4072,94.0644,0.9976812346368789,CRITICAL
3000375.0,Assam,26.34631463234136,92.0864201005967,0.00016323554595782622,LOW
3002220.0,Manipur,25.64998744923702,94.38499527586484,4.2903045866987955e-05,LOW
3000882.0,Manipur,25.36769102298833,93.85029799348668,0.0022048711002575693,LOW
3000624.0,Sikkim,27.845601014802053,88.00258174911572,0.0013964688334326312,LOW
2000336.0,Manipur,25.29911358517114,94.47770630442696,0.9952505144724355,CRITICAL
3003287.0,Assam,25.59253312021301,92.25544008428996,0.00328386883581281,LOW
3000849.0,Manipur,25.27545569147542,93.1052978077388,3.695825298539982e-05,LOW
3002979.0,Assam,25.10496939799323,93.74743770201847,0.012909545043039683,LOW
3001525.0,Mizoram,23.60478645981847,92.8458283078253,0.09221299148559184,LOW
3003147.0,Manipur,25.355280334087094,93.1745147952473,0.0005795663199555426,LOW
3000261.0,Tripura,24.184187989565544,92.24208652594297,0.006392436894993992,LOW
3000469.0,Assam,27.208596758088955,93.03977135640808,0.0008058141108577351,LOW
3001557.0,Assam,26.91628468078233,90.18626784650664,0.0012973716352758606,LOW
3000801.0,Mizoram,23.70167014042086,92.90750653279356,6.176727757304625e-05,LOW
2000024.0,Assam,26.319908450252605,91.2424081661254,0.9627063052990961,CRITICAL
2000004.0,Sikkim,27.74934859071517,88.62971015021047,0.9978280171381624,CRITICAL
3003118.0,Mizoram,24.26333779985993,93.11930984805052,0.00016130943931878106,LOW
3000953.0,Assam,24.30311429678814,91.4187896086253,0.006431815317661788,LOW
3000434.0,Sikkim,27.178389226397208,88.89541614144673,0.0010038707167777357,LOW
3003209.0,Assam,26.07095458438353,90.95362339060586,0.001057477572856868,LOW
3002726.0,Manipur,23.8183631770366,94.07598836720648,0.0020322491446708836,LOW
3002959.0,Assam,25.88960089904995,93.50228500555048,0.000256359691806055,LOW
938453.0,Sikkim,27.3765,88.7628,0.999472830758226,CRITICAL
3000994.0,Tripura,23.300036255536437,92.26665634130312,0.0004775071679093512,LOW
3001937.0,Manipur,25.01286047806977,94.2796727594382,0.010751740211294936,LOW
3000625.0,Manipur,25.405465121307035,94.30925525676976,0.008228166326338729,LOW
3003222.0,Assam,26.866755346913276,90.04821131337687,0.0063222854863035196,LOW
2000417.0,Assam,26.19733274362209,91.79666930672938,0.9969427160685913,CRITICAL
3001672.0,Manipur,24.946511092694134,93.38847423820587,0.00030642088592154447,LOW
1051014.0,Manipur,24.8286,93.5935,0.9667126927578894,CRITICAL
3000745.0,Assam,26.1594136551764,94.17534173576944,3.2086595535151925e-05,LOW
3000639.0,Manipur,23.847561867765155,94.37011175767292,0.06164333810377072,LOW
1057840.0,Manipur,25.4191,94.1079,0.9642665454699625,CRITICAL
3003134.0,Sikkim,27.46018807199209,88.90565411955572,0.00018413714103324814,LOW
3000382.0,Mizoram,23.71524097304397,93.0734019204342,0.00020327497316067588,LOW
3001757.0,Assam,24.226675028814807,91.09750300324596,0.003722810423777723,LOW
2000544.0,Assam,24.2886529269022,92.36752940970328,0.963900577532895,CRITICAL
3003056.0,Manipur,25.094007171442183,93.24909603635253,0.0402870649645205,LOW
3001309.0,Sikkim,27.05902878908916,88.84035832879542,0.0007209642831603793,LOW
3002576.0,Mizoram,22.333081891826424,92.38306730840505,0.15646156624145122,LOW
3002937.0,Mizoram,23.574625930199584,93.50680249784892,0.015303902743979976,LOW
3001580.0,Manipur,24.094108673386827,94.57448493093814,0.0009959907231009615,LOW
2000159.0,Manipur,25.302634042666355,94.04437639040697,0.9713629756042652,CRITICAL
3001546.0,Assam,26.12825290362564,91.5150576944404,0.0001338749875835362,LOW
3003124.0,Assam,24.998103370997462,91.9265385502203,0.0030378351910675073,LOW
3003194.0,Manipur,24.36479123898781,94.37341348425468,2.1570398548796994e-05,LOW
2000765.0,Manipur,24.41321823378334,94.0962672040432,0.9880779558054611,CRITICAL
2000287.0,Sikkim,27.12856314897934,88.47766874289859,0.9964558325581858,CRITICAL
3001820.0,Assam,26.344723437541685,91.41681450041452,0.00036090397280815205,LOW
1050913.0,Manipur,24.9667,93.55,0.9815738316560977,CRITICAL
3001632.0,Mizoram,22.58024607361771,93.1459331171194,0.01069381234945917,LOW
3001584.0,Assam,26.567934025542964,94.06078250092187,0.0004270379077705341,LOW
3000154.0,Sikkim,27.53434592279091,88.56400632588844,0.00259212810348524,LOW
2000090.0,Manipur,24.28300004252281,93.26211439781282,0.9922408905495306,CRITICAL
3001504.0,Sikkim,27.37586364485977,88.05194164259169,0.0002061720970461653,LOW
3002131.0,Assam,27.135465936470418,89.89919827949394,0.013572135106059681,LOW
3002438.0,Manipur,25.316287356173287,94.41442765921796,0.0003667502815471285,LOW
3000197.0,Sikkim,27.414579980893155,87.98894660064957,0.004199863013410653,LOW
3002385.0,Mizoram,23.776806649777075,93.2597926428147,0.0009451416235366248,LOW
3003112.0,Assam,25.420163850895456,91.69061098772232,0.017335343560752642,LOW
3002177.0,Assam,26.04665333652929,91.65331493895172,0.0001646528007727451,LOW
3000057.0,Assam,26.510478951749203,91.13862660555912,0.0005742700692390427,LOW
3002313.0,Assam,24.23960033967941,91.07834197634472,0.15863203150672253,LOW
3000051.0,Assam,25.71203573697732,90.86405875392474,0.0037378311476147317,LOW
3003418.0,Assam,27.251185437664347,91.3115838274224,0.0011458274210473147,LOW
3002085.0,Sikkim,27.68544915870548,88.25909602717738,0.0020097858207935014,LOW
3001734.0,Sikkim,27.505371093657477,88.10636780149106,0.0009578334746663951,LOW
3002976.0,Assam,26.775250486086943,92.74236056454382,0.0006066766379288767,LOW
3000653.0,Mizoram,23.52116553721294,92.79852473866887,0.2455161982485795,LOW
3003476.0,Sikkim,27.29409878540486,88.52206591347468,0.00011686793619466613,LOW
3000906.0,Sikkim,27.70840443309457,88.6139385757286,0.0590628236003434,LOW
1050578.0,Mizoram,24.042,92.6724,0.9890133821870477,CRITICAL
2000548.0,Assam,26.16175989705121,91.79694523446572,0.9473728495212954,CRITICAL
2000443.0,Manipur,24.868051572900303,94.4256712323823,0.995627873702795,CRITICAL
3003166.0,Assam,24.791172944793043,94.23445402011184,3.775775722096265e-05,LOW
3000332.0,Assam,24.32120593661425,90.9786627306788,0.028595693979952135,LOW
3000015.0,Assam,25.72271347551151,93.81363739845156,0.00016641305435387778,LOW
2000124.0,Sikkim,27.27374035123388,88.73457811818982,0.9663017778910119,CRITICAL
3003086.0,Assam,26.69187914114655,90.15881928652752,0.0002165367267432537,LOW
3000797.0,Assam,24.67359103151624,93.53569201065828,0.00011953609375271149,LOW
3001873.0,Sikkim,27.35454922987907,88.20545582291042,0.0010712466871833485,LOW
3000759.0,Assam,24.81543101883306,94.14266409243577,0.00016063051736577082,LOW
3000185.0,Sikkim,27.30722475036536,88.55799484083205,0.0023234168489622968,LOW
2000514.0,Mizoram,23.737657694937077,92.71004016305666,0.9885570273682529,CRITICAL
2000075.0,Manipur,24.77425535990934,93.40691642891048,0.9521394581847071,CRITICAL
3003255.0,Sikkim,27.850133084032635,88.45290922439344,0.00020873635897181132,LOW
3002510.0,Mizoram,22.94377257971269,92.69359529602892,3.0354095430198e-05,LOW
3003238.0,Assam,24.479679844914976,90.11601454398442,0.0006607272809667408,LOW
3003069.0,Manipur,24.951521387594557,94.52649465466432,0.002442154701785476,LOW
3002323.0,Sikkim,27.64991784331001,88.26000394385417,0.0014938359404217281,LOW
3002935.0,Manipur,25.464570674479425,93.40484191340032,5.881849089964851e-05,LOW
3002403.0,Manipur,24.79308421138029,94.00085226312844,0.02837604676714573,LOW
2000333.0,Assam,26.233877645041087,91.90958944097667,0.9969165272727063,CRITICAL
3002987.0,Assam,24.66843903293442,90.80589782803024,0.0006849503441498362,LOW
3001015.0,Tripura,23.08805912824264,92.07632884001151,0.006116287751151368,LOW
3001724.0,Assam,24.91743863998364,93.96768472994954,8.478162203645799e-05,LOW
3000611.0,Assam,27.00812350958992,93.20807536919762,0.0005537347173887105,LOW
3002287.0,Mizoram,23.51230479824512,92.66397558515328,0.0007039803713400239,LOW
3001942.0,Assam,24.204581435092692,90.9375681269629,0.00021125227856096053,LOW
3000628.0,Manipur,25.53346598564453,94.73931187793175,0.009231963350713628,LOW
2000775.0,Sikkim,27.499202230479945,88.53179540528116,0.9836582111448391,CRITICAL
3000125.0,Manipur,25.142340703597704,94.06009021427016,0.0001339402181140812,LOW
3003113.0,Mizoram,24.247928806374137,93.13154249349456,0.0007769125582389458,LOW
2000130.0,Sikkim,27.374509260084785,88.72202273040016,0.9970551675436887,CRITICAL
3000481.0,Assam,24.849158104453764,91.559412710731,0.00014787322718584238,LOW
2000119.0,Manipur,24.81429211692632,93.54070419573168,0.978346739731504,CRITICAL
3003159.0,Assam,26.34319166537005,92.37716181376148,0.0001860998197950455,LOW
3000657.0,Manipur,25.675493101040495,93.55995712325712,0.0008394888565123207,LOW
3000189.0,Assam,26.077700627776427,93.1562310126975,0.005571247138729323,LOW
3002520.0,Mizoram,23.19102570033042,93.34999175658842,0.02054144959885671,LOW
3001187.0,Mizoram,22.851859013874964,92.44765047518196,0.008685533772346113,LOW
3002037.0,Manipur,23.99070697678232,94.41363104053838,0.00011381891756662694,LOW
3000341.0,Assam,26.08410322691044,93.39609958836844,0.0003139439745438563,LOW
3000018.0,Assam,26.17566175366706,93.94980210673258,0.0021061081357202035,LOW
3001482.0,Assam,25.74593992121175,91.76258850176173,0.00041303372075643304,LOW
3001794.0,Manipur,25.18451884003178,92.98022874621556,0.0007366022436900253,LOW
2000811.0,Manipur,25.26587329055746,94.02482809774074,0.9987465013745194,CRITICAL
3000343.0,Sikkim,27.608419711317392,88.12272619457202,0.004270529229848698,LOW
3002102.0,Mizoram,23.615078041890065,92.51125151377528,0.1630058478361715,LOW
3002125.0,Sikkim,27.808990419802264,88.76661434117926,0.0018913897778381804,LOW
3001340.0,Sikkim,27.608272623852265,88.32719609853547,0.00036483209507963746,LOW
2000573.0,Manipur,25.501809936450712,93.97782019987322,0.9785875716926791,CRITICAL
3003131.0,Mizoram,22.878458604261805,93.11318293070832,0.012383587013109019,LOW
2000352.0,Manipur,24.00444280549093,94.04500599098016,0.9787237529767094,CRITICAL
2000776.0,Manipur,25.38574387297387,94.09678791486726,0.970830811373403,CRITICAL
3002095.0,Mizoram,23.434596047045964,93.12480068365969,8.438925694137397e-05,LOW
3001783.0,Assam,26.95947304602376,92.26022290732844,0.0004744820931517848,LOW
3000957.0,Mizoram,22.74274882678248,92.7714000672813,0.0002061017259969783,LOW
2000682.0,Manipur,24.996420075564306,94.30795353533787,0.9739089784182524,CRITICAL
3001417.0,Manipur,24.36031611179979,94.68018877190524,0.0004716439207740854,LOW
2000787.0,Assam,26.591015899998425,93.00370879547474,0.9646635396294266,CRITICAL
3002023.0,Assam,26.26174003083092,91.25774062338196,4.7060138232684454e-05,LOW
3002437.0,Manipur,25.261686036665424,93.06359684246009,0.0003580822719136191,LOW
3001739.0,Mizoram,24.3100876669786,93.23028957117648,0.0007940149908880574,LOW
3001941.0,Assam,25.17318051871179,89.8957892545562,5.647127248874364e-05,LOW
1051914.0,Manipur,24.79489226,93.69953963,0.996251385927805,CRITICAL
3002378.0,Mizoram,23.864280070551622,92.44791482184718,0.005891215643594392,LOW
3001583.0,Assam,27.251627385368767,93.71805570104284,0.002238560203437062,LOW
2000337.0,Sikkim,27.344848914068848,88.62849035879353,0.997603117733142,CRITICAL
3000620.0,Assam,25.53706437212755,93.01846473339096,0.0008888344625092907,LOW
3001303.0,Assam,26.817170450680795,90.817316725911,0.0019855682872034885,LOW
3002972.0,Mizoram,24.02558796796553,93.41586188739105,0.06034278361150562,LOW
2000015.0,Manipur,24.83656650026102,93.89687101479896,0.9928161209186406,CRITICAL
3003446.0,Manipur,24.984124242148628,94.50043340139506,0.0003078089173298624,LOW
3000166.0,Sikkim,27.585489684201924,88.6661084407294,0.0002363352566481332,LOW
3003204.0,Assam,25.676459068199254,91.22392997378724,0.0016007933261494717,LOW
2000215.0,Assam,24.75208182859782,92.3511800459194,0.9989548920544613,CRITICAL
3002753.0,Manipur,25.117588479546267,93.5671777875661,0.0005268143758050155,LOW
3001715.0,Manipur,25.615536184055603,93.2966939533821,0.0004464140231099185,LOW
3001127.0,Manipur,25.512798079815397,93.3122980177714,0.032950922941495035,LOW
3002567.0,Tripura,24.496481485711836,92.29974834291914,0.00022909425068218147,LOW
3002241.0,Mizoram,23.717908692473973,93.26532409973584,0.0007730034220834653,LOW
3002652.0,Mizoram,22.949966138517684,92.67697670731737,0.0016338457237021827,LOW
3002933.0,Mizoram,23.5325490473587,92.39687705492352,0.00032539396533972113,LOW
3003463.0,Assam,26.979705144278512,90.12703826275536,0.0027739450340647405,LOW
3000944.0,Assam,24.78835502983928,91.2575776858605,0.003771384916821225,LOW
3000372.0,Assam,25.55278296595728,93.28684773610792,0.05517241735965211,LOW
3002880.0,Mizoram,23.65492829163011,93.06114842188798,0.08902308851411725,LOW
2000742.0,Mizoram,23.351785833600143,92.85518387088676,0.967554261601004,CRITICAL
3001587.0,Sikkim,27.488944215974502,88.29491733462534,0.12235299406903466,LOW
3001768.0,Manipur,23.944258650547923,93.17831317084396,0.00027090582207937153,LOW
3001305.0,Assam,25.51168539496691,94.00467532815142,0.0009889979904142165,LOW
3002266.0,Sikkim,27.536312773665795,88.70165494906449,0.002525382322374114,LOW
2000295.0,Assam,25.507835446453537,93.37086801269916,0.9490387672641797,CRITICAL
3001609.0,Mizoram,22.34077660934766,92.34554688972652,1.990921261959163e-05,LOW
3002149.0,Manipur,24.66543104164681,93.7391149016943,0.0015807635476552885,LOW
2000348.0,Manipur,24.7317188526642,93.42249065376603,0.9858653270656,CRITICAL
2000032.0,Assam,24.516915582210952,92.73085552421294,0.9849511665939635,CRITICAL
3001947.0,Assam,27.34983115001603,92.17843593301134,7.739878952227291e-05,LOW
3000317.0,Assam,25.6334419567603,90.92666211000942,8.675668568178869e-05,LOW
2000445.0,Sikkim,27.57549044263297,88.47099292973307,0.980973414998418,CRITICAL
3002068.0,Assam,27.30964864389008,94.01312981376356,2.5526877142128796e-05,LOW
3002775.0,Mizoram,22.82410372317285,92.34334925226466,0.033229641840069726,LOW
2000236.0,Mizoram,23.715000384760646,92.70383470093924,0.9682514048817974,CRITICAL
1048357.0,Tripura,23.19818874,91.58174838,0.9718851123347982,CRITICAL
2000037.0,Assam,26.17214516797413,91.72403409173612,0.9967646293606115,CRITICAL
3001870.0,Manipur,24.14391153151025,93.37908884244388,0.0014415489102423385,LOW
3000426.0,Manipur,25.533484245562665,93.5294076426658,0.0005794619496055961,LOW
3003552.0,Assam,25.69748942707317,93.13561155037574,0.0001289080104467131,LOW
3002986.0,Sikkim,27.173397230352126,88.36883203308608,0.0005204603409861644,LOW
3001697.0,Manipur,24.308603501183853,93.31434000382644,0.08739176358408174,LOW
3003290.0,Manipur,25.303462028871603,94.06719576607028,0.0001693770078645978,LOW
3000883.0,Sikkim,27.077799555100025,88.87067985500146,0.0039478133900870075,LOW
2000373.0,Assam,24.44312986171198,92.49671908395014,0.9870848177661902,CRITICAL
3001347.0,Manipur,23.97394369614252,93.3777649693471,0.003454182102188496,LOW
3002770.0,Assam,25.31589634836573,92.0981531885073,4.6803803959195616e-05,LOW
3002174.0,Manipur,24.27879609310424,94.09625342179883,0.0001966724187054251,LOW
3002908.0,Sikkim,27.77737632012473,88.3563528430024,0.0025176174570181982,LOW
3001245.0,Mizoram,22.970014408141274,93.3905001287186,0.005579230465371218,LOW
3003181.0,Assam,24.398082035927334,93.04402797062129,5.914344522408762e-05,LOW
2000686.0,Assam,26.103920033359557,91.84471090146636,0.9742175126731982,CRITICAL
3002714.0,Tripura,23.411945183666496,91.6963324866244,0.000416138079911718,LOW
3002299.0,Sikkim,27.470644501882607,88.861604502864,0.06226053572842831,LOW
3001539.0,Sikkim,27.362010507059622,88.11102500338534,5.958533329621728e-05,LOW
3002801.0,Manipur,24.04350667448446,94.7294464014712,0.0008629136067415581,LOW
3000369.0,Manipur,25.19847973871098,93.3940579352712,0.029767914206388538,LOW
3001228.0,Assam,24.609734127222968,90.55349558934296,5.9998825820857665e-05,LOW
3002547.0,Assam,27.37791578622692,90.63601151339478,0.001271522050493025,LOW
3003258.0,Sikkim,27.47977013436836,88.09179841786148,0.000484612704291015,LOW
3000488.0,Assam,27.13553419199484,91.04870332081586,0.0003893041538430072,LOW
2000471.0,Assam,26.361870576357845,92.82466111143653,0.9694846408447985,CRITICAL
3002347.0,Manipur,25.372521800107823,93.82665169884396,0.0014151711071245647,LOW
2000515.0,Sikkim,27.13351631598392,88.1577937943653,0.9942412986054718,CRITICAL
1048553.0,Assam,26.13140438,91.93086808,0.9868312716614414,CRITICAL
3001640.0,Manipur,25.572769323174008,93.4184523949412,0.0006305866801405944,LOW
3001888.0,Manipur,25.53368878818455,93.4797438719255,0.00010245262687370852,LOW
3000149.0,Sikkim,27.248160402999805,88.6441114089023,0.00011748948390546417,LOW
2000635.0,Assam,26.184798276985354,91.79296348164168,0.9311467683592229,CRITICAL
3001617.0,Mizoram,23.446386117939557,92.59041301109798,0.0005978139051103963,LOW
3000432.0,Manipur,24.9428302066583,93.33285409871075,0.0012189314111047983,LOW
3001290.0,Manipur,25.085534555280145,93.4808927932956,0.0008877973306741585,LOW
3002531.0,Mizoram,24.257474629041763,93.35399690031676,0.0022654462664777114,LOW
3002052.0,Mizoram,23.660170479449377,92.42573485880249,2.591415970208476e-05,LOW
3003253.0,Assam,25.711290160511155,93.37429607298316,0.004817922437487748,LOW
3000871.0,Assam,26.432532737283253,92.79849863044905,0.07735120785787725,LOW
3003489.0,Sikkim,27.09809595259195,88.07799329633787,0.002035312387752625,LOW
3000436.0,Assam,25.81707960510834,94.1058665827715,0.0019824316866657635,LOW
3001280.0,Manipur,24.83022862090542,93.9343259119122,0.001820023854980196,LOW
3001066.0,Manipur,24.95460920200594,93.1612821897207,0.005111777809254404,LOW
3001760.0,Assam,26.322627380634906,91.12790714239412,0.2693944803007109,MODERATE
3001860.0,Sikkim,27.19398313555033,88.35031034036068,0.007782455250025789,LOW
3000942.0,Manipur,25.21780941509477,93.576188958375,0.0002830805868133307,LOW
3001919.0,Assam,25.03771390262076,91.30238065530848,0.006504283077806181,LOW
3003343.0,Sikkim,27.98622392124918,88.21138410616352,0.0021370549695925107,LOW
3002846.0,Mizoram,23.35716305516021,93.24318882835765,0.0006856511875686501,LOW
3002157.0,Mizoram,23.75655274112505,92.32900773782444,0.00013193651837490973,LOW
3001545.0,Manipur,25.444356510876357,94.067904698398,0.0015616060500457704,LOW
3002307.0,Assam,26.081187536224466,92.27604789255685,0.002434496739737636,LOW
3000480.0,Assam,27.153916057637264,93.41793324035932,0.0001234719622949936,LOW
3003050.0,Sikkim,27.45512704572217,88.71772961061738,0.00015804882955684183,LOW
3001948.0,Assam,24.249897830981837,91.41006527466396,0.013422983555551406,LOW
3001095.0,Manipur,24.22058575489559,93.87927701005336,0.00212817977658538,LOW
2000200.0,Sikkim,27.312102702572197,88.6271619811568,0.9948169529854811,CRITICAL
3000271.0,Assam,25.551878033533125,93.81633224221622,0.0025804276191500335,LOW
3002871.0,Manipur,25.20170905450202,93.68442909131971,0.010483023669961587,LOW
3002144.0,Assam,25.843711243446183,89.95492663773463,1.6742483606606963e-05,LOW
3002473.0,Sikkim,27.309184020059583,88.78169125382185,6.51939518496716e-05,LOW
2000179.0,Sikkim,27.298002810905864,88.36955077250234,0.9995991474108912,CRITICAL
3001650.0,Assam,26.252880292486545,90.88667617894929,0.020575827103544313,LOW
2000132.0,Manipur,25.21400997972729,94.03955861047328,0.9931320237348544,CRITICAL
2000701.0,Assam,26.19122193378333,91.74270463909134,0.973139829361795,CRITICAL
3000465.0,Manipur,24.06666206242618,94.19359861405778,0.00032020371841169686,LOW
2000632.0,Mizoram,23.36483486653771,93.06732141172552,0.9936215094186202,CRITICAL
3000732.0,Mizoram,24.17971934862635,93.0181273262968,0.004395993760672248,LOW
2000770.0,Manipur,24.79635086430825,93.69506932042373,0.9885744906675873,CRITICAL
3001639.0,Assam,25.638294762230142,91.3836879737033,0.0020123328482582483,LOW
938416.0,Sikkim,27.3341,88.6083,0.9905480752944502,CRITICAL
2000360.0,Tripura,23.845860749698,91.8570179958451,0.9982883878891495,CRITICAL
3003417.0,Sikkim,27.81659910846313,88.25681589802555,0.004452713893547984,LOW
3002476.0,Manipur,24.696998298028277,93.1396546473431,0.0005045012761225698,LOW
2000450.0,Manipur,24.01577245332829,93.9758596159062,0.9952520940168914,CRITICAL
1050631.0,Assam,26.35735036,92.82954074,0.9994961669718339,CRITICAL
3003391.0,Manipur,24.822574645186023,93.18044460405426,0.00014957142816652462,LOW
3003354.0,Assam,26.03389291080171,89.96177670399155,0.0001739857403253304,LOW
2000255.0,Assam,24.78285394771336,93.00588491849076,0.9786754838059328,CRITICAL
3003266.0,Tripura,24.132434851214462,91.51054998460587,0.002669136877151905,LOW
3003165.0,Sikkim,27.916141095737167,88.68033344486939,0.0031602306896382363,LOW
3002943.0,Manipur,24.291406483824797,94.42575625022748,0.0006161003632904814,LOW
2000611.0,Manipur,24.25309594851527,93.28784555977631,0.9962288378688519,CRITICAL
2000496.0,Assam,24.958354417255343,92.7086748034598,0.9965035792203429,CRITICAL
1050403.0,Mizoram,22.90813548,92.47207294,0.9777201219859629,CRITICAL
3001852.0,Mizoram,22.40839397065068,92.86082022132236,0.0005173236204536996,LOW
3001925.0,Manipur,25.32452364830604,93.74369312729644,0.012353287802121495,LOW
3001461.0,Mizoram,23.51793984145554,93.41060867308182,0.000285190376287644,LOW
3001292.0,Mizoram,24.028678858384406,93.43835341148068,3.347191074814803e-05,LOW
3002655.0,Manipur,24.3197219225836,93.43728768678994,0.0066994440227794265,LOW
3000516.0,Assam,24.711326261479197,93.38640432775668,3.426847693412779e-05,LOW
2000768.0,Assam,26.10575076922562,90.0272165695277,0.9281911675524395,CRITICAL
3002062.0,Assam,24.729921954362272,91.27314157652754,0.0017301668550213172,LOW
2000194.0,Manipur,24.404484956886265,94.11434559507838,0.9485242351044573,CRITICAL
3002570.0,Sikkim,27.466112400380016,88.30005933326194,0.00022946740142288483,LOW
3002537.0,Tripura,23.88526179181928,91.83264389892337,4.371398462357434e-05,LOW
3002947.0,Sikkim,27.088453643601504,88.03551337531547,0.0007668264843137679,LOW
2000473.0,Manipur,24.32674955013784,93.107072331709,0.9950417086245593,CRITICAL
3000783.0,Assam,25.822096892928208,90.21335877631664,4.635482921740913e-05,LOW
3001575.0,Sikkim,27.798900666983727,88.6153540269366,0.001987761977163241,LOW
2000786.0,Assam,24.826749386696356,92.85608651731629,0.995765798946085,CRITICAL
2000591.0,Assam,26.12788558723375,91.86924194071722,0.96863612210333,CRITICAL
3001502.0,Assam,26.55138180938336,92.60591703078646,0.00030459790614552714,LOW
3002648.0,Sikkim,27.762539155892227,87.99684626114194,0.28977459040095543,MODERATE
3001169.0,Sikkim,27.916551106583533,88.85543479949736,0.0001028070891522173,LOW
3002916.0,Manipur,25.124643608924305,94.0269107837914,0.02954548535930815,LOW
3002932.0,Mizoram,23.37058925928119,92.50902577565766,0.0007186025882365702,LOW
3001751.0,Sikkim,27.906858151211928,88.810013777229,0.0007850596346429838,LOW
2000144.0,Manipur,24.9859765221132,93.50486156280772,0.967822988296325,CRITICAL
3001256.0,Sikkim,27.56026912544354,88.4385943001993,0.0002666383059450164,LOW
3000642.0,Assam,25.03562469000121,90.15774652356328,0.0021133167672653646,LOW
2000157.0,Assam,26.136721836246604,91.80798346078096,0.9908924062035915,CRITICAL
3001607.0,Sikkim,27.23264760171094,88.21369043453014,0.00018305876010544955,LOW
3003142.0,Assam,27.057052807448088,92.31451199929144,0.0339905803321654,LOW
3001976.0,Manipur,25.035489082691047,93.14131988860407,0.00012863739671895396,LOW
2000404.0,Sikkim,27.21037740279864,88.58908989206779,0.9990168438634381,CRITICAL
3002858.0,Assam,26.353298569844675,92.01203921209152,0.0012172308805134958,LOW
3000210.0,Manipur,24.07958122016159,94.47740634154626,0.0002750336539823298,LOW
3001338.0,Mizoram,22.815247318497207,92.468059576321,5.765341341259994e-05,LOW
938303.0,Sikkim,27.2676,88.2891,0.9948366722042592,CRITICAL
3001810.0,Assam,25.255259035044546,91.63131373057942,0.16035475489722512,LOW
3000487.0,Sikkim,27.492906830708744,88.4311664377697,0.0004685031330345392,LOW
3001702.0,Assam,24.3708478384591,93.96393577940472,2.8335274827647895e-05,LOW
3003551.0,Assam,26.603339876242487,91.11181615708576,0.00042451863493308064,LOW
3002664.0,Sikkim,27.51901549486981,88.54347596538302,0.2268020524709452,LOW
3001534.0,Assam,27.21144408461263,90.66466287825727,0.013232009187722792,LOW
3000696.0,Manipur,25.008797368735014,93.13929196219428,0.00019482102471326076,LOW
2000189.0,Assam,26.106959438329312,91.7401677169251,0.9961471265403836,CRITICAL
3000617.0,Mizoram,23.566181647021637,93.4994193529767,2.4794082775440002e-05,LOW
3000866.0,Manipur,24.843703835081936,93.91730372677024,0.0001768141995211455,LOW
1050580.0,Mizoram,24.2315,92.6755,0.9960799783893268,CRITICAL
3002195.0,Mizoram,24.230624199303907,93.3538266814573,1.7416944805662326e-05,LOW
3002128.0,Manipur,24.69475827213613,94.14970410050516,7.459668108897022e-05,LOW
3003587.0,Manipur,25.38118145869549,93.05945250732653,0.00019088645389599444,LOW
3001776.0,Assam,26.888551689807382,93.97762051714231,0.0003736452376740762,LOW
2000600.0,Sikkim,27.30290197720589,88.26687729384166,0.996067249949639,CRITICAL
3001101.0,Mizoram,23.389673363707143,93.43177269987312,0.0004618069304412124,LOW
1050589.0,Mizoram,23.73504471,92.71060943,0.9973730403215109,CRITICAL
2000759.0,Assam,26.130276617947903,91.82702039719383,0.9891782156138049,CRITICAL
2000319.0,Manipur,24.95243486921126,93.54178193100086,0.9176312687629216,CRITICAL
3003392.0,Manipur,23.85687788336907,94.7279087232471,0.021441524470823495,LOW
2000226.0,Sikkim,27.338965989977485,88.62032489779152,0.9927277424368335,CRITICAL
3003077.0,Sikkim,27.04200205237057,88.89044544234856,0.1989303395202377,LOW
1048409.0,Assam,26.1314,91.7548,0.9319159409521729,CRITICAL
3002221.0,Assam,26.60658217456716,90.4733583658798,0.02096930702919371,LOW
3003431.0,Sikkim,27.865949600194213,88.80733177713694,0.00014787347272199753,LOW
2000680.0,Manipur,24.73178632545924,93.44302391878404,0.9940323681023564,CRITICAL
3001366.0,Manipur,24.155477687094265,94.50995623519675,0.00012062479901228185,LOW
3003595.0,Assam,26.07213114972516,92.54160406008484,0.0001113382811410024,LOW
2000689.0,Assam,26.12298026967803,91.92955064474287,0.9979566942163147,CRITICAL
3001325.0,Manipur,24.88422758658748,94.72971578388182,0.0017714023416445191,LOW
3001006.0,Manipur,25.61910517016015,94.6577378602109,0.001499352387923731,LOW
3000044.0,Manipur,24.7451202324841,94.6274102717309,0.00014229850614461487,LOW
1057706.0,Manipur,25.2745,94.0212,0.9974997629778282,CRITICAL
3001921.0,Assam,24.27709010948414,92.92962815732004,0.04052020184519499,LOW
2000435.0,Assam,25.171223621833605,93.00848063284916,0.9994021876859016,CRITICAL
3001868.0,Assam,24.33878419926334,90.01410614451203,0.001786639013277597,LOW
2000579.0,Assam,26.212571245500804,91.8919718348257,0.9962082406778909,CRITICAL
1048446.0,Assam,26.1699,91.7986,0.9598727625487329,CRITICAL
3002155.0,Assam,24.716134964786388,90.12232969306292,6.759774214477104e-05,LOW
3001286.0,Sikkim,27.67906366627802,88.90988827858695,0.05638550203100655,LOW
2000182.0,Assam,27.177087372745344,94.1407482362842,0.9538412623349026,CRITICAL
3002237.0,Assam,26.3522758493302,90.81859473522589,0.00026145998601308435,LOW
3000494.0,Tripura,24.01876511150585,91.88511820447845,0.00010767043580992036,LOW
2000665.0,Sikkim,27.349973037604805,88.5991209954633,0.9903541562297473,CRITICAL
3002247.0,Assam,26.60083092146133,92.28944398921826,0.0004901870503165418,LOW
2000574.0,Assam,26.18512624487746,91.72701941980988,0.9767330732113328,CRITICAL
3003586.0,Assam,24.423488943003232,92.02577915900098,2.046136016459119e-05,LOW
3001536.0,Manipur,24.95364385972926,93.21056221516312,0.001844517036568816,LOW
3003510.0,Mizoram,24.21730583866728,93.42332156616574,0.038547501318032175,LOW
3003434.0,Sikkim,27.83475167562349,88.17267614420687,0.009855595568325376,LOW
3000019.0,Sikkim,27.943553142824577,88.88538086600734,0.00037065865485198877,LOW
3000328.0,Mizoram,22.68856325803469,92.82965530470888,0.0006963008289167326,LOW
3002788.0,Manipur,24.02097453687263,94.08890630377104,0.0028217230613135037,LOW
3000101.0,Manipur,25.584987332543072,93.12478215995976,0.0009669131897570204,LOW
3003498.0,Assam,26.9524425778251,90.31480993980948,0.00011185201015443635,LOW
1057820.0,Manipur,23.9278,94.0906,0.8857066976404305,CRITICAL
3002868.0,Manipur,24.21966019706716,94.10753492789696,3.874084585836805e-05,LOW
2000576.0,Mizoram,23.857514350974565,93.05119260144536,0.9532358716612037,CRITICAL
3002592.0,Mizoram,23.777003528701037,92.50594043727271,0.007200977904945097,LOW
3002035.0,Assam,26.54906023856287,92.2606346619579,0.001065888052042563,LOW
3001670.0,Manipur,24.665947306425146,93.73260268220244,0.00041555773971861546,LOW
3002578.0,Manipur,24.387205623836547,94.36174406468064,0.0001743340909676034,LOW
3003234.0,Assam,26.75187207536971,92.46263305333072,0.040495538817217264,LOW
3001762.0,Manipur,24.97851176637933,94.02906271732242,5.954571348413115e-05,LOW
3001001.0,Manipur,24.736938838450985,94.36522707545576,6.574354592961609e-05,LOW
1050644.0,Assam,25.0888,92.8551,0.9871037282778914,CRITICAL
3001358.0,Sikkim,27.073632076057205,88.11279231045258,0.0004444540973591593,LOW
3001984.0,Mizoram,24.375461194153573,92.579501931905,0.0069820785639869935,LOW
1052259.0,Assam,27.0011,93.7273,0.9968805289565728,CRITICAL
3002724.0,Sikkim,27.039589342961783,88.79647137196554,0.013792840481751528,LOW
3003000.0,Sikkim,27.28079303227586,88.83350868123112,0.00013806077234275433,LOW
3000246.0,Manipur,24.783637334544828,94.2697072199922,0.000988980509441686,LOW
3000449.0,Manipur,25.43620067570198,93.06320490377512,0.00027742143482081176,LOW
3002792.0,Assam,27.055059871641756,94.1775665530752,0.03446570801606514,LOW
3000497.0,Assam,26.997141444642963,90.06851821262934,0.0013010707597321358,LOW
3001992.0,Sikkim,27.730468613008792,88.2711791108369,0.0017849929614113182,LOW
3003300.0,Manipur,25.3921139514469,94.43015957385656,0.0020357786094632245,LOW
2000774.0,Manipur,24.8226052509009,93.89690578840992,0.9886044445857333,CRITICAL
3001056.0,Sikkim,27.969247906945423,88.01432559090762,0.0003010621121396284,LOW
3000483.0,Manipur,25.58728300293094,94.06608932702672,0.0037044315954595265,LOW
3001971.0,Assam,24.18981892811889,92.08148012365808,0.018549255821412522,LOW
3000857.0,Sikkim,27.57440135221917,88.72729961592292,3.420721088608826e-05,LOW
3002891.0,Manipur,23.763472168680824,93.18411911253033,0.00029949981838116123,LOW
3001909.0,Manipur,24.68423929045936,93.59390247642762,0.034234088000808086,LOW
3003349.0,Sikkim,27.40728547445367,88.75784232604012,0.0004344982785312255,LOW
3002524.0,Assam,24.7721575274524,94.1337758483458,7.500973037092951e-05,LOW
3000850.0,Assam,25.460402284559468,90.17764065695002,0.0001469928376560684,LOW
3002444.0,Assam,26.89157328219912,94.1202528330778,0.21541899754964733,LOW
3003531.0,Sikkim,27.43311461540586,88.3008950711529,0.03324853238429998,LOW
2000243.0,Sikkim,27.736441678674527,88.62169486003495,0.9960671867089053,CRITICAL
1050591.0,Mizoram,23.7365,92.7146,0.9979629051047496,CRITICAL
3002170.0,Manipur,25.48992316436479,93.13372102485285,0.0018718259141087062,LOW
3002862.0,Sikkim,27.37697116088466,88.04998685318898,0.006864713315891864,LOW
3000603.0,Assam,26.561972877316496,93.10685021594846,0.14162447873328407,LOW
3003593.0,Mizoram,23.620428747163864,93.31976542853248,8.925483260368772e-05,LOW
3001186.0,Manipur,25.31840583321757,93.26040518542608,0.0019443977851257405,LOW
3000760.0,Assam,24.48910125581658,92.51359736441866,6.047805924187548e-05,LOW
3001777.0,Mizoram,23.539825455928018,92.53426183200864,0.00018405202977072056,LOW
2000108.0,Assam,26.998120241171907,93.73041624755676,0.9911001592680961,CRITICAL
3000644.0,Assam,25.10760926156181,94.2563747663253,0.00032070958794592325,LOW
3000535.0,Manipur,24.18762252817741,93.93280541676904,0.0001233102154074216,LOW
3001712.0,Assam,27.22083451308915,90.53559654303476,0.027219970383996733,LOW
3002020.0,Mizoram,24.354508993244803,92.59897156742254,6.556482536431097e-05,LOW
1057780.0,Manipur,24.30097079,94.04356075,0.9968221180892294,CRITICAL
3000787.0,Tripura,23.66018814027777,91.62423171609268,0.0004942333086169073,LOW
3000170.0,Assam,26.9648042741408,89.93125749277485,0.01498732781723617,LOW
3001612.0,Manipur,24.42687746155379,94.38638864300846,0.0002433683890790435,LOW
2000279.0,Mizoram,23.682781988356226,93.01609319155392,0.9781162638852591,CRITICAL
3000595.0,Sikkim,27.890478801040118,88.58223476041742,0.0023801253385376114,LOW
3001312.0,Assam,25.15486428812874,92.17591384286015,0.0004855699365296887,LOW
3002198.0,Assam,24.48699915730314,90.3772869202372,0.00010390854015971361,LOW
3003083.0,Assam,24.64390918247944,92.21126862799863,0.004610954218276887,LOW
2000767.0,Assam,26.170698422339036,91.73166346723578,0.9992858570907053,CRITICAL
3002073.0,Assam,25.84365615898705,93.45593879043898,0.08488345766261556,LOW
2000228.0,Mizoram,23.32564453630344,92.84351274338384,0.9936038453465221,CRITICAL
3002383.0,Assam,25.4632578708054,92.62421240002324,0.0005189556644087696,LOW
3000731.0,Assam,25.159058229276575,89.88732491026276,0.0334654059673955,LOW
1050602.0,Mizoram,23.73719685,92.72342008,0.9998884168125197,CRITICAL
3001732.0,Manipur,23.969911298983305,94.12207098128287,0.0013829022833476202,LOW
3001128.0,Assam,26.98214071802473,93.47371183394,0.0004920519217176017,LOW
3003190.0,Assam,26.352329514723383,92.72019962520898,0.0020898829897150846,LOW
2000386.0,Assam,26.0570845160426,93.15764870868948,0.9730899146262871,CRITICAL
3003297.0,Sikkim,26.979039404709543,88.13675869940397,0.00023323158248369353,LOW
3003019.0,Sikkim,27.161568601645325,87.99628805060027,0.00015641133438594487,LOW
3002056.0,Manipur,24.559499373863535,93.49659321922718,0.00260855445679565,LOW
938382.0,Sikkim,27.2084,88.4909,0.9950248976008362,CRITICAL
3002311.0,Manipur,24.100677189502164,93.83481645796512,0.0006368314023246264,LOW
3000534.0,Assam,25.333570853626988,92.11946769590364,0.010612436233549356,LOW
3001578.0,Sikkim,27.945606854052745,88.72131479828704,6.306333705336504e-05,LOW
3000508.0,Assam,25.28101757535592,93.8282969823039,0.009125203440095743,LOW
3002275.0,Manipur,25.023218934122305,93.88628257805162,0.00010191657525615504,LOW
2000474.0,Manipur,24.6795455268076,93.90527540988906,0.9989828121636449,CRITICAL
3002898.0,Assam,24.386884017474063,91.36160329764569,0.002736255101808878,LOW
3000961.0,Assam,24.37263934081604,91.09575323542938,6.489891318978604e-05,LOW
2000318.0,Assam,27.21453304384478,94.11234074957672,0.9973848984742242,CRITICAL
3003549.0,Assam,25.984243716613268,91.64640328113552,0.00012629999806235926,LOW
3001800.0,Manipur,24.44411659102565,93.65908115922367,0.0002832975220434392,LOW
3002497.0,Mizoram,22.82776151160215,93.48800137468884,0.00011923317457925728,LOW
3000437.0,Assam,25.51525431767369,91.7524433734403,0.0001966421694830065,LOW
3002258.0,Tripura,23.731721338074845,91.401245499676,0.0015556945740467431,LOW
3002382.0,Mizoram,23.722817906904783,92.6081592428256,0.010598972723310543,LOW
3000092.0,Mizoram,24.368120276107547,92.7228227631472,0.08371685553695898,LOW
3000654.0,Manipur,23.786606036433994,94.01471392374934,0.00025824523696192506,LOW
3002564.0,Assam,25.5115707054994,94.21399064405456,0.029612631658893968,LOW
3002105.0,Assam,24.19484459205813,92.1270861713804,1.847149359747186e-05,LOW
3003518.0,Assam,26.60411891864672,93.75466316426758,0.00577508953868619,LOW
3002544.0,Assam,24.323862057462485,93.32813055568302,0.00017668858428073497,LOW
3002246.0,Manipur,24.682099469669023,94.69953316273084,4.0685457040389856e-05,LOW
3000799.0,Assam,24.270256148282552,91.7693314116532,0.002623408294869266,LOW
2000283.0,Manipur,25.433073280624694,94.09083029995216,0.9452263697185739,CRITICAL
3002549.0,Sikkim,27.974009829366487,88.69766485287451,0.00015946632240463877,LOW
3003214.0,Mizoram,23.42351433682069,92.92772915913372,0.0002013337258456905,LOW
2000329.0,Manipur,25.13151963153967,93.97285139854128,0.9985186464140487,CRITICAL
3000083.0,Sikkim,27.28906928833165,88.80423724403529,0.00021427327971945264,LOW
3001476.0,Assam,27.02312636682416,93.97301688619378,0.0010755221013491506,LOW
3002830.0,Manipur,25.352089418636663,93.42478406309614,0.06276957937126977,LOW
3000107.0,Assam,24.87011025069772,92.45034227786662,0.13497402542899695,LOW
3001038.0,Sikkim,27.188732430778742,88.43025192556676,0.00016736513099623618,LOW
3002103.0,Manipur,25.322725707580464,94.1108781592215,0.0001640735858972573,LOW
3000839.0,Mizoram,22.800359438389943,92.46293578014892,9.452283292023177e-05,LOW
3000330.0,Assam,26.71876680279087,92.08478983654324,6.941192456283194e-05,LOW
3000464.0,Assam,25.08840864814989,91.5788810734462,0.0001028389317690633,LOW
3003537.0,Assam,27.2085843525695,92.38273073628484,0.0005688770833690481,LOW
3003555.0,Assam,27.372804538430763,91.93512980927846,0.07703845199401028,LOW
3002428.0,Sikkim,27.18609970996681,88.91141146786728,0.002363345632671277,LOW
3001494.0,Assam,26.762490943233693,90.98014336808698,2.028691443789706e-05,LOW
3001861.0,Tripura,23.37180231103913,91.7114317688292,0.0007585324271019514,LOW
3000398.0,Assam,24.226616540507266,90.3317352623149,0.013967562586485831,LOW
3001530.0,Assam,24.741975254825515,90.9402078986328,0.00010851275073987923,LOW
3001426.0,Assam,25.021412594448478,92.28864837865164,9.36515236601939e-05,LOW
3001958.0,Manipur,25.299094413084976,94.45241741441592,4.993456144431545e-05,LOW
3002115.0,Manipur,25.570863865383544,93.44729252963154,0.00017529659827547096,LOW
3000523.0,Sikkim,27.199528461259952,88.68328532355359,5.263523525442599e-05,LOW
2000679.0,Assam,27.17716273620599,93.99780700039749,0.9988754721422666,CRITICAL
3003437.0,Mizoram,23.57780706189125,93.43998744904866,0.12588134136711804,LOW
3002043.0,Manipur,24.35849471197644,94.31431226154916,0.0006551106480938197,LOW
3000479.0,Mizoram,23.95299435010604,93.12229548906178,0.0005077222667446879,LOW
3000558.0,Mizoram,22.61055756246694,93.28416120579284,0.0020968353666443278,LOW
3002992.0,Mizoram,24.19963628109285,93.24251533425829,0.0009909772846903643,LOW
2000183.0,Assam,25.15681650626215,92.94771927193722,0.9891947559569226,CRITICAL
3001591.0,Sikkim,27.170926161815142,88.66864397510584,0.0008836395988114466,LOW
2000483.0,Sikkim,27.551601321501565,88.6139485314836,0.9966567592868429,CRITICAL
3000285.0,Assam,24.464382423526867,92.13232352585196,0.08200967836915779,LOW
1048437.0,Assam,26.19531698,91.7837856,0.9903843557020364,CRITICAL
3003289.0,Sikkim,27.50873743351741,88.19477917782682,6.93909624450839e-05,LOW
2000490.0,Manipur,24.809798044249312,93.941749959538,0.9831807331360928,CRITICAL
3003294.0,Manipur,25.542603617987417,93.76926177945336,0.0011433166291980978,LOW
2000122.0,Assam,26.126637445950355,91.92855776411623,0.9603222918233254,CRITICAL
2000648.0,Assam,24.52150701354178,92.72724121519953,0.990963788725297,CRITICAL
3002641.0,Assam,25.481133863132342,92.70857642431666,0.00018105212219280182,LOW
3001491.0,Sikkim,27.24158078335773,88.84182424590622,0.00024273949500662129,LOW
3000371.0,Sikkim,27.24522446589026,88.40569947809324,0.16724709951079048,LOW
3001574.0,Manipur,23.88526438548553,93.31104834288269,0.11546043001594855,LOW
3001532.0,Manipur,25.126009594747185,93.30453668008404,2.6211329893436956e-05,LOW
2000424.0,Mizoram,23.730378846145385,92.73822884402496,0.973388523417592,CRITICAL
3002446.0,Mizoram,22.51916297723709,93.36698045347816,0.0009900125385495246,LOW
3001255.0,Mizoram,22.64509098199978,92.39320231333367,0.007673058710113615,LOW
3003399.0,Sikkim,27.303482345020925,88.8677284744354,8.717211849862776e-05,LOW
3001905.0,Assam,27.19266947216525,91.55308009488591,0.0003361052122395041,LOW
1057952.0,Manipur,25.3098633,94.48214677,0.995797177447385,CRITICAL
3001900.0,Mizoram,22.62402137714064,92.78403184479345,0.027014745317291117,LOW
3001079.0,Mizoram,22.36003320226186,92.51289144156776,0.0017095958721465264,LOW
3002362.0,Assam,24.584226558315933,92.55906856083924,0.00020259757622080008,LOW
3003275.0,Manipur,24.001612331053767,94.21867367829628,8.42880731389739e-05,LOW
3003315.0,Manipur,24.126497318176195,93.2702678020561,0.00010248862318384575,LOW
2000011.0,Manipur,25.3084485890638,94.46696289030132,0.9980024759235289,CRITICAL
3000296.0,Tripura,23.726066343798895,91.9814760646346,0.0007557565107594808,LOW
3001496.0,Assam,26.16786266125117,92.28120637207894,0.013422643860015309,LOW
3000828.0,Tripura,23.533639292441,91.76434697171057,0.0063252512295405156,LOW
3001369.0,Manipur,25.24418172519656,94.38070708597884,0.000780419000218029,LOW
1050588.0,Assam,25.61919207,92.7094701,0.9663743601133568,CRITICAL
3002685.0,Sikkim,27.965200550840244,88.47799367175841,0.0006674206707283022,LOW
3000863.0,Sikkim,27.154014227234185,88.26191779176496,3.1299801976917167e-05,LOW
2000112.0,Assam,26.13729756388465,91.70618098876125,0.9954177161038502,CRITICAL
1050662.0,Mizoram,22.533,92.899,0.9985044351512331,CRITICAL
3002794.0,Sikkim,27.80614844307654,88.02732459226522,9.413630740920902e-05,LOW
2000696.0,Assam,26.12968328568552,91.9613213359201,0.9597830515210417,CRITICAL
2000498.0,Mizoram,23.84198995215112,93.03815646967236,0.9633921612619044,CRITICAL
1048384.0,Tripura,23.0137,91.7174,0.9399591196964537,CRITICAL
2000636.0,Manipur,24.762862989028864,93.40105673063384,0.9315911923608182,CRITICAL
3000076.0,Assam,27.33845049484976,90.69917065114736,4.1811061302031834e-05,LOW
3002599.0,Mizoram,22.59236440309396,92.6977860312394,0.0011389216233845198,LOW
3003352.0,Sikkim,27.106297017642184,88.74030077720067,0.014734161540421084,LOW
3002143.0,Manipur,24.249970857603223,93.36813401212656,0.0014987379511271883,LOW
2000615.0,Manipur,24.789551425947657,93.41984088959892,0.9599409510999926,CRITICAL
3000782.0,Manipur,24.198580420426364,93.50984153677526,0.004168127379295674,LOW
3003098.0,Assam,25.15917445798333,91.55523507582024,0.0022648954802753714,LOW
1050763.0,Mizoram,23.5397,93.3783,0.9719006585515996,CRITICAL
3000301.0,Manipur,24.84886691064297,94.08382025261136,3.031978622960416e-05,LOW
3002644.0,Mizoram,23.910404824429754,93.00166408788674,0.0072663691334300135,LOW
3001414.0,Manipur,24.25895519274024,93.6691984316173,0.000508816096652384,LOW
3002262.0,Sikkim,27.45035579248094,88.41066694035155,0.0009594582917561246,LOW
2000641.0,Manipur,25.416760600423217,94.12931272215454,0.8541507359411924,CRITICAL
3001874.0,Assam,26.31866238952126,93.3151480607904,0.00016094790514568506,LOW
3002744.0,Sikkim,27.675270688329764,88.15110432472233,0.0002920247871549194,LOW
3000386.0,Assam,27.032546300285404,94.12203976237876,0.0004422038141308754,LOW
3000756.0,Manipur,24.254337981697155,93.24190996277386,4.7279432219514044e-05,LOW
3001953.0,Sikkim,27.914918208264343,88.82372669773191,0.032513286943688574,LOW
1048419.0,Assam,26.1978,91.7665,0.9935608844621349,CRITICAL
3002815.0,Assam,25.16096712634271,93.99003680059823,0.00046257635849064214,LOW
2000395.0,Mizoram,23.70977586138919,92.71515639902184,0.989067955229461,CRITICAL
3001357.0,Manipur,24.378350843342755,94.6993853989147,0.005386987352342906,LOW
3000279.0,Assam,27.010519984792904,91.9661853521458,0.00036626224353705663,LOW
3000164.0,Assam,24.327168394226344,92.86093698152928,0.0022189048899087737,LOW
3001413.0,Manipur,24.28035646634384,93.01312032209296,0.0006397377649091808,LOW
3001625.0,Assam,26.41134459595498,91.21666912746522,8.268509299969392e-05,LOW
3000842.0,Sikkim,27.22429287376128,88.80994667512057,0.0031191767625306514,LOW
938450.0,Sikkim,27.3736,88.7323,0.9978444206147303,CRITICAL
3000862.0,Sikkim,27.53999146696962,88.22234227194602,0.0002110795174185999,LOW
3001164.0,Manipur,24.620380175680765,93.75083449282177,0.0021799645118606033,LOW
2000220.0,Sikkim,27.28357827081166,88.38090468186309,0.9996691934985098,CRITICAL
3001236.0,Mizoram,24.25780459682842,93.34221031144357,7.281275125698962e-05,LOW
3001689.0,Manipur,24.65651296901622,94.10691992353584,2.3409313504220115e-05,LOW
2000266.0,Mizoram,23.751434047392248,92.75821905924604,0.9816126632317259,CRITICAL
3002691.0,Manipur,24.102532728456858,93.32400754882518,0.00013289169423649706,LOW
3002357.0,Assam,27.35946852750446,93.33552313563044,5.281823737638479e-05,LOW
3002003.0,Tripura,24.097287296198733,91.37704840652138,5.5464192284529414e-05,LOW
3000329.0,Manipur,25.26426218490259,93.07152723125486,5.3655858214824456e-05,LOW
3000068.0,Sikkim,27.71830077001144,88.89260695799761,7.861861978863445e-05,LOW
3000700.0,Sikkim,27.06646116692424,88.6035183238257,0.0009762461745679567,LOW
3003459.0,Mizoram,22.965212108053837,93.24912051164264,0.00014594943742666852,LOW
3001806.0,Manipur,25.597676106680684,93.25540613647694,0.0006017888110905665,LOW
3001535.0,Manipur,24.33559565073738,93.5889258497092,4.8212105191643975e-05,LOW
1050666.0,Assam,25.15246863,92.94670614,0.9928053244723924,CRITICAL
3000607.0,Manipur,25.57392409139004,93.50594267674198,0.0002132047254074734,LOW
2000595.0,Assam,25.15905227465161,93.0157168477136,0.9976949066264043,CRITICAL
3001548.0,Assam,24.57280233741506,92.84047298255584,0.005795408464772625,LOW
3000848.0,Manipur,24.248002114775588,94.6337314020744,0.0006013440753865592,LOW
3001359.0,Assam,26.22916465889199,92.14447397619357,8.962831081350958e-05,LOW
2000702.0,Manipur,24.952985173843956,93.53106401843829,0.9879688654850669,CRITICAL
2000094.0,Manipur,24.648191148031096,93.95499471670747,0.9850352461964107,CRITICAL
3001705.0,Assam,25.883550776928853,89.89019009797012,0.006924401482860856,LOW
3002918.0,Sikkim,27.89784237842626,88.18582487633832,0.0002521990910606172,LOW
3002186.0,Manipur,24.330815114212587,93.76020630073248,0.00044587584485991237,LOW
3003356.0,Assam,25.89060643606081,91.34107490562,2.7857157900581134e-05,LOW
2000804.0,Manipur,24.97166237474452,93.50023626956252,0.9998317568865518,CRITICAL
3001234.0,Mizoram,24.092026593432195,93.03375071801476,0.0002185281341870468,LOW
3001192.0,Assam,24.93388004542102,93.24466338925056,0.0197262111964065,LOW
2000389.0,Tripura,23.71631361783155,91.62313198104866,0.991592329608658,CRITICAL
3000486.0,Mizoram,24.189617457966577,92.73727185173072,0.0002215860544114419,LOW
1048492.0,Assam,26.1309,91.8383,0.988748009519992,CRITICAL
3001720.0,Assam,24.96234866862508,94.25346424533282,0.0007447781261073244,LOW
3001972.0,Manipur,24.262501533485526,94.19269567771369,0.00020454270559053342,LOW
3002245.0,Manipur,25.23156371761487,93.3015650779889,0.000320404656389176,LOW
3003227.0,Mizoram,23.2338898038636,92.99102070644604,0.000309956120915261,LOW
2000086.0,Assam,26.9518321063926,93.8705658945705,0.9991664355583294,CRITICAL
3001893.0,Mizoram,22.96044453861136,93.2127746685692,6.124816850860082e-05,LOW
3002573.0,Sikkim,27.214071768391545,88.64585971702441,0.0001119170314026293,LOW
2000480.0,Assam,24.61100912700788,92.37501570792732,0.9707542240547493,CRITICAL
