sample_id,pair_id,label,sample_type,state,latitude,longitude,event_date,spatial_block_0p5deg,elevation_m,slope_deg,aspect_sin,aspect_cos,curvature_1_per_m,rainfall_24h_mm,rainfall_72h_mm,rainfall_7d_mm,land_cover,ndvi_model_value,ndvi_missing,soil_moisture_surface_m3_m3,soil_moisture_7_28cm_m3_m3,soil_moisture_28_100cm_m3_m3,soil_moisture_0_100cm_m3_m3,soil_moisture_surface_3d_mean_m3_m3,soil_moisture_surface_7d_mean_m3_m3,soil_moisture_surface_anomaly_vs_7d,distance_to_road_m,distance_to_river_m
1048547,1048547,1,real_landslide_event,Assam,26.13140438,91.93086808,2004-07-15,26.0_91.5,123.35052490234376,11.829864954977326,-0.896233175294196,-0.44358324529008425,-0.0043176456475084,21.19,86.74,174.81,Tree cover,,1,0.466,0.496,0.48,0.482,0.4803333333333333,0.4781428571428571,-0.0121428571428571,163.3712012231149,4621.513730450542
1048389,1048389,1,real_landslide_event,Assam,26.16833375,91.72831667,2004-07-15,26.0_91.5,53.3612060546875,2.133673026873156,-0.9999750868149943,0.007058735676083793,0.0006252291668405,21.19,86.74,174.81,Built-up,,1,0.48,0.498,0.475,0.48,0.486,0.4838571428571428,-0.0038571428571428,46.764808154570346,287.4306830186603
1048386,1048386,1,real_landslide_event,Assam,26.16175948,91.72188533,2004-07-15,26.0_91.5,139.72340393066406,33.73951893104046,-0.7199872034807442,0.6939873390948695,0.0005809520748725,21.19,86.74,174.81,Tree cover,,1,0.48,0.498,0.475,0.48,0.486,0.4838571428571428,-0.0038571428571428,105.7795282159275,1108.1354315187589
1050630,1050630,1,real_landslide_event,Assam,26.35735036,92.82954074,2004-07-15,26.0_92.5,60.25774765014648,0.5257446344936983,0.9263016667487429,-0.3767827254247478,-0.0006518796396139,14.1,35.129999999999995,98.06,Cropland,,1,0.47,0.496,0.481,0.484,0.4763333333333333,0.4817142857142856,-0.0117142857142856,1079.3289476120965,3961.2202182011297
1050635,1050635,1,real_landslide_event,Mizoram,23.30680933,92.83619313,2004-07-29,23.0_92.5,1142.7137451171875,20.162276430346207,0.7407472000222146,-0.671783883149372,-0.0067761936100739,0.48,4.9,16.06,Tree cover,,1,0.424,0.424,0.418,0.42,0.4193333333333333,0.4208571428571429,0.0031428571428571,224.26498601973765,1331.0725926094683
938324,938324,1,real_landslide_event,Sikkim,27.16551929,88.36456702,2004-09-02,27.0_88.0,1435.585693359375,15.78688478997055,0.892014488603837,-0.4520068053921701,0.0007655628792585,16.38,40.57,134.07,Built-up,,1,0.426,0.429,0.429,0.429,0.4276666666666666,0.4264285714285715,-0.0004285714285715,6.931340849821848,527.6144404346229
1048548,1048548,1,real_landslide_event,Assam,26.13140438,91.93086808,2004-10-07,26.0_91.5,123.35052490234376,11.829864954977326,-0.896233175294196,-0.44358324529008425,-0.0043176456475084,121.78,229.02,265.58000000000004,Tree cover,,1,0.487,0.488,0.512,0.506,0.4846666666666666,0.4801428571428571,0.0068571428571428,163.3712012231149,4621.513730450542
1048377,1048377,1,real_landslide_event,Assam,26.13088435,91.71073619,2004-10-08,26.0_91.5,130.03472900390625,4.403079655411881,-0.5649508528342583,-0.8251245565863642,0.0058785430107347,24.2,234.49,289.61999999999995,Tree cover,,1,0.482,0.495,0.497,0.495,0.481,0.4847142857142857,-0.0027142857142857,55.09069599142577,1574.4811501945826
1050658,1050658,1,real_landslide_event,Mizoram,23.83655634,92.88807365,2005-08-01,23.5_92.5,405.3147583007813,14.233003191094854,0.8951336197939084,-0.44579793933423995,0.0037531504729458,0.21,1.95,16.98,Tree cover,0.8256,0,0.422,0.422,0.412,0.415,0.4196666666666666,0.4208571428571428,0.0011428571428571,1904.017513343413,3732.714155467383
1048549,1048549,1,real_landslide_event,Assam,26.13140438,91.93086808,2005-08-19,26.0_91.5,123.35052490234376,11.829864954977326,-0.896233175294196,-0.44358324529008425,-0.0043176456475084,63.62,179.61999999999998,231.20999999999995,Tree cover,,1,0.467,0.49,0.494,0.491,0.4813333333333333,0.4674285714285714,-0.0004285714285713,163.3712012231149,4621.513730450542
1048378,1048378,1,real_landslide_event,Assam,26.13088435,91.71073619,2005-08-24,26.0_91.5,130.03472900390625,4.403079655411881,-0.5649508528342583,-0.8251245565863642,0.0058785430107347,22.4,37.26,258.21,Tree cover,,1,0.493,0.504,0.48,0.486,0.4793333333333333,0.4811428571428572,0.0118571428571427,55.09069599142577,1574.4811501945826
1048550,1048550,1,real_landslide_event,Assam,26.13140438,91.93086808,2005-08-24,26.0_91.5,123.35052490234376,11.829864954977326,-0.896233175294196,-0.44358324529008425,-0.0043176456475084,22.4,37.26,258.21,Tree cover,,1,0.484,0.502,0.499,0.498,0.4833333333333333,0.4844285714285714,-0.0004285714285714,163.3712012231149,4621.513730450542
1048387,1048387,1,real_landslide_event,Assam,26.16175948,91.72188533,2005-08-24,26.0_91.5,139.72340393066406,33.73951893104046,-0.7199872034807442,0.6939873390948695,0.0005809520748725,22.4,37.26,258.21,Tree cover,,1,0.48,0.502,0.498,0.498,0.4796666666666667,0.4811428571428572,-0.0011428571428572,105.7795282159275,1108.1354315187589
938387,938387,1,real_landslide_event,Sikkim,27.40133744,88.52441984,2005-09-25,27.0_88.5,673.4405517578125,22.724419368389043,0.04496066829098385,0.9989887578480692,-0.0024660839262511,1.56,2.89,13.589999999999998,Tree cover,0.7787000000000001,0,0.427,0.428,0.427,0.428,0.4246666666666667,0.4137142857142857,0.0132857142857142,2.5327231608136973,163.55046724757588
1050584,1050584,1,real_landslide_event,Assam,24.96518283,92.69340028,2006-06-12,24.5_92.5,25.597381591796875,4.804046253072771,0.49134202882607375,0.8709667104482683,0.0001084970240427,96.45,230.87,254.38,Tree cover,0.5942000000000001,0,0.477,0.489,0.492,0.491,0.4753333333333333,0.4742857142857143,0.0027142857142856,60.35031761988118,812.6876208686948
1049243,1049243,1,real_landslide_event,Tripura,24.42795641,92.23424031,2006-06-13,24.0_92.0,34.46438217163086,1.909302712195588,0.9943467590820559,0.10618155538045124,-0.001543927581245,43.37,166.92,250.81,Tree cover,,1,0.417,0.426,0.427,0.426,0.4216666666666666,0.4144285714285714,0.0025714285714285,607.8323176829892,6728.118484157071
938444,938444,1,real_landslide_event,Sikkim,27.29288574,88.67133148,2006-08-03,27.0_88.5,2045.0093994140625,28.72238838495379,-0.9962600247151315,0.08640580509783817,-0.0128194000157216,2.26,13.670000000000002,20.84,Tree cover,,1,0.423,0.43,0.431,0.43,0.424,0.4208571428571429,0.0021428571428571,1425.169717806108,1141.055613158214
938422,938422,1,real_landslide_event,Sikkim,27.4459,88.6193,2007-04-11,27.0_88.5,1961.0325927734373,11.777175016848634,0.44185658364649766,-0.8970857035357579,-0.0027900709950614,0.01,8.43,9.91,Tree cover,0.6627000000000001,0,0.413,0.415,0.42,0.418,0.4166666666666667,0.4202857142857143,-0.0072857142857143,62.22160429522294,352.5969823475619
938415,938415,1,real_landslide_event,Sikkim,27.3383,88.6069,2007-05-23,27.0_88.5,1523.8096923828125,19.67787333863308,-0.6995325648849227,-0.7146007211481958,-0.0013998375967079,0.02,2.31,27.49,Built-up,0.4986,0,0.426,0.428,0.426,0.426,0.4233333333333333,0.4161428571428571,0.0098571428571428,12.584153309791205,686.3009970260999
938390,938390,1,real_landslide_event,Sikkim,27.74367525,88.52635367,2007-06-27,27.5_88.5,4007.63134765625,50.68192489089456,0.9156565562442427,-0.40196152926235873,-0.0011157865863768,17.73,21.47,30.87,Grassland,,1,0.431,0.432,0.385,0.398,0.4313333333333333,0.4315714285714285,-0.0005714285714285,1747.6345148491016,1791.7788077531698
1048380,1048380,1,real_landslide_event,Assam,26.10481582,91.7127005,2007-07-13,26.0_91.5,49.745262145996094,0.4359036445862416,0.6744042901859896,0.7383622778682098,9.813666875152242e-05,4.71,10.0,35.0,Cropland,,1,0.447,0.469,0.485,0.479,0.4626666666666666,0.4725714285714286,-0.0255714285714285,12.11581443741779,552.7261079993965
938328,938328,1,real_landslide_event,Sikkim,27.1499,88.38,2007-07-16,27.0_88.0,1095.890625,34.785367468974904,0.008478409447616325,0.9999640576406927,0.0061433460242164,16.4,49.85,129.48,Tree cover,,1,0.421,0.416,0.405,0.408,0.4196666666666666,0.4202857142857142,0.0007142857142857,223.4723365448659,151.6868575269386
1048446,1048446,1,real_landslide_event,Assam,26.1699,91.7986,2007-07-19,26.0_91.5,157.2166290283203,3.24497866742904,-0.6829267288126157,-0.7304868808358573,-0.0138242969927336,8.09,60.17,103.94,Tree cover,,1,0.477,0.488,0.478,0.48,0.4716666666666667,0.4754285714285714,0.0015714285714285,123.85377789520687,1914.694460307464
1048441,1048441,1,real_landslide_event,Assam,26.19758217,91.79057805,2007-07-19,26.0_91.5,107.88348388671876,20.378263507363304,0.8655954290452162,-0.5007439996805033,0.007906569944822,8.09,60.17,103.94,Built-up,,1,0.477,0.488,0.478,0.48,0.4716666666666667,0.4754285714285714,0.0015714285714285,6.7559313934455085,780.2608988574327
1050662,1050662,1,real_landslide_event,Mizoram,22.533,92.899,2007-07-30,22.5_92.5,801.8380126953125,26.524728373462427,-0.9621175653596779,-0.2726349031697262,0.0086702434058135,0.52,2.15,25.31,Grassland,,1,0.396,0.4,0.41,0.407,0.405,0.4161428571428571,-0.020142857142857,6.740914181504002,2079.1044026354757
1050668,1050668,1,real_landslide_event,Mizoram,22.479,92.967,2007-07-30,22.0_92.5,446.7892761230469,31.495615153506943,0.9103704294733674,-0.41379424976729257,0.0089188052740489,0.52,2.15,25.31,Tree cover,,1,0.392,0.398,0.412,0.408,0.4026666666666667,0.4145714285714285,-0.0225714285714285,44.47829328657632,600.7730672698533
938236,938236,1,real_landslide_event,Sikkim,27.25638429,88.13612339,2007-08-02,27.0_88.0,1594.4122314453125,10.428871434916246,-0.4317793515832983,0.9019792633682365,0.0028823348140002,6.04,12.56,77.66,Grassland,0.8258000000000001,0,0.421,0.427,0.421,0.422,0.4243333333333333,0.4257142857142856,-0.0047142857142856,0.1599004309997363,682.3682663671727
1050913,1050913,1,real_landslide_event,Manipur,24.9667,93.55,2007-08-26,24.5_93.5,570.7347412109375,27.510488014951296,-0.38219423689032145,-0.9240820122087784,-0.0004391992970776,6.38,8.78,31.74,Tree cover,,1,0.426,0.427,0.428,0.427,0.4253333333333333,0.4132857142857143,0.0127142857142856,71.21552278732814,243.24660497759277
1050834,1050834,1,real_landslide_event,Manipur,24.95138801,93.52811839,2007-08-26,24.5_93.5,558.5473022460938,33.832422247766,-0.3800126752992249,-0.9249812790602445,0.005633093872235,6.38,8.78,31.74,Tree cover,,1,0.426,0.427,0.428,0.427,0.4253333333333333,0.4132857142857143,0.0127142857142856,833.3275188816209,1181.3990979316848
1050634,1050634,1,real_landslide_event,Assam,25.2946,92.8339,2007-08-26,25.0_92.5,887.2079467773438,15.365204211257485,-0.882130519122252,0.47100503949863015,-0.0004535358144176,13.52,17.810000000000002,44.31999999999999,Grassland,,1,0.496,0.5,0.512,0.508,0.4829999999999999,0.4861428571428571,0.0098571428571428,2036.4506058342267,3419.914665234969
1057207,1057207,1,real_landslide_event,Manipur,25.1333,93.9667,2007-08-31,25.0_93.5,1008.977294921875,2.341395189217111,-0.749264219458461,-0.6622711902531343,-5.5677301380892535e-06,1.14,3.91,19.79,Cropland,,1,0.483,0.484,0.499,0.495,0.4843333333333333,0.4834285714285714,-0.0004285714285713,151.10635176379475,86.6289956228419
938381,938381,1,real_landslide_event,Sikkim,27.201,88.4883,2007-09-07,27.0_88.0,401.8831787109375,34.63730076629495,-0.9128329858362054,-0.40833312377194925,-0.0002879981845585,44.33,107.27,146.80999999999997,Tree cover,0.7922,0,0.43,0.435,0.423,0.426,0.4266666666666667,0.4257142857142857,0.0042857142857142,5.341579766646328,125.8218993332128
1057438,1057438,1,real_landslide_event,Manipur,25.0604,93.9877,2007-09-08,25.0_93.5,1517.0406494140625,35.30424392563547,0.22955962924513487,0.9732945990915783,0.0093713697063928,19.97,61.95,125.18,Grassland,,1,0.484,0.486,0.501,0.497,0.4856666666666666,0.4827142857142857,0.0012857142857142,2439.6936411875367,2532.583644115713
938319,938319,1,real_landslide_event,Sikkim,27.1667,88.35,2007-09-09,27.0_88.0,1157.5157470703125,23.936451734444773,-0.9573311967263854,0.28899304450873325,0.0002217345839343,5.24,51.29,137.12,Tree cover,,1,0.424,0.432,0.426,0.427,0.426,0.4271428571428571,-0.0031428571428571,47.01225021322499,666.9422595379984
1057853,1057853,1,real_landslide_event,Manipur,25.4993,94.1192,2007-09-09,25.0_94.0,1942.87841796875,13.363798995212433,-0.7868531693573702,0.6171402513791024,0.0020107353522553,5.51,27.94,95.54,Tree cover,,1,0.495,0.487,0.468,0.474,0.4863333333333333,0.4857142857142857,0.0092857142857142,868.583019692354,3839.971113603667
1057817,1057817,1,real_landslide_event,Manipur,24.2451,94.0691,2007-09-10,24.0_94.0,1282.6968994140625,40.48270373988654,0.9450820516571569,-0.3268331617744734,-0.0042093237321173,0.8,9.4,46.03,Tree cover,,1,0.435,0.433,0.425,0.427,0.4333333333333333,0.4352857142857143,-0.0002857142857143,79.39926775214744,1731.121019836098
938445,938445,1,real_landslide_event,Sikkim,27.29288574,88.67133148,2007-09-10,27.0_88.5,2045.0093994140625,28.72238838495379,-0.9962600247151315,0.08640580509783817,-0.0128194000157216,4.62,12.669999999999998,85.38999999999999,Tree cover,,1,0.432,0.43,0.423,0.425,0.4263333333333333,0.427,0.005,1425.169717806108,1141.055613158214
938423,938423,1,real_landslide_event,Sikkim,27.3425,88.6236,2007-09-10,27.0_88.5,2064.70556640625,41.53862731526402,0.5000453989914176,-0.8659991910778635,-0.0092480764490882,4.62,12.669999999999998,85.38999999999999,Tree cover,,1,0.432,0.43,0.423,0.425,0.4263333333333333,0.427,0.005,111.68782095153246,945.2365711971258
1057807,1057807,1,real_landslide_event,Manipur,24.4279,94.0564,2007-09-11,24.0_94.0,901.1336669921876,12.104452470049695,-0.3560106978405821,0.9344818794514218,-0.0036660528341836,7.8,14.88,107.04,Grassland,0.8267,0,0.432,0.437,0.428,0.43,0.4346666666666667,0.441,-0.009,404.0480182863456,271.5710778554123
938382,938382,1,real_landslide_event,Sikkim,27.2084,88.4909,2007-09-11,27.0_88.0,348.4344482421875,31.93612035694253,-0.9793559908364666,0.20214312556385042,0.0122254576671594,5.54,18.92,134.8,Tree cover,0.7542,0,0.423,0.425,0.427,0.427,0.4263333333333333,0.4262857142857142,-0.0032857142857142,11.03201350510473,173.99081585835327
1048449,1048449,1,real_landslide_event,Assam,26.1833,91.8,2007-09-13,26.0_91.5,67.7772445678711,0.4721458803775328,-0.09545398184663396,-0.9954338437835145,-0.001537663799938,0.21,9.46,126.43,Built-up,,1,0.481,0.493,0.459,0.468,0.486,0.4844285714285714,-0.0034285714285714,13.990532346935671,2251.264176230053
1048551,1048551,1,real_landslide_event,Assam,26.13140438,91.93086808,2007-09-15,26.0_91.5,123.35052490234376,11.829864954977326,-0.896233175294196,-0.44358324529008425,-0.0043176456475084,4.91,31.2,56.92999999999999,Tree cover,,1,0.489,0.496,0.485,0.488,0.4843333333333333,0.4897142857142857,-0.0007142857142857,163.3712012231149,4621.513730450542
1050607,1050607,1,real_landslide_event,Assam,24.52029991,92.72826503,2007-09-16,24.5_92.5,39.580299377441406,3.1845814343130456,-0.9586962263156367,0.284431970158345,0.0016822201783693,0.85,20.040000000000003,39.08,Tree cover,0.6867000000000001,0,0.417,0.422,0.403,0.408,0.4183333333333333,0.4174285714285714,-0.0004285714285714,18.354778737793847,2851.7611154531496
938298,938298,1,real_landslide_event,Sikkim,27.2872,88.2816,2007-09-18,27.0_88.0,583.18017578125,31.07215006753462,-0.852905518849519,0.522065298517372,-0.0001656750011499,2.12,2.99,50.99,Tree cover,0.7232000000000001,0,0.407,0.411,0.397,0.401,0.4136666666666666,0.4185714285714286,-0.0115714285714286,72.415913967538,14.104290676939174
1050582,1050582,1,real_landslide_event,Mizoram,24.1293,92.6921,2007-09-29,24.0_92.5,820.6981811523438,4.077516427037359,0.17581794259411085,0.9844226993837424,0.0030241806078913,5.99,6.130000000000001,7.25,Tree cover,,1,0.422,0.42,0.392,0.4,0.4096666666666667,0.3948571428571429,0.027142857142857,11.836187045324335,4373.769058791325
1057849,1057849,1,real_landslide_event,Manipur,25.4379,94.1162,2007-10-19,25.0_94.0,1505.0709228515625,18.70218554783301,-0.05204710426240675,-0.9986446309563268,-0.0088582341273276,4.81,6.09,38.16,Tree cover,0.8351000000000001,0,0.485,0.497,0.485,0.487,0.4893333333333333,0.4792857142857143,0.0057142857142856,307.4463082796008,2271.0196573416947
1050772,1050772,1,real_landslide_event,Manipur,24.75,93.4333,2007-10-21,24.5_93.0,467.3199768066406,33.08600728403407,0.2939617385952213,-0.9558171876682668,-0.0158400979765585,0.37,19.49,65.69,Tree cover,0.8644000000000001,0,0.402,0.407,0.414,0.412,0.4066666666666667,0.4135714285714285,-0.0115714285714285,343.63436178538905,3672.830267733095
1048552,1048552,1,real_landslide_event,Assam,26.13140438,91.93086808,2008-04-13,26.0_91.5,123.35052490234376,11.829864954977326,-0.896233175294196,-0.44358324529008425,-0.0043176456475084,27.84,28.31,28.31,Tree cover,,1,0.318,0.332,0.333,0.332,0.3156666666666667,0.3351428571428571,-0.0171428571428571,163.3712012231149,4621.513730450542
1057337,1057337,1,real_landslide_event,Manipur,24.6596,93.9784,2008-06-09,24.5_93.5,772.5,1.5272878515026604,0.0,1.0,0.0059609373169343,4.33,13.47,19.65,Tree cover,0.3382,0,0.484,0.487,0.311,0.36,0.4843333333333333,0.4438571428571429,0.040142857142857,22.00423043321089,16.851883033260215
1057861,1057861,1,real_landslide_event,Assam,27.1743511,94.13502058,2008-06-14,27.0_94.0,87.40898132324219,1.1271017462658577,0.6482867193919218,-0.7613963024995981,0.0005761563975993,19.56,76.22,152.26,Tree cover,0.7145,0,0.414,0.415,0.435,0.43,0.421,0.4145714285714286,-0.0005714285714286,745.2948406129103,3859.914109059859
1057827,1057827,1,real_landslide_event,Assam,27.2298,94.0989,2008-06-15,27.0_94.0,94.63778686523438,1.4165121235213043,-0.03646931614797072,-0.9993347732265196,0.0005866865263837,5.57,67.17999999999999,153.57999999999998,Tree cover,,1,0.391,0.393,0.427,0.417,0.41,0.4142857142857142,-0.0232857142857142,46.3618464203763,358.19575215443143
1054158,1054158,1,real_landslide_event,Manipur,24.9336,93.8275,2008-06-19,24.5_93.5,1029.0897216796875,15.312425876174183,0.9855985661661207,-0.16910194076735735,-0.004593175885121,7.96,26.66,48.38,Grassland,0.7683,0,0.471,0.482,0.417,0.435,0.4783333333333333,0.4851428571428571,-0.0141428571428571,460.9526040548872,1158.845236390419
1048553,1048553,1,real_landslide_event,Assam,26.13140438,91.93086808,2008-06-19,26.0_91.5,123.35052490234376,11.829864954977326,-0.896233175294196,-0.44358324529008425,-0.0043176456475084,19.56,30.27,82.42999999999999,Tree cover,,1,0.496,0.494,0.515,0.509,0.4876666666666667,0.483,0.0129999999999999,163.3712012231149,4621.513730450542
1048400,1048400,1,real_landslide_event,Tripura,23.74450253,91.74176515,2008-07-15,23.5_91.5,200.3071746826172,6.081890402090366,0.9057025356407382,-0.42391380837846904,0.0105663532718384,8.51,117.78,192.85,Tree cover,,1,0.416,0.419,0.424,0.422,0.423,0.4198571428571429,-0.0038571428571428,2744.630994416222,1896.836069610591
1057562,1057562,1,real_landslide_event,Assam,27.163,94.0,2008-08-14,27.0_94.0,94.73430633544922,2.150634774486839,0.3875284474839236,0.9218577452029678,0.0015389012173257,13.88,29.31,75.44,Bare / sparse vegetation,0.5071,0,0.418,0.413,0.396,0.401,0.4156666666666666,0.4068571428571428,0.0111428571428571,50.3172163503032,30.386170898622797
938418,938418,1,real_landslide_event,Sikkim,27.337,88.609,2008-08-28,27.0_88.5,1553.279052734375,18.342699276887505,-0.5490715344332485,-0.8357753586192392,-0.0140077063523873,3.88,13.81,31.15,Built-up,,1,0.429,0.433,0.428,0.43,0.4286666666666667,0.427,0.002,41.76966362617719,478.9725114007397
1057851,1057851,1,real_landslide_event,Assam,27.2333,94.1167,2008-10-29,27.0_94.0,90.41641235351562,0.8348605444143771,-0.8302112147575421,0.5574489563097291,0.0009182535578327,0.0,11.53,31.2,Tree cover,0.7191000000000001,0,0.352,0.358,0.316,0.327,0.376,0.2932857142857143,0.0587142857142856,58.50155985109573,2087.70994933353
1048329,1048329,1,real_landslide_event,Assam,26.3333,91.25,2008-10-29,26.0_91.0,41.72880172729492,0.7797261617475765,-0.8866615662535368,-0.4624189301151339,-0.0003422743734696,0.12,19.12,52.7,Cropland,,1,0.453,0.47,0.432,0.441,0.4666666666666666,0.3751428571428571,0.0778571428571429,623.5042903242977,7480.744729845459
938396,938396,1,real_landslide_event,Sikkim,27.478,88.527,2009-07-01,27.0_88.5,765.6011962890625,33.55621592527374,-0.3635134251479662,-0.9315889596475443,-2.640447747281839e-05,18.05,27.34,44.52,Tree cover,,1,0.428,0.428,0.426,0.427,0.4276666666666666,0.4272857142857143,0.0007142857142856,0.089685999746297,33.24542628042939
938237,938237,1,real_landslide_event,Sikkim,27.2644,88.1365,2009-08-19,27.0_88.0,1281.1839599609375,19.542442807517457,0.4133668076581515,0.9105645953618605,0.0051812218730844,53.97,74.04,93.81000000000004,Tree cover,0.9423,0,0.428,0.428,0.428,0.428,0.4266666666666667,0.4268571428571429,0.0011428571428571,11.632634007853422,81.57462433425577
938364,938364,1,real_landslide_event,Sikkim,27.1344,88.4575,2009-08-20,27.0_88.0,628.2711181640625,29.241766451268628,-0.879604548455693,0.4757056215098328,0.0001063875202327,32.35,118.31,203.22,Tree cover,,1,0.424,0.432,0.425,0.426,0.424,0.4279999999999999,-0.0039999999999999,286.67117655689907,146.47444805822576
938239,938239,1,real_landslide_event,Sikkim,27.13798514,88.15516991,2009-08-20,27.0_88.0,1214.0784912109375,31.585522748797224,0.5796092129240696,-0.8148945700478931,0.0026100031063838,42.08,146.65,198.91000000000005,Tree cover,,1,0.428,0.429,0.427,0.428,0.4273333333333333,0.426,0.0019999999999999,72.07854888301277,504.5395587011832
1050739,1050739,1,real_landslide_event,Assam,25.5215,93.1645,2009-08-20,25.5_93.0,275.0509948730469,9.262977008828116,0.9646460420101577,-0.26354888281709177,-0.0001745107597778,10.67,40.31,96.95,Tree cover,,1,0.465,0.452,0.491,0.481,0.4626666666666667,0.459,0.006,1612.309125079802,2345.9757535670656
938397,938397,1,real_landslide_event,Sikkim,27.1761,88.5287,2009-08-20,27.0_88.5,301.8739624023437,9.018478042398208,-0.8429212105700464,-0.5380370180304767,0.0025589868311853,32.35,118.31,203.22,Built-up,,1,0.425,0.432,0.427,0.428,0.4226666666666667,0.4247142857142857,0.0002857142857142,24.746215227700844,298.8973355345304
1050792,1050792,1,real_landslide_event,Manipur,24.9925,93.5,2009-08-20,24.5_93.5,1219.5963134765625,10.911516500074477,0.9169824558804949,0.39892753177410084,-0.0056139027367307,4.18,18.64,93.85,Built-up,,1,0.426,0.425,0.42,0.422,0.424,0.4227142857142857,0.0032857142857142,11.317326066344284,964.0676197459684
938454,938454,1,real_landslide_event,Sikkim,27.3746,88.7648,2009-08-26,27.0_88.5,3751.0,0.0,,,0.0,5.84,15.989999999999998,42.08,Permanent water bodies,,1,0.424,0.425,0.428,0.427,0.4253333333333333,0.4254285714285714,-0.0014285714285714,219.4378745801587,674.7438842372252
1050706,1050706,1,real_landslide_event,Assam,25.1718,93.123,2009-08-27,25.0_93.0,723.78369140625,10.260484033110274,-0.4226974039826607,-0.906270878196094,-0.0034271439466801,1.6,19.43,57.84,Grassland,,1,0.492,0.491,0.45,0.462,0.4853333333333333,0.4844285714285714,0.0075714285714285,239.46236062241223,425.49898484362
1057936,1057936,1,real_landslide_event,Manipur,24.8628,94.4182,2009-08-30,24.5_94.0,905.5567016601562,33.573360329366075,-0.11668359618517736,-0.9931691388586812,0.0057412668762356,4.15,5.1000000000000005,15.55,Tree cover,0.9469,0,0.421,0.423,0.418,0.42,0.417,0.4154285714285714,0.0055714285714285,1200.66918397991,1399.7457891337
938419,938419,1,real_landslide_event,Sikkim,27.1954,88.6115,2009-09-17,27.0_88.5,478.9856262207031,13.082608526054557,0.6819287222605285,-0.73141863372225,-0.0015373154601073,3.45,10.5,12.91,Tree cover,0.6359,0,0.417,0.407,0.393,0.398,0.4059999999999999,0.4055714285714286,0.0114285714285713,50.150030981360274,26.677986353801018
1050598,1050598,1,real_landslide_event,Mizoram,23.73478778,92.72124394,2009-10-05,23.5_92.5,977.8623046875,27.551133086916977,0.3206251107770947,0.9472061752011416,-0.0064868071946542,9.93,60.76,76.79,Grassland,0.4929,0,0.425,0.427,0.427,0.427,0.422,0.407,0.018,7.885253829411416,1115.3675760001197
1050600,1050600,1,real_landslide_event,Mizoram,23.73719685,92.72342008,2009-10-06,23.5_92.5,838.7420043945312,33.57176295185052,0.1949522733749127,-0.9808127298857582,0.0106274302325318,12.14,58.11,87.67,Tree cover,0.6313000000000001,0,0.422,0.425,0.427,0.426,0.4246666666666667,0.4084285714285714,0.0135714285714285,22.099089735444032,1456.610910264911
1056342,1056342,1,real_landslide_event,Manipur,24.7339,93.9161,2010-03-27,24.5_93.5,879.9097900390625,23.49282506171252,0.8860728062867631,-0.4635460947512129,-0.0010248964680446,11.06,12.33,14.4,Grassland,0.2983,0,0.18,0.189,0.213,0.206,0.1723333333333333,0.1712857142857143,0.0087142857142857,30.19184301374144,674.6312839085863
1050647,1050647,1,real_landslide_event,Assam,24.81395989,92.85687296,2010-04-01,24.5_92.5,19.78896713256836,2.497008873575436,-0.053159714767966285,0.9985860226969875,0.0024361401967556,29.82,110.05,163.84,Cropland,0.4622,0,0.482,0.491,0.514,0.507,0.4906666666666666,0.3972857142857143,0.0847142857142856,155.97015757992702,719.0672982221522
1050679,1050679,1,real_landslide_event,Assam,25.1553,93.028,2010-04-01,25.0_93.0,576.326904296875,27.6466314599616,-0.07562585291070818,0.9971362646958177,-0.0005842480022384,29.82,110.05,163.84,Tree cover,0.6182000000000001,0,0.488,0.493,0.414,0.436,0.4726666666666666,0.4058571428571428,0.0821428571428571,340.96755956392934,562.9323766458068
938416,938416,1,real_landslide_event,Sikkim,27.3341,88.6083,2010-04-17,27.0_88.5,1455.242431640625,17.592929929962672,-0.9912211950654668,-0.13221400248456197,-0.0063344010521541,0.25,1.82,3.52,Tree cover,0.5075000000000001,0,0.391,0.38,0.367,0.371,0.384,0.3918571428571429,-0.0008571428571429,9.601033545021815,667.4484186811434
938417,938417,1,real_landslide_event,Sikkim,27.322,88.6087,2010-04-17,27.0_88.5,1515.9171142578125,41.73020010439708,-0.9313661781419701,0.3640838395386699,-0.0123754083639229,0.25,1.82,3.52,Tree cover,0.5736,0,0.391,0.38,0.367,0.371,0.384,0.3918571428571429,-0.0008571428571429,41.27968002064143,1224.110008854546
1048279,1048279,1,real_landslide_event,Assam,26.10159837,90.02789028,2010-04-18,26.0_90.0,27.0,2.5431869213988376,0.831544684532869,0.5554578630509531,0.0045315528025671,9.9,36.73,76.00000000000001,Tree cover,,1,0.488,0.492,0.516,0.509,0.4846666666666666,0.4861428571428571,0.0018571428571428,20.35918352860357,734.4155752556608
1048419,1048419,1,real_landslide_event,Assam,26.1978,91.7665,2010-04-20,26.0_91.5,94.6325912475586,14.48643800310769,0.9988986793565648,0.04691938170639809,-0.0120917502809467,30.79,121.97,192.64,Built-up,,1,0.474,0.496,0.43,0.447,0.4829999999999999,0.4692857142857142,0.0047142857142857,22.398778682635847,1308.0480957858997
1048414,1048414,1,real_landslide_event,Assam,26.1965,91.763,2010-04-20,26.0_91.5,96.65662384033205,9.917136789483813,0.6767635650090327,-0.7362004326786726,-0.0124810652243591,30.79,121.97,192.64,Built-up,,1,0.474,0.496,0.43,0.447,0.4829999999999999,0.4692857142857142,0.0047142857142857,40.08873097798954,1253.996872937406
1050648,1050648,1,real_landslide_event,Assam,24.81395989,92.85687296,2010-04-24,24.5_92.5,19.78896713256836,2.497008873575436,-0.053159714767966285,0.9985860226969875,0.0024361401967556,24.87,38.73,128.42000000000002,Cropland,0.5586,0,0.488,0.485,0.502,0.498,0.4903333333333333,0.4904285714285715,-0.0024285714285715,155.97015757992702,719.0672982221522
938433,938433,1,real_landslide_event,Sikkim,27.3543,88.6428,2010-05-31,27.0_88.5,2121.573486328125,21.048548317989283,0.9789076358599157,0.20430330505195127,0.003650193367027,3.58,8.5,21.61,Tree cover,,1,0.405,0.4,0.411,0.408,0.403,0.4064285714285715,-0.0014285714285714,54.685804741658686,483.7865597078323
1050277,1050277,1,real_landslide_event,Assam,24.6005,92.3814,2010-06-03,24.5_92.0,88.08331298828125,17.520528367187143,-0.46033950361472176,0.8877429478242852,0.0057057745723741,56.51,124.5,188.07,Tree cover,,1,0.449,0.45,0.418,0.427,0.4546666666666667,0.4512857142857144,-0.0022857142857143,624.7435392837773,3546.928592025826
1050289,1050289,1,real_landslide_event,Assam,24.28898101,92.38885624,2010-06-03,24.0_92.0,53.50167083740234,8.944339457778467,-0.9383489306390603,0.34568957804442413,0.002089711603625,56.51,124.5,188.07,Tree cover,,1,0.4,0.404,0.418,0.414,0.4086666666666667,0.4155714285714285,-0.0155714285714285,510.992923250529,464.7641549980128
1048412,1048412,1,real_landslide_event,Tripura,23.8986,91.7599,2010-06-03,23.5_91.5,176.09864807128906,14.615693488712717,-0.1822931377460219,-0.9832442280179985,0.0138302431113083,42.87,86.42999999999999,176.4,Tree cover,,1,0.407,0.407,0.411,0.41,0.4086666666666667,0.4171428571428571,-0.0101428571428571,22.88567134406537,7949.166268391668
1050796,1050796,1,real_landslide_event,Manipur,24.7543,93.5039,2010-06-07,24.5_93.5,396.9071350097656,8.809019920473588,0.7370604065361444,0.6758268691882363,0.0056670816563567,12.11,46.08,93.74,Tree cover,,1,0.419,0.417,0.413,0.414,0.4193333333333333,0.4195714285714285,-0.0005714285714285,3208.1124113832825,744.9234058976264
1048325,1048325,1,real_landslide_event,Assam,25.8833,91.2,2010-06-09,25.5_91.0,247.6659393310547,19.3338701821064,0.800171723852778,-0.5997709665751365,0.0019651913839099,12.13,70.25999999999999,218.44,Tree cover,,1,0.49,0.499,0.471,0.478,0.4846666666666666,0.4834285714285714,0.0065714285714285,1120.6279170427547,3210.2497574261733
1050741,1050741,1,real_landslide_event,Assam,25.2269,93.1658,2010-06-15,25.0_93.0,391.67913818359375,4.006527863762384,-0.4000225041205569,0.9165053170588369,0.0007093498179528,22.75,40.9,96.19,Cropland,,1,0.476,0.483,0.465,0.47,0.4909999999999999,0.4849999999999999,-0.0089999999999999,1969.9974653302684,52.51744403996397
1050621,1050621,1,real_landslide_event,Assam,25.0633,92.8025,2010-06-16,25.0_92.5,90.282470703125,19.600721078579458,0.8980243195082603,-0.43994581663169163,0.0038852720761889,11.35,63.2,123.47,Tree cover,,1,0.487,0.489,0.49,0.489,0.477,0.48,0.007,303.9923623209168,83.26387283520987
938438,938438,1,real_landslide_event,Sikkim,27.5509,88.6475,2010-07-21,27.5_88.5,1422.0286865234375,50.13654182342661,-0.2830299890748063,-0.9591110599322245,-0.0175573120885013,3.47,42.24,99.54999999999998,Tree cover,,1,0.425,0.428,0.421,0.423,0.4263333333333333,0.4261428571428571,-0.0011428571428571,37.88825160098216,113.64672742091427
938405,938405,1,real_landslide_event,Sikkim,27.3773,88.559,2010-07-21,27.0_88.5,1473.3265380859375,32.356786958772176,-0.9630089407322747,-0.2694694418105736,0.0056366659855337,3.47,42.24,99.54999999999998,Tree cover,,1,0.426,0.428,0.434,0.432,0.4256666666666666,0.4259999999999999,1.1102230246251563e-16,443.1116921989261,1787.9661483834675
1050620,1050620,1,real_landslide_event,Assam,25.0477,92.801,2010-07-25,25.0_92.5,171.42257690429688,23.385449384257367,0.9893466387552161,0.14557894210275024,0.0043084351189648,6.12,19.67,86.91,Tree cover,0.8925000000000001,0,0.471,0.463,0.497,0.488,0.4679999999999999,0.4721428571428571,-0.0011428571428571,181.645107129733,448.3554047391468
1050795,1050795,1,real_landslide_event,Manipur,24.9786,93.5027,2010-07-29,24.5_93.5,1312.287109375,13.866683486974978,-0.8963933519187028,0.44325947100536117,-0.0023237110510145,8.29,34.87,59.66,Tree cover,0.7706000000000001,0,0.423,0.425,0.427,0.426,0.4156666666666666,0.4181428571428571,0.0048571428571428,48.84446757828247,1767.3206102200818
1057952,1057952,1,real_landslide_event,Manipur,25.3098633,94.48214677,2010-07-29,25.0_94.0,1556.08740234375,31.175583007422382,0.2966078556367382,-0.9549993612430198,-0.0085872140652692,14.08,36.83,62.78,Grassland,,1,0.456,0.477,0.481,0.478,0.453,0.4587142857142857,-0.0027142857142857,67.71323051614932,3959.258005860492
1057833,1057833,1,real_landslide_event,Manipur,25.4196,94.1054,2010-07-29,25.0_94.0,1395.1285400390625,28.79138808300953,0.5554337408913499,-0.8315607972237753,0.0085690632155214,14.08,36.83,62.78,Built-up,0.5774,0,0.494,0.498,0.502,0.5,0.4913333333333333,0.4788571428571428,0.0151428571428571,2.5656681000862944,2023.80802419458
1054555,1054555,1,real_landslide_event,Manipur,24.9356,93.8443,2010-07-31,24.5_93.5,849.871826171875,2.7364423886230145,-0.9446098266163878,-0.32819548360658113,0.000559102341451,2.89,48.31,86.45,Tree cover,0.657,0,0.471,0.476,0.504,0.496,0.4679999999999999,0.4748571428571428,-0.0038571428571428,33.625380039628666,224.4169146851907
1050835,1050835,1,real_landslide_event,Manipur,24.95138801,93.52811839,2010-08-01,24.5_93.5,558.5473022460938,33.832422247766,-0.3800126752992249,-0.9249812790602445,0.005633093872235,12.47,52.49,96.13,Tree cover,,1,0.413,0.416,0.422,0.42,0.4166666666666667,0.417,-0.004,833.3275188816209,1181.3990979316848
1050591,1050591,1,real_landslide_event,Mizoram,23.7365,92.7146,2010-08-06,23.5_92.5,1028.4278564453125,39.21456237236837,-0.9884378888162367,-0.15162631682033573,0.0169255706448711,0.12,15.76,33.41,Built-up,,1,0.424,0.425,0.426,0.426,0.4236666666666666,0.4222857142857142,0.0017142857142857,11.51314705269033,898.1900514138388
1050669,1050669,1,real_landslide_event,Mizoram,24.17638911,92.97979352,2010-08-12,24.0_92.5,418.7003479003906,35.96167895426539,0.9965621748811024,0.08284824437637148,-0.0013113012842492,6.23,20.73,25.3,Tree cover,,1,0.423,0.424,0.419,0.42,0.4203333333333333,0.4174285714285714,0.0055714285714285,2150.870110205559,2410.833710252545
1057953,1057953,1,real_landslide_event,Manipur,25.31006064,94.48265093,2010-08-15,25.0_94.0,1534.9505615234375,29.560034326476146,0.8019060005875962,-0.5974502207059649,-0.0018536833614151,11.99,29.62,36.0,Grassland,,1,0.464,0.479,0.482,0.48,0.4696666666666666,0.4644285714285713,-0.0004285714285713,72.60005551823555,3910.8691142797234
1050786,1050786,1,real_landslide_event,Manipur,24.8961,93.4957,2010-08-19,24.5_93.0,1017.0938110351562,20.652325711953967,0.9668233514452167,0.25544589857783767,-0.0090961471704263,9.65,22.57,53.8,Tree cover,,1,0.418,0.419,0.42,0.42,0.4183333333333333,0.4208571428571428,-0.0028571428571428,712.2437418454256,2541.9914108370717
938326,938326,1,real_landslide_event,Sikkim,27.167,88.3652,2010-08-20,27.0_88.0,1488.0474853515625,21.60354489060763,-0.046511868547256016,-0.9989177373959494,0.0025383130929461,7.08,44.75,178.62,Built-up,,1,0.429,0.429,0.426,0.427,0.4266666666666667,0.4265714285714286,0.0024285714285713,2.7127376095319047,669.1091028991452
1051132,1051132,1,real_landslide_event,Manipur,24.8029,93.6228,2010-08-24,24.5_93.5,1305.8504638671875,29.0628439072821,0.862016335857523,0.5068804954964928,0.003080841997598,10.0,11.97,36.83,Tree cover,,1,0.428,0.423,0.421,0.422,0.4286666666666667,0.4338571428571428,-0.0058571428571428,1371.5831270924016,2505.264182085976
938384,938384,1,real_landslide_event,Sikkim,27.2319,88.497,2010-08-26,27.0_88.0,360.614013671875,10.896319920804272,-0.037304849814271665,-0.999303931834722,0.006359941038938,53.45,71.35000000000001,144.43,Built-up,0.7699,0,0.43,0.43,0.397,0.406,0.4256666666666666,0.4262857142857142,0.0037142857142857,17.723438056961555,111.79032701223194
1057859,1057859,1,real_landslide_event,Manipur,25.4786,94.1327,2010-08-27,25.0_94.0,1757.625732421875,13.304422791944432,-0.6654793744377538,0.7464162392378235,-0.0060464950721005,14.17,24.4,38.370000000000005,Tree cover,0.7819,0,0.488,0.492,0.504,0.5,0.4763333333333333,0.4757142857142857,0.0122857142857142,252.0248978697348,3121.6885036804865
1050770,1050770,1,real_landslide_event,Manipur,24.7505,93.4221,2010-08-27,24.5_93.0,788.3941040039062,14.360498676525353,-0.13041935727818565,0.9914589206049562,-0.005888693424646,11.89,17.22,38.09,Tree cover,0.8079000000000001,0,0.42,0.419,0.417,0.418,0.421,0.4175714285714286,0.0024285714285713,340.06448964835545,4304.509726997448
938421,938421,1,real_landslide_event,Sikkim,27.3392,88.6188,2010-08-27,27.0_88.5,1873.9835205078125,32.77336814096053,0.8794089132501487,-0.4760671835951229,0.0037850461850251,8.52,38.77,92.99,Tree cover,,1,0.425,0.431,0.419,0.422,0.4263333333333333,0.4262857142857142,-0.0012857142857142,34.10797428874989,353.51742165659306
938451,938451,1,real_landslide_event,Sikkim,27.3702,88.7334,2010-09-04,27.0_88.5,3520.88671875,12.921486544043916,-0.9641757830225764,-0.2652641314478864,0.0034133311361248,2.03,17.67,45.81,Grassland,,1,0.425,0.428,0.415,0.418,0.4256666666666666,0.4241428571428571,0.0008571428571428,360.00274394058323,307.2643060730413
1052259,1052259,1,real_landslide_event,Assam,27.0011,93.7273,2010-09-10,27.0_93.5,109.95582580566406,1.0102666044074748,-0.9045356701691294,0.42639796128931484,-0.0008749812432506,12.05,75.06,134.68,Cropland,0.7232000000000001,0,0.416,0.427,0.428,0.427,0.4196666666666666,0.42,-0.004,1413.0390934325924,1784.3768895780545
1050589,1050589,1,real_landslide_event,Mizoram,23.73504471,92.71060943,2010-09-13,23.5_92.5,947.2020263671876,33.39384669695986,0.9793422218824532,0.2022098228037889,0.001882730395884,13.65,21.03,40.38,Built-up,,1,0.421,0.422,0.414,0.416,0.416,0.4137142857142857,0.0072857142857142,7.5755390867723,554.8060823083828
1050665,1050665,1,real_landslide_event,Mizoram,23.591,92.9296,2010-09-13,23.5_92.5,792.4609375,24.591492163351447,-0.7702422564190078,-0.6377514142881656,0.0073789639287503,7.08,12.8,24.83,Tree cover,,1,0.423,0.424,0.417,0.419,0.419,0.4158571428571428,0.0071428571428571,724.8580619362529,2831.7096154003893
1050659,1050659,1,real_landslide_event,Mizoram,23.83655634,92.88807365,2010-09-13,23.5_92.5,405.3147583007813,14.233003191094854,0.8951336197939084,-0.44579793933423995,0.0037531504729458,7.33,15.23,31.69,Tree cover,,1,0.423,0.425,0.422,0.423,0.4203333333333333,0.4184285714285713,0.0045714285714286,1904.017513343413,3732.714155467383
1050638,1050638,1,real_landslide_event,Mizoram,22.7176,92.8416,2010-09-13,22.5_92.5,729.5139770507812,31.68890168460631,0.9999069941433624,-0.013638293998367091,0.0055294256904835,6.78,15.4,32.25,Tree cover,,1,0.426,0.427,0.423,0.424,0.4233333333333333,0.418,0.0079999999999999,146.8745191619438,2632.162209229123
1050611,1050611,1,real_landslide_event,Mizoram,23.75406693,92.74128531,2010-09-13,23.5_92.5,971.35400390625,29.581734258968744,0.8053204023183435,0.592839817834313,-0.0005255510966754,13.78,23.68,48.83999999999999,Built-up,,1,0.42,0.421,0.414,0.416,0.4153333333333333,0.4142857142857142,0.0057142857142857,8.29167567689356,4060.255883506493
1050685,1050685,1,real_landslide_event,Mizoram,23.3439,93.0748,2010-09-13,23.0_93.0,1333.490234375,33.55540540745454,0.961410445612421,-0.2751180747739525,-0.0008667597560664,7.08,12.8,24.83,Tree cover,,1,0.424,0.425,0.42,0.422,0.4213333333333333,0.4145714285714286,0.0094285714285713,116.36852443750178,220.98679450727536
1050590,1050590,1,real_landslide_event,Mizoram,23.74182634,92.7141905,2010-09-13,23.5_92.5,925.7515258789062,17.177408343254566,-0.8057293935024725,0.5922838377384088,0.0139517494998118,13.65,21.03,40.38,Built-up,,1,0.421,0.422,0.414,0.416,0.416,0.4137142857142857,0.0072857142857142,14.10506838209801,1385.3464717630357
1050592,1050592,1,real_landslide_event,Mizoram,23.72988966,92.71495623,2010-09-13,23.5_92.5,979.2223510742188,35.700104867944404,-0.8416198407326432,0.5400704062297436,0.0039226688237729,13.65,21.03,40.38,Tree cover,,1,0.421,0.422,0.414,0.416,0.416,0.4137142857142857,0.0072857142857142,32.13643828373485,277.5739544101112
1050585,1050585,1,real_landslide_event,Mizoram,23.7527,92.694,2010-09-16,23.5_92.5,791.3156127929688,29.800037146852084,0.8518947893866018,0.5237129631925845,0.0052453983406541,8.49,31.76,59.86000000000001,Tree cover,,1,0.424,0.426,0.426,0.426,0.4236666666666666,0.4189999999999999,0.005,10.438841343747631,2676.19274798317
1050707,1050707,1,real_landslide_event,Manipur,24.3069,93.125,2010-09-16,24.0_93.0,759.2999877929688,26.31618370142379,0.09028150240022853,0.9959162868054511,-0.0144060411665511,15.36,34.36,54.19,Tree cover,,1,0.422,0.424,0.428,0.427,0.4246666666666667,0.4235714285714285,-0.0015714285714285,1.8797579999681204,506.8460590159549
1057862,1057862,1,real_landslide_event,Manipur,25.4769,94.1351,2010-10-08,25.0_94.0,1668.7532958984375,21.87657651603931,0.9633735976222799,-0.26816284493625414,0.0074030723853579,61.45,107.51,112.38,Built-up,0.7748,0,0.483,0.489,0.51,0.504,0.485,0.4859999999999999,-0.0029999999999999,8.19985062537589,3060.879933204015
1057706,1057706,1,real_landslide_event,Manipur,25.2745,94.0212,2010-10-08,25.0_94.0,1077.855712890625,18.032520364060023,0.00450572944811664,-0.9999898491495504,-0.0067518555307499,66.57,110.49,113.1,Built-up,0.6475000000000001,0,0.433,0.435,0.429,0.431,0.4303333333333333,0.4175714285714286,0.0154285714285714,82.23186943731878,545.8971574009411
1050768,1050768,1,real_landslide_event,Manipur,24.7679,93.4108,2010-10-08,24.5_93.0,516.0626220703125,25.26637086860502,-0.9727191557717086,-0.2319858702481133,-0.002989063189355,101.08,162.54999999999998,166.93999999999997,Tree cover,0.9145,0,0.429,0.428,0.415,0.418,0.4233333333333333,0.4014285714285714,0.0275714285714285,1406.2857915927614,5021.800705597229
1056279,1056279,1,real_landslide_event,Manipur,24.837,93.9128,2010-10-08,24.5_93.5,799.35595703125,20.845880727214283,-0.43899480696515997,-0.8984895989701951,-0.005613763123694,92.46,155.75,159.62,Built-up,0.7008,0,0.474,0.498,0.495,0.494,0.485,0.4644285714285714,0.0095714285714285,55.60257649117835,1769.1504108073004
1055067,1055067,1,real_landslide_event,Manipur,25.5265,93.8673,2010-10-09,25.5_93.5,1378.1396484375,25.40854788143271,-0.8784319350504085,0.47786748736819795,-0.0018756888447028,7.47,100.29,120.57,Tree cover,0.9125,0,0.426,0.427,0.433,0.431,0.4293333333333333,0.4205714285714285,0.0054285714285714,371.58313768582224,3031.469745600016
1050673,1050673,1,real_landslide_event,Assam,25.1796,93.0083,2010-10-09,25.0_93.0,690.4821166992188,3.741415124248659,0.6187552800816674,0.7855837978033008,-0.0021024764369731,6.12,144.26,173.05999999999997,Built-up,0.7698,0,0.482,0.472,0.493,0.488,0.4896666666666666,0.4797142857142856,0.0022857142857143,12.013288574942164,814.6312233056968
1050721,1050721,1,real_landslide_event,Assam,25.4749,93.1477,2010-10-09,25.0_93.0,152.2249298095703,3.7116485130366095,0.08662282691224851,0.9962411785595547,0.0011623117651852,6.79,103.66,121.39,Tree cover,0.7524000000000001,0,0.483,0.486,0.484,0.484,0.4866666666666666,0.4804285714285715,0.0025714285714285,190.23295434386336,64.95998920478736
1057864,1057864,1,real_landslide_event,Manipur,25.4788,94.1399,2010-10-09,25.0_94.0,1647.0665283203125,10.256604290359231,0.03734982171581859,-0.9993022519827505,-0.0032102169569071,7.47,94.21,119.85,Tree cover,0.8281000000000001,0,0.442,0.463,0.509,0.495,0.474,0.4805714285714285,-0.0385714285714285,178.96146184324542,2572.1922629570217
1050670,1050670,1,real_landslide_event,Assam,25.5242,92.9914,2010-10-09,25.5_92.5,157.1343994140625,13.67739597476652,0.5725575717584656,0.8198645174795953,-0.0024819193019439,6.79,103.66,121.39,Tree cover,0.8616,0,0.478,0.472,0.498,0.491,0.4833333333333333,0.4782857142857143,-0.0002857142857143,649.8519323851427,723.9292414691394
1057788,1057788,1,real_landslide_event,Manipur,25.3179,94.0462,2010-10-09,25.0_94.0,998.4588012695312,18.58252067424156,-0.986409235678347,0.16430708983016917,0.0070442724264627,7.47,100.29,120.57,Tree cover,0.7866000000000001,0,0.426,0.427,0.436,0.433,0.431,0.419,0.0069999999999999,138.72129436166492,34.605974607339384
1050272,1050272,1,real_landslide_event,Assam,24.58041329,92.37948378,2011-05-04,24.5_92.0,59.23699188232422,20.620412386790687,-0.018414546259737735,0.9998304378673656,-0.0020025934135368,6.21,36.7,69.57000000000001,Tree cover,,1,0.45,0.456,0.363,0.389,0.437,0.4328571428571428,0.0171428571428571,1295.624974328822,4412.8986367350735
1050767,1050767,1,real_landslide_event,Manipur,25.0672,93.4093,2011-05-22,25.0_93.0,464.6520080566406,14.404030127456458,-0.7073292286875298,-0.7068842636841651,-0.0161207956903602,6.2,92.96,111.9,Tree cover,0.8729,0,0.425,0.419,0.317,0.346,0.4243333333333333,0.3951428571428571,0.0298571428571428,1854.153602845758,1851.6693789347007
1050644,1050644,1,real_landslide_event,Assam,25.0888,92.8551,2011-05-24,25.0_92.5,256.7966613769531,26.71933266636256,-0.00911786234232443,0.9999584314291802,-0.0016981295177832,8.63,43.03,141.67999999999998,Tree cover,0.8303,0,0.479,0.487,0.498,0.494,0.4836666666666667,0.4781428571428572,0.0008571428571427,1295.0887201912356,1332.8542779695615
1054637,1054637,1,real_landslide_event,Manipur,25.1555,93.8474,2011-05-31,25.0_93.5,1370.3966064453125,41.4625038455549,0.1935573227629093,-0.9810889678336288,0.0049102060788579,7.55,43.13,51.07,Tree cover,,1,0.427,0.428,0.426,0.427,0.4246666666666667,0.4158571428571428,0.0111428571428571,2124.5029413871134,1568.2416183590697
1051014,1051014,1,real_landslide_event,Manipur,24.8286,93.5935,2011-05-31,24.5_93.5,739.1917724609375,37.38807885441624,-0.20623931014530894,-0.978501582497845,-0.0013575843380793,7.55,43.13,51.07,Tree cover,0.8676,0,0.446,0.447,0.447,0.447,0.4433333333333333,0.4361428571428571,0.0098571428571428,2270.6200496306687,1715.4663151177044
1050836,1050836,1,real_landslide_event,Manipur,24.95138801,93.52811839,2011-05-31,24.5_93.5,558.5473022460938,33.832422247766,-0.3800126752992249,-0.9249812790602445,0.005633093872235,7.55,43.13,51.07,Tree cover,0.8285,0,0.427,0.428,0.423,0.424,0.425,0.4104285714285715,0.0165714285714285,833.3275188816209,1181.3990979316848
938357,938357,1,real_landslide_event,Sikkim,27.4885,88.4451,2011-06-17,27.0_88.0,1895.1287841796875,43.66510042932978,0.9801824280211061,0.19809696564725343,0.0159447933901892,6.41,15.65,25.12,Tree cover,,1,0.429,0.429,0.428,0.428,0.424,0.4212857142857142,0.0077142857142857,4333.988226606559,210.78121568287227
938257,938257,1,real_landslide_event,Sikkim,27.28329478,88.23595536,2011-06-23,27.0_88.0,1321.8616943359375,33.81816659524392,0.9656449440039169,-0.25986504597516064,-0.0112011943114858,26.68,42.99,58.72999999999999,Tree cover,,1,0.422,0.429,0.43,0.429,0.422,0.423,-0.001,246.9396764219517,611.2373825457033
938245,938245,1,real_landslide_event,Sikkim,27.34711035,88.17392386,2011-06-23,27.0_88.0,2011.6317138671875,18.761499850682284,0.6923022401789471,-0.7216076553385582,-0.0083159496385739,26.68,42.99,58.72999999999999,Tree cover,,1,0.421,0.425,0.422,0.423,0.419,0.4212857142857142,-0.0002857142857142,1509.5963699212523,2112.238770770545
938267,938267,1,real_landslide_event,Sikkim,27.2879,88.2579,2011-06-23,27.0_88.0,1511.8153076171875,30.471827343060585,0.7428465696238736,-0.6694617046538536,-0.0158191158841948,26.68,42.99,58.72999999999999,Tree cover,0.6846,0,0.422,0.429,0.43,0.429,0.422,0.423,-0.001,52.49508501629949,776.3876128184736
1057681,1057681,1,real_landslide_event,Manipur,25.03561729,94.0144205,2011-06-28,25.0_94.0,856.09619140625,34.251626743910066,0.6917082615836442,-0.7221770425989273,0.0019498525446247,12.68,75.78999999999999,105.39,Tree cover,,1,0.465,0.491,0.507,0.501,0.4803333333333333,0.4774285714285714,-0.0124285714285714,69.58445848471246,148.4250946549933
1050759,1050759,1,real_landslide_event,Assam,25.5125,93.3613,2011-06-29,25.5_93.0,315.37286376953125,10.036562068552229,0.24982801849482827,-0.9682902256942119,0.0056562814673945,19.01,51.02,124.26,Tree cover,0.9039,0,0.453,0.471,0.493,0.486,0.4663333333333333,0.4714285714285714,-0.0184285714285714,4784.578599829239,13.72677133683401
1051914,1051914,1,real_landslide_event,Manipur,24.79489226,93.69953963,2011-07-05,24.5_93.5,778.4917602539062,32.173602661238554,-0.8867852309756994,0.46218173278849467,-0.0042316433572459,7.44,31.160000000000004,65.03999999999999,Grassland,,1,0.476,0.466,0.477,0.475,0.472,0.4668571428571428,0.0091428571428571,75.22418519373748,1017.3555193137348
1057027,1057027,1,real_landslide_event,Manipur,24.8063,93.9482,2011-07-06,24.5_93.5,781.525390625,0.5510301018440469,0.9501532724579015,0.31178319203821875,0.0018256853925604,2.15,28.64,51.8,Built-up,,1,0.485,0.49,0.498,0.495,0.4933333333333333,0.4907142857142856,-0.0057142857142856,6.453388386810296,178.94310700732294
1057840,1057840,1,real_landslide_event,Manipur,25.4191,94.1079,2011-07-07,25.0_94.0,1391.019287109375,16.03453367859587,0.8709162272860962,0.49143150595963314,0.0004247952938941,3.24,11.75,55.31999999999999,Cropland,,1,0.496,0.496,0.48,0.485,0.488,0.4831428571428571,0.0128571428571429,54.05047464406563,1771.9855530312386
938369,938369,1,real_landslide_event,Sikkim,27.1141,88.4658,2011-07-20,27.0_88.0,276.8030700683594,45.048389526054976,-0.1950311329674974,-0.9807970519803851,0.0115268036356488,6.9,61.16,102.98,Grassland,0.6912,0,0.413,0.425,0.415,0.417,0.4193333333333333,0.4205714285714285,-0.0075714285714285,89.48772696768398,37.32845374503078
1057024,1057024,1,real_landslide_event,Manipur,24.7992,93.948,2011-07-22,24.5_93.5,782.2091674804688,1.493564354697343,-0.2370851342419849,0.9714888775078487,-0.0026644265423619,9.13,40.010000000000005,136.56,Built-up,,1,0.473,0.488,0.507,0.501,0.4803333333333333,0.4864285714285714,-0.0134285714285714,10.47294632860746,377.3322224023169
1057913,1057913,1,real_landslide_event,Manipur,24.3527,94.3429,2011-07-22,24.0_94.0,284.3720092773437,30.20380468712621,0.7844891187674294,0.6201425824239954,-0.0021058561399173,6.33,35.31,124.31,Tree cover,,1,0.447,0.454,0.444,0.446,0.4483333333333333,0.4478571428571429,-0.0008571428571428,985.5392933606896,2924.09052576725
1050672,1050672,1,real_landslide_event,Assam,26.5836,93.0038,2011-07-24,26.5_93.0,67.72367858886719,0.7923692742828081,0.49905367373970233,0.866571076558009,0.0005012908300404,1.65,39.63,116.23,Cropland,,1,0.494,0.491,0.465,0.472,0.4816666666666666,0.476,0.018,117.41816965230728,1487.4639165644105
1056334,1056334,1,real_landslide_event,Manipur,24.6869,93.9157,2011-07-25,24.5_93.5,771.621826171875,0.1179504495756802,0.05329036097717808,0.9985790591770498,0.0001087159199205,7.0,8.04,76.11,Cropland,,1,0.427,0.425,0.434,0.432,0.429,0.4352857142857142,-0.0082857142857142,366.7873504871384,857.4628842337285
1057841,1057841,1,real_landslide_event,Manipur,25.4192,94.108,2011-07-29,25.0_94.0,1384.0423583984375,14.964360052952117,0.6622915263290218,0.7492462440031145,0.006203500048826,2.99,9.9,31.07,Grassland,,1,0.464,0.494,0.487,0.487,0.4783333333333333,0.471,-0.0069999999999999,66.1107679390542,1761.900500551856
938256,938256,1,real_landslide_event,Sikkim,27.13862165,88.22551799,2011-08-23,27.0_88.0,874.3887329101562,21.65328191596667,-0.8476491530222688,0.5305571725842846,0.0058316845304073,19.39,47.92,96.3,Tree cover,0.8551000000000001,0,0.425,0.427,0.429,0.428,0.4236666666666666,0.423,0.002,198.16661587360412,855.7520078037411
938431,938431,1,real_landslide_event,Sikkim,27.7344,88.633,2011-08-25,27.5_88.5,3494.8125,26.133258828236634,0.8250391220571596,-0.5650756118212423,0.0043361561791983,4.26,41.91,61.7,Tree cover,,1,0.422,0.427,0.427,0.427,0.4233333333333333,0.4252857142857142,-0.0032857142857142,6540.534909540839,244.39452862055035
1050700,1050700,1,real_landslide_event,Manipur,24.808,93.117,2011-09-06,24.5_93.0,37.32243728637695,1.4352870626429794,0.5420236069061666,-0.8403632604751528,-8.236098559148311e-07,26.82,37.67,51.61000000000001,Built-up,0.6274000000000001,0,0.422,0.418,0.374,0.387,0.416,0.4118571428571428,0.0101428571428571,2.422197846716503,146.92238109889567
1048397,1048397,1,real_landslide_event,Assam,26.1548,91.7351,2011-09-23,26.0_91.5,53.81187438964844,1.969564033937229,-0.011903713526452156,-0.9999291482921578,0.000873590886202,6.14,37.13,79.65,Built-up,,1,0.494,0.5,0.508,0.505,0.4883333333333333,0.4772857142857142,0.0167142857142857,5.751582469729373,316.5900506211746
1048398,1048398,1,real_landslide_event,Assam,26.1475,91.7356,2012-06-02,26.0_91.5,50.76504898071289,1.4215005930487172,0.94996009881278,-0.31237127054774627,0.0009023045724643,16.52,40.41,119.69,Built-up,,1,0.494,0.483,0.381,0.411,0.4793333333333333,0.467,0.0269999999999999,20.84086497848712,32.51569785697021
938404,938404,1,real_landslide_event,Sikkim,27.7167,88.5577,2012-06-03,27.5_88.5,2659.40283203125,17.483105759420635,0.9968746080170147,0.07900010057539987,0.0042600949225927,0.36,5.029999999999999,34.39,Grassland,,1,0.429,0.43,0.417,0.42,0.4266666666666667,0.427,0.002,38.781199622418775,437.4155214663373
1050674,1050674,1,real_landslide_event,Assam,25.1775,93.0123,2012-06-03,25.0_93.0,649.7460327148438,19.81053818032648,-0.625201634151378,0.7804632705351652,0.0075763076488256,26.48,75.71000000000001,114.59,Tree cover,0.5713,0,0.475,0.487,0.517,0.508,0.4856666666666666,0.4758571428571428,-0.0008571428571428,20.1120062407288,772.3088910160585
1050708,1050708,1,real_landslide_event,Assam,25.3056,93.1265,2012-06-03,25.0_93.0,299.03057861328125,21.107797363446867,-0.860190357916927,-0.5099730857082059,0.0024592416541297,24.44,84.71,115.65,Tree cover,0.5707,0,0.474,0.482,0.516,0.506,0.4829999999999999,0.4754285714285714,-0.0014285714285714,22.04161739251911,1019.415891360936
1050652,1050652,1,real_landslide_event,Assam,25.1175,92.8573,2012-06-03,25.0_92.5,148.44166564941406,7.606231547505483,-0.39161382865293987,-0.9201296697790947,0.0029194309407078,26.48,75.71000000000001,114.59,Tree cover,0.6476000000000001,0,0.472,0.492,0.482,0.483,0.4703333333333333,0.4725714285714285,-0.0005714285714285,10.73755053489786,219.31711396649143
938452,938452,1,real_landslide_event,Sikkim,27.26801207,88.73536786,2012-06-07,27.0_88.5,2443.972412109375,37.65391293048192,-0.8905249160135377,-0.45493447215954264,-0.0074694602177525,0.07,8.680000000000001,13.73,Tree cover,,1,0.39,0.387,0.397,0.395,0.389,0.4002857142857143,-0.0102857142857142,2044.887878425738,1425.584239663864
938430,938430,1,real_landslide_event,Sikkim,27.7565,88.632,2012-06-07,27.5_88.5,3889.316650390625,18.532533426364896,0.7475498009512309,0.6642057626201198,0.0052170719334585,0.06,2.28,4.3100000000000005,Tree cover,,1,0.429,0.428,0.39,0.4,0.4286666666666667,0.4288571428571428,0.0001428571428571,8091.227250585504,1636.3303375520147
938436,938436,1,real_landslide_event,Sikkim,27.1748,88.6458,2012-06-07,27.0_88.5,945.635986328125,13.15847212032222,-0.9929847251386106,-0.11824269804684764,0.0031747163756251,0.07,19.23,33.61,Tree cover,,1,0.381,0.374,0.356,0.362,0.379,0.3931428571428572,-0.0121428571428571,58.23144749540432,965.237891990144
1050898,1050898,1,real_landslide_event,Manipur,24.8142,93.5444,2012-06-10,24.5_93.5,517.7041015625,32.238608463730635,0.7141281602906339,-0.7000149788968196,0.0058474881538621,6.78,8.38,43.2,Tree cover,0.7824,0,0.414,0.406,0.39,0.395,0.3973333333333333,0.4039999999999999,0.01,122.18391707961986,406.7808345501687
938414,938414,1,real_landslide_event,Sikkim,27.339,88.6065,2012-06-14,27.0_88.5,1502.8668212890625,21.818377982562826,-0.8127822078151867,0.5825676635885917,0.0096956924094176,0.44,1.04,3.69,Built-up,0.5711,0,0.421,0.425,0.426,0.425,0.4203333333333333,0.4194285714285714,0.0015714285714285,6.64315992872711,737.8583962076542
1048396,1048396,1,real_landslide_event,Assam,26.149,91.7351,2012-06-20,26.0_91.5,51.903419494628906,1.2864680902477634,-0.9926207105912147,0.12126056615978653,7.418413512403297e-05,33.54,36.61,116.41,Built-up,,1,0.487,0.487,0.506,0.5,0.4756666666666667,0.482,0.0049999999999999,28.416564090851928,130.2076988036673
1048382,1048382,1,real_landslide_event,Assam,26.1226,91.7162,2012-06-22,26.0_91.5,72.93225860595703,15.505319089693357,0.08665081075942455,-0.9962387449776958,0.0044338327410179,43.13,80.5,90.01000000000002,Built-up,,1,0.48,0.486,0.515,0.506,0.4829999999999999,0.4787142857142857,0.0012857142857142,12.175709846451465,609.3772669143209
1048404,1048404,1,real_landslide_event,Assam,26.10899001,91.74722978,2012-06-22,26.0_91.5,59.57164001464844,6.591679958441543,-0.11474702327844907,0.9933947456317328,0.0038770560515592,43.13,80.5,90.01000000000002,Tree cover,,1,0.48,0.486,0.515,0.506,0.4829999999999999,0.4787142857142857,0.0012857142857142,23.786033310099317,269.956795686783
1048399,1048399,1,real_landslide_event,Assam,26.1049,91.7369,2012-06-25,26.0_91.5,163.61758422851562,18.17926861376913,0.9742044704685969,-0.22566712148427975,-0.0092462051547099,95.7,174.21,256.25,Tree cover,,1,0.494,0.481,0.491,0.489,0.484,0.4825714285714285,0.0114285714285714,330.30161152368123,990.513796306406
1048402,1048402,1,real_landslide_event,Assam,26.13041734,91.74561624,2012-06-25,26.0_91.5,104.2228775024414,18.19629084408315,0.435463447869259,-0.9002064127575504,0.0017144312262762,95.7,174.21,256.25,Tree cover,,1,0.494,0.481,0.491,0.489,0.484,0.4825714285714285,0.0114285714285714,96.56366210992948,845.4319939084552
1050675,1050675,1,real_landslide_event,Assam,25.16270441,93.01486436,2012-06-26,25.0_93.0,664.6309204101562,11.07790791094008,0.6578519704390788,0.7531472531911813,0.0003736889338359,27.07,57.02,126.06,Tree cover,,1,0.459,0.487,0.474,0.476,0.474,0.477,-0.0179999999999999,51.44802550019987,1095.3042041200006
1048390,1048390,1,real_landslide_event,Assam,26.16833375,91.72831667,2012-06-26,26.0_91.5,53.3612060546875,2.133673026873156,-0.9999750868149943,0.007058735676083793,0.0006252291668405,37.78,206.09000000000003,292.49000000000007,Built-up,,1,0.473,0.468,0.471,0.471,0.4763333333333333,0.477142857142857,-0.004142857142857,46.764808154570346,287.4306830186603
1048379,1048379,1,real_landslide_event,Assam,26.13088435,91.71073619,2012-06-27,26.0_91.5,130.03472900390625,4.403079655411881,-0.5649508528342583,-0.8251245565863642,0.0058785430107347,5.14,138.62,264.09000000000003,Tree cover,,1,0.482,0.475,0.471,0.473,0.4783333333333333,0.4792857142857142,0.0027142857142857,55.09069599142577,1574.4811501945826
1050631,1050631,1,real_landslide_event,Assam,26.35735036,92.82954074,2012-06-30,26.0_92.5,60.25774765014648,0.5257446344936983,0.9263016667487429,-0.3767827254247478,-0.0006518796396139,0.69,1.7100000000000002,90.45,Cropland,0.5014000000000001,0,0.491,0.477,0.47,0.473,0.4863333333333333,0.478,0.0129999999999999,1079.3289476120965,3961.2202182011297
938393,938393,1,real_landslide_event,Sikkim,27.74367525,88.52635367,2012-07-11,27.5_88.5,4007.63134765625,50.68192489089456,0.9156565562442427,-0.40196152926235873,-0.0011157865863768,6.39,10.6,35.68,Grassland,,1,0.432,0.432,0.385,0.398,0.431,0.4312857142857142,0.0007142857142857,1747.6345148491016,1791.7788077531698
1050664,1050664,1,real_landslide_event,Mizoram,23.66555038,92.92747832,2012-07-21,23.5_92.5,679.891845703125,30.94724932400448,0.6304434139424794,-0.7762352103689651,-0.0061061348289466,4.6,12.1,45.88,Tree cover,,1,0.42,0.423,0.419,0.42,0.4206666666666667,0.4175714285714286,0.0024285714285713,675.0208870959052,4158.326160407228
938329,938329,1,real_landslide_event,Sikkim,27.28709076,88.38035955,2012-09-01,27.0_88.0,1407.829833984375,30.15456727983095,0.3788316409611767,0.925465605955544,-0.0068229068011228,12.02,17.73,29.26,Tree cover,,1,0.428,0.428,0.429,0.428,0.4276666666666666,0.4268571428571429,0.0011428571428571,251.12581067415107,86.73159288857947
1057115,1057115,1,real_landslide_event,Manipur,24.65145617,93.95748186,2012-09-14,24.5_93.5,782.46533203125,2.241696052024527,0.7348035811656691,0.6782799548166729,-0.0081805817532993,22.01,42.940000000000005,126.93,Tree cover,0.5511,0,0.495,0.499,0.488,0.491,0.4909999999999999,0.4778571428571428,0.0171428571428571,10.460927903455724,42.370217710807175
938325,938325,1,real_landslide_event,Sikkim,27.1675,88.3651,2012-09-16,27.0_88.0,1516.379638671875,23.41846723850789,-0.11213307171178657,-0.9936931992463667,-0.0008434336685505,42.0,104.8,156.98,Built-up,0.7615000000000001,0,0.434,0.434,0.43,0.431,0.431,0.427,0.007,58.18778523956222,696.5410854396456
938412,938412,1,real_landslide_event,Sikkim,27.6558,88.605,2012-09-19,27.5_88.5,1950.297119140625,9.350792602860055,-0.8378230594667688,-0.545941865976354,-0.0026335017650847,5.28,16.43,86.67,Grassland,0.656,0,0.43,0.426,0.423,0.424,0.4226666666666667,0.4264285714285715,0.0035714285714285,28.108825289110897,54.910590895497016
938401,938401,1,real_landslide_event,Sikkim,27.8385,88.556,2012-09-19,27.5_88.5,3822.84228515625,16.509982165504734,-0.40869842471585527,-0.9126694898125928,0.0009192797850111,1.4,5.54,36.55,Tree cover,0.7819,0,0.429,0.429,0.42,0.423,0.4283333333333333,0.4287142857142856,0.0002857142857143,522.9435739724996,678.1047911950329
938394,938394,1,real_landslide_event,Sikkim,27.74367525,88.52635367,2012-09-19,27.5_88.5,4007.63134765625,50.68192489089456,0.9156565562442427,-0.40196152926235873,-0.0011157865863768,5.28,16.43,86.67,Grassland,0.8582000000000001,0,0.432,0.43,0.424,0.426,0.432,0.4317142857142856,0.0002857142857143,1747.6345148491016,1791.7788077531698
938410,938410,1,real_landslide_event,Sikkim,27.65532317,88.59440471,2012-09-19,27.5_88.5,2159.581787109375,45.63816522508262,-0.7211616901817074,0.6927667837117071,0.0104236278466411,5.28,16.43,86.67,Tree cover,0.6404000000000001,0,0.43,0.426,0.423,0.424,0.4226666666666667,0.4264285714285715,0.0035714285714285,815.0853145661429,35.36521977505495
1050544,1050544,1,real_landslide_event,Mizoram,23.7788134,92.54085299,2012-10-11,23.5_92.5,316.9058837890625,22.68471311693373,0.9989761419973393,-0.04524011184901812,-0.0021478623926572,25.82,55.35,69.86,Tree cover,0.8481000000000001,0,0.425,0.426,0.428,0.427,0.4206666666666667,0.4195714285714285,0.0054285714285714,740.864187391316,1563.9687218582883
1050577,1050577,1,real_landslide_event,Mizoram,24.02940241,92.66984764,2012-10-11,24.0_92.5,806.024658203125,25.48714095218803,0.9995770337563665,-0.029081842906247143,0.0087344519460696,25.82,55.35,69.86,Tree cover,0.6714,0,0.425,0.426,0.428,0.427,0.4226666666666667,0.4188571428571427,0.0061428571428572,273.71077433525204,3391.641556906231
1050525,1050525,1,real_landslide_event,Mizoram,23.7705,92.5217,2012-11-11,23.5_92.5,73.73709106445312,12.872517836874106,-0.9937820268853406,0.11134308707622714,-0.0082579650668981,0.0,0.03,28.03,Tree cover,0.7589,0,0.363,0.369,0.36,0.362,0.3736666666666666,0.3825714285714285,-0.0195714285714285,0.7845837787647677,38.149479146631705
938377,938377,1,real_landslide_event,Sikkim,27.57153591,88.47287208,2013-04-14,27.5_88.0,2248.026611328125,48.518109234348856,-0.8394677420103561,0.5434095234020418,0.0003089759853175,0.0,0.0,2.2,Tree cover,,1,0.424,0.425,0.426,0.425,0.424,0.4245714285714286,-0.0005714285714286,1794.937560029517,269.36920940829765
1050580,1050580,1,real_landslide_event,Mizoram,24.2315,92.6755,2013-05-07,24.0_92.5,668.9224243164062,11.877515997162044,0.6131143803700145,-0.7899941497147261,0.0042000940323273,52.65,134.53,249.75,Built-up,0.4758,0,0.424,0.414,0.254,0.3,0.4086666666666667,0.3704285714285714,0.0535714285714285,9.222693539853596,3281.510156633107
1048344,1048344,1,real_landslide_event,Tripura,24.0896,91.4663,2013-05-08,24.0_91.0,106.8847885131836,11.875455209446924,0.38025989541211186,0.9248796743042684,0.0020855429864771,50.01,129.97,214.91,Tree cover,,1,0.429,0.429,0.426,0.427,0.429,0.412,0.017,65.3510262201828,10744.570825608074
1048341,1048341,1,real_landslide_event,Tripura,23.87643891,91.39718144,2013-05-08,23.5_91.0,38.525386810302734,6.46438564832302,-0.882380556705178,-0.47053645251846343,-0.0006761010823461,50.01,129.97,214.91,Tree cover,,1,0.471,0.469,0.499,0.491,0.4716666666666667,0.4609999999999999,0.01,106.24163033451462,4157.857945887229
1050660,1050660,1,real_landslide_event,Mizoram,23.83655634,92.88807365,2013-05-10,23.5_92.5,405.3147583007813,14.233003191094854,0.8951336197939084,-0.44579793933423995,0.0037531504729458,22.88,63.45,170.8,Tree cover,0.6516000000000001,0,0.404,0.393,0.267,0.303,0.4113333333333333,0.3934285714285714,0.0105714285714286,1904.017513343413,3732.714155467383
1050594,1050594,1,real_landslide_event,Mizoram,23.7281,92.7175,2013-05-11,23.5_92.5,1080.5865478515625,10.451568328205562,-0.8743833205224465,-0.4852358280178213,-0.010737486440147,17.75,71.67,245.12,Built-up,,1,0.396,0.385,0.273,0.305,0.403,0.3955714285714286,0.0004285714285714,18.332893266147465,409.6048922417884
1048381,1048381,1,real_landslide_event,Assam,26.1662,91.7138,2013-05-11,26.0_91.5,138.12319946289062,23.48808043725721,0.9999682825647696,0.007964537931682331,-0.0008788870282814,26.85,110.77,235.50000000000003,Built-up,,1,0.489,0.498,0.442,0.457,0.481,0.4752857142857143,0.0137142857142856,0.1038674672482895,1441.534881474726
1048368,1048368,1,real_landslide_event,Assam,26.1016,91.6906,2013-05-11,26.0_91.5,100.33281707763672,45.93346534915906,0.2892782189028692,0.9572450637472014,0.0058547232988887,26.85,110.77,235.50000000000003,Tree cover,,1,0.484,0.492,0.398,0.424,0.4736666666666667,0.478,0.0059999999999999,111.02222929848988,400.87243753205394
1048413,1048413,1,real_landslide_event,Assam,26.1771,91.7599,2013-05-11,26.0_91.5,86.90789031982422,10.597901974217685,-0.9307725419219939,0.36559878993791844,-0.0119728035352598,26.85,110.77,235.50000000000003,Built-up,,1,0.481,0.495,0.438,0.453,0.4776666666666667,0.4724285714285715,0.0085714285714285,29.4208450997331,695.6880493702085
1050783,1050783,1,real_landslide_event,Manipur,24.9926,93.4946,2013-05-12,24.5_93.0,1131.0548095703125,7.089065533736971,-0.9959871622504077,0.08949621574334855,0.0018841305746041,8.27,45.61,107.68,Built-up,0.5998,0,0.421,0.423,0.422,0.422,0.4256666666666666,0.4272857142857142,-0.0062857142857142,396.2450966558081,1506.7169907348598
938449,938449,1,real_landslide_event,Sikkim,27.3721,88.708,2013-06-08,27.0_88.5,3169.56640625,44.70400153592118,-0.2529990020982732,-0.9674665394406557,-0.0066974766142134,11.82,15.39,36.77,Built-up,,1,0.428,0.43,0.423,0.425,0.4266666666666667,0.4254285714285714,0.0025714285714285,6.728259409048729,715.9167547656451
938453,938453,1,real_landslide_event,Sikkim,27.3765,88.7628,2013-06-27,27.0_88.5,3751.0,9.637657045288504,1.2246467991473532e-16,-1.0,0.0100081601847687,10.02,39.74,90.42,Grassland,,1,0.426,0.427,0.428,0.427,0.426,0.4258571428571428,0.0001428571428571,9.593154105894678,516.2916050253586
1057781,1057781,1,real_landslide_event,Manipur,25.318,94.0441,2013-08-09,25.0_94.0,994.1484375,0.9341638242061068,-0.033411613541271944,0.999441676177539,0.0050142436624697,1.08,11.28,68.53999999999999,Cropland,,1,0.422,0.421,0.431,0.428,0.4243333333333333,0.4265714285714285,-0.0045714285714285,340.80359907399867,161.1815790811068
1057887,1057887,1,real_landslide_event,Manipur,25.3833,94.1884,2013-08-15,25.0_94.0,1687.865234375,21.255786020839384,-0.9403107690044484,-0.3403169958939208,-0.0108638989340338,4.03,72.25999999999999,91.8,Tree cover,,1,0.449,0.489,0.49,0.487,0.4706666666666666,0.4757142857142857,-0.0267142857142856,444.782827728988,3796.898119184604
1050773,1050773,1,real_landslide_event,Manipur,24.7625,93.4341,2013-08-17,24.5_93.0,650.854248046875,40.16976848474709,0.7073124621468936,-0.706901040380971,-0.0058965918748952,6.86,24.51,126.06,Tree cover,0.8360000000000001,0,0.423,0.422,0.417,0.419,0.421,0.4191428571428571,0.0038571428571428,7.261582323485229,3537.6971607782093
938247,938247,1,real_landslide_event,Sikkim,27.34711035,88.17392386,2013-09-01,27.0_88.0,2011.6317138671875,18.761499850682284,0.6923022401789471,-0.7216076553385582,-0.0083159496385739,3.17,13.0,48.09,Tree cover,,1,0.428,0.426,0.433,0.431,0.4243333333333333,0.4221428571428571,0.0058571428571428,1509.5963699212523,2112.238770770545
1050798,1050798,1,real_landslide_event,Manipur,24.9829,93.5063,2013-09-01,24.5_93.5,1294.7689208984375,28.769378749502355,0.2376277298240471,0.9713563002414045,0.0160581780795947,6.49,9.22,55.02,Tree cover,0.4409,0,0.401,0.399,0.41,0.407,0.403,0.4122857142857143,-0.0112857142857142,99.42740026951174,1197.3931286240993
1050780,1050780,1,real_landslide_event,Manipur,24.9037,93.487,2013-09-01,24.5_93.0,1246.7161865234375,35.50853410752225,-0.9561607161136456,-0.29284242343116956,0.0212174655045367,6.49,9.22,55.02,Built-up,0.9009,0,0.401,0.4,0.411,0.408,0.4036666666666667,0.4128571428571428,-0.0118571428571428,5.567426139356388,3600.0679222590625
938260,938260,1,real_landslide_event,Sikkim,27.3425,88.2426,2013-09-01,27.0_88.0,1383.8250732421875,33.715363266874554,-0.9614348121114116,0.2750329108675809,-0.0049913666698353,3.17,13.0,48.09,Tree cover,0.8584,0,0.427,0.432,0.428,0.429,0.4273333333333333,0.4257142857142857,0.0012857142857142,0.8076289367393714,837.7209295511228
938450,938450,1,real_landslide_event,Sikkim,27.3736,88.7323,2013-09-07,27.0_88.5,3426.518798828125,26.8811454072518,-0.2918420950024421,-0.9564665135720045,-0.0004355145758176,3.75,27.54,61.25,Grassland,,1,0.404,0.41,0.421,0.418,0.4186666666666667,0.4231428571428571,-0.019142857142857,24.782742974311173,66.94099508568613
938437,938437,1,real_landslide_event,Sikkim,27.6047,88.6463,2013-09-08,27.5_88.5,1609.427490234375,15.20927200665284,0.5677586215937425,-0.8231950847800135,0.0115744767736888,1.33,18.15,59.69,Built-up,0.9291,0,0.424,0.425,0.422,0.423,0.425,0.4269999999999999,-0.0029999999999999,28.371051152501877,235.2738675363124
1048555,1048555,1,real_landslide_event,Assam,26.13140438,91.93086808,2013-10-06,26.0_91.5,123.35052490234376,11.829864954977326,-0.896233175294196,-0.44358324529008425,-0.0043176456475084,36.99,116.13,174.15999999999997,Tree cover,,1,0.491,0.491,0.508,0.503,0.49,0.4728571428571429,0.018142857142857,163.3712012231149,4621.513730450542
1048374,1048374,1,real_landslide_event,Assam,26.1665,91.7049,2013-10-06,26.0_91.5,233.6174774169922,14.203935057470163,-0.0035895149597123767,-0.9999935576704252,-0.0051184103043633,36.99,116.13,174.15999999999997,Tree cover,,1,0.47,0.496,0.507,0.502,0.4836666666666667,0.464,0.0059999999999999,19.53179138008973,1224.599963279137
1048492,1048492,1,real_landslide_event,Assam,26.1309,91.8383,2013-10-06,26.0_91.5,103.10369110107422,9.53025770530759,0.87049788079958,0.49217216451506096,0.0076606755081171,36.99,116.13,174.15999999999997,Tree cover,,1,0.498,0.496,0.514,0.509,0.4949999999999999,0.4757142857142857,0.0222857142857142,10.084431238169662,1711.9949128711107
1057980,1057980,1,real_landslide_event,Manipur,25.426,94.6024,2013-10-13,25.0_94.5,1339.6658935546875,11.548881104204971,-0.8862563539504353,0.4631950723857936,-0.0012176796136613,0.0,0.03,14.13,Tree cover,0.8049000000000001,0,0.37,0.378,0.4,0.393,0.3753333333333333,0.3967142857142857,-0.0267142857142856,1685.5189000010791,5626.996168956024
1050217,1050217,1,real_landslide_event,Assam,24.8669,92.3576,2014-05-09,24.5_92.0,18.03086853027344,1.2542390154716585,0.6967431533289571,0.7173206941732697,0.0012826392621023,39.09,114.48,171.8,Built-up,,1,0.479,0.498,0.41,0.433,0.4733333333333333,0.4432857142857142,0.0357142857142857,18.91708344185781,114.19904136553936
1050273,1050273,1,real_landslide_event,Assam,24.58041329,92.37948378,2014-05-10,24.5_92.0,59.23699188232422,20.620412386790687,-0.018414546259737735,0.9998304378673656,-0.0020025934135368,20.66,99.88,167.27,Tree cover,,1,0.437,0.449,0.337,0.367,0.4443333333333333,0.4294285714285714,0.0075714285714286,1295.624974328822,4412.8986367350735
938395,938395,1,real_landslide_event,Sikkim,27.74367525,88.52635367,2014-06-24,27.5_88.5,4007.63134765625,50.68192489089456,0.9156565562442427,-0.40196152926235873,-0.0011157865863768,7.62,31.44,55.08,Grassland,,1,0.432,0.433,0.42,0.424,0.4326666666666667,0.432,0.0,1747.6345148491016,1791.7788077531698
1048416,1048416,1,real_landslide_event,Assam,26.1407,91.7645,2014-06-26,26.0_91.5,59.912357330322266,2.295649183370608,0.9333766458810651,0.35889836573020617,-0.0002327563890042,14.95,21.51,166.66,Built-up,,1,0.486,0.485,0.502,0.497,0.4829999999999999,0.4838571428571428,0.0021428571428571,17.463976823861085,1210.4139680139565
1048421,1048421,1,real_landslide_event,Assam,26.16343122,91.76898556,2014-06-26,26.0_91.5,53.35237121582031,2.074764579366058,0.8757316757480007,-0.48279812768029506,0.0008350027288797,14.95,21.51,166.66,Built-up,,1,0.479,0.491,0.504,0.5,0.4803333333333333,0.4788571428571428,0.0001428571428571,29.16503400747264,390.2804528831807
1048440,1048440,1,real_landslide_event,Assam,26.1844,91.7896,2014-06-26,26.0_91.5,63.86541366577149,6.065299644891162,0.23684361515844296,-0.9715477867602187,-0.002115560567013,14.95,21.51,166.66,Built-up,,1,0.479,0.491,0.504,0.5,0.4803333333333333,0.4788571428571428,0.0001428571428571,11.827540205480291,2083.291976502363
1048422,1048422,1,real_landslide_event,Assam,26.1619,91.7697,2014-06-27,26.0_91.5,55.81050491333008,5.964378465171135,0.9930075299308498,-0.11805102922309665,-0.0021664367252633,9.37,26.26,151.58,Built-up,,1,0.475,0.484,0.512,0.503,0.4796666666666667,0.4787142857142857,-0.0037142857142857,17.93151858353893,536.0242022000587
1048417,1048417,1,real_landslide_event,Assam,26.1964,91.7652,2014-06-28,26.0_91.5,87.89129638671875,24.25785941856072,0.5495422337313955,0.8354659378726988,-0.0101709477297859,6.66,30.98,99.9,Tree cover,,1,0.465,0.451,0.509,0.494,0.473,0.4767142857142857,-0.0117142857142856,0.8724955078168495,1375.2888139678848
1050601,1050601,1,real_landslide_event,Mizoram,23.73719685,92.72342008,2014-07-14,23.5_92.5,838.7420043945312,33.57176295185052,0.1949522733749127,-0.9808127298857582,0.0106274302325318,5.08,14.849999999999998,37.14000000000001,Tree cover,,1,0.424,0.425,0.415,0.418,0.4243333333333333,0.402,0.0219999999999999,22.099089735444032,1456.610910264911
1050612,1050612,1,real_landslide_event,Mizoram,23.7327,92.7463,2014-07-14,23.5_92.5,854.8024291992188,31.81867852529337,0.30884364341753384,-0.9511128239702077,-0.0101174302435605,5.08,14.849999999999998,37.14000000000001,Built-up,,1,0.424,0.425,0.415,0.418,0.4243333333333333,0.402,0.0219999999999999,17.25967654451146,3382.0067998221243
1050649,1050649,1,real_landslide_event,Assam,24.81395989,92.85687296,2014-07-27,24.5_92.5,19.78896713256836,2.497008873575436,-0.053159714767966285,0.9985860226969875,0.0024361401967556,7.49,8.770000000000001,27.15,Cropland,0.5994,0,0.488,0.499,0.479,0.484,0.485,0.4802857142857143,0.0077142857142856,155.97015757992702,719.0672982221522
1048384,1048384,1,real_landslide_event,Tripura,23.0137,91.7174,2014-08-14,23.0_91.5,28.031164169311523,6.779420697766552,-0.967672653838872,0.2522095061896649,0.0033246568321512,92.29,193.44000000000003,223.30000000000004,Built-up,,1,0.468,0.475,0.511,0.501,0.4733333333333333,0.4747142857142856,-0.0067142857142856,15.021608449893332,1877.2460276679224
1048357,1048357,1,real_landslide_event,Tripura,23.19818874,91.58174838,2014-08-14,23.0_91.5,49.47390365600586,9.48484835785933,-0.9484499789372339,0.31692686451918306,-0.0037159352210013,92.29,193.44000000000003,223.30000000000004,Tree cover,,1,0.459,0.479,0.513,0.502,0.4696666666666667,0.4727142857142857,-0.0137142857142857,888.4833058244568,1629.0742584358854
1048376,1048376,1,real_landslide_event,Assam,26.1044,91.7082,2014-09-22,26.0_91.5,52.3416633605957,1.2607887138388243,-0.29080084820429575,-0.956783604940878,0.0029211162143649,160.51,250.74,293.9599999999999,Tree cover,,1,0.475,0.491,0.476,0.479,0.4736666666666667,0.4788571428571428,-0.0038571428571428,10.58895257695493,103.97292381714666
1048375,1048375,1,real_landslide_event,Assam,26.1295,91.7056,2014-09-22,26.0_91.5,149.2345733642578,6.346773990714612,-0.8677717061683428,0.4969630428650439,-0.0111454979427182,160.51,250.74,293.9599999999999,Tree cover,,1,0.475,0.491,0.476,0.479,0.4736666666666667,0.4788571428571428,-0.0038571428571428,21.39897909492575,1729.8685944458996
1048444,1048444,1,real_landslide_event,Assam,26.15146273,91.79753177,2014-09-22,26.0_91.5,62.31438446044922,3.7272541528479786,-0.9503098688483254,0.31130556238120544,0.0005293335780845,160.51,250.74,293.9599999999999,Built-up,,1,0.478,0.496,0.479,0.483,0.4833333333333333,0.4734285714285714,0.0045714285714285,27.21790306349441,810.9501042019498
1048409,1048409,1,real_landslide_event,Assam,26.1314,91.7548,2014-09-22,26.0_91.5,72.1116714477539,6.468014201461779,-0.9693864251418457,0.2455401367408449,0.0045527141051364,160.51,250.74,293.9599999999999,Cropland,,1,0.477,0.495,0.478,0.482,0.4826666666666666,0.4821428571428571,-0.0051428571428571,119.02361097832365,570.0949047120331
1048448,1048448,1,real_landslide_event,Assam,26.1985,91.7998,2014-09-22,26.0_91.5,80.32571411132812,17.044399382509756,-0.3757746789026613,-0.9267110610625092,0.0045400680437034,160.51,250.74,293.9599999999999,Built-up,,1,0.478,0.496,0.479,0.483,0.4833333333333333,0.4734285714285714,0.0045714285714285,3.405173674211296,684.2104247162779
1048491,1048491,1,real_landslide_event,Assam,26.1324,91.8342,2014-09-22,26.0_91.5,68.7442398071289,4.969786532546652,-0.7784193470553461,0.6277446297101462,0.0027601030271894,160.51,250.74,293.9599999999999,Built-up,,1,0.477,0.495,0.478,0.482,0.4826666666666666,0.4821428571428571,-0.0051428571428571,2.06775824386737,1451.5576018035329
1048479,1048479,1,real_landslide_event,Assam,26.159,91.8178,2014-09-22,26.0_91.5,63.110050201416016,5.500972172076419,0.6897727159762996,-0.7240259665886847,-0.0007761802556062,160.51,250.74,293.9599999999999,Built-up,,1,0.478,0.496,0.479,0.483,0.4833333333333333,0.4734285714285714,0.0045714285714285,6.383285784592619,492.8445508237841
1048431,1048431,1,real_landslide_event,Assam,26.1097,91.7747,2014-09-22,26.0_91.5,59.162689208984375,1.1808591785918774,0.9952779253274807,-0.09706622149762316,6.885764166184835e-05,160.51,250.74,293.9599999999999,Tree cover,,1,0.477,0.495,0.478,0.482,0.4826666666666666,0.4821428571428571,-0.0051428571428571,34.85169693625904,1337.5133184797917
1048367,1048367,1,real_landslide_event,Assam,26.1001,91.6849,2014-09-22,26.0_91.5,72.82743835449219,23.146098964817703,0.4698020347563125,0.8827717984501026,0.013444492126486,160.51,250.74,293.9599999999999,Grassland,,1,0.475,0.491,0.476,0.479,0.4736666666666667,0.4788571428571428,-0.0038571428571428,215.2098098323841,533.0259251855599
1048429,1048429,1,real_landslide_event,Assam,26.11117064,91.77318437,2014-09-23,26.0_91.5,58.99467468261719,2.6293670929751234,-0.581220960122416,0.8137457806430562,-0.0004649915843224,16.05,248.34,308.73,Built-up,,1,0.469,0.494,0.492,0.491,0.4749999999999999,0.4785714285714285,-0.0095714285714285,6.231113312136405,1141.2689669984595
1048411,1048411,1,real_landslide_event,Assam,26.13146397,91.75782228,2014-09-23,26.0_91.5,75.24107360839844,8.642085752201675,-0.19104597081689234,-0.9815810904019245,0.0013851609174757,16.05,248.34,308.73,Built-up,,1,0.469,0.494,0.492,0.491,0.4749999999999999,0.4785714285714285,-0.0095714285714285,16.553304812741874,510.9177917691258
1050362,1050362,1,real_landslide_event,Assam,25.0318,92.4584,2015-03-19,25.0_92.0,76.43043518066406,11.975191149318505,-0.19494687247435535,-0.9808138033859778,0.0003961875989105,0.0,0.01,0.01,Tree cover,0.4746,0,0.256,0.279,0.299,0.292,0.2566666666666666,0.2592857142857143,-0.0032857142857142,24.85557852170386,245.6717831219858
1050609,1050609,1,real_landslide_event,Mizoram,23.7131,92.7362,2015-06-19,23.5_92.5,879.7958984375,9.74243837112588,-0.5397473506986058,0.8418270590886445,0.0024180870931806,11.57,14.36,52.94,Tree cover,,1,0.401,0.378,0.267,0.3,0.3943333333333333,0.3957142857142858,0.0052857142857142,84.40662217368576,2745.5804423552395
1051726,1051726,1,real_landslide_event,Manipur,25.16,93.686,2015-06-19,25.0_93.5,1014.7932739257812,42.34664662634928,0.3533484823764151,-0.9354917690724405,0.0009482741370601,1.13,4.79,26.85,Tree cover,,1,0.4,0.403,0.405,0.404,0.4059999999999999,0.4127142857142857,-0.0127142857142856,2.327374352147571,1893.870798138234
1050650,1050650,1,real_landslide_event,Assam,24.81395989,92.85687296,2015-07-21,24.5_92.5,19.78896713256836,2.497008873575436,-0.053159714767966285,0.9985860226969875,0.0024361401967556,13.44,57.45,152.71,Cropland,0.6053000000000001,0,0.459,0.492,0.486,0.485,0.4713333333333333,0.4768571428571428,-0.0178571428571428,155.97015757992702,719.0672982221522
1057821,1057821,1,real_landslide_event,Manipur,25.3908,94.0926,2015-07-22,25.0_94.0,1316.237060546875,10.48248589559226,0.9584998069454096,-0.2850931779008621,-0.0082672086797076,19.18,45.25,128.35000000000002,Tree cover,0.7843,0,0.483,0.494,0.472,0.477,0.4826666666666666,0.4864285714285715,-0.0034285714285715,74.07928833752491,1329.9174369850743
1057376,1057376,1,real_landslide_event,Manipur,25.4538,93.9827,2015-07-22,25.0_93.5,1777.0677490234375,28.625548762106096,-0.9671664828272225,-0.254143649331672,0.01378441655229,11.42,36.7,111.6,Grassland,0.6734,0,0.44,0.441,0.445,0.444,0.4393333333333333,0.4401428571428571,-0.0001428571428571,66.56360967880667,2667.440658387462
1050671,1050671,1,real_landslide_event,Assam,24.7979,92.9974,2015-07-22,24.5_92.5,24.804288864135746,0.3350642119859213,-0.7828881453805231,0.6221624802434208,-0.0002084761448848,13.52,45.3,145.73000000000002,Cropland,,1,0.457,0.488,0.495,0.491,0.465,0.4742857142857142,-0.0172857142857142,251.7513136386812,625.8951589377551
1057795,1057795,1,real_landslide_event,Manipur,25.4477,94.0489,2015-07-22,25.0_94.0,1316.801025390625,27.450097311579,-0.8704242778006059,0.4923023223744669,0.0096307776551213,11.42,36.7,111.6,Tree cover,,1,0.429,0.429,0.429,0.429,0.428,0.4279999999999999,0.001,87.673198022868,3294.659090955975
1057403,1057403,1,real_landslide_event,Manipur,25.5007,93.9854,2015-07-22,25.5_93.5,1424.757080078125,21.84341351985416,0.43759219187493625,-0.8991735503283496,0.0130064180919232,11.42,36.7,111.6,Grassland,,1,0.44,0.441,0.445,0.444,0.4393333333333333,0.4401428571428571,-0.0001428571428571,16.009831320518565,540.8915608509823
1055274,1055274,1,real_landslide_event,Manipur,25.5098,93.8794,2015-07-22,25.5_93.5,1652.687744140625,21.283552836569225,-0.942269346145986,0.33485590828536393,-0.0019130620681616,11.42,36.7,111.6,Tree cover,0.8254,0,0.431,0.432,0.431,0.431,0.4306666666666667,0.4304285714285714,0.0005714285714285,0.7546099624837675,2662.5780906737305
1050805,1050805,1,real_landslide_event,Manipur,24.9818,93.5142,2015-07-24,24.5_93.5,1240.7520751953125,10.38870033649493,-0.4783768935580733,0.878154626310041,0.0166185227953587,9.2,40.21,108.66,Tree cover,0.7744000000000001,0,0.426,0.427,0.429,0.428,0.426,0.4261428571428571,-0.0001428571428571,196.94682747366565,1359.2810986436696
1048518,1048518,1,real_landslide_event,Assam,26.1062,91.8717,2015-07-25,26.0_91.5,257.5062866210937,10.556899214820632,-0.7000951092869692,0.7140496046861636,-0.0115523884909952,3.42,43.940000000000005,108.84,Tree cover,,1,0.477,0.483,0.486,0.485,0.4749999999999999,0.4798571428571428,-0.0028571428571428,527.9069523290048,4830.194575970451
1057918,1057918,1,real_landslide_event,Manipur,24.819,94.3551,2015-07-31,24.5_94.0,1608.85986328125,27.7622475346159,-0.957492622925161,-0.2884577560820569,-8.209937810101087e-05,69.82,105.95,121.75,Tree cover,,1,0.429,0.429,0.429,0.429,0.4286666666666667,0.4258571428571428,0.0031428571428571,0.5896993035556175,6172.826762643728
1057912,1057912,1,real_landslide_event,Manipur,25.0634,94.3415,2015-07-31,25.0_94.0,1765.1737060546875,26.774903524257883,-0.9900954977389239,0.14039553182744996,0.0087339884046549,69.82,105.95,121.75,Tree cover,,1,0.453,0.461,0.455,0.456,0.4563333333333333,0.4517142857142857,0.0012857142857143,19.68708062282111,2095.593806772332
1057368,1057368,1,real_landslide_event,Manipur,24.004,93.9815,2015-08-01,24.0_93.5,1457.45703125,34.24843097090825,0.9441293994968285,-0.3295749945092286,-0.0013235144758988,2.01,81.19,98.79999999999998,Tree cover,,1,0.43,0.433,0.431,0.432,0.4326666666666667,0.4334285714285714,-0.0034285714285713,7293.844798490404,1480.135768066168
1057951,1057951,1,real_landslide_event,Manipur,24.9111,94.4759,2015-08-01,24.5_94.0,1836.1510009765625,27.180927652403,0.7146545281452563,0.6994775946386568,-0.0080771120627722,0.91,101.57999999999998,121.42,Tree cover,,1,0.42,0.423,0.425,0.424,0.4253333333333333,0.4251428571428571,-0.0051428571428571,37.33000376674053,8828.607341404495
1057769,1057769,1,real_landslide_event,Manipur,24.1077,94.0396,2015-08-01,24.0_94.0,1237.6878662109375,14.47912731936699,0.8851433844804059,-0.465318373708338,0.002546275489353,2.01,81.19,98.79999999999998,Grassland,,1,0.447,0.445,0.439,0.441,0.4486666666666667,0.4465714285714286,0.0004285714285713,7.256877899009558,8620.740685644772
1057839,1057839,1,real_landslide_event,Manipur,24.1419,94.1078,2015-08-01,24.0_94.0,1175.7197265625,38.69041904139814,-0.6150798582130652,-0.7884648172370126,-0.0038125640037793,0.77,68.62,84.89000000000001,Tree cover,,1,0.479,0.478,0.462,0.466,0.4806666666666666,0.475,0.0039999999999999,202.4879705230551,4148.595820624489
1057829,1057829,1,real_landslide_event,Manipur,24.1988,94.1016,2015-08-01,24.0_94.0,1395.210693359375,24.212656388433786,-0.6353684263155076,0.772209144494777,-0.0020838646962695,0.77,68.62,84.89000000000001,Tree cover,,1,0.427,0.429,0.43,0.43,0.4353333333333333,0.4365714285714285,-0.0095714285714285,77.45506013382256,4282.091652673253
1057940,1057940,1,real_landslide_event,Manipur,25.1941,94.4481,2015-08-01,25.0_94.0,1720.2197265625,9.202235794939668,-0.9942568042245256,0.10702059265970004,0.0062025903905964,0.91,101.57999999999998,121.42,Tree cover,,1,0.436,0.466,0.477,0.472,0.457,0.4654285714285714,-0.0294285714285714,3.724281276816412,3478.444128991649
1057825,1057825,1,real_landslide_event,Manipur,24.416,94.0984,2015-08-01,24.0_94.0,1374.5826416015625,25.35334382961345,-0.6309817721416617,0.7757976561094834,-0.0088179429110351,1.12,97.64,117.65,Tree cover,,1,0.437,0.442,0.448,0.446,0.443,0.4434285714285714,-0.0064285714285714,320.1759053127156,1547.2526360399463
1057865,1057865,1,real_landslide_event,Manipur,23.899,94.1434,2015-08-01,23.5_94.0,258.37811279296875,25.21434054088507,0.25791640831296603,-0.9661672351735694,0.0025378337875135,0.77,68.62,84.89000000000001,Tree cover,,1,0.487,0.498,0.491,0.492,0.493,0.4878571428571429,-0.0008571428571428,2448.4775054688494,1890.16672908356
1057888,1057888,1,real_landslide_event,Manipur,24.4265,94.1913,2015-08-01,24.0_94.0,1317.843994140625,8.921305432626855,-0.6760468600319862,0.736858631652566,-0.0080307756905187,1.12,97.64,117.65,Tree cover,,1,0.423,0.425,0.424,0.424,0.427,0.4277142857142856,-0.0047142857142856,61.849769534529976,5805.928720409315
1057893,1057893,1,real_landslide_event,Manipur,24.954,94.2156,2015-08-01,24.5_94.0,934.0267944335938,20.373789811365377,-0.8512964139156155,0.5246850633040863,-0.0044721301282286,0.91,101.57999999999998,121.42,Built-up,,1,0.469,0.468,0.481,0.478,0.4646666666666667,0.467,0.0019999999999999,7.17636212920009,68.77184013618128
1057815,1057815,1,real_landslide_event,Manipur,24.4072,94.0644,2015-08-01,24.0_94.0,1175.2703857421875,29.96387989091406,-0.07706372889237224,0.9970261690092206,-0.0113295935988096,1.12,97.64,117.65,Tree cover,0.8466,0,0.437,0.442,0.448,0.446,0.443,0.4434285714285714,-0.0064285714285714,7.493675977482596,1306.4954929906198
1057810,1057810,1,real_landslide_event,Manipur,23.9939,94.0573,2015-08-01,23.5_94.0,984.0938110351562,10.329396062841996,0.9767465651046141,0.21439717245415754,-0.0157586918372944,2.01,81.19,98.79999999999998,Tree cover,,1,0.462,0.489,0.494,0.491,0.4836666666666667,0.482,-0.02,5831.391586774583,1834.6455036357625
1057780,1057780,1,real_landslide_event,Manipur,24.30097079,94.04356075,2015-08-01,24.0_94.0,990.4180297851562,24.23338345965897,0.9991732386064122,-0.04065512578720933,-0.0041952475271902,2.49,108.85,127.86,Tree cover,0.865,0,0.481,0.487,0.502,0.498,0.4873333333333333,0.4827142857142857,-0.0017142857142857,750.610124117599,1351.193384361257
1057923,1057923,1,real_landslide_event,Manipur,25.1122,94.3591,2015-08-01,25.0_94.0,1854.3697509765625,15.7251620136025,-0.9935040630865432,-0.11379664595465963,-0.0138659299286769,0.91,101.57999999999998,121.42,Built-up,,1,0.42,0.423,0.426,0.425,0.4253333333333333,0.4247142857142857,-0.0047142857142857,9.65929201849837,992.4136899959252
1057820,1057820,1,real_landslide_event,Manipur,23.9278,94.0906,2015-08-01,23.5_94.0,941.6574096679688,8.499595410682492,0.46697017491442644,0.8842730662755651,-0.0089973874287075,0.77,68.62,84.89000000000001,Tree cover,,1,0.487,0.498,0.491,0.492,0.493,0.4878571428571429,-0.0008571428571428,6419.540783810203,1301.5975170685113
1050841,1050841,1,real_landslide_event,Manipur,24.7016,93.5291,2015-08-11,24.5_93.5,664.662841796875,14.523324184320652,0.9214094909678034,0.38859303899382097,-0.0042300135877726,1.78,24.43,71.95,Tree cover,,1,0.415,0.417,0.424,0.422,0.4196666666666666,0.4198571428571429,-0.0048571428571428,106.9026944809529,2649.53378589392
1050762,1050762,1,real_landslide_event,Manipur,25.1019,93.3729,2015-08-11,25.0_93.0,1140.5501708984375,12.40823167828151,-0.9179142105793817,-0.396778908230302,-0.0039674937489541,8.77,35.93,85.22999999999999,Built-up,,1,0.455,0.491,0.503,0.497,0.476,0.4882857142857142,-0.0332857142857142,61.35605205325287,2807.4650824997148
1050771,1050771,1,real_landslide_event,Manipur,24.7459,93.4251,2015-08-11,24.5_93.0,763.7816162109375,8.5661750290278,-0.0056632170459226345,0.9999839638577664,0.0062825710934718,7.18,36.89,80.47999999999999,Built-up,,1,0.417,0.418,0.424,0.422,0.4203333333333333,0.42,-0.003,3.698979942905981,3717.183072084108
1048527,1048527,1,real_landslide_event,Assam,26.1028,91.8806,2015-08-22,26.0_91.5,125.79842376708984,30.021685763949296,0.8642477831589779,-0.5030663667000532,0.0038416131042033,5.79,63.86,154.29,Grassland,,1,0.48,0.493,0.502,0.499,0.4813333333333333,0.4778571428571428,0.0021428571428571,20.380268756540534,4011.951994938439
1050683,1050683,1,real_landslide_event,Mizoram,23.8447,93.0514,2015-08-26,23.5_93.0,1082.572021484375,33.69790144855811,-0.8982621411051732,-0.4394600389764123,0.0018526094228497,6.27,10.77,42.6,Tree cover,,1,0.423,0.423,0.422,0.422,0.421,0.423,-5.551115123125783e-17,17.721752373439813,2290.426250022775
1050618,1050618,1,real_landslide_event,Mizoram,23.3572,92.7878,2015-08-26,23.0_92.5,1370.5128173828125,10.024641318849223,-0.21064718621834985,-0.9775621529796925,-0.0053503305587645,3.42,4.91,47.66,Grassland,,1,0.416,0.416,0.411,0.413,0.415,0.4187142857142856,-0.0027142857142856,25.00731333258213,3013.706056494942
1050578,1050578,1,real_landslide_event,Mizoram,24.042,92.6724,2015-08-27,24.0_92.5,804.6470336914062,6.917436113227346,0.8091220065261664,-0.5876406883079747,0.0019008299450849,5.15,9.820000000000002,31.83,Built-up,,1,0.416,0.418,0.419,0.419,0.4173333333333333,0.4181428571428571,-0.0021428571428571,3.774429798468402,3745.420013430212
1050677,1050677,1,real_landslide_event,Mizoram,23.6866,93.017,2015-08-27,23.5_93.0,627.6786499023438,29.12617498942786,-0.8268369558324113,0.5624416845058615,-0.0059088926968985,3.85,8.08,27.23,Tree cover,,1,0.422,0.424,0.421,0.422,0.4216666666666666,0.4215714285714285,0.0004285714285714,6.947733492509443,737.2494853471246
1050606,1050606,1,real_landslide_event,Mizoram,23.7269,92.7265,2015-08-27,23.5_92.5,875.623046875,36.85576719801488,0.6058529438047118,-0.795576652801705,-0.020476246309084,3.19,6.9,27.23,Tree cover,,1,0.414,0.416,0.418,0.418,0.417,0.4172857142857142,-0.0032857142857142,16.79726072763399,1300.9120754084604
1050624,1050624,1,real_landslide_event,Mizoram,23.4495,92.8112,2015-08-28,23.0_92.5,864.9563598632812,35.83998097624885,0.9231036810249675,0.38455115924692634,0.0006573178998803,13.55,20.160000000000004,35.15,Tree cover,,1,0.404,0.408,0.408,0.408,0.411,0.4142857142857142,-0.0102857142857141,822.456072326384,2337.8139625349727
1048364,1048364,1,real_landslide_event,Assam,26.1868,91.6739,2015-09-01,26.0_91.5,48.756778717041016,2.8027349794426915,-0.4228897893725069,0.9061811220967234,0.0019180994843855,11.12,78.97,166.57,Tree cover,,1,0.477,0.498,0.494,0.494,0.485,0.4805714285714285,-0.0035714285714285,60.120817064722,1135.8703442108117
1048385,1048385,1,real_landslide_event,Assam,26.49349035,91.72137514,2015-09-01,26.0_91.5,60.91794204711914,1.86776535866744,-0.571994242839848,-0.8202576340138926,-0.0028652699979553,11.02,64.66999999999999,152.29,Tree cover,,1,0.488,0.47,0.46,0.464,0.4789999999999999,0.4802857142857143,0.0077142857142856,895.3005547876752,1118.1874573348318
1048363,1048363,1,real_landslide_event,Assam,26.18654344,91.67187135,2015-09-01,26.0_91.5,58.18775177001953,3.4559386237299576,-0.8355974430781241,0.5493422549934613,-0.0052556852026711,11.12,78.97,166.57,Tree cover,,1,0.477,0.498,0.494,0.494,0.485,0.4805714285714285,-0.0035714285714285,30.607816236756708,1122.6770277651951
1050597,1050597,1,real_landslide_event,Mizoram,23.7348,92.7187,2015-09-14,23.5_92.5,1045.3372802734375,18.16760824632331,0.13172177833185084,0.9912867259845128,-0.0004445048547846,5.11,42.93,80.25,Built-up,,1,0.423,0.423,0.406,0.411,0.4166666666666667,0.4082857142857143,0.0147142857142856,48.46567490774208,928.3148512459202
1050596,1050596,1,real_landslide_event,Mizoram,23.7313,92.7187,2015-09-14,23.5_92.5,1028.000732421875,16.797427449979985,0.9752085624313912,-0.22128773070484334,0.0032078571365152,5.11,42.93,80.25,Built-up,,1,0.423,0.423,0.406,0.411,0.4166666666666667,0.4082857142857143,0.0147142857142856,15.154207731710324,686.1708773643117
1048373,1048373,1,real_landslide_event,Assam,26.1666,91.7042,2015-09-23,26.0_91.5,231.46397399902344,17.627809655221178,-0.9375248578003836,-0.34791829645244354,-0.0011271021061773,26.58,115.38,127.44,Built-up,,1,0.466,0.49,0.486,0.486,0.4803333333333333,0.4725714285714286,-0.0065714285714285,7.107436781732756,1215.2536196815283
1050120,1050120,1,real_landslide_event,Assam,24.59448017,92.29672017,2016-05-18,24.5_92.0,20.274532318115234,0.4311004130110048,0.026334865967454456,0.9996531772742365,-0.000291659914902,60.18,193.69,287.3,Cropland,,1,0.45,0.459,0.459,0.458,0.445,0.4284285714285714,0.0215714285714285,231.35948531834288,138.3154141195349
1050474,1050474,1,real_landslide_event,Assam,24.4638,92.4943,2016-05-18,24.0_92.0,95.37692260742188,18.171243563393865,-0.8943240658005301,0.44741978647575376,-0.0061603896449844,60.18,193.69,287.3,Tree cover,0.774,0,0.425,0.429,0.434,0.432,0.4206666666666667,0.4049999999999999,0.02,524.1130507127159,5881.888119627201
1050501,1050501,1,real_landslide_event,Assam,24.5308,92.5121,2016-05-18,24.5_92.5,57.18500900268555,12.14573530979972,-0.24435953458075838,0.9696847002296546,0.0111507479405341,60.18,193.69,287.3,Tree cover,0.7778,0,0.425,0.429,0.434,0.432,0.4206666666666667,0.4049999999999999,0.02,379.6346561488333,6116.940590319882
1050604,1050604,1,real_landslide_event,Assam,24.5202,92.7239,2016-05-18,24.5_92.5,40.17083740234375,5.001640076823083,-0.7962060138759914,0.6050256056297986,0.0004097160012778,60.18,193.69,287.3,Tree cover,0.6388,0,0.419,0.43,0.426,0.426,0.415,0.4019999999999999,0.017,46.13144880534381,3219.2224892493628
1050605,1050605,1,real_landslide_event,Assam,24.5204,92.7264,2016-05-18,24.5_92.5,37.21739196777344,2.39908390172767,-0.6634444786404341,0.7482255166469014,0.0019687381363585,60.18,193.69,287.3,Tree cover,,1,0.419,0.43,0.426,0.426,0.415,0.4019999999999999,0.017,24.004905200620573,3014.8450542243268
1050608,1050608,1,real_landslide_event,Assam,24.52029991,92.72826503,2016-05-18,24.5_92.5,39.580299377441406,3.1845814343130456,-0.9586962263156367,0.284431970158345,0.0016822201783693,60.18,193.69,287.3,Tree cover,,1,0.419,0.43,0.426,0.426,0.415,0.4019999999999999,0.017,18.354778737793847,2851.7611154531496
1050541,1050541,1,real_landslide_event,Assam,24.52848466,92.54040606,2016-05-18,24.5_92.5,28.941280364990234,17.929672015913653,0.7030658150056271,0.7111247849502035,0.0106754240486857,60.18,193.69,287.3,Tree cover,0.6554,0,0.425,0.429,0.434,0.432,0.4206666666666667,0.4049999999999999,0.02,20.60552921026967,3312.811316923858
1050561,1050561,1,real_landslide_event,Assam,24.49649775,92.58903387,2016-05-19,24.0_92.5,25.628353118896484,0.9455230208483508,-0.6507066365633556,-0.7593292257857622,-0.0006204702901486,42.3,198.35,323.86,Cropland,0.2989,0,0.42,0.42,0.43,0.427,0.42,0.416,0.004,254.87904531773384,747.3678269814734
1050602,1050602,1,real_landslide_event,Mizoram,23.73719685,92.72342008,2016-05-21,23.5_92.5,838.7420043945312,33.57176295185052,0.1949522733749127,-0.9808127298857582,0.0106274302325318,85.95,157.44,220.78,Tree cover,0.4913,0,0.427,0.424,0.343,0.366,0.4193333333333333,0.3748571428571429,0.0521428571428571,22.099089735444032,1456.610910264911
1048435,1048435,1,real_landslide_event,Assam,26.1961,91.7825,2016-06-22,26.0_91.5,122.10775756835938,18.644095819189733,0.45542269239769384,-0.8902753345169322,0.0066893974607466,11.55,45.16,152.28,Tree cover,,1,0.474,0.488,0.463,0.469,0.475,0.469,0.005,27.2537185909476,754.7910531852649
1048437,1048437,1,real_landslide_event,Assam,26.19531698,91.7837856,2016-06-22,26.0_91.5,106.83396911621094,12.251554624472684,-0.2772186920205225,0.9608068467670444,0.0092559960719128,11.55,45.16,152.28,Built-up,,1,0.474,0.488,0.463,0.469,0.475,0.469,0.005,12.54323386892684,817.66684902734
1048340,1048340,1,real_landslide_event,Assam,25.9611,91.3681,2016-07-07,25.5_91.0,178.22958374023438,4.770572719599332,-0.7766638511439371,0.6299152818643696,0.0056963416920072,12.69,45.77,150.28,Tree cover,,1,0.473,0.485,0.49,0.488,0.475,0.4798571428571428,-0.0068571428571428,1177.697249363126,2557.6521411277363
1048473,1048473,1,real_landslide_event,Assam,26.10993404,91.81498746,2016-07-07,26.0_91.5,69.57282257080078,5.324955031847432,0.436627018666368,0.8996426215839928,-0.0022090433189438,13.01,43.98,140.51000000000002,Built-up,,1,0.487,0.495,0.498,0.496,0.481,0.4817142857142857,0.0052857142857142,5.416032498902144,1420.6601567807645
1057911,1057911,1,real_landslide_event,Manipur,25.0118,94.3136,2016-07-07,25.0_94.0,1398.61669921875,1.1882645508982914,-0.9772049077330929,-0.21229830028136704,-0.0049737914323765,11.88,24.23,92.02,Tree cover,,1,0.415,0.416,0.418,0.418,0.419,0.4231428571428571,-0.0081428571428571,67.60023715851,268.9557377987999
938407,938407,1,real_landslide_event,Sikkim,27.26265369,88.56249089,2016-07-09,27.0_88.5,669.7255249023438,45.87552479462561,-0.9013321795961036,-0.4331285052089475,0.0017531874524988,15.42,25.53,78.75,Tree cover,,1,0.424,0.43,0.421,0.423,0.4256666666666666,0.4267142857142856,-0.0027142857142856,29.6056423680106,89.99080758073815
1048423,1048423,1,real_landslide_event,Assam,26.1768,91.7702,2016-07-14,26.0_91.5,85.85330963134766,34.824748816857664,0.8655289218876014,-0.5008589475851323,0.0059506366106907,6.46,18.15,49.64999999999999,Tree cover,,1,0.487,0.493,0.501,0.498,0.476,0.4762857142857143,0.0107142857142856,42.65122637786707,914.8844213953538
1048467,1048467,1,real_landslide_event,Assam,26.1963,91.8074,2016-07-14,26.0_91.5,172.277099609375,21.56088951577215,0.9949072535503318,0.10079462700429857,0.0045705316112221,6.46,18.15,49.64999999999999,Tree cover,,1,0.487,0.493,0.501,0.498,0.476,0.4762857142857143,0.0107142857142856,107.31153199181784,1365.014757122308
1048557,1048557,1,real_landslide_event,Assam,26.13140438,91.93086808,2016-07-14,26.0_91.5,123.35052490234376,11.829864954977326,-0.896233175294196,-0.44358324529008425,-0.0043176456475084,6.46,18.15,49.64999999999999,Tree cover,,1,0.476,0.489,0.454,0.463,0.4733333333333333,0.4738571428571428,0.0021428571428571,163.3712012231149,4621.513730450542
1048458,1048458,1,real_landslide_event,Assam,26.1966,91.802,2016-07-20,26.0_91.5,115.71945190429688,19.05268591563569,-0.10731088297332192,0.9942255148584178,-0.014864675834071,19.88,97.33,235.84,Tree cover,,1,0.477,0.486,0.495,0.492,0.4706666666666666,0.4738571428571428,0.0031428571428571,52.696995829915,982.6341865533518
1048430,1048430,1,real_landslide_event,Assam,26.19043105,91.77439654,2016-07-20,26.0_91.5,87.59046173095703,13.01375725151068,-0.7444319196014235,-0.667698372829034,0.005079071014872,19.88,97.33,235.84,Tree cover,,1,0.477,0.486,0.495,0.492,0.4706666666666666,0.4738571428571428,0.0031428571428571,51.68852248019286,1685.977346028492
1057863,1057863,1,real_landslide_event,Manipur,25.48,94.1383,2016-07-25,25.0_94.0,1701.351318359375,15.5913993024669,0.6881226702817678,-0.7255943705985386,0.0016510827706582,14.09,30.86,49.19,Built-up,,1,0.484,0.501,0.502,0.5,0.494,0.4894285714285714,-0.0054285714285714,26.97854965256265,2591.8306234813763
1050761,1050761,1,real_landslide_event,Mizoram,23.55290361,93.37126263,2016-07-28,23.5_93.0,1735.1856689453125,3.5419986015387512,0.9547413438368942,-0.2974373318339869,0.0166647081182619,9.14,21.19,54.7,Tree cover,,1,0.414,0.415,0.423,0.421,0.4186666666666667,0.4161428571428572,-0.0021428571428572,888.6471404498737,2049.287272516113
1050763,1050763,1,real_landslide_event,Mizoram,23.5397,93.3783,2016-07-28,23.5_93.0,1567.85009765625,16.331867610595374,-0.665079915221831,-0.7467721917482748,0.0025606632138962,9.14,21.19,54.7,Grassland,,1,0.411,0.414,0.421,0.419,0.417,0.4148571428571428,-0.0038571428571428,16.112607661095463,1835.237324496587
938250,938250,1,real_landslide_event,Sikkim,27.34883031,88.18678352,2016-07-30,27.0_88.0,1791.6461181640625,2.6898720015880664,0.9721491014593515,-0.23436323203901993,-0.0004210758412013,5.95,18.58,111.64,Tree cover,,1,0.424,0.429,0.428,0.428,0.425,0.4265714285714285,-0.0025714285714285,484.49057894851376,1341.9999797415717
938383,938383,1,real_landslide_event,Sikkim,27.593,88.492,2016-08-16,27.5_88.0,3251.943359375,43.60099213927609,-0.5163457674762532,-0.8563802008508599,-0.0102680551795177,10.27,21.86,45.43000000000001,Tree cover,,1,0.42,0.42,0.416,0.417,0.421,0.4198571428571429,0.0001428571428571,4192.083870841273,139.32348785414374
1050651,1050651,1,real_landslide_event,Assam,24.81395989,92.85687296,2016-08-31,24.5_92.5,19.78896713256836,2.497008873575436,-0.053159714767966285,0.9985860226969875,0.0024361401967556,19.43,58.95,81.64,Cropland,0.4825,0,0.487,0.487,0.465,0.471,0.4873333333333333,0.4784285714285713,0.0085714285714286,155.97015757992702,719.0672982221522
1050626,1050626,1,real_landslide_event,Assam,24.768609,92.821182,2016-09-01,24.5_92.5,20.659385681152344,0.2952153965906627,-0.848896685323649,-0.5285588119088751,0.0009080156202202,10.59,59.08,83.22,Built-up,0.8485,0,0.474,0.491,0.504,0.499,0.4803333333333333,0.4801428571428571,-0.0061428571428571,1.6418592819182514,1016.748002470555
1050633,1050633,1,real_landslide_event,Mizoram,23.61045606,92.83182797,2016-09-17,23.5_92.5,563.8510131835938,36.28766289942392,0.078414422884135,0.9969208485550636,0.0024892961030102,13.62,33.33,94.19,Tree cover,,1,0.424,0.426,0.427,0.427,0.422,0.4204285714285714,0.0035714285714286,1091.1918058265785,1108.419725937549
938303,938303,1,real_landslide_event,Sikkim,27.2676,88.2891,2016-10-12,27.0_88.0,603.6053466796875,48.96606763094384,0.7875517740062314,0.6162484914867036,-0.0057291088312247,14.2,34.89,54.95,Tree cover,0.8494,0,0.426,0.43,0.432,0.431,0.425,0.4162857142857143,0.0097142857142856,16.10577986359231,57.068640293407405
938327,938327,1,real_landslide_event,Sikkim,27.1695,88.3664,2016-10-15,27.0_88.0,1588.7635498046875,27.164657768295907,0.0029918973918563923,-0.9999955242649822,-0.0030739589788187,0.32,13.41,65.11,Tree cover,0.8427,0,0.411,0.412,0.418,0.416,0.4193333333333333,0.4234285714285714,-0.0124285714285714,43.035286346947366,941.8907178753932
938398,938398,1,real_landslide_event,Sikkim,27.172,88.5292,2016-10-15,27.0_88.5,335.4233703613281,38.68427108852697,0.26059118390389385,0.9654492399249,-0.0082076940247829,0.19,17.96,84.97,Tree cover,0.363,0,0.388,0.391,0.427,0.417,0.4063333333333334,0.4171428571428571,-0.0291428571428571,11.42170656909976,67.10047075839984
1052234,1052234,1,real_landslide_event,Manipur,24.79591421,93.72386429,2017-03-30,24.5_93.5,1012.2909545898438,33.59127655294481,0.8484563438483411,0.5292653706634372,-0.0099964758537223,65.58,99.03,101.01,Built-up,0.4708,0,0.473,0.472,0.356,0.388,0.4383333333333333,0.4182857142857142,0.0547142857142857,3.2769092031969262,321.5157007502669
1050744,1050744,1,real_landslide_event,Assam,25.195355,93.172758,2017-04-04,25.0_93.0,663.4248046875,16.798863028106044,-0.7979476846938965,0.6027267145992865,-0.0040304025308946,20.26,110.72,315.83000000000004,Tree cover,0.5776,0,0.501,0.479,0.498,0.494,0.485,0.4787142857142857,0.0222857142857142,1195.2563010952929,1241.8957239023575
1050718,1050718,1,real_landslide_event,Assam,25.481623,93.141692,2017-04-04,25.0_93.0,159.34725952148438,0.8507767539664315,0.6235119137038174,-0.7818138483484437,0.0013537201154949,15.2,81.03,221.51,Cropland,0.5775,0,0.482,0.485,0.499,0.495,0.4823333333333333,0.4727142857142857,0.0092857142857142,7.865124699519308,352.0996377611035
1050682,1050682,1,real_landslide_event,Assam,25.132228,93.04681,2017-04-04,25.0_93.0,718.9356689453125,6.091081338507707,-0.7754699304097443,0.6313845001505075,0.0048319735818178,20.26,110.72,315.83000000000004,Cropland,0.6061000000000001,0,0.461,0.457,0.459,0.459,0.452,0.452,0.009,333.1933089376458,584.2708784771011
1050642,1050642,1,real_landslide_event,Assam,25.118398,92.853913,2017-04-04,25.0_92.5,149.83029174804688,17.540266746439098,0.9644311631723891,-0.26433412852288396,0.0092474705313644,20.26,110.72,315.83000000000004,Tree cover,0.4812,0,0.482,0.473,0.491,0.486,0.471,0.4711428571428571,0.0108571428571428,51.67595196750184,286.7036036226881
1050702,1050702,1,real_landslide_event,Assam,25.181453,93.118105,2017-04-04,25.0_93.0,579.5592651367188,14.689422650264031,0.994154646005222,0.10796545663420233,0.0017290015375424,20.26,110.72,315.83000000000004,Built-up,0.5208,0,0.495,0.495,0.502,0.5,0.4896666666666666,0.4874285714285714,0.0075714285714286,5.516744312357555,448.6641439687366
1048497,1048497,1,real_landslide_event,Assam,26.16066111,91.85294885,2017-04-05,26.0_91.5,115.0551300048828,23.599661062780253,-0.5012046790919722,0.8653287639136429,-0.00548068398252,4.08,66.65,206.29,Tree cover,,1,0.458,0.473,0.417,0.432,0.4709999999999999,0.4755714285714285,-0.0175714285714285,88.24018088155256,2351.487105146133
1050579,1050579,1,real_landslide_event,Mizoram,24.0135808,92.67420963,2017-04-25,24.0_92.5,667.2000732421875,33.2370601828097,0.678708585510564,0.7344076905603926,-0.0082117854179053,21.13,94.56,348.4,Tree cover,0.7597,0,0.39,0.384,0.266,0.299,0.4103333333333332,0.3298571428571428,0.0601428571428572,21.392846964394053,4363.553340126731
1050588,1050588,1,real_landslide_event,Assam,25.61919207,92.7094701,2017-04-29,25.5_92.5,583.6115112304688,11.168753819560145,0.9490457527686643,0.3151383174921123,0.0057572155856087,25.86,59.35,145.95999999999998,Grassland,0.6618,0,0.445,0.448,0.47,0.464,0.448,0.4614285714285714,-0.0164285714285714,3806.359369532592,2190.796687382552
1050720,1050720,1,real_landslide_event,Assam,26.06838073,93.14761961,2017-04-29,26.0_93.0,90.53353118896484,1.0970359575438215,0.39879060313285747,0.9170420136792707,0.0005586654399876,3.79,17.27,52.66,Cropland,0.4777,0,0.452,0.444,0.458,0.455,0.4503333333333333,0.4581428571428571,-0.0061428571428571,1550.0372927374704,490.175765977836
938411,938411,1,real_landslide_event,Sikkim,27.54295099,88.59676956,2017-05-26,27.5_88.5,1677.452392578125,52.99269625343474,0.45552047579902755,-0.8902253063847532,-6.749140970765911e-05,7.02,14.56,46.71,Tree cover,,1,0.42,0.417,0.41,0.412,0.415,0.4177142857142857,0.0022857142857142,58.678447817179816,708.4285623406564
1050593,1050593,1,real_landslide_event,Mizoram,23.73941422,92.71505961,2017-06-01,23.5_92.5,1104.1173095703125,38.97211950409995,-0.824528329217716,0.5658206732856635,-0.024504894193674,87.46,191.98,223.86000000000004,Built-up,0.3941,0,0.412,0.405,0.327,0.349,0.4173333333333333,0.3889999999999999,0.023,60.41861412099637,1187.8246811251202
1050197,1050197,1,real_landslide_event,Assam,24.74751503,92.34889194,2017-06-02,24.5_92.0,20.973617553710938,1.3371207247088903,-0.9992575045498924,0.0385284258791055,-0.0035136403320381,58.66,162.56,225.52000000000004,Tree cover,,1,0.475,0.488,0.471,0.475,0.4846666666666666,0.4661428571428571,0.0088571428571428,,
1048532,1048532,1,real_landslide_event,Tripura,23.86469956,91.8949662,2017-06-03,23.5_91.5,127.80779266357422,5.591518018527992,0.3357757373552327,0.9419419590418243,-0.0040789787373035,50.43,146.8,270.52,Tree cover,,1,0.422,0.423,0.421,0.422,0.4236666666666666,0.4131428571428572,0.0088571428571427,1635.8526279326884,1121.51008663811
1048504,1048504,1,real_landslide_event,Tripura,23.82994813,91.85896802,2017-06-03,23.5_91.5,132.4398193359375,5.841251886812303,-0.3090492849516786,-0.9510460238447224,0.0038507735188699,50.43,146.8,270.52,Tree cover,,1,0.422,0.422,0.415,0.417,0.4236666666666666,0.4077142857142856,0.0142857142857143,1978.7658180824424,3381.109092556325
1048488,1048488,1,real_landslide_event,Tripura,24.19467451,91.82931979,2017-06-03,24.0_91.5,32.46570587158203,1.1394961841752729,-0.9535893900663418,0.3011100714903144,0.0006694699209637,50.43,146.8,270.52,Grassland,,1,0.424,0.424,0.427,0.426,0.4253333333333333,0.4168571428571428,0.0071428571428571,128.183037117769,322.8522385572092
1050666,1050666,1,real_landslide_event,Assam,25.15246863,92.94670614,2017-06-04,25.0_92.5,977.5549926757812,3.108316406050428,-0.7193664625414531,0.6946307598793737,-0.0008085579268886,10.84,88.30000000000001,220.35,Tree cover,0.8249000000000001,0,0.472,0.496,0.505,0.501,0.4773333333333333,0.4774285714285714,-0.0054285714285714,1437.9775028166491,894.6607514987934
1057261,1057261,1,real_landslide_event,Manipur,25.14429782,93.97198129,2017-06-05,25.0_93.5,1054.197021484375,33.48430525578221,-0.995446292537975,-0.09532407184127384,0.0053680945930438,0.17,28.92,128.1,Grassland,,1,0.443,0.449,0.504,0.488,0.4626666666666666,0.4738571428571428,-0.0308571428571428,85.34386735115822,64.86811091166142
1050403,1050403,1,real_landslide_event,Mizoram,22.90813548,92.47207294,2017-06-09,22.5_92.0,174.42027282714844,25.52515436473191,-0.44630097205470615,-0.8948829210254403,-0.0090544432871507,7.32,82.64999999999999,169.34999999999997,Tree cover,0.8300000000000001,0,0.41,0.401,0.343,0.36,0.401,0.3941428571428572,0.0158571428571427,129.10707913112,535.828576187818
1050613,1050613,1,real_landslide_event,Mizoram,23.73354779,92.74744512,2017-06-10,23.5_92.5,896.2521362304688,14.88498976190758,-0.6984381877593564,-0.7156703835421905,-0.0067020622076365,25.72,72.19,125.62,Grassland,,1,0.423,0.421,0.375,0.388,0.418,0.4027142857142857,0.0202857142857142,3.578823638955422,3415.99200160474
1050629,1050629,1,real_landslide_event,Mizoram,23.5705445,92.82885714,2017-06-10,23.5_92.5,816.6519775390625,4.124435592462113,0.9938372353055267,0.11084922065701287,0.000780444328137,22.03,57.87,82.1,Grassland,,1,0.423,0.422,0.392,0.401,0.419,0.4065714285714285,0.0164285714285714,231.2364860231129,2226.193867485999
1050603,1050603,1,real_landslide_event,Mizoram,23.73719685,92.72342008,2017-06-10,23.5_92.5,838.7420043945312,33.57176295185052,0.1949522733749127,-0.9808127298857582,0.0106274302325318,25.72,72.19,125.62,Tree cover,,1,0.423,0.421,0.375,0.388,0.418,0.4027142857142857,0.0202857142857142,22.099089735444032,1456.610910264911
1050643,1050643,1,real_landslide_event,Mizoram,23.33501164,92.85410625,2017-06-12,23.0_92.5,938.7423706054688,23.686131340771222,-0.9674047598307772,-0.25323512919173796,-0.0137445279907731,91.37,147.7,193.12,Grassland,0.8157000000000001,0,0.429,0.43,0.424,0.426,0.4256666666666666,0.4141428571428571,0.0148571428571428,101.78865961037214,248.48291786112028
1057926,1057926,1,real_landslide_event,Manipur,25.11956675,94.36416626,2017-06-12,25.0_94.0,1846.5589599609373,19.67425180650566,0.9192366773961291,-0.3937053859546815,-0.0054705214168107,14.65,35.63,51.000000000000014,Built-up,,1,0.429,0.429,0.423,0.424,0.4176666666666667,0.4067142857142857,0.0222857142857142,19.618527697083685,1725.3043161502524
1050599,1050599,1,real_landslide_event,Mizoram,22.97431823,92.72197716,2017-06-14,22.5_92.5,376.5203247070313,22.448861649764225,-0.3965784076892883,0.9180008532428653,0.0119870410371439,19.29,257.87,428.0,Tree cover,,1,0.425,0.427,0.424,0.424,0.4276666666666666,0.4207142857142856,0.0042857142857143,327.7945903182591,2494.3977102609624
1050678,1050678,1,real_landslide_event,Mizoram,23.65637182,93.02746602,2017-06-17,23.5_93.0,517.4992065429688,31.24936446687656,0.29096962998279347,-0.9567322898427105,-0.0128357073219184,13.5,46.65,205.0,Tree cover,0.8248000000000001,0,0.422,0.424,0.421,0.422,0.423,0.4241428571428571,-0.0021428571428571,73.67626445345557,162.84550533447992
1050617,1050617,1,real_landslide_event,Assam,26.96437841,92.78260587,2017-06-18,26.5_92.5,172.5687255859375,12.910558836665489,-0.15009117025203284,0.9886721603303975,-0.0081693722080422,9.7,66.83,149.04,Tree cover,,1,0.427,0.428,0.408,0.413,0.426,0.4247142857142857,0.0022857142857142,113.1930771537709,1472.891288550684
1050724,1050724,1,real_landslide_event,Manipur,24.32420539,93.15020652,2017-06-26,24.0_93.0,591.105224609375,34.193260962112014,-0.8129477406407664,0.5823366474704071,0.0122781925528361,11.82,61.16,140.11,Tree cover,,1,0.424,0.426,0.423,0.424,0.4246666666666667,0.4235714285714285,0.0004285714285714,128.20500458149365,487.1582313469746
1050751,1050751,1,real_landslide_event,Manipur,24.21988831,93.20266204,2017-06-26,24.0_93.0,789.623291015625,31.337912499336326,0.842555227467765,0.5386099596802336,0.0043179102652517,11.17,55.95,122.66,Tree cover,,1,0.425,0.427,0.425,0.425,0.4256666666666666,0.4242857142857142,0.0007142857142857,56.49453316467572,1193.712242927602
1050748,1050748,1,real_landslide_event,Manipur,24.30415689,93.18182448,2017-06-27,24.0_93.0,850.6115112304688,39.83632925844003,-0.49872244070111554,-0.8667617476222185,0.0065105631962421,5.54,43.36,141.09999999999997,Grassland,,1,0.427,0.428,0.425,0.426,0.425,0.4235714285714285,0.0034285714285714,29.298273161276963,1104.8959361178347
1056702,1056702,1,real_landslide_event,Manipur,25.06657276,93.9310888,2017-06-30,25.0_93.5,982.6168823242188,3.515704156779107,0.9246097295776681,-0.38091580168104267,0.0016773827270621,29.14,52.94,85.37,Tree cover,,1,0.508,0.505,0.484,0.49,0.502,0.4924285714285715,0.0155714285714285,169.19936635777358,241.16038406675972
1057890,1057890,1,real_landslide_event,Manipur,24.95178179,94.20340026,2017-07-01,24.5_94.0,921.9927368164062,2.986557796587072,-0.022282442454820486,0.9997517155565414,-0.0045797805110966,13.14,60.60000000000001,89.56000000000002,Tree cover,,1,0.482,0.48,0.47,0.473,0.4776666666666666,0.4629999999999999,0.019,24.04389453494798,155.5495033005861
1048525,1048525,1,real_landslide_event,Assam,26.20023757,91.87974492,2017-07-03,26.0_91.5,276.4673767089844,5.928913445212511,0.8576336986999806,0.5142610609935296,-0.011231175936747,28.78,73.66,110.77,Tree cover,,1,0.484,0.498,0.494,0.494,0.482,0.4787142857142857,0.0052857142857142,968.5715134050351,2500.5553801464075
1048541,1048541,1,real_landslide_event,Assam,26.22247247,91.92053028,2017-07-03,26.0_91.5,96.7799835205078,28.13907616822744,-0.9009809982044714,0.43385854938502044,-0.0033986701709338,28.78,73.66,110.77,Tree cover,,1,0.484,0.498,0.494,0.494,0.482,0.4787142857142857,0.0052857142857142,103.4434478749975,895.4873365422998
1048506,1048506,1,real_landslide_event,Assam,26.10430759,91.86227824,2017-07-03,26.0_91.5,167.59933471679688,32.538157554314715,-0.2633765677252942,0.964693103309671,-0.0153263573280048,28.78,73.66,110.77,Tree cover,,1,0.482,0.501,0.495,0.496,0.4836666666666667,0.4768571428571428,0.0051428571428571,68.60832336978724,4166.882608557534
1048519,1048519,1,real_landslide_event,Assam,26.20450454,91.87202793,2017-07-03,26.0_91.5,146.62693786621094,19.308718481633168,0.7093217432714389,0.7048848590531414,-0.0138026737932626,28.78,73.66,110.77,Tree cover,,1,0.484,0.498,0.494,0.494,0.482,0.4787142857142857,0.0052857142857142,143.97696314212092,1656.812918678609
1048545,1048545,1,real_landslide_event,Assam,26.22817592,91.92448438,2017-07-03,26.0_91.5,49.15164566040039,1.3356320082262216,-0.9694372831598935,0.24533926310226897,-0.0003686803199246,28.78,73.66,110.77,Cropland,,1,0.484,0.498,0.494,0.494,0.482,0.4787142857142857,0.0052857142857142,111.76122061651895,760.7214440121443
1057856,1057856,1,real_landslide_event,Manipur,25.4976444,94.12901274,2017-07-04,25.0_94.0,1735.611572265625,36.24313902918976,0.6949734071608421,-0.719035439557224,-0.0030572878906364,17.28,51.010000000000005,125.72,Tree cover,,1,0.48,0.497,0.508,0.503,0.4786666666666666,0.481,-0.001,51.28457718131884,2842.214588869656
1048460,1048460,1,real_landslide_event,Assam,26.10973183,91.80317334,2017-07-06,26.0_91.5,63.14004135131836,0.2600369703794395,-0.055410253869308854,-0.998463671730794,0.000428719456794,5.42,77.06,171.5,Built-up,,1,0.486,0.5,0.478,0.483,0.4826666666666666,0.4858571428571428,0.0001428571428571,0.3188155606098767,560.8420303783267
1057907,1057907,1,real_landslide_event,Manipur,25.06466676,94.27420555,2017-07-08,25.0_94.0,1110.1800537109375,17.65048854758606,-0.02905699321330894,-0.9995777564278837,0.0099392598212232,21.26,84.41,143.92000000000002,Tree cover,,1,0.465,0.462,0.462,0.462,0.4633333333333334,0.4628571428571428,0.0021428571428572,1280.8882368213606,273.86107482680774
1050713,1050713,1,real_landslide_event,Assam,26.56636244,93.13195098,2017-07-09,26.5_93.0,73.83108520507812,6.128437570911211,0.3762140190507483,0.9265327904989025,0.0071890207017728,31.88,83.57,128.59,Tree cover,,1,0.474,0.496,0.512,0.506,0.4716666666666667,0.4787142857142857,-0.0047142857142857,221.6511068600717,105.83472937889933
1050808,1050808,1,real_landslide_event,Manipur,24.82767572,93.51825,2017-07-09,24.5_93.5,502.38909912109375,39.98669726860655,-0.8916890706102945,-0.45264843019074896,-0.0019897563603183,6.33,56.22,122.48,Tree cover,0.9008,0,0.426,0.426,0.428,0.427,0.4253333333333333,0.4257142857142857,0.0002857142857142,110.28902770273574,661.2503926225952
1050753,1050753,1,real_landslide_event,Manipur,24.27173018,93.28039349,2017-07-09,24.0_93.0,1081.30322265625,25.33231984707572,0.9906428181896911,0.13648005996916376,0.0052328884025526,7.98,32.64,100.94,Tree cover,0.8106,0,0.42,0.422,0.423,0.422,0.4223333333333333,0.4229999999999999,-0.0029999999999999,166.2031290876511,1710.6526821512653
1055884,1055884,1,real_landslide_event,Manipur,24.83507319,93.89896294,2017-07-09,24.5_93.5,934.3558959960938,32.222906568481434,0.999899198360012,0.01419834916479834,-0.0013954009105151,6.33,56.22,122.48,Tree cover,,1,0.505,0.501,0.462,0.473,0.493,0.4898571428571429,0.0151428571428571,391.2879200007151,2278.741034222905
1054667,1054667,1,real_landslide_event,Assam,26.93567947,93.84867836,2017-07-10,26.5_93.5,81.7990493774414,0.441591500023639,-0.9998590250893479,-0.016790769707753343,-0.0007720113863003,44.47,201.76,269.66,Cropland,,1,0.477,0.492,0.498,0.495,0.4793333333333333,0.4692857142857143,0.0077142857142856,200.3400834897387,2251.413583517048
1052013,1052013,1,real_landslide_event,Manipur,24.37169581,93.70684171,2017-07-10,24.0_93.5,810.66357421875,5.18628247842947,0.37676531078984893,0.9263087501397299,-0.0029523887392575,17.44,36.42,126.15,Built-up,,1,0.498,0.49,0.482,0.485,0.482,0.4828571428571428,0.0151428571428571,21.8850976979116,497.9735305082148
1055056,1055056,1,real_landslide_event,Assam,26.95147008,93.86686394,2017-07-10,26.5_93.5,91.44554138183594,3.6716312355186567,0.9416778811539369,0.33651562838214777,-0.0065217415825861,44.47,201.76,269.66,Tree cover,0.595,0,0.453,0.456,0.448,0.45,0.451,0.4428571428571429,0.0101428571428571,20.236770968299776,2799.7599464295963
1048428,1048428,1,real_landslide_event,Assam,26.19037705,91.77306002,2017-07-10,26.0_91.5,90.48899841308594,23.6817422912787,0.6882110985925297,-0.7255104987345554,0.0020258710008376,27.63,81.82,163.19,Built-up,,1,0.484,0.493,0.49,0.491,0.478,0.479,0.005,26.26715981837495,1713.866390835472
1048443,1048443,1,real_landslide_event,Assam,26.14547804,91.79364785,2017-07-10,26.0_91.5,83.3604965209961,16.931884893477967,0.2889657829720484,0.9573394258419273,-0.0087324948446801,27.63,81.82,163.19,Tree cover,,1,0.488,0.498,0.481,0.485,0.4806666666666666,0.4788571428571427,0.0091428571428572,17.621985110655753,195.1228532465353
1057775,1057775,1,real_landslide_event,Manipur,25.20164854,94.04130978,2017-07-14,25.0_94.0,1310.2161865234375,37.20094998638943,0.6088065534739544,-0.7933187130322624,-0.0051473591622526,1.67,15.55,73.85,Tree cover,,1,0.425,0.429,0.434,0.432,0.429,0.4327142857142857,-0.0077142857142857,4689.019588644178,4420.925316268587
1050573,1050573,1,real_landslide_event,Mizoram,23.83291945,92.63125938,2017-08-26,23.5_92.5,411.9853210449219,11.15542511416343,0.40985477704016987,-0.9121507889254674,-0.0026543722456834,10.48,80.17,130.10000000000002,Tree cover,,1,0.428,0.428,0.429,0.429,0.4243333333333333,0.4241428571428571,0.0038571428571428,172.47885560283777,1391.6665987975282
1057698,1057698,1,real_landslide_event,Manipur,25.26049558,94.01914123,2017-08-26,25.0_94.0,1071.5877685546875,0.901256061542023,0.969091719273148,0.24670070862527776,0.0033945717905999,22.07,41.07,53.1,Cropland,,1,0.43,0.429,0.418,0.421,0.4243333333333333,0.4174285714285713,0.0125714285714286,236.68691353498696,105.37097448860932
938258,938258,1,real_landslide_event,Sikkim,27.28329478,88.23595536,2017-09-20,27.0_88.0,1321.8616943359375,33.81816659524392,0.9656449440039169,-0.25986504597516064,-0.0112011943114858,30.49,45.1,67.16,Tree cover,0.8875000000000001,0,0.427,0.422,0.388,0.398,0.4133333333333333,0.414,0.0129999999999999,246.9396764219517,611.2373825457033
938330,938330,1,real_landslide_event,Sikkim,27.28709076,88.38035955,2017-09-20,27.0_88.0,1407.829833984375,30.15456727983095,0.3788316409611767,0.925465605955544,-0.0068229068011228,30.49,45.1,67.16,Tree cover,,1,0.426,0.423,0.405,0.41,0.4176666666666666,0.4168571428571428,0.0091428571428571,251.12581067415107,86.73159288857947
1050788,1050788,1,real_landslide_event,Manipur,24.938948,93.496837,2017-09-21,24.5_93.0,1243.5098876953125,38.21312538013047,-0.8374452880475269,-0.5465211702459426,-0.0055606622757169,3.55,37.77,84.66999999999999,Built-up,,1,0.408,0.412,0.413,0.413,0.4143333333333333,0.4104285714285714,-0.0024285714285714,8.961881809250672,4084.929550740677
1057697,1057697,1,real_landslide_event,Manipur,24.981195,94.018619,2017-09-29,24.5_94.0,812.9227905273438,32.55768155581822,0.06803395896651382,0.997683005983034,0.0022584308355674,10.15,65.0,96.93,Tree cover,0.8441000000000001,0,0.497,0.499,0.478,0.484,0.4796666666666667,0.461,0.0359999999999999,1.4166232155955705,63.27444775502733
1051127,1051127,1,real_landslide_event,Manipur,24.86388954,93.62191829,2018-05-10,24.5_93.5,356.19805908203125,32.93378330744878,-0.6307791688812181,-0.7759623960640875,0.003659812987429,8.16,29.86,120.27,Tree cover,0.7152000000000001,0,0.399,0.401,0.388,0.392,0.4113333333333333,0.4072857142857143,-0.0082857142857142,11.703905226284576,244.7526710062656
1050615,1050615,1,real_landslide_event,Mizoram,23.73672831,92.7516868,2018-05-12,23.5_92.5,865.3772583007812,37.6331851264644,0.9570528986606622,0.28991334768379357,-0.0015745660675628,6.25,62.75,160.9,Tree cover,,1,0.369,0.32,0.236,0.263,0.35,0.3491428571428571,0.0198571428571428,70.39593870567988,2935.11481096794
1048345,1048345,1,real_landslide_event,Tripura,24.02515388,91.49747518,2018-05-18,24.0_91.0,109.81351470947266,4.858235928734719,0.705869106175746,-0.7083422936311605,0.0046438425174163,37.62,137.3,197.34,Tree cover,,1,0.423,0.424,0.425,0.425,0.4243333333333333,0.4207142857142857,0.0022857142857142,324.0200383293617,9744.730640355763
1048347,1048347,1,real_landslide_event,Tripura,23.79260297,91.53090192,2018-05-20,23.5_91.5,120.03816223144533,4.670055717568943,-0.981030448988593,-0.19385370297530935,0.0089616473080306,31.33,95.99,245.22000000000003,Tree cover,,1,0.435,0.44,0.44,0.44,0.4366666666666667,0.4344285714285714,0.0005714285714285,532.2322070426651,1057.992305773844
1048360,1048360,1,real_landslide_event,Tripura,23.71701896,91.61577214,2018-05-20,23.5_91.5,68.85039520263672,13.988131587223648,0.10536604990548151,-0.9944335048294157,0.0112554647686635,36.76,88.53,237.04,Tree cover,,1,0.424,0.424,0.42,0.421,0.4233333333333333,0.4211428571428571,0.0028571428571428,2071.11593716744,11342.137928507882
938409,938409,1,real_landslide_event,Sikkim,27.23279809,88.59292517,2018-05-26,27.0_88.5,1304.2265625,8.22383972801205,0.9769702755777715,0.21337544525435248,-0.0013511076738952,14.59,73.89,101.87,Tree cover,,1,0.406,0.396,0.425,0.417,0.408,0.4082857142857142,-0.0022857142857142,78.71636505972302,90.01004728648297
1050791,1050791,1,real_landslide_event,Manipur,24.98793655,93.49870413,2018-06-03,24.5_93.0,1203.78369140625,18.57663862097317,-0.9049063794709903,-0.4256106723200254,-0.0028110414640736,5.68,22.26,30.67,Tree cover,,1,0.366,0.366,0.361,0.363,0.3763333333333333,0.3665714285714286,-0.0005714285714286,178.28592579990237,1242.665971875982
1050616,1050616,1,real_landslide_event,Mizoram,22.87370331,92.7581259,2018-06-05,22.5_92.5,1026.241455078125,4.761970263101882,0.9775756771815073,0.21058441391308486,-0.0034491378621435,47.98,70.97999999999999,123.48,Tree cover,,1,0.415,0.394,0.255,0.295,0.4053333333333334,0.378,0.0369999999999999,51.96969190258558,1723.9468369373287
938386,938386,1,real_landslide_event,Sikkim,27.45377772,88.52426486,2018-09-14,27.0_88.5,1021.4153442382812,25.483110632997267,-0.9999676411892153,-0.008044661240645684,0.0044535599892027,11.64,32.150000000000006,93.4,Tree cover,0.8276,0,0.427,0.428,0.426,0.426,0.4263333333333333,0.426,0.001,1.809291331150579,929.307568500469
938402,938402,1,real_landslide_event,Sikkim,27.71646253,88.55668313,2018-09-14,27.5_88.5,2700.954833984375,20.80770819328443,0.9766258415934653,0.21494642479430895,0.00291781226228,11.64,32.150000000000006,93.4,Grassland,0.8348,0,0.428,0.429,0.412,0.417,0.4236666666666666,0.4241428571428571,0.0038571428571428,6.552814059345149,397.8113570627232
938400,938400,1,real_landslide_event,Sikkim,27.49532869,88.5364844,2018-09-14,27.0_88.5,1276.2493896484375,21.003300518770114,-0.6032334878025298,0.7975646426425855,-0.0032309901088366,11.64,32.150000000000006,93.4,Tree cover,0.7714000000000001,0,0.428,0.429,0.426,0.427,0.4276666666666666,0.4267142857142856,0.0012857142857143,37.40941975827619,809.7606133183675
938420,938420,1,real_landslide_event,Sikkim,27.3313961,88.6138098,2018-09-15,27.0_88.5,1648.281005859375,7.480904999747043,-0.9952694781428834,0.0971527965484919,0.0041490665543741,3.26,23.700000000000003,92.03,Built-up,0.5934,0,0.42,0.426,0.416,0.418,0.4206666666666667,0.4225714285714286,-0.0025714285714286,0.5110728576845905,686.3451546855808
938385,938385,1,real_landslide_event,Sikkim,27.54043014,88.49888236,2018-09-15,27.5_88.0,1209.16259765625,48.185131683721664,-0.3341917221177373,-0.9425051155659481,0.0087602796593249,3.26,23.700000000000003,92.03,Grassland,0.5301,0,0.427,0.428,0.426,0.426,0.4276666666666666,0.4275714285714285,-0.0005714285714285,541.4069664714468,461.91972196261327
938429,938429,1,real_landslide_event,Sikkim,27.54255403,88.62957834,2018-09-17,27.5_88.5,1332.56298828125,35.79610571762597,-0.8670920714408993,0.4981479094047575,0.0083446598025416,0.0,3.35,46.58,Tree cover,0.6872,0,0.401,0.411,0.403,0.404,0.4153333333333333,0.4214285714285714,-0.0204285714285714,14.05969691673299,28.551114661401247
1050715,1050715,1,real_landslide_event,Assam,25.19640994,93.13430585,2018-12-18,25.0_93.0,536.093017578125,9.186895206278116,0.39532015217452643,-0.9185433997828896,0.0019860833714898,37.98,47.17999999999999,47.18999999999999,Tree cover,0.6626000000000001,0,0.476,0.442,0.387,0.405,0.3603333333333333,0.3261428571428571,0.1498571428571428,923.4650774539728,236.06001356180388
1050610,1050610,1,real_landslide_event,Mizoram,23.74253,92.73868,2021-06-12,23.5_92.5,959.5528564453124,31.52053877216659,-0.9231830299948318,-0.3843606290055752,-0.0017701897226183,29.98,66.27,108.07999999999998,Built-up,,1,0.405,0.391,0.228,0.275,0.4000000000000001,0.3802857142857143,0.0247142857142857,1.9630896744634188,3068.3952923043157
BG_0001,1048547,0,matched_pseudo_absence,Assam,26.73160475933328,94.35249548602104,2004-07-15,26.5_94.0,106.68343353271484,4.659712037136962,-0.028682114647815705,-0.9995885835179039,0.0013873525154821,14.14,22.26,68.47,Tree cover,,1,0.483,0.492,0.491,0.49,0.49,0.4858571428571428,-0.0028571428571428,662.9094096861202,6344.69630474379
BG_0002,1048389,0,matched_pseudo_absence,Assam,26.074443020648907,91.08021471117132,2004-07-15,26.0_91.0,40.69154357910156,0.7107362868209827,0.29242497287289926,0.9562884686329142,-0.0003414320061729,45.76,89.97,198.24,Cropland,,1,0.471,0.496,0.5,0.497,0.4746666666666666,0.4801428571428571,-0.0091428571428571,1556.9718782531804,1023.3420877097066
BG_0003,1048386,0,matched_pseudo_absence,Assam,26.22626917638928,93.80533817323608,2004-07-15,26.0_93.5,129.68356323242188,2.716932153439465,-0.985737040231641,-0.16829286234229923,-0.0015132197530553,16.77,25.38,66.67999999999999,Tree cover,,1,0.493,0.498,0.492,0.494,0.492,0.4847142857142857,0.0082857142857142,1522.5578507872767,423.1989996286454
BG_0004,1050630,0,matched_pseudo_absence,Assam,26.39626717226049,91.09160596119044,2004-07-15,26.0_91.0,43.61613464355469,3.990435569749864,-0.4454425424635677,-0.8953105278972167,-0.0028199319722533,46.54,94.32,199.44,Tree cover,,1,0.432,0.434,0.397,0.407,0.42,0.4264285714285714,0.0055714285714285,290.80153878269215,84.87438585850431
BG_0005,1050635,0,matched_pseudo_absence,Mizoram,23.74242823900069,93.2072276337944,2004-07-29,23.5_93.0,890.3323974609375,15.715279816203523,-0.9051486175359802,-0.4250952601155462,-0.0089093227238498,1.02,5.09,16.21,Tree cover,,1,0.427,0.428,0.427,0.427,0.4236666666666666,0.4234285714285714,0.0035714285714286,671.5772945310226,900.4721813984635
BG_0006,938324,0,matched_pseudo_absence,Sikkim,27.180949665961982,88.09756023583462,2004-09-02,27.0_88.0,2496.485595703125,19.804595933162805,0.019137843372126494,-0.9998168547044324,0.0040305923732481,17.2,40.260000000000005,133.1,Tree cover,,1,0.419,0.42,0.421,0.421,0.4196666666666666,0.4178571428571428,0.0011428571428571,316.1836346441574,1681.13761858484
BG_0007,1048548,0,matched_pseudo_absence,Assam,26.935001186721536,94.79899006875554,2004-10-07,26.5_94.5,94.0473861694336,0.2592152072751968,0.8573755451650596,-0.5146913391081268,0.0002114618528453,12.8,49.85,65.55,Cropland,0.7778,0,0.49,0.475,0.509,0.5,0.484,0.485,0.005,534.3629554185228,4755.421820689848
BG_0008,1048377,0,matched_pseudo_absence,Assam,26.253496769829923,92.09062865100056,2004-10-08,26.0_92.0,51.33332443237305,0.8525300752050439,-0.8872331699575918,0.4613212569641714,-0.001154735046561,57.27,238.81000000000003,284.56,Cropland,,1,0.473,0.493,0.486,0.486,0.4793333333333333,0.4832857142857142,-0.0102857142857142,51.2532207006746,675.7546492732968
BG_0009,1050658,0,matched_pseudo_absence,Mizoram,23.537003359726715,93.2350407982325,2005-08-01,23.5_93.0,1479.3553466796875,42.457024550290015,0.06323880888066669,0.9979984233711767,-0.012407158001762,0.19,1.15,9.269999999999998,Tree cover,,1,0.409,0.399,0.346,0.362,0.4059999999999999,0.4091428571428571,-0.0001428571428571,14.904761541692046,4010.29233213879
BG_0010,1048549,0,matched_pseudo_absence,Assam,26.47245725899581,93.79365367986004,2005-08-19,26.0_93.5,110.16919708251952,1.6284715343244829,-0.8190952560760697,0.5736575297803366,-0.0045988985286686,16.91,35.96,76.91,Tree cover,,1,0.471,0.494,0.482,0.484,0.477,0.4767142857142857,-0.0057142857142857,1007.4998619200692,1681.6324366723422
BG_0011,1048378,0,matched_pseudo_absence,Assam,26.76196049829377,93.218067234653,2005-08-24,26.5_93.0,92.2517547607422,5.510209456386687,-0.9097853681005501,0.415079009334544,-0.0053894482470054,70.83,125.15,189.78,Tree cover,,1,0.469,0.475,0.498,0.491,0.474,0.4781428571428571,-0.0091428571428571,937.6096999244528,2661.6155836253247
BG_0012,1048550,0,matched_pseudo_absence,Assam,27.11245476550876,95.02473417732853,2005-08-24,27.0_95.0,106.68302154541016,1.4631419779421628,-0.9815928347129037,-0.19098561945938777,0.0010242946997817,46.02,80.57,114.73,Cropland,,1,0.485,0.497,0.469,0.476,0.484,0.4871428571428571,-0.0021428571428571,762.8350770750881,3570.7945470171817
BG_0013,1048387,0,matched_pseudo_absence,Assam,25.14393922691182,93.2459878330718,2005-08-24,25.0_93.0,1139.9931640625,29.33532201577474,-0.7588757077104011,-0.651235487551959,-0.002519560805802,23.82,38.69,97.9,Tree cover,,1,0.48,0.469,0.493,0.487,0.4783333333333333,0.4735714285714286,0.0064285714285713,4537.739066815257,960.80510296507
BG_0014,938387,0,matched_pseudo_absence,Sikkim,28.021683724068893,88.54350132683378,2005-09-25,28.0_88.5,6036.15869140625,28.77168860046611,0.6715444533985397,0.7409642684432607,-0.0009692951946466,0.5,0.73,6.8500000000000005,Snow and ice,0.0048,0,0.401,0.395,0.379,0.384,0.4003333333333334,0.388,0.013,3146.454500865957,3638.449162397772
BG_0015,1050584,0,matched_pseudo_absence,Assam,26.542701486541,90.39149472707574,2006-06-12,26.5_90.0,60.0559196472168,1.4319558614613523,0.6746989791821175,-0.7380930073443377,0.0003684085564914,20.95,44.35,63.73,Cropland,,1,0.493,0.478,0.491,0.488,0.494,0.484,0.009,48.57034205728117,888.8803486632227
BG_0016,1049243,0,matched_pseudo_absence,Tripura,23.54537092468172,91.22479232546311,2006-06-13,23.5_91.0,41.48066711425781,18.787037980911144,0.5538461539226323,-0.8326190231943467,-0.0017551926136442,22.35,29.28,142.37,Tree cover,,1,0.464,0.467,0.477,0.474,0.4623333333333333,0.4594285714285714,0.0045714285714285,49.63239936900988,2506.999317048156
BG_0017,938444,0,matched_pseudo_absence,Sikkim,27.75211674320412,88.255394309017,2006-08-03,27.5_88.0,4877.38525390625,14.074718287435868,0.1964984366138532,0.9805041378843393,0.0058435982487987,2.7,9.23,13.64,Snow and ice,,1,0.266,0.255,0.098,0.143,0.26,0.2712857142857143,-0.0052857142857142,14787.88429842221,6711.275772332042
BG_0018,938422,0,matched_pseudo_absence,Sikkim,27.53572047251125,88.11461153892144,2007-04-11,27.5_88.0,4514.2177734375,53.734885114104095,-0.94880136091729,-0.31587335677688694,0.0192337011754761,0.01,6.32,7.52,Moss and lichen,-0.0356,0,0.421,0.422,0.422,0.422,0.42,0.4212857142857142,-0.0002857142857142,13242.492848323016,2001.6366429849315
BG_0019,938415,0,matched_pseudo_absence,Sikkim,27.99302877454333,88.84092995487359,2007-05-23,27.5_88.5,5613.03125,7.374804978898843,-0.29733291688438507,0.954773866701966,0.001607813687152,0.08,1.1900000000000002,14.740000000000002,Grassland,0.1688,0,0.304,0.282,0.242,0.255,0.3023333333333333,0.2951428571428571,0.0088571428571428,1382.109747282148,3659.3987653923
BG_0020,938390,0,matched_pseudo_absence,Sikkim,27.75000489883242,88.28406313501387,2007-06-27,27.5_88.0,4910.82763671875,23.449366320124373,-0.041052653118119696,0.9991569844984137,-0.0217660867498912,12.31,13.86,24.06,Moss and lichen,,1,0.365,0.36,0.241,0.275,0.363,0.3617142857142856,0.0032857142857143,14033.327344751682,4240.425255144804
BG_0021,1048380,0,matched_pseudo_absence,Assam,27.325950841439408,95.25140284947352,2007-07-13,27.0_95.0,115.17141723632812,7.208746983853071,0.5768610433487809,0.8168422960808016,0.0010876531794133,11.86,47.86,83.51,Tree cover,,1,0.48,0.483,0.506,0.499,0.4773333333333333,0.4779999999999999,0.002,15.976259127338592,498.6606765300989
BG_0022,938328,0,matched_pseudo_absence,Sikkim,27.14023960879499,88.29228610888872,2007-07-16,27.0_88.0,823.274658203125,36.33765384131496,-0.8255458639579916,0.564335030369242,-0.0050497043215058,15.14,46.44,126.22,Tree cover,,1,0.422,0.421,0.42,0.42,0.4223333333333333,0.4248571428571428,-0.0028571428571428,64.30390440762025,939.3228934656164
BG_0023,1048446,0,matched_pseudo_absence,Assam,27.76810283106171,95.246901833597,2007-07-19,27.5_95.0,115.22132873535156,0.0757596523932951,-0.9159644655181353,-0.40125938980673925,0.0002813606588806,12.85,61.4,124.62,Cropland,0.5816,0,0.482,0.48,0.506,0.499,0.4829999999999999,0.4798571428571428,0.0021428571428571,452.2759166097399,478.231092145508
BG_0024,1048441,0,matched_pseudo_absence,Assam,26.00017250564627,90.2398617480472,2007-07-19,26.0_90.0,29.43584632873535,0.4095874523293465,0.7547375236243201,0.6560268824014979,0.0002977049267363,30.64,68.41,208.75,Cropland,,1,0.424,0.427,0.424,0.425,0.4206666666666667,0.4175714285714286,0.0064285714285713,634.1711059011334,151.6386001440816
BG_0025,1050662,0,matched_pseudo_absence,Mizoram,23.9035870513082,92.33858205591376,2007-07-30,23.5_92.0,133.0164794921875,20.33971060200167,0.9518124866996589,-0.3066805995862988,0.0071094528845108,3.2,31.42,172.36999999999998,Tree cover,,1,0.401,0.402,0.416,0.412,0.407,0.4157142857142857,-0.0147142857142857,3104.5635438097056,799.2660556936229
BG_0026,1050668,0,matched_pseudo_absence,Mizoram,22.272434202605208,93.1600754185129,2007-07-30,22.0_93.0,1132.34912109375,19.44833483069361,-0.7831771565366922,-0.6217986341888357,0.0033883457399605,0.31,3.1700000000000004,25.87,Grassland,0.8643000000000001,0,0.391,0.398,0.411,0.407,0.4023333333333334,0.4137142857142857,-0.0227142857142857,122.9667953535284,2488.855271454868
BG_0027,938236,0,matched_pseudo_absence,Sikkim,27.656449304426417,88.44439804631892,2007-08-02,27.5_88.0,3702.830810546875,65.79781385980384,0.8588141276465824,-0.5122873160196724,0.0041034258545682,3.91,13.8,84.75,Grassland,,1,0.431,0.43,0.372,0.388,0.4316666666666666,0.4317142857142856,-0.0007142857142856,8240.45456025718,1173.378821476838
BG_0028,1050913,0,matched_pseudo_absence,Manipur,24.22660019214865,93.72121956543327,2007-08-26,24.0_93.5,1343.9493408203125,22.752499239161075,-0.9720384838869457,-0.2348216042930633,0.0137647470160743,3.2,4.44,14.62,Tree cover,,1,0.455,0.483,0.51,0.501,0.4643333333333333,0.4741428571428571,-0.0191428571428571,175.22132241721428,3857.157952614062
BG_0029,1050834,0,matched_pseudo_absence,Manipur,25.18976344237939,93.9273040698278,2007-08-26,25.0_93.5,1926.6474609375,42.60964664051112,-0.17839291226692686,0.9839593329263789,0.0060181525258507,5.9,7.74,30.56,Tree cover,,1,0.428,0.429,0.417,0.42,0.419,0.4062857142857142,0.0217142857142857,1277.3021089154067,2666.0298354090883
BG_0030,1050634,0,matched_pseudo_absence,Assam,26.12131288752809,92.4670349958996,2007-08-26,26.0_92.0,277.9458312988281,9.99010235527438,0.027365798922627353,0.9996254863944428,-0.0019443842781478,18.77,24.03,51.14,Tree cover,,1,0.48,0.495,0.474,0.479,0.484,0.4798571428571428,0.0001428571428571,2540.72417496088,5746.681598386697
BG_0031,1057207,0,matched_pseudo_absence,Manipur,24.24225070264117,93.3787632456438,2007-08-31,24.0_93.0,1082.0877685546875,17.590420950988147,-0.7251900739768586,0.6885487321936177,-0.0030593644915872,0.43,3.51,24.63,Tree cover,,1,0.418,0.418,0.424,0.422,0.421,0.4221428571428571,-0.0041428571428571,4824.06302855464,982.4505786322684
BG_0032,938381,0,matched_pseudo_absence,Sikkim,27.78151856196336,88.22926331893291,2007-09-07,27.5_88.0,5650.97412109375,25.80172685500256,0.8696443323461353,0.4936787773626132,-0.0164773300393497,9.55,27.66,51.370000000000005,Snow and ice,,1,0.308,0.308,0.222,0.246,0.3076666666666667,0.3035714285714285,0.0044285714285714,13154.780332995548,5414.681987644438
BG_0033,1057438,0,matched_pseudo_absence,Manipur,24.894404722836555,94.63026311699991,2007-09-08,24.5_94.5,990.4938354492188,28.31454676318756,-0.9822833502785441,-0.1874017603053909,0.0007146773661745,12.86,48.52,86.76,Tree cover,,1,0.425,0.426,0.427,0.426,0.427,0.426,-0.001,154.83466834959668,2557.6983095050155
BG_0034,938319,0,matched_pseudo_absence,Sikkim,27.9028805400544,88.44203038871244,2007-09-09,27.5_88.0,4694.48388671875,20.33244764503262,-0.426379177380873,0.9045445246620036,0.0074182744532912,2.78,14.27,47.25,Bare / sparse vegetation,,1,0.429,0.426,0.422,0.423,0.429,0.4288571428571428,0.0001428571428571,4.981593100256466,961.252975565711
BG_0035,1057853,0,matched_pseudo_absence,Manipur,24.63417211960548,93.14247210166457,2007-09-09,24.5_93.0,128.09481811523438,16.66411746351696,-0.2568873618555207,-0.9664413501702578,-0.0091051749186321,7.54,65.84,147.48999999999998,Tree cover,,1,0.427,0.427,0.427,0.427,0.4266666666666667,0.4262857142857142,0.0007142857142857,2189.9773094747384,658.2741960874321
BG_0036,1057817,0,matched_pseudo_absence,Manipur,24.70104365347782,93.7220014124364,2007-09-10,24.5_93.5,1463.654296875,20.056125468689785,-0.9903855136170874,0.1383348633476686,-0.0071504274494941,2.16,25.430000000000003,106.78,Tree cover,,1,0.437,0.439,0.442,0.441,0.4406666666666667,0.4408571428571428,-0.0038571428571428,1010.252928193154,1497.6378959719875
BG_0037,938445,0,matched_pseudo_absence,Sikkim,27.786122326967984,88.67450723572448,2007-09-10,27.5_88.5,4703.65380859375,46.076533856472864,0.24735927667402094,-0.9689238299491375,-0.017451778305012,1.72,5.659999999999999,44.42999999999999,Moss and lichen,,1,0.427,0.427,0.416,0.419,0.4273333333333333,0.4275714285714286,-0.0005714285714286,3179.301967011331,3334.352884015449
BG_0038,938423,0,matched_pseudo_absence,Sikkim,27.43553567001521,88.37851776259298,2007-09-10,27.0_88.0,2256.6044921875,39.70432601860447,-0.9885229736061353,-0.1510706147895217,0.0098307219055368,4.34,10.83,82.11999999999999,Tree cover,,1,0.429,0.429,0.426,0.427,0.4283333333333333,0.4282857142857142,0.0007142857142857,4970.580960342364,908.8929819878216
BG_0039,1057807,0,matched_pseudo_absence,Manipur,24.66681900644272,93.30796346022856,2007-09-11,24.5_93.0,402.28619384765625,27.544862722700184,0.9075165330422954,0.4200163595086416,-0.0017789701589955,7.45,17.59,144.74999999999997,Tree cover,0.8621000000000001,0,0.422,0.424,0.424,0.424,0.425,0.4262857142857142,-0.0042857142857142,6882.60029546993,1836.291169323303
BG_0040,938382,0,matched_pseudo_absence,Sikkim,27.371772779455053,88.39598072285604,2007-09-11,27.0_88.0,2574.23291015625,21.24867109364041,-0.9895065214392199,-0.1444882141534545,0.0076891345664257,3.37,12.09,72.28,Tree cover,,1,0.429,0.43,0.418,0.421,0.427,0.4278571428571428,0.0011428571428571,2518.1645133821285,1099.8740252621608
BG_0041,1048449,0,matched_pseudo_absence,Assam,24.9560298280019,92.76745533281624,2007-09-13,24.5_92.5,55.17710494995117,13.915311659713913,-0.5672087856871544,0.8235740364043197,0.0066373340045769,0.89,17.48,184.82,Tree cover,0.8500000000000001,0,0.485,0.483,0.455,0.463,0.4876666666666667,0.4825714285714286,0.0024285714285713,207.35001437424947,1394.5263780082018
BG_0042,1048551,0,matched_pseudo_absence,Assam,25.75861193311601,92.57388146032218,2007-09-15,25.5_92.5,678.291259765625,19.19293263216532,0.9903390821572224,-0.13866687546775647,-0.010229420248215,11.32,17.23,48.81,Tree cover,0.8756,0,0.464,0.484,0.508,0.5,0.4763333333333333,0.4804285714285715,-0.0164285714285714,4237.0640761585255,5440.050160655321
BG_0043,1050607,0,matched_pseudo_absence,Assam,27.954013772670336,95.74806352094106,2007-09-16,27.5_95.5,154.23995971679688,2.6299679848353104,-0.9987234225603401,-0.0505126244552817,0.0012138296778442,3.75,37.76,61.64,Tree cover,0.7122,0,0.47,0.489,0.462,0.468,0.4723333333333332,0.4794285714285715,-0.0094285714285715,640.9534184608224,899.0259986654289
BG_0044,938298,0,matched_pseudo_absence,Sikkim,27.390833895835065,88.15382055281145,2007-09-18,27.0_88.0,3587.0380859375,42.90899946733224,0.539751748190599,0.8418242395685647,-0.0218398326269704,2.0,5.16,51.6,Tree cover,0.8452000000000001,0,0.424,0.423,0.422,0.422,0.4206666666666667,0.4217142857142857,0.0022857142857142,5238.832048329316,3365.761683410245
BG_0045,1050582,0,matched_pseudo_absence,Mizoram,24.14125796116664,92.84995073650757,2007-09-29,24.0_92.5,311.85064697265625,24.93624589657467,0.9457110763275779,-0.325008553904869,0.0094565293287833,1.21,1.39,1.74,Tree cover,0.863,0,0.423,0.421,0.392,0.4,0.4096666666666667,0.3937142857142857,0.0292857142857143,4308.619826133005,467.64614651652926
BG_0046,1057849,0,matched_pseudo_absence,Manipur,24.178318223739403,93.11263168803112,2007-10-19,24.0_93.0,462.2560729980469,22.86317267358585,-0.9999620756715215,-0.008709030870436079,-0.0029151593387044,4.04,5.92,55.86,Tree cover,0.8866,0,0.416,0.418,0.417,0.417,0.4143333333333333,0.4195714285714285,-0.0035714285714285,1838.372234910707,719.5501853171866
BG_0047,1050772,0,matched_pseudo_absence,Manipur,24.91788128317036,93.71427718730608,2007-10-21,24.5_93.5,931.4240112304688,27.93072903406049,-0.9843105548822655,0.17644469826936326,0.0062552394259898,2.79,21.88,64.95,Tree cover,0.8715,0,0.424,0.428,0.433,0.431,0.427,0.4312857142857142,-0.0072857142857142,1326.3329452541968,114.94708352799827
BG_0048,1048552,0,matched_pseudo_absence,Assam,27.508530678807443,95.26494039985565,2008-04-13,27.5_95.0,120.58441925048828,3.332336330485995,0.9976109947298322,0.06908185864722217,0.0002941071983668,8.31,9.7,9.7,Tree cover,0.6315000000000001,0,0.451,0.415,0.463,0.452,0.4006666666666666,0.4024285714285714,0.0485714285714286,33.49979792398684,5127.80091193624
BG_0049,1057337,0,matched_pseudo_absence,Manipur,24.12612346150217,93.62610470789711,2008-06-09,24.0_93.5,942.0966186523438,22.93774372679086,0.6168586186239866,-0.7870739765926117,-0.0047013149332759,2.77,9.34,14.91,Tree cover,,1,0.418,0.404,0.275,0.312,0.4043333333333334,0.3885714285714286,0.0294285714285713,280.3204092735372,571.6328470377598
BG_0050,1057861,0,matched_pseudo_absence,Assam,26.258034003400244,90.37498174857276,2008-06-14,26.0_90.0,43.22877883911133,4.96561380108388,0.8731377083516245,-0.4874736323684323,-0.0012906134305241,47.38,78.62,123.96,Tree cover,,1,0.428,0.426,0.432,0.431,0.423,0.4225714285714285,0.0054285714285714,1767.0405333923652,1071.331898317467
BG_0051,1057827,0,matched_pseudo_absence,Assam,26.45596081474761,91.41961929987178,2008-06-15,26.0_91.0,49.28561782836914,0.075089191206831,-0.9944870933640165,-0.10485905365007793,-4.46817054279306e-05,1.55,53.01,114.18999999999998,Cropland,,1,0.417,0.422,0.433,0.43,0.422,0.4227142857142856,-0.0057142857142856,126.4055551197985,921.314218055528
BG_0052,1054158,0,matched_pseudo_absence,Manipur,24.21135545586331,94.24366745204112,2008-06-19,24.0_94.0,472.0289611816406,22.149915425294694,0.5558386097077808,-0.8312902260691638,0.0019608649577524,4.67,22.03,37.95,Tree cover,,1,0.462,0.47,0.486,0.481,0.474,0.4755714285714286,-0.0135714285714285,1168.6596441772365,3876.6023222028784
BG_0053,1048553,0,matched_pseudo_absence,Assam,27.437317552858698,94.72944138778692,2008-06-19,27.0_94.5,98.59520721435548,4.08909343487609,-0.8611357201702464,0.5083751286666874,0.0022511374567696,8.33,59.2,117.62,Grassland,,1,0.48,0.492,0.511,0.505,0.4793333333333333,0.4787142857142857,0.0012857142857142,34.413981055090815,504.42277415452014
BG_0054,1048400,0,matched_pseudo_absence,Tripura,24.34359684837752,92.0719957640357,2008-07-15,24.0_92.0,141.97096252441406,24.57307766672439,-0.27810422607111485,0.9605509041385502,-0.0065592957905159,24.39,75.75,128.99,Tree cover,,1,0.401,0.405,0.404,0.404,0.4066666666666667,0.4048571428571428,-0.0038571428571428,2856.0061090654044,2962.0258344101894
BG_0055,1057562,0,matched_pseudo_absence,Assam,26.51668056159096,92.26657362323752,2008-08-14,26.5_92.0,67.98036193847656,2.579933272049473,0.5591302713778044,-0.8290798149930939,-0.0105059751167127,7.97,29.3,82.04,Tree cover,,1,0.475,0.495,0.476,0.48,0.481,0.4788571428571428,-0.0038571428571428,894.6052726520226,579.4777525039912
BG_0056,938418,0,matched_pseudo_absence,Sikkim,28.004465472003755,88.74857915898255,2008-08-28,28.0_88.5,5140.32080078125,7.135891454242022,0.8912167294238907,-0.4535777124098841,0.0027508532824449,1.56,10.56,18.13,Moss and lichen,,1,0.399,0.391,0.341,0.356,0.3906666666666667,0.3858571428571428,0.0131428571428571,268.245712258908,2042.7067707967049
BG_0057,1057851,0,matched_pseudo_absence,Assam,27.450209812723067,94.76806947848928,2008-10-29,27.0_94.5,98.0,0.0,,,0.0,0.03,26.54,35.3,Permanent water bodies,,1,0.425,0.438,0.404,0.413,0.4326666666666667,0.3878571428571428,0.0371428571428571,1622.659390214783,1155.0837247768225
BG_0058,1048329,0,matched_pseudo_absence,Assam,27.4292275713388,95.20998003331552,2008-10-29,27.0_95.0,112.67678833007812,0.1603248806186811,-0.8770890888476995,-0.4803277320999821,-6.169394637165236e-05,0.03,26.54,35.3,Cropland,0.6732,0,0.462,0.471,0.454,0.458,0.467,0.4115714285714286,0.0504285714285714,434.3358506687833,14.052786203925493
BG_0059,938396,0,matched_pseudo_absence,Sikkim,27.93642901062441,88.21514549695229,2009-07-01,27.5_88.0,5828.73779296875,45.3242889749,-0.36309444144078096,-0.9317523418778229,0.004732342222404,3.64,9.3,23.71,Snow and ice,,1,0.336,0.329,0.347,0.342,0.3366666666666666,0.3375714285714286,-0.0015714285714285,6591.520283980743,2002.522793163216
BG_0060,938237,0,matched_pseudo_absence,Sikkim,27.39973656000564,88.43081677280614,2009-08-19,27.0_88.0,1777.2476806640625,21.57074178177498,0.8581903928011945,0.5133315202709955,-0.0001206318189728,40.68,60.27,78.52000000000001,Tree cover,,1,0.428,0.428,0.427,0.427,0.4276666666666666,0.4274285714285714,0.0005714285714286,780.1454732124433,221.2159191910727
BG_0061,938364,0,matched_pseudo_absence,Sikkim,27.318302845376724,88.73459252984676,2009-08-20,27.0_88.5,2516.724365234375,39.04219539881149,-0.7126402804233244,-0.701529636379081,0.0044817852298937,25.26,64.2,97.07,Tree cover,,1,0.422,0.427,0.433,0.431,0.4253333333333333,0.4267142857142857,-0.0047142857142857,2959.393266126066,734.932399258851
BG_0062,938239,0,matched_pseudo_absence,Sikkim,27.282132265300003,88.0349255791242,2009-08-20,27.0_88.0,3248.71240234375,34.60556146710073,0.9971592819146088,-0.07532175310985426,0.0041407975702048,38.49,88.84,112.67000000000002,Tree cover,,1,0.427,0.43,0.426,0.427,0.427,0.4258571428571428,0.0011428571428571,484.8863350923368,242.85713044441863
BG_0063,1050739,0,matched_pseudo_absence,Assam,26.09771493372308,93.52934435024572,2009-08-20,26.0_93.5,793.2420043945312,27.863560058778724,0.6952560824755475,-0.7187621162670962,-0.0106686667198023,15.68,40.01,94.3,Tree cover,,1,0.473,0.491,0.509,0.503,0.4756666666666667,0.4811428571428571,-0.0081428571428571,6090.427820131724,5772.432073679484
BG_0064,938397,0,matched_pseudo_absence,Sikkim,27.68455867459603,88.3627181129377,2009-08-20,27.5_88.0,4038.313720703125,13.06361641426784,0.8097465697718772,0.5867797651101121,-0.0007175875769948,38.49,88.84,112.67000000000002,Snow and ice,,1,0.43,0.433,0.418,0.422,0.4303333333333333,0.4304285714285715,-0.0004285714285715,13187.266387780945,1898.761148795092
BG_0065,1050792,0,matched_pseudo_absence,Manipur,25.15045529444168,93.42242166200732,2009-08-20,25.0_93.0,508.7647399902344,31.72720286971665,-0.9724607604542362,0.23306666294596587,-0.0186074089702201,12.53,39.22,114.93,Tree cover,0.9032,0,0.47,0.464,0.461,0.462,0.4643333333333333,0.4632857142857142,0.0067142857142857,1462.8052343708982,99.97917976230656
BG_0066,938454,0,matched_pseudo_absence,Sikkim,27.834466453431112,88.5016726079687,2009-08-26,27.5_88.5,5011.19287109375,27.76471937398001,-0.3414428880066376,-0.9399025237915295,0.0082712762083459,4.59,17.73,32.94,Bare / sparse vegetation,,1,0.425,0.421,0.42,0.42,0.426,0.427,-0.002,4515.726135132396,1766.5696873970503
BG_0067,1050706,0,matched_pseudo_absence,Assam,26.7083205293855,94.3871174046437,2009-08-27,26.5_94.0,109.07830810546876,0.3260666802454737,-0.807455605601603,0.5899283388535836,-0.0004758396538284,13.57,19.62,97.83,Cropland,0.7367,0,0.466,0.477,0.498,0.491,0.4733333333333333,0.4734285714285714,-0.0074285714285713,658.9127192188395,8018.384179625882
BG_0068,1057936,0,matched_pseudo_absence,Manipur,24.39115860950149,94.24746786252034,2009-08-30,24.0_94.0,729.57421875,18.814398592542418,0.09461425889896502,-0.9955140089486434,0.0110681163910683,4.6,5.01,15.2,Tree cover,,1,0.418,0.42,0.418,0.418,0.414,0.4182857142857142,-0.0002857142857142,750.9500919115591,484.0269927070886
BG_0069,938419,0,matched_pseudo_absence,Sikkim,27.50804359563403,88.29389141728005,2009-09-17,27.5_88.0,4648.31396484375,50.48415307338079,0.7396669997229532,-0.6729730525963462,0.0069446525643639,0.66,3.49,5.44,Moss and lichen,,1,0.41,0.405,0.365,0.376,0.4066666666666667,0.4008571428571428,0.0091428571428571,10537.379347206392,1421.9596421072963
BG_0070,1050598,0,matched_pseudo_absence,Mizoram,22.70398767431841,92.73149479420992,2009-10-05,22.5_92.5,296.9625244140625,33.41000887246312,-0.8890185710888906,-0.4578711393602649,-0.0018158324336766,11.55,57.69,74.6,Tree cover,0.8989,0,0.422,0.425,0.428,0.427,0.4246666666666667,0.4182857142857142,0.0037142857142857,2101.6429072719643,2035.486210818329
BG_0071,1050600,0,matched_pseudo_absence,Mizoram,23.025958512493823,92.40706749513711,2009-10-06,23.0_92.0,71.28887176513672,5.9649011619997845,-0.3843995847339136,-0.9231668100925178,-0.0019798606212687,8.15,56.48,83.53,Tree cover,0.8991,0,0.416,0.419,0.425,0.423,0.4216666666666666,0.4135714285714285,0.0024285714285714,628.8602131609573,2290.9085297638526
BG_0072,1056342,0,matched_pseudo_absence,Manipur,25.091960290145742,94.6388668389186,2010-03-27,25.0_94.5,1036.574462890625,28.821915513037272,-0.9983224657505817,0.057898656095618194,-0.0178116572802297,14.12,18.89,23.35,Tree cover,0.6704,0,0.147,0.144,0.205,0.188,0.1363333333333333,0.1368571428571428,0.0101428571428571,10190.646823493418,8061.649502285472
BG_0073,1050647,0,matched_pseudo_absence,Assam,26.237758802577364,91.6003583146702,2010-04-01,26.0_91.5,46.30282974243164,0.5224537419154561,0.9999975053888366,0.002233655323380566,0.0001433116404019,4.76,36.75,60.21,Cropland,,1,0.444,0.471,0.329,0.367,0.466,0.4235714285714285,0.0204285714285714,17.985797421333185,1051.707715591609
BG_0074,1050679,0,matched_pseudo_absence,Assam,26.360671837454184,92.41514231798033,2010-04-01,26.0_92.0,55.82535552978516,0.9807153853131416,-0.8134628498521419,0.5816168772572127,-0.0002043752863875,7.53,41.89,80.97,Cropland,0.3595,0,0.476,0.477,0.371,0.401,0.4773333333333333,0.4601428571428571,0.0158571428571429,150.2179155397141,5131.685081679892
BG_0075,938416,0,matched_pseudo_absence,Sikkim,27.867743067268773,88.75551683447571,2010-04-17,27.5_88.5,5296.27099609375,23.808021012583488,0.3271875261678967,-0.9449594291397552,-0.00391867404013,0.01,0.71,1.2000000000000002,Bare / sparse vegetation,-0.0091,0,0.311,0.312,0.312,0.312,0.311,0.311,0.0,5299.346040371589,2789.76602976
BG_0076,938417,0,matched_pseudo_absence,Sikkim,27.578088563424835,88.2354631074933,2010-04-17,27.5_88.0,5553.982421875,41.793975132802174,0.7232397104259097,0.6905970759155053,0.00557702963098,0.06,1.38,2.19,Snow and ice,,1,0.368,0.372,0.25,0.284,0.368,0.3679999999999999,5.551115123125783e-17,16852.837573318793,2466.419352694275
BG_0077,1048279,0,matched_pseudo_absence,Assam,26.55159691970212,92.3175290863292,2010-04-18,26.5_92.0,58.3890380859375,1.3302286643140062,-0.4751835517179056,0.8798866928058161,6.232050213377553e-05,25.61,42.58,58.31,Tree cover,,1,0.464,0.465,0.511,0.498,0.4613333333333334,0.4695714285714286,-0.0055714285714285,635.1549518425339,1878.3838609615589
BG_0078,1048419,0,matched_pseudo_absence,Assam,27.089620266555155,94.44408100137568,2010-04-20,27.0_94.0,91.3365249633789,0.0471547763800839,0.1922729726985535,0.9813414818347695,0.0002670240413626,35.45,102.67,117.59,Cropland,0.1929,0,0.451,0.47,0.512,0.499,0.4566666666666667,0.4601428571428571,-0.0091428571428571,808.4475806392003,352.4816026300986
BG_0079,1048414,0,matched_pseudo_absence,Assam,25.13032357111863,92.69815486766186,2010-04-20,25.0_92.5,1306.6163330078125,4.663843514532103,-0.5904298870773377,-0.807088934657044,-0.0012146211918747,30.5,101.29,192.84,Tree cover,,1,0.486,0.491,0.517,0.509,0.4873333333333333,0.4797142857142857,0.0062857142857142,7372.291369408976,807.0195104971014
BG_0080,1050648,0,matched_pseudo_absence,Assam,26.58188090909644,91.26095436076476,2010-04-24,26.5_91.0,51.946556091308594,0.1495583889631248,-0.5018600608979149,-0.8649488304376977,0.0001289796993439,5.13,21.25,184.96,Cropland,,1,0.413,0.424,0.408,0.411,0.419,0.4238571428571429,-0.0108571428571428,439.904814303849,3657.569097277024
BG_0081,938433,0,matched_pseudo_absence,Sikkim,27.6265355551446,88.70781665597707,2010-05-31,27.5_88.5,2419.290771484375,30.6108947097533,0.2521847083298985,0.9676791166934233,0.0036671005319426,4.53,9.04,21.88,Tree cover,,1,0.423,0.426,0.435,0.432,0.4253333333333333,0.4221428571428571,0.0008571428571428,835.7985535640018,713.9519274000505
BG_0082,1050277,0,matched_pseudo_absence,Assam,26.797765467040296,91.15998489457428,2010-06-03,26.5_91.0,172.07440185546875,14.13538525681036,0.9124492268036601,-0.4091899418429084,-0.0110591224441315,68.51,129.86,165.47000000000003,Tree cover,,1,0.4,0.403,0.39,0.394,0.4013333333333333,0.3844285714285714,0.0155714285714286,4910.54812677301,409.5860147350408
BG_0083,1050289,0,matched_pseudo_absence,Assam,26.217331550502525,92.27429553217588,2010-06-03,26.0_92.0,55.78678512573242,1.1362239078699028,-0.1539602611227233,0.9880770405160839,-0.0002761128846706,42.12,86.66,116.9,Tree cover,,1,0.49,0.495,0.509,0.505,0.4816666666666666,0.4735714285714286,0.0164285714285714,485.80330218266016,2356.983901038204
BG_0084,1048412,0,matched_pseudo_absence,Tripura,23.26773200714715,91.64124396378844,2010-06-03,23.0_91.5,75.93621063232422,12.02022383134132,0.4943745290954065,0.8692490005641048,-0.0088005175143456,39.68,85.81,214.46,Tree cover,,1,0.469,0.464,0.489,0.482,0.473,0.4785714285714286,-0.0095714285714286,2351.22870082638,2577.789004840307
BG_0085,1050796,0,matched_pseudo_absence,Manipur,25.25605875339666,94.49048994958554,2010-06-07,25.0_94.0,1449.0711669921875,27.12869715413233,0.8044242103090107,0.594055291928895,0.002423340454412,12.84,54.56999999999999,89.89000000000001,Tree cover,,1,0.483,0.48,0.401,0.423,0.4676666666666667,0.4612857142857143,0.0217142857142856,372.116674475764,1463.032549079549
BG_0086,1048325,0,matched_pseudo_absence,Assam,27.792959202284816,95.09169238677588,2010-06-09,27.5_95.0,125.89542388916016,0.4013361793958301,0.9931378927773427,0.11694924510136599,-0.0006865153817453,12.41,35.120000000000005,130.43,Grassland,,1,0.438,0.447,0.446,0.446,0.444,0.4462857142857143,-0.0082857142857142,431.99742033773714,121.70505924900044
BG_0087,1050741,0,matched_pseudo_absence,Assam,26.449911584432304,93.14970993590435,2010-06-15,26.0_93.0,556.149658203125,20.009314812412605,-0.7914930077045248,0.611178221760924,6.958795612281815e-05,23.83,48.29,107.02,Tree cover,,1,0.479,0.483,0.471,0.474,0.4853333333333333,0.4835714285714286,-0.0045714285714286,2420.4660815525685,5212.269993714043
BG_0088,1050621,0,matched_pseudo_absence,Assam,24.24755795605224,92.45272769369288,2010-06-16,24.0_92.0,110.8562240600586,10.992291436058917,-0.9847133435542856,0.17418275180436069,-0.0045827498149804,14.56,53.88,122.05,Tree cover,0.8478,0,0.418,0.42,0.43,0.427,0.4206666666666667,0.4202857142857142,-0.0022857142857142,3654.50671390144,4536.343253540626
BG_0089,938438,0,matched_pseudo_absence,Sikkim,27.792185446613125,88.31823110531914,2010-07-21,27.5_88.0,5225.0947265625,9.291875711350349,0.6310258509747664,-0.7757618032628133,0.0036959975455393,4.32,25.93,56.95,Snow and ice,,1,0.32,0.316,0.206,0.237,0.3316666666666666,0.341,-0.021,8914.49344208094,1176.8941504532827
BG_0090,938405,0,matched_pseudo_absence,Sikkim,27.213390151384647,88.43724232880848,2010-07-21,27.0_88.0,1815.9013671875,38.90755212356039,0.09006272136763513,-0.9959360954498314,0.0150463171413997,17.74,87.19,185.76,Tree cover,,1,0.427,0.429,0.427,0.427,0.4276666666666666,0.4271428571428571,-0.0001428571428571,139.02176879541963,1215.6682119214015
BG_0091,1050620,0,matched_pseudo_absence,Assam,26.300868293490385,92.18848668851426,2010-07-25,26.0_92.0,53.130802154541016,5.306884479943247,0.960626600313892,0.2778426439000571,-0.0019324064478874,2.05,40.64999999999999,68.21,Tree cover,,1,0.468,0.463,0.471,0.469,0.472,0.473142857142857,-0.005142857142857,19.90669093603401,65.84538091372454
BG_0092,1050795,0,matched_pseudo_absence,Manipur,24.691142673314378,93.21125438564005,2010-07-29,24.5_93.0,69.0,5.298466634499818,-0.09594924391799381,-0.9953862278490523,0.0037869506448463,22.02,43.13,66.51,Permanent water bodies,0.7867000000000001,0,0.425,0.425,0.428,0.427,0.4206666666666667,0.4224285714285714,0.0025714285714285,716.8934144546597,51.08000784910398
BG_0093,1057952,0,matched_pseudo_absence,Manipur,24.537606641199822,93.0597137660904,2010-07-29,24.5_93.0,96.75887298583984,10.336351030908952,0.32008133225184077,0.9473900678938357,-0.0119138581612387,22.02,43.13,66.51,Tree cover,0.9088,0,0.426,0.426,0.429,0.428,0.422,0.4234285714285714,0.0025714285714285,1702.902541332091,1089.4564904687638
BG_0094,1057833,0,matched_pseudo_absence,Manipur,24.440463522544214,93.34602188487096,2010-07-29,24.0_93.0,374.3318786621094,13.707364808338577,0.9816182968549065,-0.19085470725049614,-0.0189807154147851,22.02,43.13,66.51,Tree cover,0.6063000000000001,0,0.426,0.427,0.429,0.428,0.4216666666666666,0.4225714285714285,0.0034285714285714,4802.46197387307,426.9170330322447
BG_0095,1054555,0,matched_pseudo_absence,Manipur,24.53764819043452,94.3210524246647,2010-07-31,24.5_94.0,597.8390502929688,29.0101453785792,-0.6244120775490696,-0.7810951013870556,0.0013620546450427,14.76,52.18,79.14,Tree cover,0.7743,0,0.421,0.424,0.426,0.426,0.4223333333333333,0.4215714285714286,-0.0005714285714286,2043.384166972264,569.5759749221614
BG_0096,1050835,0,matched_pseudo_absence,Manipur,25.37935982658731,94.30469476643856,2010-08-01,25.0_94.0,1751.8441162109375,22.373047901224727,0.10533785833331785,0.99443649148739,-0.0017450196335167,6.85,38.71,78.24,Grassland,,1,0.462,0.491,0.506,0.5,0.4713333333333334,0.481,-0.0189999999999999,151.1248449741206,1000.065615440046
BG_0097,1050591,0,matched_pseudo_absence,Mizoram,23.956816339810302,93.02364726184844,2010-08-06,23.5_93.0,911.71630859375,29.41420462220844,-0.9234509498985737,-0.3837164879587819,-0.0048147663599285,0.52,11.39,43.120000000000005,Tree cover,,1,0.422,0.424,0.427,0.426,0.4236666666666666,0.4232857142857142,-0.0012857142857142,1.6314105308875848,3195.4557326539493
BG_0098,1050669,0,matched_pseudo_absence,Mizoram,23.88715463536132,93.02554652164426,2010-08-12,23.5_93.0,891.2191162109375,30.53926338715769,-0.00021771460801812913,-0.9999999763001745,0.0189943291792004,6.49,19.27,23.8,Tree cover,0.8537,0,0.424,0.425,0.423,0.424,0.421,0.4177142857142857,0.0062857142857142,157.5847030402508,2722.284993796441
BG_0099,1057953,0,matched_pseudo_absence,Manipur,24.116151354566984,93.0066578412365,2010-08-15,24.0_93.0,470.45703125,27.173653413710124,-0.2988419091197226,-0.9543026319536583,0.0034853597628539,4.28,22.07,43.17,Tree cover,0.8873000000000001,0,0.423,0.424,0.428,0.427,0.4246666666666667,0.4201428571428571,0.0028571428571428,4722.911098869928,775.6099135387611
BG_0100,1050786,0,matched_pseudo_absence,Manipur,24.238062865382908,93.97107908406348,2010-08-19,24.0_93.5,1351.6719970703125,20.800575646582065,-0.9817432350116498,-0.19021098945344986,0.0037829772042593,5.79,9.01,32.49,Tree cover,0.8725,0,0.49,0.494,0.502,0.5,0.4829999999999999,0.4808571428571428,0.0091428571428571,162.80890547765924,3802.976042313712
BG_0101,938326,0,matched_pseudo_absence,Sikkim,27.884282610637943,88.64765967677508,2010-08-20,27.5_88.5,5570.46142578125,14.46456986276934,0.9674557619949433,0.25304021139491556,0.0045346761639439,5.93,23.81,62.12,Snow and ice,,1,0.387,0.377,0.279,0.307,0.3913333333333333,0.3832857142857143,0.0037142857142857,4669.842424193229,4867.399281635156
BG_0102,1051132,0,matched_pseudo_absence,Manipur,24.961705507187425,93.26818694665414,2010-08-24,24.5_93.0,155.7866973876953,22.82825746702757,-0.9998709183142107,-0.01606694462232735,-0.0134687638072362,8.12,14.3,48.51,Tree cover,,1,0.41,0.407,0.411,0.41,0.4086666666666667,0.4155714285714285,-0.0055714285714285,1763.1371593321917,650.3922795844168
BG_0103,938384,0,matched_pseudo_absence,Sikkim,27.19964747160188,88.69159795421072,2010-08-26,27.0_88.5,856.0916137695312,17.919692751202,0.9999596694747227,-0.00898105918048713,-0.000522335213108,42.05,61.48,134.76999999999998,Tree cover,,1,0.429,0.426,0.395,0.404,0.4226666666666667,0.4244285714285714,0.0045714285714285,6.567407396908593,339.988892194845
BG_0104,1057859,0,matched_pseudo_absence,Manipur,25.09201483354823,93.5239659170768,2010-08-27,25.0_93.5,1266.179931640625,29.36910098321184,0.6120065542681958,-0.7908526901596592,-0.0047952103498775,7.9,12.38,27.56,Tree cover,,1,0.413,0.409,0.404,0.406,0.4083333333333334,0.4085714285714286,0.0044285714285713,2048.4741115184083,915.4316024186056
BG_0105,1050770,0,matched_pseudo_absence,Manipur,24.998874264219296,94.1957687693676,2010-08-27,24.5_94.0,1629.141357421875,21.46432364159555,0.3468088844169752,0.9379358174680468,0.0062460705033148,9.47,13.420000000000002,26.85,Cropland,,1,0.463,0.444,0.438,0.441,0.449,0.4458571428571428,0.0171428571428571,648.5491093744799,2116.981369140614
BG_0106,938421,0,matched_pseudo_absence,Sikkim,27.70956070319701,88.78441248710774,2010-08-27,27.5_88.5,4552.90478515625,22.9085160497706,-0.9996625823721145,0.025975399999141176,0.0023890828560407,11.94,39.91,93.81,Grassland,,1,0.425,0.424,0.422,0.422,0.424,0.4254285714285714,-0.0004285714285713,2914.112852345192,2183.238380678933
BG_0107,938451,0,matched_pseudo_absence,Sikkim,27.4438276688714,88.72306850229607,2010-09-04,27.0_88.5,3262.575927734375,43.096351673094205,0.056512092312569644,-0.9984019147730315,-0.0023419047323953,2.0,17.97,46.09,Tree cover,0.0977,0,0.428,0.428,0.425,0.426,0.427,0.426,0.0019999999999999,5573.574292806491,300.99415286595126
BG_0108,1052259,0,matched_pseudo_absence,Assam,25.444972702736088,92.89585892212897,2010-09-10,25.0_92.5,577.5752563476562,32.91570104001237,0.23486800081143594,0.9720272744089228,0.0003315828295199,2.93,14.9,49.57,Tree cover,,1,0.464,0.46,0.474,0.47,0.4673333333333334,0.4697142857142857,-0.0057142857142857,205.18614289777443,1064.391906491799
BG_0109,1050589,0,matched_pseudo_absence,Mizoram,24.062852041460225,93.2588274632164,2010-09-13,24.0_93.0,554.7672119140625,26.970501626349385,0.963973018376114,0.26600003729857663,-0.0141110434940619,7.48,12.94,30.26,Tree cover,0.8272,0,0.425,0.426,0.427,0.426,0.421,0.4214285714285714,0.0035714285714286,1477.6929618560512,120.03992531870226
BG_0110,1050665,0,matched_pseudo_absence,Mizoram,24.07930363180985,93.00647853499316,2010-09-13,24.0_93.0,594.673583984375,31.53282936288752,-0.9590018443307148,-0.2833998281056068,0.0026051466865904,7.48,12.94,30.26,Grassland,0.8817,0,0.423,0.424,0.422,0.422,0.4203333333333333,0.4201428571428571,0.0028571428571428,1321.941878511231,1350.184194605746
BG_0111,1050659,0,matched_pseudo_absence,Mizoram,23.06476497695733,93.0910587199796,2010-09-13,23.0_93.0,1158.546630859375,43.74624346529508,-0.42148773700252384,-0.9068341014521296,0.0104007765263822,5.03,10.88,22.340000000000003,Tree cover,,1,0.423,0.423,0.41,0.414,0.4186666666666667,0.4091428571428571,0.0138571428571428,791.770486364407,4399.9967946251145
BG_0112,1050638,0,matched_pseudo_absence,Mizoram,24.026391156639143,92.57545842871968,2010-09-13,24.0_92.5,136.83448791503906,13.27947082455105,-0.9536943140911024,-0.3007775843880354,0.0014656569363442,11.41,19.1,46.34,Tree cover,,1,0.419,0.42,0.418,0.418,0.418,0.416,0.003,4439.701931644546,1867.7774083374768
BG_0113,1050611,0,matched_pseudo_absence,Mizoram,23.188635442220303,92.89160492248368,2010-09-13,23.0_92.5,801.0948486328125,22.37124298631152,-0.9398869818750218,-0.3414856677839676,-0.0122393305556277,5.03,10.88,22.340000000000003,Tree cover,,1,0.424,0.424,0.411,0.415,0.42,0.41,0.0139999999999999,435.7195559809568,3327.06871940287
BG_0114,1050685,0,matched_pseudo_absence,Mizoram,23.82727879428117,92.77061545266312,2010-09-13,23.5_92.5,393.1305541992188,14.52411654451154,0.7509576257239668,-0.6603503951441405,0.025134581061486,11.41,19.1,46.34,Tree cover,,1,0.422,0.423,0.418,0.419,0.4183333333333333,0.417,0.005,663.0286302515408,3626.058345306465
BG_0115,1050590,0,matched_pseudo_absence,Mizoram,24.13866051412099,92.57346919624378,2010-09-13,24.0_92.5,77.08016204833984,17.307947396839403,-0.9995892505203536,-0.028658859784675368,0.0035595920525423,11.41,19.1,46.34,Tree cover,,1,0.418,0.421,0.413,0.415,0.4173333333333333,0.4157142857142856,0.0022857142857143,568.6070903713985,2484.259287768107
BG_0116,1050592,0,matched_pseudo_absence,Mizoram,23.515877557802387,92.8049717735965,2010-09-13,23.5_92.5,460.5346374511719,32.8078326476305,-0.7797051477632091,-0.6261468538222901,0.0030745772115333,9.93,17.18,36.45,Tree cover,,1,0.423,0.424,0.416,0.418,0.4183333333333333,0.4138571428571428,0.0091428571428571,2083.0994126993805,820.3760821955224
BG_0117,1050585,0,matched_pseudo_absence,Mizoram,23.99964384529446,92.50710593183707,2010-09-16,23.5_92.5,629.6746215820312,34.12456382908209,0.013515094981986484,-0.9999086669329493,-0.02805077666779,7.76,34.33,58.77,Tree cover,,1,0.421,0.429,0.426,0.427,0.4186666666666667,0.415,0.006,684.4612676848806,2357.981661025682
BG_0118,1050707,0,matched_pseudo_absence,Manipur,24.34644491880453,94.21452058375252,2010-09-16,24.0_94.0,558.6339111328125,20.61744199575029,0.4669892897770844,0.8842629717643357,0.0065616265604967,13.56,28.93,39.23,Tree cover,,1,0.425,0.426,0.427,0.427,0.425,0.4222857142857142,0.0027142857142857,564.7448344907285,599.8669373200994
BG_0119,1057862,0,matched_pseudo_absence,Manipur,25.2422471831668,93.8373211983724,2010-10-08,25.0_93.5,1211.1341552734375,30.871204326120367,0.9538993430254332,0.30012671219944226,-0.0077763260997888,76.95,132.5,135.86,Tree cover,0.8707,0,0.428,0.428,0.419,0.421,0.4223333333333333,0.4045714285714285,0.0234285714285714,1618.4507040491442,1768.3419831085384
BG_0120,1057706,0,matched_pseudo_absence,Manipur,25.033562493975268,94.1957597628088,2010-10-08,25.0_94.0,1300.4990234375,29.55913171033572,-0.6383434169879946,-0.7697517015168536,-0.0081632065713891,72.74,130.57999999999998,135.82999999999998,Tree cover,0.8027000000000001,0,0.465,0.478,0.48,0.478,0.4686666666666667,0.4547142857142857,0.0102857142857142,68.60115566348576,160.9570942095733
BG_0121,1050768,0,matched_pseudo_absence,Manipur,25.306878224693683,93.84130153178518,2010-10-08,25.0_93.5,1773.393310546875,33.76604579758369,-0.9999005903974251,-0.014099975988661084,0.0016586572651001,53.95,91.32,93.44,Tree cover,0.9008,0,0.428,0.429,0.424,0.425,0.4246666666666667,0.409,0.019,4564.304169843566,5520.657548959909
BG_0122,1056279,0,matched_pseudo_absence,Manipur,24.24481417167792,93.13559281519716,2010-10-08,24.0_93.0,678.5418701171875,29.28701193993213,0.581290112111106,-0.813696384139599,-0.0011045170247307,89.56,152.67000000000002,161.16,Tree cover,0.8977,0,0.427,0.428,0.429,0.428,0.4283333333333333,0.4111428571428571,0.0158571428571428,2780.1313242077485,957.1140902614478
BG_0123,1055067,0,matched_pseudo_absence,Manipur,24.712635493673,94.00227967429156,2010-10-09,24.5_94.0,780.6622924804688,2.948847674167056,-0.955028598923403,0.2965137016031501,0.0004538846757685,22.73,153.63,179.54999999999998,Cropland,0.6526000000000001,0,0.459,0.461,0.512,0.498,0.475,0.4721428571428571,-0.0131428571428571,62.82646986765916,2718.2022736645645
BG_0124,1050673,0,matched_pseudo_absence,Assam,25.768186172634497,93.0535928355548,2010-10-09,25.5_93.0,101.6517105102539,19.120471206683668,-0.7003997397258227,-0.7137508000639998,0.0026568456872277,17.0,72.25999999999999,77.15,Tree cover,0.7996000000000001,0,0.48,0.462,0.512,0.499,0.4883333333333333,0.4607142857142857,0.0192857142857142,89.4609970304431,339.74204281974346
BG_0125,1050721,0,matched_pseudo_absence,Assam,26.915261559774915,92.75833967591277,2010-10-09,26.5_92.5,113.9905776977539,2.331183300958525,-0.4932594479641071,-0.8698822431767097,-0.0007361057375306,7.16,47.67,48.88000000000001,Tree cover,0.7758,0,0.4,0.414,0.414,0.413,0.4156666666666667,0.3851428571428571,0.0148571428571429,100.95716294502468,5747.7330968051465
BG_0126,1057864,0,matched_pseudo_absence,Manipur,24.01975518681486,93.47258849183646,2010-10-09,24.0_93.0,1012.168212890625,27.210462878707176,-0.1614766512074086,0.9868765328625668,0.0044103601695985,14.15,124.41,150.77,Tree cover,0.9419,0,0.419,0.421,0.427,0.426,0.425,0.4142857142857142,0.0047142857142857,1273.4833606224763,800.3989624325247
BG_0127,1050670,0,matched_pseudo_absence,Assam,25.825581846862995,92.66480545332004,2010-10-09,25.5_92.5,431.76556396484375,37.285972524806695,-0.6588081351305803,-0.7523110002424309,-0.0018904132266678,11.86,71.98,74.33,Tree cover,0.892,0,0.436,0.481,0.472,0.471,0.4683333333333332,0.4717142857142856,-0.0357142857142856,2309.1251154430965,4527.042289169751
BG_0128,1057788,0,matched_pseudo_absence,Manipur,24.577765785551424,94.42907453407616,2010-10-09,24.5_94.0,363.335693359375,27.319694371074224,-0.06642123291113107,0.9977916715520155,-0.0040025646521175,15.73,133.66,166.51,Tree cover,0.8772000000000001,0,0.42,0.423,0.428,0.426,0.4253333333333333,0.4144285714285714,0.0055714285714285,406.0583735197885,93.77151358122522
BG_0129,1050272,0,matched_pseudo_absence,Assam,26.55037086488575,90.16674075052042,2011-05-04,26.5_90.0,66.11907958984375,1.8361010377374984,-0.3958575320109698,0.9183119373884803,-0.0010932860970518,0.15,40.68,52.11,Tree cover,,1,0.476,0.484,0.496,0.492,0.4796666666666667,0.4665714285714286,0.0094285714285713,85.9902909819833,265.20561245593245
BG_0130,1050767,0,matched_pseudo_absence,Manipur,24.110231164455808,93.0656118950107,2011-05-22,24.0_93.0,419.52923583984375,29.52804444152449,-0.5365234797858366,-0.8438853924784437,0.0222066415617882,8.13,78.17999999999999,104.17,Tree cover,0.8253,0,0.4,0.391,0.295,0.323,0.408,0.3957142857142857,0.0042857142857142,3436.3876817656987,1292.9896872714123
BG_0131,1050644,0,matched_pseudo_absence,Assam,25.3015479528674,93.25528627021843,2011-05-24,25.0_93.0,815.5151977539062,18.6691925183096,-0.3551243157405739,0.93481908429909,-0.0025384177014911,11.78,44.85,108.06,Tree cover,0.8301000000000001,0,0.483,0.478,0.443,0.453,0.4823333333333333,0.4847142857142857,-0.0017142857142857,1555.1416873511844,3218.048960751769
BG_0132,1054637,0,matched_pseudo_absence,Manipur,24.959977011795885,94.32675414679152,2011-05-31,24.5_94.0,1254.1522216796875,25.639034177385184,-0.4138847519711992,0.9103292877227113,0.0026469270799924,12.06,41.03,47.44,Tree cover,,1,0.424,0.423,0.369,0.384,0.421,0.3984285714285714,0.0255714285714285,768.7146018797358,6150.416340432101
BG_0133,1051014,0,matched_pseudo_absence,Manipur,24.96613607148811,94.0723093123072,2011-05-31,24.5_94.0,900.73779296875,27.71652886027577,-0.7009603154722293,0.7132002777152241,-0.0137646059380552,12.06,41.03,47.44,Tree cover,0.7117,0,0.486,0.495,0.48,0.484,0.4869999999999999,0.4791428571428571,0.0068571428571428,198.8638509988816,213.222503090128
BG_0134,1050836,0,matched_pseudo_absence,Manipur,24.22516323454964,93.33915162057464,2011-05-31,24.0_93.0,693.3499755859375,23.316144427843053,-0.8212757866618525,0.5705314033801779,0.0141342031175037,10.08,45.67999999999999,55.03,Tree cover,0.8503000000000001,0,0.419,0.415,0.362,0.377,0.422,0.4119999999999999,0.007,1693.3310662620647,652.7526240320543
BG_0135,938357,0,matched_pseudo_absence,Sikkim,27.82137523664565,88.22334415646974,2011-06-17,27.5_88.0,5753.26220703125,11.635796353383892,0.3477311838642579,-0.9375942746030191,-0.0003602991561839,3.55,9.51,13.7,Permanent water bodies,,1,0.323,0.336,0.249,0.272,0.321,0.3201428571428572,0.0028571428571428,9972.781063194348,3398.2384924121125
BG_0136,938257,0,matched_pseudo_absence,Sikkim,28.049062362464568,88.63670694907516,2011-06-23,28.0_88.5,5064.32080078125,24.63116414080106,-0.2898097849740225,-0.9570842640715136,-0.0017063525160826,5.15,9.48,21.34,Grassland,0.1355,0,0.427,0.428,0.428,0.428,0.4263333333333333,0.4262857142857142,0.0007142857142857,89.8553648236245,1261.2019425164506
BG_0137,938245,0,matched_pseudo_absence,Sikkim,27.735426254507377,88.72777659602669,2011-06-23,27.5_88.5,3643.181396484375,31.73503178352995,0.9878723529838019,0.15526820089846669,0.0010867202803908,15.33,27.43,46.61,Grassland,,1,0.428,0.428,0.428,0.428,0.4273333333333333,0.4271428571428571,0.0008571428571428,997.9923397018832,1422.906587187316
BG_0138,938267,0,matched_pseudo_absence,Sikkim,28.059302436872148,88.612950259452,2011-06-23,28.0_88.5,5048.7373046875,7.809459088609533,0.09113195161624668,-0.9958388260128312,-0.0028076231642998,5.15,9.48,21.34,Grassland,0.1987,0,0.417,0.42,0.423,0.422,0.4166666666666667,0.419,-0.002,44.11174427960436,979.2131925665155
BG_0139,1057681,0,matched_pseudo_absence,Manipur,24.84517941221417,93.7247697290388,2011-06-28,24.5_93.5,767.5078125,29.143472872196337,-0.6277875065366464,0.7783847677315507,0.0037107810431974,12.9,73.66000000000001,106.5,Tree cover,,1,0.455,0.473,0.477,0.475,0.466,0.459,-0.004,2618.922594392664,200.1417268627233
BG_0140,1050759,0,matched_pseudo_absence,Assam,26.81994853387081,94.05048156967447,2011-06-29,26.5_94.0,82.70655822753906,2.911966520797486,0.3832400957755465,-0.9236487584520157,-0.0001710598830749,13.5,36.7,85.85000000000001,Permanent water bodies,,1,0.488,0.494,0.477,0.482,0.4776666666666667,0.4642857142857143,0.0237142857142856,143.05328288265594,5486.237168617998
BG_0141,1051914,0,matched_pseudo_absence,Manipur,23.98242032769076,93.84657771320413,2011-07-05,23.5_93.5,1599.601806640625,31.32813054540425,-0.5024695295181255,0.8645949178117077,-0.0029111596340256,6.61,20.6,48.18,Tree cover,,1,0.423,0.426,0.428,0.427,0.4243333333333333,0.422,0.001,9351.83953830584,1071.6675749667834
BG_0142,1057027,0,matched_pseudo_absence,Manipur,24.298297853695185,93.54235403435337,2011-07-06,24.0_93.5,1062.3316650390625,36.36852217057784,0.23605447172896543,0.9717398244266616,-0.0092375392099448,3.14,29.64,47.620000000000005,Tree cover,,1,0.412,0.416,0.415,0.415,0.4183333333333333,0.4181428571428571,-0.0061428571428571,3339.357164494684,3551.6377169936595
BG_0143,1057840,0,matched_pseudo_absence,Manipur,24.33388323033592,94.163243177605,2011-07-07,24.0_94.0,854.3836059570312,26.049000827373064,0.644769893930943,0.7643767290284814,-0.0097343921250546,3.69,13.5,40.42,Tree cover,,1,0.413,0.417,0.422,0.42,0.417,0.422,-0.009,688.4873617739431,261.8367802859807
BG_0144,938369,0,matched_pseudo_absence,Sikkim,27.76318618635594,88.44006271135518,2011-07-20,27.5_88.0,4214.4609375,36.83488064259984,-0.5209496553335948,0.8535874041993642,0.0018121211064599,3.8,29.06,56.59,Snow and ice,,1,0.431,0.431,0.372,0.388,0.4316666666666666,0.4317142857142856,-0.0007142857142856,9150.761867741254,743.9167981214166
BG_0145,1057024,0,matched_pseudo_absence,Manipur,24.00249760478468,93.84290621177436,2011-07-22,24.0_93.5,1104.4573974609375,29.15504314886987,0.9999994774170164,-0.001022333455434769,-0.0006173311227626,4.04,32.57,95.35,Tree cover,,1,0.421,0.424,0.422,0.422,0.424,0.4251428571428571,-0.0041428571428571,10536.294835901004,97.79727740727915
BG_0146,1057913,0,matched_pseudo_absence,Manipur,24.45247690454448,93.58784286262484,2011-07-22,24.0_93.5,1025.920654296875,26.929157543020533,0.9996629916863116,-0.025959642770527157,0.006828012300834,5.3,44.32,136.77,Grassland,0.8754000000000001,0,0.438,0.451,0.44,0.442,0.445,0.4478571428571428,-0.0098571428571428,473.8638826213513,1257.1911342494143
BG_0147,1050672,0,matched_pseudo_absence,Assam,26.796706385166907,91.78269056353616,2011-07-24,26.5_91.5,158.62307739257812,0.9378397584900204,0.03017425393172778,-0.9995446535296277,0.0005698898190163,9.26,41.74,93.06,Tree cover,,1,0.372,0.374,0.411,0.4,0.3779999999999999,0.3744285714285714,-0.0024285714285714,3765.815828343149,151.4223261811551
BG_0148,1056334,0,matched_pseudo_absence,Manipur,24.417545654882225,93.7774394634178,2011-07-25,24.0_93.5,777.5863647460938,3.260607431793777,-0.5985488955009843,0.8010862748134883,0.0012852861839947,2.86,6.69,86.47,Cropland,,1,0.4,0.402,0.413,0.41,0.4033333333333333,0.4111428571428571,-0.0111428571428571,60.50767745751101,93.04269848697538
BG_0149,1057841,0,matched_pseudo_absence,Manipur,25.055418623820827,94.72359337552746,2011-07-29,25.0_94.5,850.43798828125,16.744840360001565,-0.897177338253681,-0.4416704922496409,-0.0082181871654256,1.5,5.45,18.37,Tree cover,,1,0.427,0.428,0.425,0.426,0.4246666666666667,0.4221428571428571,0.0048571428571428,4179.869687805609,3166.449367236893
BG_0150,938256,0,matched_pseudo_absence,Sikkim,27.459124259346687,88.18354667035143,2011-08-23,27.0_88.0,3388.625244140625,19.124647725565588,0.9587510404428077,0.2842471502932505,-0.0048659687768415,15.81,32.19,66.97,Tree cover,,1,0.428,0.428,0.427,0.428,0.425,0.4249999999999999,0.003,9556.678447309743,600.4629053305333
BG_0151,938431,0,matched_pseudo_absence,Sikkim,27.73579433895211,88.69932059377882,2011-08-25,27.5_88.5,4890.34521484375,28.62876770724984,-0.9290362416008607,0.36998873197997134,0.0061548762654784,4.66,42.6,65.15,Snow and ice,,1,0.42,0.421,0.416,0.417,0.42,0.4214285714285714,-0.0014285714285714,3167.971975320954,1887.7331195802708
BG_0152,1050700,0,matched_pseudo_absence,Manipur,25.130871186035627,93.74779338449986,2011-09-06,25.0_93.5,1467.2230224609375,33.91867749804813,0.5780042386310212,-0.8160337616327975,-0.0031290571242424,21.65,23.87,35.14,Tree cover,0.8961,0,0.413,0.397,0.401,0.401,0.3979999999999999,0.4028571428571428,0.0101428571428571,2874.9186810797105,2888.1448424254586
BG_0153,1048397,0,matched_pseudo_absence,Assam,26.248888142878908,90.69942219721528,2011-09-23,26.0_90.5,35.91322326660156,3.747074455095194,-0.9191395316719445,0.39393212780614706,-0.0001256952554819,9.95,28.93,106.02,Cropland,,1,0.326,0.342,0.352,0.348,0.326,0.3245714285714286,0.0014285714285713,2332.1130248804466,1347.796656607344
BG_0154,1048398,0,matched_pseudo_absence,Assam,24.586759737389897,92.61457398114706,2012-06-02,24.5_92.5,22.43172264099121,0.2436796994421904,0.5715855028825114,0.8205425113268334,0.0003128052460065,27.11,75.44,117.51,Cropland,,1,0.419,0.418,0.435,0.43,0.4233333333333333,0.3892857142857143,0.0297142857142856,33.14909306757919,1912.842563383944
BG_0155,938404,0,matched_pseudo_absence,Sikkim,27.602477272715443,88.76795620556504,2012-06-03,27.5_88.5,3935.20068359375,39.61740097377862,0.9749670152380909,0.22234954283228966,-0.0012468332354039,0.37,5.510000000000001,34.31999999999999,Grassland,,1,0.425,0.426,0.428,0.427,0.4263333333333333,0.4267142857142857,-0.0017142857142857,4446.293178703961,2511.416092099792
BG_0156,1050674,0,matched_pseudo_absence,Assam,25.60741753218399,93.18214480871484,2012-06-03,25.5_93.0,336.6198425292969,23.259388182259016,-0.7154264051685981,0.6986880983582996,-0.0044356085803031,26.59,84.45,114.11,Tree cover,0.6456000000000001,0,0.463,0.484,0.511,0.502,0.4746666666666666,0.4544285714285713,0.0085714285714286,7501.576954906801,1856.978722671972
BG_0157,1050708,0,matched_pseudo_absence,Assam,27.450067545155218,95.25522201777991,2012-06-03,27.0_95.0,126.3148193359375,0.2555567351294761,-0.07439581092712613,-0.9972287918609728,-0.0080330161375311,37.45,48.43000000000001,53.510000000000005,Tree cover,0.6608,0,0.492,0.498,0.503,0.501,0.492,0.4688571428571428,0.0231428571428571,24.70190915605372,1460.2105975861743
BG_0158,1050652,0,matched_pseudo_absence,Assam,24.70615079243555,92.79272712626,2012-06-03,24.5_92.5,43.27506637573242,8.22723553369054,-0.7093884000904884,0.704817776320275,-0.0042624534266634,37.94,101.12,149.37,Tree cover,0.6334000000000001,0,0.472,0.476,0.503,0.495,0.4843333333333333,0.4712857142857142,0.0007142857142857,26.324381957976733,3177.037601270807
BG_0159,938452,0,matched_pseudo_absence,Sikkim,27.64976050069439,88.51388142035276,2012-06-07,27.5_88.5,4022.313232421875,25.395718388332643,-0.9995118417803648,0.031242249291993148,0.0095961742358018,0.06,8.66,14.260000000000002,Grassland,,1,0.433,0.419,0.411,0.414,0.432,0.4325714285714285,0.0004285714285715,7576.59242676088,167.96226517602022
BG_0160,938430,0,matched_pseudo_absence,Sikkim,27.417143510208103,88.42632089858496,2012-06-07,27.0_88.0,2526.490478515625,43.31150681904782,0.10250752484904525,-0.9947322289688428,0.0055968707280492,0.04,9.249999999999998,15.88,Tree cover,,1,0.427,0.427,0.428,0.428,0.4253333333333333,0.4258571428571428,0.0011428571428571,2732.646525106406,355.3336648611011
BG_0161,938436,0,matched_pseudo_absence,Sikkim,27.811450014327864,88.18451666475251,2012-06-07,27.5_88.0,6577.71923828125,68.42803434027783,0.5795320841455619,0.8149494238576412,-0.041082053961471,0.02,2.69,6.65,Snow and ice,-0.0634,0,0.324,0.335,0.253,0.275,0.324,0.3248571428571428,-0.0008571428571428,13170.97675631756,7333.937369293381
BG_0162,1050898,0,matched_pseudo_absence,Manipur,24.267057994000364,93.98496740697944,2012-06-10,24.0_93.5,977.2451171875,17.579402721885636,-0.7422242601674801,0.6701515855527291,0.0064162461025919,6.78,8.290000000000001,42.02,Tree cover,,1,0.483,0.481,0.385,0.412,0.4723333333333333,0.4641428571428571,0.0188571428571428,1419.3833156542603,2979.8677720876567
BG_0163,938414,0,matched_pseudo_absence,Sikkim,27.819561813037208,88.68867799440928,2012-06-14,27.5_88.5,4211.87890625,33.636727403826804,-0.11531158086496067,0.9933293710136752,-0.0093123829388326,0.15,0.4599999999999999,1.87,Tree cover,,1,0.429,0.429,0.429,0.429,0.4283333333333333,0.4281428571428571,0.0008571428571428,766.9792474976473,1082.316656799446
BG_0164,1048396,0,matched_pseudo_absence,Assam,26.062691036956487,89.93253581779355,2012-06-20,26.0_89.5,26.761703491210938,0.3196290516551376,0.9060307440470057,-0.4232118746462926,4.11902969906037e-05,11.05,29.930000000000003,114.53,Cropland,,1,0.418,0.418,0.379,0.39,0.4136666666666666,0.4212857142857142,-0.0032857142857142,799.4948408159883,4045.483776329429
BG_0165,1048382,0,matched_pseudo_absence,Assam,25.88870862150068,93.0221811819059,2012-06-22,25.5_93.0,93.7575225830078,0.1908335927268999,0.9975996926141996,0.06924487920456364,0.0004532201881842,22.51,50.400000000000006,55.540000000000006,Cropland,,1,0.474,0.493,0.445,0.457,0.4773333333333333,0.4725714285714286,0.0014285714285713,374.06773733380766,1111.392474963616
BG_0166,1048404,0,matched_pseudo_absence,Assam,26.79298966014766,91.83803121630469,2012-06-22,26.5_91.5,164.31378173828125,0.2049982889460791,0.36401424701061685,0.9313933798204138,-0.00059490295917,17.4,65.5,75.72,Cropland,,1,0.384,0.39,0.378,0.381,0.3733333333333333,0.3587142857142857,0.0252857142857143,181.42082076817,1075.6653343255125
BG_0167,1048399,0,matched_pseudo_absence,Assam,27.43209997672512,95.0846994951408,2012-06-25,27.0_95.0,113.46095275878906,2.47697721095746,0.3305241244106145,-0.9437975435349452,0.0011292670790034,40.35,104.13,156.81,Tree cover,,1,0.485,0.492,0.489,0.489,0.484,0.4791428571428571,0.0058571428571428,83.61373334523196,539.1249294413068
BG_0168,1048402,0,matched_pseudo_absence,Assam,27.048795547678584,94.24030612115097,2012-06-25,27.0_94.0,84.68730163574219,0.0724806316066413,-0.9803161708309835,0.19743405280568463,-0.000207873070396,27.26,73.88000000000001,128.36,Cropland,,1,0.462,0.491,0.504,0.499,0.471,0.4825714285714285,-0.0205714285714285,230.39348044485592,1109.2290394038205
BG_0169,1050675,0,matched_pseudo_absence,Assam,26.55694964632381,90.130965206435,2012-06-26,26.5_90.0,60.1080322265625,1.466917708547056,0.9680785616347773,0.2506469598920772,-0.0009429358472496,29.46,109.88,174.22,Bare / sparse vegetation,,1,0.476,0.498,0.491,0.492,0.4803333333333333,0.48,-0.004,836.3425366407313,107.98947121747965
BG_0170,1048390,0,matched_pseudo_absence,Assam,26.566870926587686,90.32068198552425,2012-06-26,26.5_90.0,66.033447265625,0.1208860879560642,-0.4704225198316233,-0.8824413027704823,0.0003303212409427,51.08,186.0,269.23,Cropland,,1,0.479,0.491,0.493,0.492,0.4846666666666666,0.487,-0.008,1237.245944974802,527.0186929419345
BG_0171,1048379,0,matched_pseudo_absence,Assam,26.173436867240905,90.61848383033544,2012-06-27,26.0_90.5,34.78621292114258,1.0527809011649458,0.6501346850757934,-0.759818985852156,-0.0004108320303169,12.91,150.01000000000002,242.94000000000003,Cropland,,1,0.467,0.474,0.464,0.466,0.4516666666666666,0.4534285714285714,0.0135714285714285,177.6570249344324,2132.480308219484
BG_0172,1050631,0,matched_pseudo_absence,Assam,26.3897702028578,91.8822932108542,2012-06-30,26.0_91.5,61.02576446533203,5.956806509190898,-0.740090092644824,-0.6725077358432213,-0.0052468366657401,0.08,1.95,212.24,Tree cover,,1,0.475,0.493,0.465,0.471,0.4876666666666667,0.4855714285714286,-0.0105714285714286,15.780832941592294,2946.022543366073
BG_0173,938393,0,matched_pseudo_absence,Sikkim,27.483171608118624,88.19409538785574,2012-07-11,27.0_88.0,3713.86181640625,35.463177799526285,0.7289603826510231,-0.684555885611448,-0.0064898593581758,5.55,9.89,39.21,Tree cover,,1,0.427,0.427,0.426,0.427,0.4196666666666666,0.4232857142857142,0.0037142857142857,11783.133797664846,933.4888969734344
BG_0174,1050664,0,matched_pseudo_absence,Mizoram,22.55318341034111,92.826787472787,2012-07-21,22.5_92.5,736.8685302734375,33.91181327757739,-0.9358456032414728,-0.3524102820486427,-0.0051526261061813,8.59,15.23,87.41,Tree cover,,1,0.417,0.419,0.418,0.418,0.417,0.4201428571428571,-0.0031428571428571,2658.223388098291,2828.9768955132354
BG_0175,938329,0,matched_pseudo_absence,Sikkim,27.67337238842374,88.26233510858971,2012-09-01,27.5_88.0,5573.07275390625,44.95472255248249,-0.12473225406946237,-0.9921904377662341,-0.0094022802953805,10.65,14.75,26.3,Snow and ice,,1,0.389,0.39,0.221,0.268,0.389,0.3889999999999999,5.551115123125783e-17,18115.545910399385,4041.556524611945
BG_0176,1057115,0,matched_pseudo_absence,Manipur,25.217159659545224,94.18722626870534,2012-09-14,25.0_94.0,1193.2593994140625,11.625981705854825,0.9660146933695392,-0.258487160598269,-0.0003284021926547,23.34,44.68,128.46999999999997,Tree cover,,1,0.485,0.498,0.48,0.484,0.49,0.475,0.01,4193.905314513335,2555.4479066093973
BG_0177,938325,0,matched_pseudo_absence,Sikkim,27.9178256658008,88.27295573803258,2012-09-16,27.5_88.0,5045.58740234375,26.739841345311177,0.8577314638491988,-0.5140979828039695,0.0028929532390863,6.55,22.76,50.95,Grassland,0.5828,0,0.42,0.414,0.385,0.393,0.4153333333333333,0.3871428571428571,0.0328571428571428,2088.125071762506,1558.5786914734722
BG_0178,938412,0,matched_pseudo_absence,Sikkim,27.83603894973124,88.62798427952181,2012-09-19,27.5_88.5,5391.5146484375,18.00138007544102,0.8215802267668797,-0.5700929143443922,-0.0034670183235975,1.38,6.43,37.52,Snow and ice,0.0045,0,0.425,0.416,0.28,0.318,0.4223333333333333,0.4154285714285714,0.0095714285714285,6303.471045264014,4541.158847275251
BG_0179,938401,0,matched_pseudo_absence,Sikkim,27.959255433243342,88.6111355393025,2012-09-19,27.5_88.5,4878.64794921875,3.330373794364197,0.40828694389035525,-0.9128536418554039,-1.7699250956729337e-05,1.38,6.43,37.52,Grassland,0.4027,0,0.418,0.417,0.388,0.396,0.4146666666666667,0.4038571428571428,0.0141428571428571,3228.4206778118514,2250.395613355117
BG_0180,938394,0,matched_pseudo_absence,Sikkim,28.02754060552233,88.58308884452249,2012-09-19,28.0_88.5,5487.123046875,29.12883165431201,0.8791284630448469,0.4765848775028486,-0.02169815610639,1.38,6.43,37.52,Bare / sparse vegetation,0.1216,0,0.418,0.417,0.388,0.396,0.4146666666666667,0.4038571428571428,0.0141428571428571,673.0061394823947,1285.9216428823645
BG_0181,938410,0,matched_pseudo_absence,Sikkim,27.68769213022747,88.41315462716798,2012-09-19,27.5_88.0,3935.689208984375,37.14846453268287,-0.8586766204727941,-0.5125177669636644,-0.0044002319436835,3.14,19.16,96.55,Tree cover,,1,0.432,0.431,0.374,0.39,0.4316666666666666,0.4315714285714285,0.0004285714285714,11947.349799953998,698.9203025961101
BG_0182,1050544,0,matched_pseudo_absence,Mizoram,24.29804176678693,92.88297216349704,2012-10-11,24.0_92.5,231.84832763671875,15.809600865596314,-0.2581714572274597,-0.9660991143112854,-0.0004950087996459,38.95,81.57000000000001,91.71,Tree cover,0.9091,0,0.425,0.426,0.429,0.428,0.4216666666666666,0.4202857142857142,0.0047142857142857,3331.419246020202,69.72057839552913
BG_0183,1050577,0,matched_pseudo_absence,Mizoram,23.184379154788395,93.2294807959908,2012-10-11,23.0_93.0,1247.659423828125,31.36271933184576,0.14052082743783362,0.9900777227350318,-0.0058190295627826,12.4,24.58,32.7,Tree cover,0.8717,0,0.428,0.429,0.426,0.426,0.4196666666666666,0.4118571428571429,0.016142857142857,326.1288249669764,2646.096596112832
BG_0184,1050525,0,matched_pseudo_absence,Mizoram,23.867355496047285,93.2080168392735,2012-11-11,23.5_93.0,1185.2669677734375,35.60070760993715,-0.6364739393285044,0.7712982072814998,-0.0075044260761451,0.0,0.23,35.19,Tree cover,0.8553000000000001,0,0.37,0.377,0.367,0.37,0.3823333333333333,0.3938571428571428,-0.0238571428571428,205.80483378701567,247.79897740288345
BG_0185,938377,0,matched_pseudo_absence,Sikkim,27.90924297429654,88.34511006028679,2013-04-14,27.5_88.0,4998.611328125,54.07834892805054,0.5793847673854221,-0.8150541646551721,0.0201967829035781,0.0,0.06,1.3,Bare / sparse vegetation,-0.0243,0,0.391,0.39,0.378,0.381,0.391,0.391,0.0,1524.0363551990986,1358.7577844245552
BG_0186,1050580,0,matched_pseudo_absence,Mizoram,23.67712385377633,92.7932707094394,2013-05-07,23.5_92.5,156.5,9.069530068380956,-1.0,-1.8369701987210297e-16,0.0154294600715714,45.24,137.72,254.51,Tree cover,0.6535000000000001,0,0.41,0.372,0.223,0.268,0.3826666666666667,0.3355714285714286,0.0744285714285714,1340.1714773492408,32.92511054276017
BG_0187,1048344,0,matched_pseudo_absence,Tripura,23.8677343922001,91.94457574174952,2013-05-08,23.5_91.5,308.04461669921875,26.43139915692836,0.1223825131922362,0.9924830076453461,-0.0003448944315945,50.09,144.31,244.95,Tree cover,,1,0.429,0.429,0.419,0.422,0.4276666666666666,0.4104285714285715,0.0185714285714285,5264.585331721217,5150.457116912169
BG_0188,1048341,0,matched_pseudo_absence,Tripura,24.38371014310428,92.12370734207175,2013-05-08,24.0_92.0,29.801841735839844,0.6140954777089608,-0.8293414869002552,0.558742067600135,0.002915943892724,51.14,137.57,274.73,Tree cover,,1,0.428,0.432,0.426,0.427,0.427,0.4197142857142856,0.0082857142857143,241.33143528307664,3688.866591503578
BG_0189,1050660,0,matched_pseudo_absence,Mizoram,22.994609332952336,92.61332161708764,2013-05-10,22.5_92.5,294.5466613769531,15.14546950952886,0.9516342260517041,-0.30723329866239113,-0.0160232048600563,19.15,65.62,292.11,Tree cover,,1,0.395,0.384,0.252,0.289,0.4103333333333334,0.3382857142857143,0.0567142857142856,812.6354394899179,1572.501924265963
BG_0190,1050594,0,matched_pseudo_absence,Mizoram,23.21218411004549,92.61588579603816,2013-05-11,23.0_92.5,333.56298828125,34.436343841640394,-0.7658335492606807,-0.6430388594997885,0.0076358749262908,8.29,48.62,215.76,Tree cover,0.7678,0,0.376,0.37,0.258,0.29,0.3946666666666666,0.3732857142857142,0.0027142857142857,1681.2481672372942,465.34132837925233
BG_0191,1048381,0,matched_pseudo_absence,Assam,26.98642659046624,93.93552450930136,2013-05-11,26.5_93.5,83.27898406982422,1.549675531221935,-0.9992143391435703,-0.03963211387092693,0.0017936199732726,10.15,29.69,57.95,Cropland,0.5509000000000001,0,0.423,0.407,0.416,0.415,0.4156666666666666,0.4238571428571428,-0.0008571428571428,91.06100302884016,604.4259867682356
BG_0192,1048368,0,matched_pseudo_absence,Assam,24.516018917527614,92.32033174596292,2013-05-11,24.5_92.0,22.91887283325196,0.6724609333593496,-0.9593480087508647,0.28222579277194143,-2.502899984995129e-06,49.79,137.75,297.87,Cropland,,1,0.425,0.419,0.435,0.431,0.425,0.426,-0.001,654.7002468469808,1100.5451572640593
BG_0193,1048413,0,matched_pseudo_absence,Assam,25.7014977151918,92.79087365512174,2013-05-11,25.5_92.5,228.8984375,5.88072581513392,-0.9826421634638376,-0.18551112792258206,-0.0065536535098308,40.88,111.85,215.53,Tree cover,0.6445000000000001,0,0.459,0.473,0.508,0.497,0.4746666666666666,0.4715714285714285,-0.0125714285714284,288.2445425246886,1107.7634681049444
BG_0194,1050783,0,matched_pseudo_absence,Manipur,24.657096039778395,93.62788397150052,2013-05-12,24.5_93.5,405.6280212402344,14.808195025232786,-0.3146000774893729,-0.9492243102890278,0.0023614162587474,9.17,44.120000000000005,110.65,Tree cover,0.7042,0,0.418,0.421,0.422,0.421,0.4243333333333333,0.4267142857142857,-0.0087142857142857,360.0837317809391,185.25441919316512
BG_0195,938449,0,matched_pseudo_absence,Sikkim,27.49728314149345,88.33867154454254,2013-06-08,27.0_88.0,2981.535400390625,16.92052689911801,0.8021027040222365,-0.597186111861467,-0.0027969202376973,12.73,20.19,43.88,Tree cover,,1,0.428,0.428,0.429,0.429,0.4276666666666666,0.4267142857142856,0.0012857142857143,9773.327206629285,216.575505436103
BG_0196,938453,0,matched_pseudo_absence,Sikkim,27.207651589119635,88.18556495644621,2013-06-27,27.0_88.0,2490.78955078125,26.71261442614517,0.9759930276965084,-0.21780176741202686,0.004086818723029,23.69,69.03999999999999,125.35,Tree cover,,1,0.422,0.422,0.431,0.429,0.4223333333333333,0.422,0.0,1666.1999029925794,832.2836444526242
BG_0197,1057781,0,matched_pseudo_absence,Manipur,24.678165470318525,94.4750567066873,2013-08-09,24.5_94.0,693.7125854492188,15.505501255759263,-0.4845746375756796,0.8747499189016246,-0.0002553905913712,0.67,9.44,76.73,Tree cover,,1,0.406,0.408,0.415,0.413,0.4113333333333333,0.4151428571428571,-0.0091428571428571,563.3993742136533,618.4450113064768
BG_0198,1057887,0,matched_pseudo_absence,Manipur,25.02575797860144,94.1463657546519,2013-08-15,25.0_94.0,849.0316162109375,9.016150224934451,0.678829288146566,-0.7342961238862877,0.0022076716093622,4.58,91.33,105.98,Cropland,,1,0.481,0.491,0.487,0.487,0.4866666666666666,0.484,-0.003,35.173925877445235,118.21918403527326
BG_0199,1050773,0,matched_pseudo_absence,Manipur,24.234320524788654,93.33803294235148,2013-08-17,24.0_93.0,623.9434204101562,35.14166033994002,0.681877448591471,0.7314664347066007,-0.0064775051482739,7.03,23.81,94.65,Tree cover,,1,0.425,0.426,0.427,0.427,0.4246666666666667,0.4227142857142857,0.0022857142857142,834.2446596666625,169.42329781226192
BG_0200,938247,0,matched_pseudo_absence,Sikkim,27.41923626271408,88.22919710573251,2013-09-01,27.0_88.0,3433.4384765625,23.69838377304622,0.9071607894384058,-0.4207841514428606,-0.0128524133806612,4.12,12.85,49.71999999999999,Tree cover,,1,0.428,0.428,0.427,0.428,0.426,0.4252857142857142,0.0027142857142857,4496.749538319712,1883.715349180725
BG_0201,1050798,0,matched_pseudo_absence,Manipur,24.810832575363065,94.28643540499738,2013-09-01,24.5_94.0,764.9216918945312,15.877635039561708,0.3372222393355521,-0.941425069401445,-0.002287107127944,5.48,7.91,51.010000000000005,Tree cover,0.8775000000000001,0,0.408,0.401,0.41,0.408,0.401,0.412,-0.004,3820.117026162199,9656.671074705877
BG_0202,1050780,0,matched_pseudo_absence,Manipur,24.718185231218456,94.29343844776,2013-09-01,24.5_94.0,1024.284912109375,24.232549689244205,0.4149397719873942,-0.9098488806516439,0.0052946022401641,4.64,6.289999999999999,46.49,Tree cover,0.864,0,0.416,0.41,0.41,0.41,0.4059999999999999,0.4145714285714286,0.0014285714285713,3744.0753597098847,7275.8123489795025
BG_0203,938260,0,matched_pseudo_absence,Sikkim,27.618074912025744,88.71888118067086,2013-09-01,27.5_88.5,2771.47119140625,39.44429141047856,0.29527130861378265,0.9554134467912331,0.0044222239182139,3.53,12.75,46.98,Tree cover,,1,0.427,0.429,0.428,0.428,0.4263333333333333,0.4272857142857142,-0.0002857142857142,2103.4972611469,178.669493020199
BG_0204,938450,0,matched_pseudo_absence,Sikkim,27.60821069982224,88.11234650666478,2013-09-07,27.5_88.0,7080.9453125,49.907280665685576,0.4207135545957647,-0.9071935322627672,-0.0054997823186536,6.16,35.379999999999995,75.32,Snow and ice,,1,0.434,0.436,0.374,0.391,0.434,0.4354285714285714,-0.0014285714285713,20498.802994080907,5503.685155005099
BG_0205,938437,0,matched_pseudo_absence,Sikkim,27.989316118399586,88.72360493853138,2013-09-08,27.5_88.5,5576.44677734375,32.01586632454074,0.42027558695726275,-0.9073965125609247,0.0118564845621168,1.06,6.460000000000001,21.94,Bare / sparse vegetation,0.0028,0,0.362,0.359,0.3,0.317,0.3666666666666667,0.375,-0.013,2688.8562079704257,4955.033684491084
BG_0206,1048555,0,matched_pseudo_absence,Assam,25.89298289714468,92.99374568602651,2013-10-06,25.5_92.5,91.43507385253906,2.489364129444938,-0.9709047406423498,-0.2394660405949274,-0.0041530592543082,23.23,66.65,73.68,Tree cover,0.8213,0,0.49,0.492,0.483,0.486,0.4826666666666666,0.4654285714285714,0.0245714285714285,592.611973455108,1307.6175178523988
BG_0207,1048374,0,matched_pseudo_absence,Assam,25.67657331281544,92.72537456670906,2013-10-06,25.5_92.5,485.1599426269531,7.103006982713425,-0.18089221683809964,0.9835029262220819,0.0017319745146783,48.65,137.06,151.31,Tree cover,0.8538,0,0.477,0.498,0.489,0.49,0.4816666666666666,0.4609999999999999,0.016,377.4562770288563,4322.061417735665
BG_0208,1048492,0,matched_pseudo_absence,Assam,26.46926019588729,90.20913174218929,2013-10-06,26.0_90.0,50.309844970703125,0.1552915161372147,0.5863803475833806,-0.8100358559767546,3.5076702375685094e-05,22.09,75.4,106.16,Cropland,,1,0.458,0.494,0.462,0.469,0.479,0.4599999999999999,-0.0019999999999999,251.5058344829309,1737.0273845471934
BG_0209,1057980,0,matched_pseudo_absence,Manipur,24.344116490235542,93.0870317525508,2013-10-13,24.0_93.0,237.0864715576172,19.421550053723,0.07979465178101813,-0.9968113229428858,0.0146702547861791,1.46,2.37,26.76,Tree cover,0.9054,0,0.419,0.419,0.402,0.407,0.392,0.3991428571428571,0.0198571428571428,1844.215110825763,590.6121185190892
BG_0210,1050217,0,matched_pseudo_absence,Assam,26.23936665358692,93.69912722827463,2014-05-09,26.0_93.5,533.2352294921875,8.313665273890352,-0.42736146281546245,-0.9040808482100636,-0.0021124744430813,30.51,80.4,104.36,Tree cover,,1,0.491,0.492,0.506,0.502,0.4793333333333333,0.4784285714285715,0.0125714285714285,7822.797694978984,2724.967595523001
BG_0211,1050273,0,matched_pseudo_absence,Assam,25.876387018541383,93.05128574313204,2014-05-10,25.5_93.0,112.8147430419922,3.087337129838568,-0.9770839150885112,0.2128544640718322,-0.0014268745441727,8.14,60.16,110.81,Tree cover,0.5288,0,0.466,0.463,0.314,0.356,0.4736666666666667,0.4621428571428572,0.0038571428571428,620.3861602640362,3642.0332285440895
BG_0212,938395,0,matched_pseudo_absence,Sikkim,27.974426115596284,88.64975813734323,2014-06-24,27.5_88.5,5389.73291015625,31.82953518895478,0.24512134459460252,-0.9694924065840507,-0.0062607560807233,5.57,16.69,29.14,Snow and ice,,1,0.417,0.421,0.42,0.42,0.418,0.4177142857142856,-0.0007142857142856,5354.176505223401,1790.5882508684251
BG_0213,1048416,0,matched_pseudo_absence,Assam,25.012586675944803,92.5520584839688,2014-06-26,25.0_92.5,89.33277893066406,10.718066495266887,-0.19163611801443103,-0.981466045399615,-0.0001237471265627,12.08,14.89,164.36,Tree cover,,1,0.47,0.482,0.477,0.477,0.4663333333333333,0.4725714285714285,-0.0025714285714285,721.3419137842102,2451.088009876897
BG_0214,1048421,0,matched_pseudo_absence,Assam,24.5009238388417,92.32731521457444,2014-06-26,24.5_92.0,27.63121032714844,1.8395900208456164,-0.8986625125449841,0.4386407283259686,0.0009872811630053,17.42,20.06,170.88,Cropland,,1,0.417,0.43,0.427,0.427,0.417,0.4215714285714286,-0.0045714285714286,496.0446468709199,179.9256375909763
BG_0215,1048440,0,matched_pseudo_absence,Assam,26.68714704176504,92.39540029548192,2014-06-26,26.5_92.0,81.43988037109375,3.563982262009364,-0.018189191866188247,0.9998345629649212,0.003190496118864,6.75,15.29,120.14,Cropland,,1,0.407,0.406,0.425,0.419,0.4083333333333332,0.4192857142857142,-0.0122857142857142,1192.562825267982,679.4986065277695
BG_0216,1048422,0,matched_pseudo_absence,Assam,26.29010800728956,93.40457993587911,2014-06-27,26.0_93.0,1052.9686279296875,20.505828553598,-0.20102356301871147,-0.9795864061486675,-0.0075409612606429,10.52,22.38,86.64,Tree cover,,1,0.489,0.492,0.473,0.478,0.4823333333333333,0.4805714285714285,0.0084285714285714,7624.727614662738,7456.358427250576
BG_0217,1048417,0,matched_pseudo_absence,Assam,26.68803935817568,91.93305173058113,2014-06-28,26.5_91.5,87.69487762451172,2.594582157449141,-0.24338991449797465,0.9699285280476436,0.0005537807386924,10.53,32.160000000000004,111.73,Cropland,,1,0.476,0.49,0.48,0.482,0.4816666666666666,0.4795714285714286,-0.0035714285714286,909.5735102892976,517.0488121875704
BG_0218,1050601,0,matched_pseudo_absence,Mizoram,22.84844877183769,92.9649982990129,2014-07-14,22.5_92.5,754.2005004882812,29.88257597100434,0.9944578833184052,-0.1051357137507378,-0.0146932396144827,0.83,2.62,19.669999999999995,Tree cover,,1,0.425,0.425,0.412,0.416,0.4223333333333333,0.4062857142857142,0.0187142857142857,957.2068057823584,928.728580469998
BG_0219,1050612,0,matched_pseudo_absence,Mizoram,22.51974345219015,93.0314211438648,2014-07-14,22.5_93.0,1500.2713623046875,28.954121657570045,0.9853786561106355,-0.17037870782934694,0.0071616859135376,1.43,2.03,22.75,Tree cover,,1,0.423,0.425,0.417,0.419,0.4213333333333333,0.4064285714285715,0.0165714285714285,89.2695438785687,2541.5636112166976
BG_0220,1050649,0,matched_pseudo_absence,Assam,27.317494935816686,95.56965193792624,2014-07-27,27.0_95.5,168.69601440429688,8.711305178450504,0.810444866524207,0.5858149181478398,0.0017886249803835,24.65,27.72,86.24000000000001,Tree cover,0.8460000000000001,0,0.474,0.487,0.51,0.503,0.4773333333333333,0.4782857142857142,-0.0042857142857142,1141.809478778127,2516.646564592291
BG_0221,1048384,0,matched_pseudo_absence,Tripura,23.22576755132243,91.4658815038142,2014-08-14,23.0_91.0,13.609100341796877,0.3510404601719168,-0.7594861368200885,-0.6505234876452178,-0.0001629033622658,78.43,168.09,193.89,Cropland,,1,0.459,0.481,0.51,0.5,0.4636666666666666,0.4691428571428572,-0.0101428571428571,964.8534416650692,1195.2027112657308
BG_0222,1048357,0,matched_pseudo_absence,Tripura,23.838762464757743,92.1781006061786,2014-08-14,23.5_92.0,104.03157043457033,7.332336799577391,0.3686114283298506,0.9295835706942261,0.0002990939412192,68.48,133.29000000000002,154.59,Tree cover,,1,0.404,0.397,0.387,0.39,0.3963333333333333,0.3941428571428572,0.0098571428571428,3463.470348065745,2593.507929265695
BG_0223,1048376,0,matched_pseudo_absence,Assam,26.5058521630086,90.6933035469236,2014-09-22,26.5_90.5,47.66538238525391,3.9750073284056575,0.9227987896786131,0.3852822261248069,0.0018640770327106,153.08,243.17,280.43,Grassland,,1,0.446,0.455,0.46,0.458,0.4526666666666667,0.4381428571428571,0.0078571428571428,215.9039751485676,64.03668299799261
BG_0224,1048375,0,matched_pseudo_absence,Assam,25.998911608227832,93.88151116482386,2014-09-22,25.5_93.5,139.47177124023438,1.0467452003081663,-0.9977505594529537,0.06703596878779292,0.0024828988267289,13.39,58.17,104.61,Cropland,0.8268000000000001,0,0.491,0.499,0.479,0.484,0.4903333333333333,0.4668571428571429,0.024142857142857,77.94714075265146,1831.8466896391208
BG_0225,1048444,0,matched_pseudo_absence,Assam,26.43484781523455,92.19634231072696,2014-09-22,26.0_92.0,51.5,0.0,,,0.0,66.92,129.68,201.46000000000004,Permanent water bodies,,1,0.48,0.499,0.496,0.496,0.4763333333333333,0.4672857142857142,0.0127142857142857,4585.157944244672,425.63426972659056
BG_0226,1048409,0,matched_pseudo_absence,Assam,27.22828281991648,94.96471640152512,2014-09-22,27.0_94.5,103.0096664428711,0.851135937906493,0.6025980682254463,0.7980448409525372,0.0003351228292612,15.21,56.33,70.16,Cropland,0.8425,0,0.475,0.495,0.476,0.48,0.4786666666666666,0.4688571428571428,0.0061428571428571,41.90057884969035,2674.720007601939
BG_0227,1048448,0,matched_pseudo_absence,Assam,27.442715519106432,95.51959231113668,2014-09-22,27.0_95.5,133.62350463867188,8.325671406923046,0.8971430854928087,-0.44174006401100063,-0.0006730520732519,27.21,62.68,70.02000000000001,Tree cover,0.5653,0,0.482,0.492,0.493,0.492,0.4793333333333333,0.471,0.011,127.67879759908156,10520.707635882767
BG_0228,1048491,0,matched_pseudo_absence,Assam,26.335415797353555,93.33692730162652,2014-09-22,26.0_93.0,339.2177734375,17.799699796200382,0.5565038241600718,-0.8308450479452928,0.0010737957400022,28.59,84.8,153.61,Tree cover,0.9104,0,0.496,0.504,0.489,0.492,0.4896666666666666,0.4797142857142857,0.0162857142857142,1632.7838595054088,414.27755969310095
BG_0229,1048479,0,matched_pseudo_absence,Assam,26.14580800428415,93.41978517881658,2014-09-22,26.0_93.0,583.5941162109375,13.99047621959378,-0.10900495438398344,-0.9940412063489852,-0.0003882447010313,16.74,67.36,122.51,Tree cover,,1,0.49,0.494,0.501,0.499,0.4906666666666666,0.4772857142857142,0.0127142857142857,4187.2451903405,390.7761219384889
BG_0230,1048431,0,matched_pseudo_absence,Assam,26.094110584938,90.7610629053801,2014-09-22,26.0_90.5,53.66447448730469,6.060769493575206,-0.9810926164211976,-0.19353882815551224,-0.008044463010373,150.34,238.57,283.20000000000005,Tree cover,,1,0.488,0.494,0.5,0.498,0.482,0.4822857142857142,0.0057142857142857,496.04867811199176,180.86558819716765
BG_0231,1048367,0,matched_pseudo_absence,Assam,26.09207317183287,90.41915699177828,2014-09-22,26.0_90.0,33.76995086669922,2.673578393373897,0.83013466558604,-0.5575629444218415,-6.420772306613024e-05,150.34,238.57,283.20000000000005,Cropland,,1,0.384,0.385,0.367,0.372,0.371,0.3357142857142857,0.0482857142857142,659.062524042187,5495.935622647563
BG_0232,1048429,0,matched_pseudo_absence,Assam,27.27717721244681,94.29504082773803,2014-09-23,27.0_94.0,90.19692993164062,0.3860322677617547,0.9673996945156458,0.2532544788370685,-0.0001733416052052,45.37,98.11,139.48999999999998,Cropland,,1,0.426,0.436,0.445,0.441,0.4313333333333333,0.4112857142857143,0.0147142857142856,680.382320505716,1711.8408025437832
BG_0233,1048411,0,matched_pseudo_absence,Assam,27.050618635018363,94.46608026546636,2014-09-23,27.0_94.0,89.65545654296875,0.8690244171214617,0.689002502790563,-0.7247589607230395,-0.0005893742403679,47.89,98.63,146.42000000000002,Bare / sparse vegetation,,1,0.495,0.499,0.483,0.487,0.4886666666666666,0.474,0.0209999999999999,4398.384917431427,1838.9555868499456
BG_0234,1050362,0,matched_pseudo_absence,Assam,26.57281757019824,93.2657267308044,2015-03-19,26.5_93.0,75.39852905273438,7.181783799945959,0.6156714017276909,-0.7880029981508068,0.0169741737263936,0.04,0.06,0.1,Tree cover,0.5442,0,0.292,0.3,0.316,0.311,0.2893333333333333,0.2884285714285714,0.0035714285714285,70.69221481376013,907.2871374105448
BG_0235,1050609,0,matched_pseudo_absence,Mizoram,22.3306560773743,92.99661090199533,2015-06-19,22.0_92.5,880.3652954101562,34.34136635277144,-0.9997495430751329,0.0223797033283091,-0.0202576486365759,8.18,9.22,35.48,Grassland,,1,0.401,0.389,0.263,0.299,0.3933333333333333,0.4002857142857143,0.0007142857142857,1014.1133821795466,1115.6421334278514
BG_0236,1051726,0,matched_pseudo_absence,Manipur,24.34348012513681,93.50775564831608,2015-06-19,24.0_93.5,922.5103149414062,13.400530003927615,-0.9928142388201815,0.11966573108414816,0.0007331422053167,1.69,3.84,23.360000000000003,Tree cover,,1,0.4,0.395,0.312,0.336,0.408,0.409,-0.0089999999999999,141.88182304482592,1494.0575119440534
BG_0237,1050650,0,matched_pseudo_absence,Assam,25.910890582898112,92.90285442771548,2015-07-21,25.5_92.5,71.07942962646484,1.99707377968626,0.34296481746441104,0.9393482495760574,0.0002909381342027,10.3,34.290000000000006,91.31,Cropland,,1,0.454,0.491,0.487,0.485,0.478,0.4715714285714286,-0.0175714285714286,578.6314774693033,64.35818110729826
BG_0238,1057821,0,matched_pseudo_absence,Manipur,25.30480540639589,93.9539526306467,2015-07-22,25.0_93.5,1799.5601806640625,36.61977130089469,-0.9656677409754373,-0.25978031880686375,-0.0072402612814423,10.3,41.39,117.9,Tree cover,,1,0.434,0.433,0.43,0.431,0.4326666666666667,0.4324285714285714,0.0015714285714285,3774.568011635396,1812.9621493994773
BG_0239,1057376,0,matched_pseudo_absence,Manipur,25.044594307617214,94.40725270497548,2015-07-22,25.0_94.0,1825.6488037109373,10.897791408302473,-0.9207280910180626,0.3902047954731389,0.0057333732290345,14.27,45.06,139.8,Tree cover,,1,0.426,0.427,0.427,0.427,0.4263333333333333,0.4274285714285714,-0.0014285714285713,553.0839919951248,1737.558925212189
BG_0240,1050671,0,matched_pseudo_absence,Assam,26.875874811291123,91.86884695527986,2015-07-22,26.5_91.5,291.8721923828125,2.8664928587518723,-0.9385620282213425,0.3451105897839706,-0.002546512965014,9.96,34.7,71.1,Tree cover,,1,0.376,0.376,0.366,0.369,0.3616666666666666,0.3468571428571428,0.0291428571428571,822.5745678741155,1174.944485065832
BG_0241,1057795,0,matched_pseudo_absence,Manipur,24.15365780882785,93.86565676958612,2015-07-22,24.0_93.5,882.6597290039062,16.32549153415934,-0.14093224513321703,-0.9900192433895973,0.0025338665218839,9.95,31.26,113.34000000000002,Tree cover,0.8456,0,0.489,0.496,0.483,0.486,0.489,0.4891428571428571,-0.0001428571428571,1468.9974839059237,1573.220493662256
BG_0242,1057403,0,matched_pseudo_absence,Manipur,24.64664001131817,93.41004010325578,2015-07-22,24.5_93.0,838.6014404296875,17.171644986803575,0.6650636718351525,-0.74678665789176,0.0066926816909283,19.73,51.03,171.72999999999996,Grassland,,1,0.428,0.429,0.427,0.428,0.4283333333333333,0.4277142857142856,0.0002857142857143,5128.996526791709,1965.3267316390145
BG_0243,1055274,0,matched_pseudo_absence,Manipur,24.525984944347016,93.25214322625956,2015-07-22,24.5_93.0,359.4218444824219,36.3331088056016,0.8874519375852871,0.4609002695552691,0.0032463125933998,19.73,51.03,171.72999999999996,Tree cover,,1,0.427,0.428,0.426,0.426,0.428,0.4274285714285714,-0.0004285714285714,11818.591749264351,742.6527546798252
BG_0244,1050805,0,matched_pseudo_absence,Manipur,24.592752248139217,93.47240198263474,2015-07-24,24.5_93.0,964.77978515625,38.59207949049361,0.8682606991244657,0.4961082123447405,0.0098149757724152,14.44,41.59,123.27,Tree cover,,1,0.429,0.429,0.427,0.428,0.428,0.4275714285714286,0.0014285714285713,270.9097021669029,961.234347286326
BG_0245,1048518,0,matched_pseudo_absence,Assam,26.429328411088413,91.83680474454177,2015-07-25,26.0_91.5,52.01890182495117,0.6380819232298175,-0.995044778629956,-0.09942780557400321,2.9742154438188567e-05,9.12,42.07,104.86,Cropland,,1,0.478,0.49,0.475,0.479,0.4786666666666666,0.4807142857142857,-0.0027142857142857,269.6871415125753,1346.889882601022
BG_0246,1057918,0,matched_pseudo_absence,Manipur,24.36109016536987,94.17406165201707,2015-07-31,24.0_94.0,1208.9862060546875,22.704134285372216,0.9985462507870612,0.05390162371490813,-0.0021506237459436,76.06,100.44,116.44,Tree cover,,1,0.429,0.429,0.428,0.428,0.4286666666666667,0.4277142857142856,0.0012857142857143,326.40561424282856,2908.7105222095483
BG_0247,1057912,0,matched_pseudo_absence,Manipur,24.91614733734401,93.561941693517,2015-07-31,24.5_93.5,456.5419006347656,38.67688438355383,-0.321546178583214,-0.9468938985116188,0.0093634333102799,83.47,99.45,116.24,Tree cover,0.8649,0,0.428,0.429,0.429,0.429,0.4253333333333333,0.4205714285714286,0.0074285714285713,301.76961973567154,387.1431790663729
BG_0248,1057368,0,matched_pseudo_absence,Manipur,24.48317198695572,93.22141842632068,2015-08-01,24.0_93.0,282.3643798828125,39.16294120822678,-0.3675175897564979,0.9300165704005356,-0.0103482930172584,13.23,101.21,122.2,Tree cover,0.8487,0,0.424,0.425,0.424,0.424,0.427,0.4205714285714285,0.0034285714285714,10095.27214988946,1374.4722682194304
BG_0249,1057951,0,matched_pseudo_absence,Manipur,25.13129861246513,94.68735998578823,2015-08-01,25.0_94.5,1955.551513671875,21.883027381364684,0.9732851885861417,0.22959952456143853,0.0009488669083812,4.9,104.34,121.77,Tree cover,,1,0.436,0.448,0.45,0.448,0.446,0.4455714285714286,-0.0095714285714286,12230.214058748754,9636.445007894792
BG_0250,1057769,0,matched_pseudo_absence,Manipur,24.9390151368065,93.66590096893168,2015-08-01,24.5_93.5,574.1153564453125,26.251888954013488,-0.9597336632649304,-0.28091154407762836,0.0044056150321183,11.75,108.36,125.59,Tree cover,,1,0.418,0.42,0.427,0.425,0.4246666666666667,0.4204285714285714,-0.0024285714285714,688.1696486959411,403.7723280350675
BG_0251,1057839,0,matched_pseudo_absence,Manipur,25.07857325326139,94.41322965203044,2015-08-01,25.0_94.0,1656.5570068359375,23.355251423875625,-0.9444157313181211,0.32875359532461185,0.0087810539273786,4.9,104.34,121.77,Tree cover,,1,0.42,0.423,0.426,0.425,0.4253333333333333,0.4247142857142857,-0.0047142857142857,3167.2541960038943,536.1518868596075
BG_0252,1057829,0,matched_pseudo_absence,Manipur,24.811404772808217,94.18654311951931,2015-08-01,24.5_94.0,1095.4814453125,28.963998451488603,0.8966345363359055,-0.44277139502196367,0.0023388553028828,4.9,104.34,121.77,Tree cover,,1,0.444,0.456,0.451,0.452,0.4506666666666667,0.4535714285714285,-0.0095714285714285,329.5075606163785,1316.6414506828105
BG_0253,1057940,0,matched_pseudo_absence,Manipur,24.61996108142638,94.11665916973736,2015-08-01,24.5_94.0,960.3447875976562,20.03030349753344,0.5834235586724376,-0.8121680559994888,0.0046949106896034,3.7,100.7,118.29,Grassland,,1,0.431,0.45,0.449,0.448,0.4453333333333333,0.4474285714285714,-0.0164285714285714,716.1877271229287,3238.637901245761
BG_0254,1057825,0,matched_pseudo_absence,Manipur,24.50692308155893,93.6124453731808,2015-08-01,24.5_93.5,775.3707275390625,21.88328786129223,-0.8067058070868319,-0.5909532475690299,1.8982915255751683e-05,8.7,110.35,129.76999999999998,Tree cover,0.9057,0,0.437,0.448,0.451,0.45,0.446,0.4492857142857143,-0.0122857142857143,2659.420655855167,464.7493493609567
BG_0255,1057865,0,matched_pseudo_absence,Manipur,25.47557315669677,94.45214618508216,2015-08-01,25.0_94.0,1121.7091064453125,26.216173999310204,-0.9999997243182078,0.0007425385568426932,0.0001574813611346,6.56,85.46,99.61,Tree cover,0.7545000000000001,0,0.488,0.482,0.485,0.485,0.4766666666666666,0.4765714285714285,0.0114285714285714,2195.268064104388,2858.1470315621264
BG_0256,1057888,0,matched_pseudo_absence,Manipur,24.45890126309209,93.03747072461516,2015-08-01,24.0_93.0,48.49211883544922,1.8830377493065749,-0.23873462018947125,0.9710848475406199,2.629455177118158e-05,13.23,101.21,122.2,Tree cover,0.7589,0,0.424,0.426,0.429,0.428,0.4263333333333333,0.4181428571428571,0.0058571428571428,1674.9111473699957,215.71435767528584
BG_0257,1057893,0,matched_pseudo_absence,Manipur,24.13448927010708,93.63886593859048,2015-08-01,24.0_93.5,877.8450927734375,11.0690128324532,-0.859984755826478,-0.5103197230619967,0.0006207622368823,5.31,82.66,101.37,Tree cover,,1,0.424,0.425,0.427,0.426,0.427,0.4257142857142857,-0.0017142857142857,915.6605871351352,34.171052762080826
BG_0258,1057815,0,matched_pseudo_absence,Manipur,25.266288786266475,94.44544909492596,2015-08-01,25.0_94.0,1256.280029296875,28.062939017018586,0.7354316099745041,-0.6775989573857895,-0.014166160086918,6.56,85.46,99.61,Grassland,0.8542000000000001,0,0.47,0.475,0.478,0.477,0.474,0.4812857142857142,-0.0112857142857142,953.5041845890196,2685.866931129957
BG_0259,1057810,0,matched_pseudo_absence,Manipur,24.596635912982503,93.74700797653004,2015-08-01,24.5_93.5,791.2673950195312,3.928303205794874,0.16930018130957894,0.9855645329497931,0.0019706549893655,8.7,110.35,129.76999999999998,Cropland,,1,0.459,0.45,0.444,0.447,0.46,0.4568571428571428,0.0021428571428571,334.039320553988,314.73301241147976
BG_0260,1057780,0,matched_pseudo_absence,Manipur,24.27443370097582,94.170484171936,2015-08-01,24.0_94.0,638.0738525390625,23.6971307423109,0.6122824215674261,0.7906391314876394,0.0073559054075974,3.7,100.7,118.29,Tree cover,,1,0.424,0.425,0.422,0.423,0.427,0.4278571428571428,-0.0038571428571428,2886.954191032923,4282.608463411616
BG_0261,1057923,0,matched_pseudo_absence,Manipur,24.362541898618908,93.75858498765464,2015-08-01,24.0_93.5,999.2704467773438,25.97974008823699,0.8776983375331164,0.4792135518655577,-0.0080820255815641,8.7,110.35,129.76999999999998,Tree cover,,1,0.417,0.424,0.413,0.415,0.4256666666666666,0.4238571428571429,-0.0068571428571428,1067.8882757885076,111.11336363011624
BG_0262,1057820,0,matched_pseudo_absence,Manipur,24.667403476541807,94.29853252605372,2015-08-01,24.5_94.0,1101.5196533203125,29.134464182886163,0.6148154162115513,-0.7886710366107132,-0.0045259522877181,3.7,100.7,118.29,Tree cover,,1,0.422,0.424,0.423,0.423,0.4266666666666667,0.4271428571428571,-0.0051428571428571,713.8034173274715,3489.4915284454337
BG_0263,1050841,0,matched_pseudo_absence,Manipur,24.4081595251864,93.91792768027072,2015-08-11,24.0_93.5,802.4376831054688,10.597718149924091,0.9494416392136465,-0.31394358366958836,-0.0013165057572926,1.62,29.540000000000003,76.66,Cropland,,1,0.447,0.457,0.447,0.449,0.4546666666666667,0.4594285714285714,-0.0124285714285714,279.54404448220646,7115.939214252285
BG_0264,1050762,0,matched_pseudo_absence,Manipur,24.704744629583,94.40513780957414,2015-08-11,24.5_94.0,489.6961364746094,16.146777815516078,-0.9572524043842815,0.2892539270269497,-0.0048366444019943,0.72,21.8,67.8,Tree cover,,1,0.414,0.417,0.425,0.423,0.4206666666666667,0.4227142857142857,-0.0087142857142857,1748.2858375974315,3540.665842914518
BG_0265,1050771,0,matched_pseudo_absence,Manipur,24.356674801724623,93.78959976041972,2015-08-11,24.0_93.5,936.4567260742188,36.247137681134376,0.9978948101845536,0.06485327907464507,-0.0020866548383803,1.62,29.540000000000003,76.66,Tree cover,0.9013,0,0.397,0.409,0.399,0.401,0.412,0.4172857142857143,-0.0202857142857142,1269.3790923504482,519.3049271519343
BG_0266,1048527,0,matched_pseudo_absence,Assam,26.15922109860999,92.1117224295734,2015-08-22,26.0_92.0,48.79498672485352,2.054737977485561,0.9541448262592359,-0.2993453699704281,0.000312533679551,4.42,70.45,153.52999999999997,Cropland,,1,0.483,0.494,0.487,0.489,0.486,0.484,-0.001,670.3392842983741,34.359473160996544
BG_0267,1050683,0,matched_pseudo_absence,Mizoram,23.59546607688925,92.55177999314128,2015-08-26,23.5_92.5,676.213134765625,28.47657804281556,-0.9024107245770947,0.430876878201004,0.010822909452351,2.74,4.43,57.96999999999999,Tree cover,,1,0.418,0.42,0.419,0.419,0.4166666666666667,0.4188571428571429,-0.0008571428571428,4174.500698869112,3474.287293559231
BG_0268,1050618,0,matched_pseudo_absence,Mizoram,23.37193253871399,93.28776788208066,2015-08-26,23.0_93.0,1282.9874267578125,27.661308772609363,0.3581819028533393,0.9336518218631403,-0.0038609172975372,2.27,5.33,41.57,Grassland,,1,0.421,0.423,0.421,0.422,0.4183333333333333,0.4209999999999999,5.551115123125783e-17,116.11602372694963,2763.5048124786226
BG_0269,1050578,0,matched_pseudo_absence,Mizoram,24.12364218187452,92.37794222926604,2015-08-27,24.0_92.0,100.78966522216795,10.948987853449331,-0.4444125467603398,-0.8958222414530623,8.204898437629699e-05,5.48,9.52,37.7,Tree cover,,1,0.41,0.413,0.415,0.414,0.4143333333333333,0.4162857142857142,-0.0062857142857142,778.458823277316,4780.124537869931
BG_0270,1050677,0,matched_pseudo_absence,Mizoram,24.382994155711508,92.77285375377738,2015-08-27,24.0_92.5,86.51351165771484,21.214830073325192,0.9958053770591693,0.09149672682695138,0.0041379617423361,10.68,16.36,45.78,Tree cover,,1,0.416,0.418,0.421,0.42,0.4163333333333333,0.4197142857142856,-0.0037142857142856,673.5832632506493,484.5941274704066
BG_0271,1050606,0,matched_pseudo_absence,Mizoram,23.10511957581938,92.51880194626597,2015-08-27,23.0_92.5,500.5083312988281,30.264164701124155,0.6293313754309264,-0.7771370663520164,0.0025924071895859,3.99,8.68,41.290000000000006,Tree cover,,1,0.407,0.406,0.407,0.407,0.4066666666666667,0.414,-0.007,5061.090773970996,2510.234870492553
BG_0272,1050624,0,matched_pseudo_absence,Mizoram,23.98299790687944,93.02343097631766,2015-08-28,23.5_93.0,884.021240234375,22.876387601249107,-0.634017216477427,-0.7733189311081266,0.0101740677862744,5.13,16.97,38.58,Tree cover,,1,0.409,0.413,0.424,0.421,0.418,0.4192857142857143,-0.0102857142857143,1165.1250007492058,2620.015442187924
BG_0273,1048364,0,matched_pseudo_absence,Assam,24.561414895989834,92.58718490683394,2015-09-01,24.5_92.5,24.01484107971192,2.72608528340043,-0.986262798131753,-0.165183815857744,0.0013449987890336,25.2,138.45999999999998,167.46999999999997,Tree cover,,1,0.431,0.433,0.431,0.431,0.4156666666666666,0.4111428571428571,0.0198571428571429,10.577350480431395,195.93827639889585
BG_0274,1048385,0,matched_pseudo_absence,Assam,26.112874734024352,89.80246020594117,2015-09-01,26.0_89.5,34.1256103515625,5.638604532844666,0.3454019854821509,0.938454830252894,-0.0004897782097376,14.14,93.32,132.34,Tree cover,,1,0.426,0.43,0.434,0.433,0.425,0.4222857142857142,0.0037142857142857,12.13418431694633,1095.214589588102
BG_0275,1048363,0,matched_pseudo_absence,Assam,26.49423648245945,92.41103954769414,2015-09-01,26.0_92.0,57.05495071411133,1.121909691171385,-0.9761362370631559,0.2171590354836344,-0.0011836532560961,4.99,69.01,135.22000000000003,Permanent water bodies,0.3153,0,0.489,0.491,0.483,0.485,0.4883333333333333,0.4811428571428572,0.0078571428571427,1512.398855262525,922.9569634085508
BG_0276,1050597,0,matched_pseudo_absence,Mizoram,23.01595106489595,92.5406490577373,2015-09-14,23.0_92.5,508.419677734375,12.135110289854511,0.6330925248325472,-0.7740761299776338,0.0038689825709839,9.04,53.58,99.59,Tree cover,,1,0.422,0.422,0.409,0.412,0.418,0.4088571428571428,0.0131428571428571,4197.61253968647,3967.604104534703
BG_0277,1050596,0,matched_pseudo_absence,Mizoram,22.16206489626773,93.04042473778304,2015-09-14,22.0_93.0,464.85784912109375,14.602921639390363,0.3319411947007103,-0.9433000812364352,-0.0059865632070346,0.83,30.65,62.83,Tree cover,0.9044,0,0.421,0.423,0.425,0.425,0.4216666666666666,0.4208571428571428,0.0001428571428571,2705.66204678291,274.53938578644164
BG_0278,1048373,0,matched_pseudo_absence,Assam,26.082007860246108,93.02286591872308,2015-09-23,26.0_93.0,77.5118637084961,0.3245599646870644,0.8882361608053397,-0.459387116316719,4.583352860816092e-05,17.47,36.33,62.7,Cropland,0.7291000000000001,0,0.482,0.491,0.467,0.473,0.4823333333333333,0.4715714285714285,0.0104285714285714,291.2769655850803,383.6702826267551
BG_0279,1050120,0,matched_pseudo_absence,Assam,25.93936185364052,92.16594918742302,2016-05-18,25.5_92.0,688.277099609375,25.80782456375362,-0.779058581750959,-0.6269511354166163,-0.0125217405550404,18.72,140.36,195.74,Tree cover,,1,0.467,0.493,0.489,0.488,0.4733333333333334,0.4765714285714285,-0.0095714285714285,1959.3850660139567,705.2812896425565
BG_0280,1050474,0,matched_pseudo_absence,Assam,26.54581163621021,94.33018756742985,2016-05-18,26.5_94.0,240.2059936523437,9.653165950497336,0.4397531996125215,0.8981186577677528,-0.0048971735478964,25.38,77.02,128.68,Tree cover,0.8198000000000001,0,0.484,0.464,0.498,0.49,0.4673333333333333,0.4681428571428571,0.0158571428571429,3175.4915722127703,5047.460679773595
BG_0281,1050501,0,matched_pseudo_absence,Assam,26.955923677793034,94.57385732650908,2016-05-18,26.5_94.5,90.46134185791016,1.7350382850802282,-0.9780860374586178,0.20820111269755356,0.0001294180714234,24.21,77.82,126.75,Cropland,0.5011,0,0.477,0.492,0.484,0.486,0.4786666666666666,0.4757142857142857,0.0012857142857142,110.18007445448085,836.9032863296629
BG_0282,1050604,0,matched_pseudo_absence,Assam,26.803286194895552,92.63463740869734,2016-05-18,26.5_92.5,90.5669937133789,0.7076623303113125,-0.9926006427000957,0.12142472611192869,0.000126373666121,32.23,106.73,150.82999999999998,Cropland,0.4666,0,0.427,0.429,0.438,0.435,0.43,0.423,0.0039999999999999,875.9176366202253,1317.1616405017048
BG_0283,1050605,0,matched_pseudo_absence,Assam,25.1077803260968,93.13011029492374,2016-05-18,25.0_93.0,880.1453247070312,18.17170571803392,0.6908795597660747,0.7229698706705797,-0.0057838989766026,68.15,195.05,237.72,Tree cover,0.8334,0,0.461,0.466,0.464,0.464,0.4576666666666666,0.4485714285714285,0.0124285714285714,2415.841625378172,669.801252433563
BG_0284,1050608,0,matched_pseudo_absence,Assam,25.368190345547426,93.1455524699499,2016-05-18,25.0_93.0,310.1614074707031,11.86208521330254,0.1792206593773882,0.9838089017956354,-0.0036416010328948,53.96,153.93,183.38,Tree cover,0.6558,0,0.462,0.447,0.498,0.484,0.4466666666666667,0.4671428571428571,-0.0051428571428571,223.6852072258747,2861.852361661652
BG_0285,1050541,0,matched_pseudo_absence,Assam,26.67108221430697,90.20457203557152,2016-05-18,26.5_90.0,115.69623565673828,0.446373468394671,-0.4541093145845044,0.8909459750218257,-0.0004749531030362,25.22,84.6,147.45999999999998,Tree cover,,1,0.343,0.343,0.304,0.315,0.3463333333333334,0.3227142857142858,0.0202857142857142,883.4515962876472,478.442198591357
BG_0286,1050561,0,matched_pseudo_absence,Assam,26.447491639270027,91.63540436297905,2016-05-19,26.0_91.5,52.59348678588867,0.1463624713878072,0.9993026562367106,-0.03733900424830316,8.084253589434185e-05,4.11,84.38,211.47,Grassland,,1,0.476,0.472,0.455,0.46,0.4736666666666667,0.4771428571428571,-0.0011428571428571,166.30365149802012,753.2424115105157
BG_0287,1050602,0,matched_pseudo_absence,Mizoram,22.050453843273225,92.67152577426548,2016-05-21,22.0_92.5,188.4233856201172,14.17594073617818,0.7145323822548441,-0.6996023689991462,0.0048672117570069,115.23,235.71,257.42,Tree cover,0.7391000000000001,0,0.419,0.408,0.221,0.274,0.4046666666666667,0.2785714285714286,0.1404285714285714,1472.4157579396742,1982.176498323854
BG_0288,1048435,0,matched_pseudo_absence,Assam,26.58130983253997,90.17280080960484,2016-06-22,26.5_90.0,69.47714233398438,0.7417120942514108,-0.8996019687501009,-0.43671077135896536,0.0001112412355399,33.38,98.44,144.61,Cropland,,1,0.496,0.496,0.516,0.511,0.4836666666666667,0.4828571428571428,0.0131428571428571,205.00116931895545,1005.0144657790628
BG_0289,1048437,0,matched_pseudo_absence,Assam,26.46648142059043,90.60085125327032,2016-06-22,26.0_90.5,52.62632369995117,7.533766416749362,0.8799779709228872,-0.47501449524244854,0.0014313990170725,17.55,49.13,107.97,Tree cover,,1,0.478,0.491,0.487,0.487,0.4823333333333333,0.4740000000000001,0.0039999999999998,1855.3960747762253,1092.387987503481
BG_0290,1048340,0,matched_pseudo_absence,Assam,26.456977184490352,93.2831225344648,2016-07-07,26.0_93.0,621.0897827148438,34.98222259809049,0.06996742701318143,0.9975492765558778,0.0045135558216394,4.06,10.16,75.49,Tree cover,,1,0.483,0.479,0.487,0.485,0.4756666666666667,0.4781428571428572,0.0048571428571427,5121.363556249808,6840.916521405436
BG_0291,1048473,0,matched_pseudo_absence,Assam,26.166892117808715,93.32531655388736,2016-07-07,26.0_93.0,512.1964111328125,20.268105459592213,-0.9009966664508386,0.4338260101059826,0.0016912842042028,5.82,11.4,61.25000000000001,Tree cover,,1,0.478,0.481,0.48,0.48,0.4806666666666666,0.4834285714285714,-0.0054285714285714,13300.179157939669,7627.404054079554
BG_0292,1057911,0,matched_pseudo_absence,Manipur,25.0403620899617,93.67668094573358,2016-07-07,25.0_93.5,1484.799072265625,11.490262841172887,0.9556542727402682,-0.2944909353329388,-0.0026060604507748,10.6,24.85,82.34,Tree cover,,1,0.419,0.421,0.437,0.432,0.4246666666666667,0.4325714285714285,-0.0135714285714285,157.4670328543335,1994.2739854070164
BG_0293,938407,0,matched_pseudo_absence,Sikkim,27.198509578839666,88.23978715808354,2016-07-09,27.0_88.0,1636.2198486328125,25.87443161684721,-0.8810357979512355,-0.4730495985923988,0.0044708275653493,14.4,25.56,90.24,Tree cover,,1,0.416,0.413,0.413,0.413,0.4136666666666666,0.4195714285714285,-0.0035714285714285,388.7173032025206,1397.8148074184182
BG_0294,1048423,0,matched_pseudo_absence,Assam,26.290438983967192,92.14404468641672,2016-07-14,26.0_92.0,52.05352020263672,1.4885162299101204,-0.39915373786996433,-0.9168840131360323,0.0009767599029133,1.01,4.3500000000000005,22.68,Cropland,,1,0.479,0.495,0.492,0.492,0.4866666666666666,0.4791428571428571,-0.0001428571428571,66.37547798514385,2562.088210849623
BG_0295,1048467,0,matched_pseudo_absence,Assam,24.60659328090889,92.8025840882946,2016-07-14,24.5_92.5,60.09050369262695,10.836109459141651,-0.667488321613614,0.7446202659808828,0.0073706691658557,10.45,37.86,119.03,Tree cover,,1,0.418,0.415,0.39,0.397,0.4163333333333333,0.4169999999999999,0.001,606.8570175190653,2270.317991667769
BG_0296,1048557,0,matched_pseudo_absence,Assam,26.751662669773435,90.25336765939856,2016-07-14,26.5_90.0,192.82276916503903,1.265234987855412,-0.8434523244544643,-0.5372040360722927,-0.0008889328794498,7.13,13.81,41.510000000000005,Tree cover,,1,0.391,0.391,0.365,0.372,0.376,0.3734285714285714,0.0175714285714286,4613.60879541326,2173.1931921018127
BG_0297,1048458,0,matched_pseudo_absence,Assam,26.26109381665828,89.86469574068377,2016-07-20,26.0_89.5,37.108055114746094,1.5241867171998564,0.5564025908401464,-0.8309128455538358,-0.00089110936569,16.69,56.53,170.53,Tree cover,,1,0.423,0.432,0.43,0.43,0.4256666666666666,0.4237142857142857,-0.0007142857142857,1266.1352629493813,345.2597570643733
BG_0298,1048430,0,matched_pseudo_absence,Assam,26.48326275577616,93.18455783162504,2016-07-20,26.0_93.0,181.7343139648437,17.019369031943103,0.4107218886007462,0.9117606759584646,-0.0068869523609784,11.29,24.92,80.41,Tree cover,,1,0.499,0.492,0.483,0.486,0.4843333333333333,0.4864285714285715,0.0125714285714285,304.9069450536816,6082.872307983041
BG_0299,1057863,0,matched_pseudo_absence,Manipur,24.407830165003816,93.12346126143896,2016-07-25,24.0_93.0,438.5079650878906,6.80433410732524,-0.4339201680968379,0.9009513237233252,0.0098076079231006,20.72,42.97,77.78999999999999,Tree cover,,1,0.426,0.427,0.428,0.428,0.426,0.4224285714285715,0.0035714285714285,2698.1055618574023,412.87451259283984
BG_0300,1050761,0,matched_pseudo_absence,Mizoram,23.925678671806413,92.8768910881524,2016-07-28,23.5_92.5,405.3824462890625,36.13282434685152,0.33169790248491143,0.9433856589365296,-0.0164282819260023,6.67,23.25,64.88,Tree cover,0.9132,0,0.411,0.412,0.416,0.415,0.4143333333333333,0.4141428571428571,-0.0031428571428571,1763.3724905440065,1378.4353904380553
BG_0301,1050763,0,matched_pseudo_absence,Mizoram,23.59845781441231,93.40364455149444,2016-07-28,23.5_93.0,1458.1717529296875,13.279259609413096,-0.4585949461374432,0.8886454159996525,-0.0044123166687181,7.01,19.12,53.21999999999999,Tree cover,0.8096,0,0.414,0.415,0.423,0.421,0.4186666666666667,0.4161428571428572,-0.0021428571428572,64.70951941574002,606.3188036655616
BG_0302,938250,0,matched_pseudo_absence,Sikkim,27.793200391101387,88.42145192291542,2016-07-30,27.5_88.0,4472.81494140625,39.91531218737909,-0.871194378390768,0.4909382395580155,-0.0010733727352394,4.85,15.59,79.96000000000001,Moss and lichen,0.7217,0,0.393,0.387,0.274,0.306,0.3903333333333333,0.3922857142857143,0.0007142857142857,10279.07852634847,687.9911553302965
BG_0303,938383,0,matched_pseudo_absence,Sikkim,27.750891104147875,88.72091748134918,2016-08-16,27.5_88.5,3680.111572265625,30.39877926112187,0.9975332359036884,0.07019574963996365,0.0152946364619298,9.58,16.27,35.11,Bare / sparse vegetation,0.1072,0,0.424,0.425,0.424,0.424,0.4243333333333333,0.4235714285714285,0.0004285714285714,549.2799810929021,467.351649812985
BG_0304,1050651,0,matched_pseudo_absence,Assam,27.380674023826018,95.35379906751731,2016-08-31,27.0_95.0,129.6221923828125,11.638955628834196,-0.44795157439592104,-0.8940578208349925,-0.0008374294870769,23.09,56.88,80.43,Tree cover,,1,0.488,0.496,0.472,0.478,0.4756666666666667,0.4632857142857142,0.0247142857142857,96.715420161607,1091.893424487106
BG_0305,1050626,0,matched_pseudo_absence,Assam,26.571892382199245,91.28222200831657,2016-09-01,26.5_91.0,54.54584884643555,2.0737368767999738,0.9518471152683016,-0.3065731057275125,0.0017211861036579,3.78,18.6,28.24,Tree cover,,1,0.424,0.422,0.37,0.384,0.42,0.4049999999999999,0.019,663.29682683267,5709.808073756145
BG_0306,1050633,0,matched_pseudo_absence,Mizoram,22.264123334737263,92.90654429766592,2016-09-17,22.0_92.5,503.5330505371094,15.156812152265962,0.16044619974962307,-0.9870445871316574,0.0058276738881407,17.21,29.24,58.54,Tree cover,0.9225,0,0.421,0.424,0.425,0.424,0.4216666666666666,0.4177142857142857,0.0032857142857142,806.7955516277767,893.8451811870319
BG_0307,938303,0,matched_pseudo_absence,Sikkim,27.639316180020685,88.28803422062064,2016-10-12,27.5_88.0,4122.4580078125,45.20000788968617,0.6321528500699072,0.7748437094979177,0.0067177185103077,14.2,33.71,54.64,Snow and ice,,1,0.424,0.425,0.412,0.415,0.427,0.4241428571428571,-0.0001428571428571,13866.624689606217,2384.546500332708
BG_0308,938327,0,matched_pseudo_absence,Sikkim,27.835728718934696,88.61072874245421,2016-10-15,27.5_88.5,4865.58056640625,28.066234325206512,-0.45577057750253097,-0.8900972872012415,-0.0011945064558485,0.08,9.26,29.03,Bare / sparse vegetation,,1,0.421,0.421,0.409,0.413,0.4213333333333333,0.4217142857142857,-0.0007142857142857,5871.4551199764,3725.578713355029
BG_0309,938398,0,matched_pseudo_absence,Sikkim,27.96365572583834,88.56213622391095,2016-10-15,27.5_88.5,5022.08251953125,29.66051542379519,0.7367620425093674,-0.6761521224675887,-0.0124950118671301,0.08,9.26,29.03,Moss and lichen,,1,0.41,0.41,0.406,0.407,0.408,0.4085714285714285,0.0014285714285714,1459.1288892690702,1608.156593521743
BG_0310,1052234,0,matched_pseudo_absence,Manipur,25.36692739189463,93.97045537842654,2017-03-30,25.0_93.5,1479.4964599609375,21.11723343616172,-0.9161855503315945,0.400754335427071,-0.0009188659920189,54.05,58.03,62.08,Tree cover,,1,0.428,0.427,0.338,0.363,0.4096666666666667,0.3915714285714285,0.0364285714285714,1304.7137028948289,1507.0631932162282
BG_0311,1050744,0,matched_pseudo_absence,Assam,26.348346810236364,93.75206304840052,2017-04-04,26.0_93.5,178.55520629882812,4.941850789881711,-0.32824823916458135,-0.9445914955605687,0.0061074835494159,11.73,44.150000000000006,101.22,Tree cover,0.5884,0,0.473,0.49,0.494,0.492,0.4786666666666666,0.4795714285714286,-0.0065714285714286,370.8256432637677,267.8704628801663
BG_0312,1050718,0,matched_pseudo_absence,Assam,26.58698096148023,92.33108860724616,2017-04-04,26.5_92.0,65.4765625,2.231714324415864,-0.4840079546543247,0.8750635975923905,-0.0005278063057957,9.32,56.99,107.88,Tree cover,,1,0.468,0.492,0.492,0.491,0.4786666666666666,0.4732857142857143,-0.0052857142857142,1403.740927947685,617.1400615049633
BG_0313,1050682,0,matched_pseudo_absence,Assam,26.54161980271854,92.84579377839032,2017-04-04,26.5_92.5,65.2740478515625,4.22130144082306,-0.9998882598036066,0.01494884299587258,0.0001127814585382,11.54,42.24,97.41,Cropland,0.4855,0,0.486,0.49,0.515,0.508,0.4763333333333333,0.4708571428571429,0.015142857142857,149.75230102693556,5455.268510042459
BG_0314,1050642,0,matched_pseudo_absence,Assam,25.99350158687292,92.4765479886545,2017-04-04,25.5_92.0,530.25,22.102345076806788,0.8168889106366884,-0.5767950309068243,-0.0021986042758937,12.62,70.0,156.2,Tree cover,0.5818,0,0.48,0.492,0.443,0.456,0.477,0.48,0.0,1442.3641896905146,1515.3148220973076
BG_0315,1050702,0,matched_pseudo_absence,Assam,26.462981142084946,90.98786015944232,2017-04-04,26.0_90.5,46.01383590698242,3.688533398157024,-0.2712060724537484,-0.962521306914404,-2.6570242994576512e-05,11.52,103.55,164.97,Tree cover,,1,0.41,0.416,0.331,0.354,0.423,0.4029999999999999,0.007,363.2860869615895,1331.9150523756296
BG_0316,1048497,0,matched_pseudo_absence,Assam,27.437604373314947,94.33814172842524,2017-04-05,27.0_94.0,102.73931884765624,7.894620379729728,-0.4369023324932385,0.8995089504068138,-0.0022976845311326,0.0,13.5,87.65999999999998,Tree cover,0.6053000000000001,0,0.391,0.407,0.424,0.418,0.413,0.4111428571428571,-0.020142857142857,138.9876003702863,2290.0956004047043
BG_0317,1050579,0,matched_pseudo_absence,Mizoram,23.39027810596018,92.6939235760304,2017-04-25,23.0_92.5,802.6927490234375,16.77654138577945,-0.46076616338317095,-0.8875215730792987,-0.010310711140543,24.59,115.44,339.23999999999995,Tree cover,,1,0.4,0.392,0.259,0.297,0.4093333333333333,0.3218571428571429,0.0781428571428571,3104.903016163975,1628.794286051058
BG_0318,1050588,0,matched_pseudo_absence,Assam,26.496414418908792,92.12611372278376,2017-04-29,26.0_92.0,60.59627532958984,3.297898777665767,0.9719783012256388,-0.23507058928441363,-0.0011612827023266,14.98,31.02,63.23,Built-up,,1,0.49,0.491,0.496,0.494,0.485,0.479,0.011,442.84284518641016,336.57205435510906
BG_0319,1050720,0,matched_pseudo_absence,Assam,25.33560342654713,93.3491099018863,2017-04-29,25.0_93.0,780.1513061523438,11.756843857251637,0.01672604203600196,-0.9998601099742953,4.22136055036452e-05,2.95,31.53,80.87,Tree cover,0.791,0,0.437,0.445,0.493,0.479,0.443,0.4584285714285714,-0.0214285714285714,916.6063516144252,1361.6033036455867
BG_0320,938411,0,matched_pseudo_absence,Sikkim,27.602361870653528,88.70537559602869,2017-05-26,27.5_88.5,3650.3701171875,39.39791971659429,-0.9761343779611706,0.21716739203287053,0.0267175532051654,5.8,13.37,46.06,Tree cover,,1,0.426,0.427,0.428,0.428,0.425,0.4252857142857142,0.0007142857142857,2650.4185952808903,1556.1125016820445
BG_0321,1050593,0,matched_pseudo_absence,Mizoram,23.22801311858899,92.86395372276594,2017-06-01,23.0_92.5,420.6256408691406,5.414972522985432,0.8626950346165612,-0.5057245072645089,0.0045466773113998,41.07,97.29,130.66,Tree cover,0.8331000000000001,0,0.419,0.414,0.338,0.359,0.4226666666666667,0.3712857142857143,0.0477142857142856,775.001119593207,1326.5382282970882
BG_0322,1050197,0,matched_pseudo_absence,Assam,25.941094561158405,93.8329883659199,2017-06-02,25.5_93.5,144.19114685058594,0.2244391529351586,-0.7987680814271376,0.601639054660857,0.0016818671940848,10.7,38.67999999999999,104.43,Cropland,0.6405000000000001,0,0.452,0.458,0.51,0.495,0.4746666666666666,0.4827142857142857,-0.0307142857142856,82.6624733506446,3741.403146832327
BG_0323,1048532,0,matched_pseudo_absence,Tripura,24.152540087256348,92.0097985232053,2017-06-03,24.0_92.0,32.0671272277832,0.3543369127440556,0.9974231157114404,-0.07174348921318734,0.0004139046153499,44.23,162.15,258.7,Cropland,,1,0.417,0.416,0.427,0.424,0.42,0.4097142857142857,0.0072857142857142,1087.8287243637508,759.5354925203775
BG_0324,1048504,0,matched_pseudo_absence,Tripura,23.57549184540994,91.58232315311056,2017-06-03,23.5_91.5,69.83211517333984,6.5570590892588685,-0.9657281583289249,0.2595556283547384,0.0149707977286457,48.54,212.14,342.94,Tree cover,,1,0.432,0.43,0.431,0.431,0.4313333333333333,0.4198571428571429,0.0121428571428571,5274.699933805408,3536.467755707616
BG_0325,1048488,0,matched_pseudo_absence,Tripura,24.13841614414567,92.25977896912492,2017-06-03,24.0_92.0,204.29380798339844,21.392002596059967,-0.9106410535966626,0.4131983440242231,-0.0100430823438108,71.92,168.0,261.33000000000004,Tree cover,,1,0.416,0.416,0.411,0.412,0.4196666666666666,0.4101428571428571,0.0058571428571428,1208.6588498975168,6707.660943317947
BG_0326,1050666,0,matched_pseudo_absence,Assam,26.088891587874336,90.95648460301014,2017-06-04,26.0_90.5,39.7092399597168,0.2069264136663016,0.27682491094545864,-0.9609203758272788,0.0006760494007941,8.85,64.69,112.72,Cropland,,1,0.48,0.467,0.51,0.499,0.48,0.4828571428571428,-0.0028571428571428,195.58866382380623,507.1009592276565
BG_0327,1057261,0,matched_pseudo_absence,Manipur,24.45197929560469,93.21362625159657,2017-06-05,24.0_93.0,313.1123046875,11.15236931174374,0.8715971273138248,-0.4902228550958108,7.41678989283483e-05,1.28,78.09,218.24,Tree cover,0.8003,0,0.409,0.413,0.418,0.416,0.4163333333333333,0.4215714285714286,-0.0125714285714286,9425.749934408152,3620.4766126236455
BG_0328,1050403,0,matched_pseudo_absence,Mizoram,23.120240300459628,92.81562712931552,2017-06-09,23.0_92.5,775.2985229492188,33.3022344749084,-0.2960627781402401,-0.9551684832530243,0.0012753506236176,19.27,57.39999999999999,102.84,Tree cover,0.7906000000000001,0,0.423,0.419,0.35,0.37,0.4049999999999999,0.4002857142857142,0.0227142857142857,539.5615556526942,3587.952331133198
BG_0329,1050613,0,matched_pseudo_absence,Mizoram,23.271219164153987,92.97189743656116,2017-06-10,23.0_92.5,491.09710693359375,30.64642644587225,0.999752017763211,0.022268879145307077,0.0029736480793843,24.99,51.48,76.86999999999999,Tree cover,0.8557,0,0.417,0.415,0.384,0.393,0.4146666666666667,0.4062857142857143,0.0107142857142856,1929.0278131711248,451.651955584589
BG_0330,1050629,0,matched_pseudo_absence,Mizoram,23.522937726364745,92.64371765264823,2017-06-10,23.5_92.5,260.3927307128906,27.145477623280005,-0.6733014725362318,-0.7393680592780174,0.0008923967401195,23.87,63.48,126.38,Tree cover,0.7725000000000001,0,0.424,0.422,0.381,0.392,0.4166666666666667,0.4008571428571428,0.0231428571428571,1.1127496967504875,143.74699471703187
BG_0331,1050603,0,matched_pseudo_absence,Mizoram,23.769778126164617,92.88472625040464,2017-06-10,23.5_92.5,239.3491973876953,30.768498010587454,-0.9992856718920173,-0.03779081834678167,0.0107198867337639,20.48,34.07,58.46,Tree cover,,1,0.423,0.423,0.402,0.408,0.421,0.4111428571428571,0.0118571428571429,232.1050448555966,40.11797183187186
BG_0332,1050643,0,matched_pseudo_absence,Mizoram,24.045869749900664,92.61049187044006,2017-06-12,24.0_92.5,108.6890640258789,9.966066835736036,0.7156509015593467,-0.6984581498538722,-0.0023611047545287,69.03,132.8,172.53,Tree cover,,1,0.429,0.428,0.408,0.413,0.4246666666666667,0.4057142857142857,0.0232857142857142,1248.222911025568,445.984466878671
BG_0333,1057926,0,matched_pseudo_absence,Manipur,25.085432623508044,93.62403020636611,2017-06-12,25.0_93.5,1167.5772705078125,31.42485841447143,0.7230087286857163,0.6908388945653424,0.007403741388797,17.03,39.620000000000005,55.25,Tree cover,0.8794000000000001,0,0.428,0.426,0.41,0.415,0.4059999999999999,0.3972857142857143,0.0307142857142856,60.37979419345849,2942.5175351939297
BG_0334,1050599,0,matched_pseudo_absence,Mizoram,23.81256718564816,93.19653836970886,2017-06-14,23.5_93.0,798.4032592773438,22.81525870236252,0.07278836213249255,0.9973474090496597,0.0149215372324893,9.11,85.36999999999999,154.04000000000002,Tree cover,0.8631000000000001,0,0.42,0.421,0.415,0.417,0.4233333333333333,0.4137142857142857,0.0062857142857142,66.84959056284121,206.2676062510444
BG_0335,1050678,0,matched_pseudo_absence,Mizoram,23.94373270179324,93.18020474802368,2017-06-17,23.5_93.0,587.8453979492188,34.5927598524081,0.3466347057521958,0.9380002029680423,0.0059098807926759,17.33,45.39,165.36,Tree cover,,1,0.415,0.418,0.415,0.416,0.4186666666666667,0.4209999999999999,-0.0059999999999999,1273.223285351714,97.67467148643942
BG_0336,1050617,0,matched_pseudo_absence,Assam,26.90304645668128,93.34877724749543,2017-06-18,26.5_93.0,113.16813659667967,3.951582381633126,0.725308444144897,-0.6884240414541816,0.0032625086989167,13.55,66.5,159.65000000000003,Tree cover,,1,0.418,0.418,0.41,0.413,0.4223333333333333,0.418,0.0,1605.4517858904462,1961.610516715208
BG_0337,1050724,0,matched_pseudo_absence,Manipur,24.149852895960542,94.00577069732272,2017-06-26,24.0_94.0,1195.70654296875,32.45208617836988,0.9724520501848513,0.23310300317945198,-4.489433376153498e-05,6.82,33.0,77.03999999999999,Tree cover,,1,0.445,0.441,0.446,0.445,0.4436666666666666,0.4438571428571428,0.0011428571428571,1363.497154302589,7773.457528908766
BG_0338,1050751,0,matched_pseudo_absence,Manipur,24.984920175941784,94.0864989960672,2017-06-26,24.5_94.0,1039.02783203125,30.97497466143291,0.3237433296536842,-0.9461449447652014,-0.0035908955178231,2.94,19.64,80.07,Tree cover,0.8152,0,0.47,0.494,0.487,0.487,0.4783333333333333,0.487,-0.017,405.0027281859763,401.5840253755206
BG_0339,1050748,0,matched_pseudo_absence,Manipur,25.27349111754129,93.69858019218206,2017-06-27,25.0_93.5,588.8081665039062,34.82330227716997,-0.05486389221621016,0.9984938424101012,-0.0049090570658089,1.81,26.47,83.95,Tree cover,0.7836000000000001,0,0.423,0.424,0.424,0.424,0.4226666666666667,0.4225714285714286,0.0004285714285713,1733.7828718512233,108.24603920375452
BG_0340,1056702,0,matched_pseudo_absence,Manipur,25.063907182872484,93.54719388804156,2017-06-30,25.0_93.5,1047.931396484375,12.211573377748742,0.49968901965360746,0.8662048739401186,-0.0047333250948307,22.2,43.22,81.89,Tree cover,,1,0.415,0.414,0.412,0.413,0.4163333333333333,0.4151428571428571,-0.0001428571428571,2071.8768514584053,2363.2230318906627
BG_0341,1057890,0,matched_pseudo_absence,Manipur,24.41612440825542,93.90278690167432,2017-07-01,24.0_93.5,768.5,0.0,,,0.0,26.4,70.19999999999999,99.39,Permanent water bodies,,1,0.46,0.455,0.479,0.473,0.4576666666666666,0.4562857142857143,0.0037142857142857,448.4536450761725,5557.495425924711
BG_0342,1048525,0,matched_pseudo_absence,Assam,26.901222561253995,94.57694367682228,2017-07-03,26.5_94.5,90.29025268554688,0.4560550715079439,-0.7000769760299941,-0.7140673831177974,-0.0001366026790886,12.27,94.79,178.24,Cropland,,1,0.502,0.497,0.473,0.48,0.4953333333333333,0.4857142857142857,0.0162857142857142,41.69811242515044,1102.5753876577912
BG_0343,1048541,0,matched_pseudo_absence,Assam,26.79532427008361,93.76378743880966,2017-07-03,26.5_93.5,69.0,0.0,,,0.0,19.41,117.97,186.85,Permanent water bodies,,1,0.492,0.493,0.485,0.487,0.4856666666666666,0.479,0.0129999999999999,1854.891068178896,449.7644334935202
BG_0344,1048506,0,matched_pseudo_absence,Assam,26.27668525665923,91.25640074806908,2017-07-03,26.0_91.0,46.14211654663086,1.9143413812552408,-0.27427901856605075,-0.9616501546687568,-0.0009726142840595,14.18,48.98,76.65,Built-up,,1,0.506,0.502,0.482,0.488,0.5023333333333333,0.4904285714285714,0.0155714285714286,38.86406070690882,4330.047069509084
BG_0345,1048519,0,matched_pseudo_absence,Assam,27.274986696087364,95.89241186564328,2017-07-03,27.0_95.5,419.40380859375,19.85952861894883,0.9037325613829681,0.4280974859727393,-0.0030085828998045,10.84,81.63000000000001,188.78000000000003,Tree cover,,1,0.49,0.489,0.481,0.484,0.4853333333333333,0.484,0.006,2566.4378373437467,751.6122314739343
BG_0346,1048545,0,matched_pseudo_absence,Assam,24.911235876021777,92.7259897515081,2017-07-03,24.5_92.5,19.376855850219727,0.1703838750715798,-0.9939239366563256,0.11006910620874676,9.478759057735588e-05,9.05,69.87,166.91000000000005,Cropland,,1,0.475,0.5,0.497,0.496,0.4863333333333333,0.4872857142857142,-0.0122857142857142,514.3212831658622,506.0434928451675
BG_0347,1057856,0,matched_pseudo_absence,Manipur,24.08806433065854,94.20562763718053,2017-07-04,24.0_94.0,368.0152282714844,9.214033744636705,0.9657741689304012,-0.2593843762195264,-0.0119076220668814,19.62,32.57,84.83,Tree cover,,1,0.477,0.492,0.486,0.487,0.471,0.4751428571428571,0.0018571428571428,1120.5014194131404,901.9809409753152
BG_0348,1048460,0,matched_pseudo_absence,Assam,26.38692743029392,93.58917547860648,2017-07-06,26.0_93.5,529.67236328125,23.59661311110695,0.504902186261086,0.8631765649673163,-0.0135028306798805,9.15,41.36,152.03,Tree cover,,1,0.496,0.497,0.455,0.467,0.4829999999999999,0.4832857142857141,0.0127142857142858,1721.97352293185,1593.760505322533
BG_0349,1057907,0,matched_pseudo_absence,Manipur,25.018768667923272,93.9126589934873,2017-07-08,25.0_93.5,960.9049682617188,11.21858179165558,0.9905229670182566,0.13734719439926568,-0.0041104997907217,33.47,62.85,118.52,Tree cover,,1,0.502,0.496,0.493,0.494,0.4963333333333333,0.4811428571428571,0.0208571428571428,699.760480378138,754.607095906944
BG_0350,1050713,0,matched_pseudo_absence,Assam,26.613470541375136,91.72811837984986,2017-07-09,26.5_91.5,70.79520416259766,1.57700195848943,0.9993976168224497,-0.03470451684735061,0.0024388993874904,35.88,54.17,151.84,Tree cover,,1,0.474,0.493,0.469,0.474,0.4833333333333333,0.4804285714285714,-0.0064285714285714,2753786.832169084,677.8627006692185
BG_0351,1050808,0,matched_pseudo_absence,Manipur,24.753760957028017,93.67483674446645,2017-07-09,24.5_93.5,792.2235107421875,25.72323060398337,-0.9953460248437999,-0.09636540264869807,-0.0013147916665646,8.59,64.01,120.23,Tree cover,,1,0.479,0.471,0.47,0.471,0.465,0.4658571428571428,0.0131428571428571,487.44899903640703,599.4930369312586
BG_0352,1050753,0,matched_pseudo_absence,Manipur,24.191305393870568,93.80084941183988,2017-07-09,24.0_93.5,876.9784545898438,14.140508035854104,0.37008085715596856,0.9289995474523675,0.0104499272719936,4.38,37.77,85.46,Tree cover,,1,0.49,0.497,0.483,0.487,0.4883333333333333,0.4834285714285714,0.0065714285714285,2232.2900859367696,2536.12592773338
BG_0353,1055884,0,matched_pseudo_absence,Manipur,24.13494851508521,93.17035489030415,2017-07-09,24.0_93.0,1009.0435791015624,23.564664755526145,-0.9959705115665606,0.08968132520120083,0.0052219141222705,5.87,26.42,77.61,Tree cover,,1,0.416,0.418,0.419,0.419,0.4196666666666666,0.4212857142857142,-0.0052857142857142,32.63398502264311,3255.437212551001
BG_0354,1054667,0,matched_pseudo_absence,Assam,27.57669417503316,95.10874502985756,2017-07-10,27.5_95.0,110.6742935180664,1.2128196729265013,0.13615924645129626,-0.9906869634782801,-0.0006024666502169,44.75,148.6,217.97,Permanent water bodies,0.0977,0,0.414,0.427,0.422,0.422,0.417,0.416,-0.002,2922.306911095954,1496.5877262332087
BG_0355,1052013,0,matched_pseudo_absence,Manipur,24.790747280330187,94.43772216643907,2017-07-10,24.5_94.0,666.7152099609375,31.023450238054405,0.9964611447461112,0.08405466680244177,-0.0085455893678272,25.99,67.39,146.79000000000002,Tree cover,,1,0.427,0.427,0.428,0.428,0.425,0.4254285714285714,0.0015714285714286,3748.927841828402,568.5984015381404
BG_0356,1055056,0,matched_pseudo_absence,Assam,26.703055958209504,90.24671374586654,2017-07-10,26.5_90.0,139.96969604492188,3.2693258663754,0.999281997547226,0.03788785264468904,-0.0013647676090788,53.39,126.69,177.97,Tree cover,,1,0.382,0.38,0.379,0.379,0.3693333333333333,0.3485714285714286,0.0334285714285713,2314.468873668545,998.6939444729464
BG_0357,1048428,0,matched_pseudo_absence,Assam,26.24273436107187,92.32640503274337,2017-07-10,26.0_92.0,51.0,0.0,,,0.0,17.35,49.22,102.46,Herbaceous wetland,,1,0.484,0.495,0.476,0.481,0.4813333333333333,0.4814285714285714,0.0025714285714286,74.513331983675,1973.4658128393896
BG_0358,1048443,0,matched_pseudo_absence,Assam,26.197796472464933,92.67384903184374,2017-07-10,26.0_92.5,58.5241813659668,0.2611610831916198,0.9708420123630054,0.23972022657871445,0.0019783836758344,17.35,49.22,102.46,Cropland,,1,0.492,0.485,0.505,0.5,0.481,0.4802857142857143,0.0117142857142856,476.92264926053,135.8253383355789
BG_0359,1057775,0,matched_pseudo_absence,Manipur,24.23889395088713,94.14871777639236,2017-07-14,24.0_94.0,690.6891479492188,28.25998847676696,-0.8800428702872298,-0.47489424765584803,-0.0088571297046222,3.1,10.95,52.46,Tree cover,,1,0.42,0.423,0.424,0.423,0.4216666666666666,0.4245714285714285,-0.0045714285714285,262.2554144037244,779.382395108709
BG_0360,1050573,0,matched_pseudo_absence,Mizoram,23.88846104661544,92.54878730619497,2017-08-26,23.5_92.5,297.5821228027344,33.54124893030365,-0.11450421851597198,-0.9934227619407794,-0.0014572054337735,16.93,88.15,132.46,Tree cover,0.9023,0,0.427,0.428,0.429,0.428,0.4236666666666666,0.4235714285714285,0.0034285714285714,3425.735422727644,2332.5187385083664
BG_0361,1057698,0,matched_pseudo_absence,Manipur,25.141125121574472,93.76310782634602,2017-08-26,25.0_93.5,1315.889892578125,23.897419013500063,-0.23852224773785569,0.971137033242004,-0.0178854802983707,35.35,51.93,61.51,Tree cover,,1,0.425,0.414,0.402,0.406,0.4059999999999999,0.4018571428571428,0.0231428571428571,1575.7557996071585,1094.091938420106
BG_0362,938258,0,matched_pseudo_absence,Sikkim,27.680480062103182,88.4717839910091,2017-09-20,27.5_88.0,4095.214111328125,30.112307435529456,-0.34269754920655826,0.9394457886263681,-0.0096608839851652,29.22,41.78,54.77,Moss and lichen,,1,0.424,0.422,0.41,0.413,0.416,0.4147142857142857,0.0092857142857142,8887.565535308479,2420.6412596975806
BG_0363,938330,0,matched_pseudo_absence,Sikkim,27.423797426516945,88.14933752978543,2017-09-20,27.0_88.0,3459.771240234375,25.53232599193716,0.3077103960267605,-0.9514800639934892,-0.0150878241498676,29.04,46.77,64.0,Tree cover,,1,0.426,0.425,0.403,0.409,0.4213333333333333,0.4204285714285714,0.0055714285714285,8268.008548486649,2356.500527544504
BG_0364,1050788,0,matched_pseudo_absence,Manipur,24.048965965814563,93.89367544717092,2017-09-21,24.0_93.5,1246.9852294921875,29.403644491346125,0.8742404543983855,0.4854931800687877,-0.0106111185918177,3.45,32.150000000000006,68.65,Grassland,0.9088,0,0.434,0.454,0.483,0.473,0.4403333333333333,0.4482857142857143,-0.0142857142857142,5536.7821013197845,3280.0992110662896
BG_0365,1057697,0,matched_pseudo_absence,Manipur,24.916906077915023,93.33491770115046,2017-09-29,24.5_93.0,527.0982666015625,22.936401777504983,-0.5195752230939485,-0.8544247114561199,0.0111718337637413,29.15,67.97999999999999,92.9,Tree cover,0.8897,0,0.42,0.415,0.396,0.402,0.4106666666666667,0.3937142857142857,0.0262857142857142,809.0111608042812,3318.1770357343785
BG_0366,1051127,0,matched_pseudo_absence,Manipur,24.67577664163224,94.40525882953014,2018-05-10,24.5_94.0,919.9072265625,7.20353161821075,-0.7486680935027493,0.6629450096131342,-0.0026578125489439,7.38,23.09,104.89,Tree cover,0.6686000000000001,0,0.386,0.385,0.338,0.351,0.4016666666666666,0.408,-0.022,7.513254007556514,1819.540096719272
BG_0367,1050615,0,matched_pseudo_absence,Mizoram,23.11974987004149,92.8622119710119,2018-05-12,23.0_92.5,418.5549621582031,17.386846420743538,0.7686375726832902,-0.639684517445545,-0.00081721740209,8.02,34.05,87.27,Tree cover,0.6852,0,0.364,0.294,0.222,0.247,0.3363333333333334,0.3358571428571428,0.0281428571428571,2909.251817340204,65.8178392030106
BG_0368,1048345,0,matched_pseudo_absence,Tripura,23.673653442603403,91.21794586963264,2018-05-18,23.5_91.0,32.932884216308594,15.401047034292796,-0.5130895770429714,0.8583350662357123,-0.0049037582496763,48.5,126.97,182.58,Tree cover,,1,0.468,0.474,0.478,0.477,0.4613333333333334,0.4548571428571429,0.0131428571428571,33.882640948994954,2122.484411420844
BG_0369,1048347,0,matched_pseudo_absence,Tripura,24.088085624025634,92.10367963502938,2018-05-20,24.0_92.0,101.87671661376952,19.54206260994795,-0.4935597991456631,0.8697118630140057,-0.0142639653148104,25.14,104.66,234.35,Tree cover,,1,0.417,0.421,0.415,0.416,0.421,0.419,-0.002,3162.869649586421,5424.561231108269
BG_0370,1048360,0,matched_pseudo_absence,Tripura,23.85780837753273,92.03142989004688,2018-05-20,23.5_92.0,113.0782699584961,3.198836064556492,0.5493721564346216,-0.8355777843710145,-0.0083342856719894,25.14,104.66,234.35,Tree cover,,1,0.422,0.423,0.422,0.422,0.4243333333333333,0.4224285714285714,-0.0004285714285714,2974.023490997548,819.1879985984762
BG_0371,938409,0,matched_pseudo_absence,Sikkim,27.88645916562333,88.38418056513244,2018-05-26,27.5_88.0,4593.60009765625,11.985865668660958,0.29431894853610485,-0.9557072546196359,-5.5516216784954966e-05,5.66,21.89,27.58,Grassland,0.3859,0,0.421,0.4,0.373,0.382,0.4196666666666666,0.4128571428571428,0.0081428571428571,603.2383489386206,926.7297197228488
BG_0372,1050791,0,matched_pseudo_absence,Manipur,25.51848640510125,94.51335592382767,2018-06-03,25.5_94.5,880.5419311523438,38.34511358855976,-0.1142260249246159,0.9934547877130196,0.0038064563135227,10.67,27.54,39.83,Tree cover,,1,0.466,0.481,0.47,0.472,0.4733333333333333,0.4697142857142857,-0.0037142857142856,1883.4135332560363,421.8289439476768
BG_0373,1050616,0,matched_pseudo_absence,Mizoram,22.838447619656623,93.02764493505114,2018-06-05,22.5_93.0,1167.6729736328125,30.92984334815377,-0.26299355404077635,0.9647975904473441,-0.0013751990885917,27.28,44.32,69.17,Tree cover,,1,0.421,0.412,0.294,0.328,0.417,0.3905714285714285,0.0304285714285714,772.0972875842463,3489.3340456737687
BG_0374,938386,0,matched_pseudo_absence,Sikkim,27.643283640797573,88.1752878115428,2018-09-14,27.5_88.0,4849.38720703125,6.649058202980224,0.5842804387574083,-0.8115518276028034,-0.0008346930195025,8.38,21.73,69.71000000000001,Snow and ice,,1,0.426,0.429,0.416,0.42,0.4256666666666666,0.4215714285714285,0.0044285714285714,24132.75622430512,6221.373293273493
BG_0375,938402,0,matched_pseudo_absence,Sikkim,27.84331150183029,88.49295991541865,2018-09-14,27.5_88.0,4621.7646484375,20.85962098694671,-0.7667314202487703,0.6419680126013317,0.0094853102492019,3.27,11.34,37.03,Moss and lichen,0.4775,0,0.429,0.429,0.422,0.424,0.429,0.429,0.0,4777.400157992306,1169.8589633471306
BG_0376,938400,0,matched_pseudo_absence,Sikkim,27.94353791690872,88.49576252246484,2018-09-14,27.5_88.0,4560.22021484375,27.11909360686376,0.9197568746301039,0.39248858782219803,-0.0001447301827312,3.27,11.34,37.03,Moss and lichen,0.6672,0,0.426,0.425,0.42,0.421,0.4263333333333333,0.422,0.004,3781.109489819868,582.2173383251779
BG_0377,938420,0,matched_pseudo_absence,Sikkim,27.44273199452474,88.2378834818042,2018-09-15,27.0_88.0,3204.314697265625,46.08547443884712,-0.7642955248249865,-0.6448661494701815,0.0110062516961956,4.68,19.03,71.84,Tree cover,,1,0.426,0.427,0.428,0.427,0.427,0.4275714285714285,-0.0015714285714285,7215.101522576467,990.9321881502397
BG_0378,938385,0,matched_pseudo_absence,Sikkim,27.519427877562293,88.74740633680099,2018-09-15,27.5_88.5,4472.8544921875,37.58127442865102,-0.9985688902916838,0.053480569757950555,-0.0007443087538993,7.19,23.91,92.8,Moss and lichen,0.4141,0,0.418,0.42,0.424,0.422,0.4206666666666667,0.4244285714285714,-0.0064285714285714,5151.013671217246,1348.9750220917274
BG_0379,938429,0,matched_pseudo_absence,Sikkim,28.00692166031143,88.708034062364,2018-09-17,28.0_88.5,5306.00634765625,19.99381094664068,0.8420097609898745,0.5394622900609222,-0.0003552712567626,0.0,2.83,19.36,Bare / sparse vegetation,,1,0.345,0.356,0.331,0.337,0.357,0.3657142857142857,-0.0207142857142857,2332.667272696655,3135.79102685486
BG_0380,1050715,0,matched_pseudo_absence,Assam,26.833573861722023,93.47611186331372,2018-12-18,26.5_93.0,81.44949340820312,0.4843440718082085,0.4794201015522895,-0.8775855321435013,0.0002324826568084,22.92,23.110000000000003,23.110000000000003,Cropland,0.4072,0,0.406,0.313,0.358,0.352,0.3203333333333333,0.2985714285714286,0.1074285714285714,255.05873538963635,3693.886666071247
BG_0381,1050610,0,matched_pseudo_absence,Mizoram,23.85182788493253,92.31436468713656,2021-06-12,23.5_92.0,139.92825317382812,3.874833991652978,0.5738937172530498,0.8189297902124922,0.0034013992136013,21.84,63.49,94.34,Tree cover,,1,0.413,0.403,0.302,0.331,0.4086666666666667,0.4045714285714285,0.0084285714285714,5195.8230059703565,1338.003534254256
