event_id,state,district_or_region,locality,latitude,longitude,location_precision,location_accuracy_m,event_date,year,month,monsoon_phase,landslide_type,trigger_factor,record_type,reliability_score,fatalities,is_fatal,severity_class,injuries,description,source_url,data_source,dem_tile_id,dem_source,terrain_extraction_ok,elevation_m,slope_deg,aspect_deg,curvature_1_per_m,dem_pixel_x_m,dem_pixel_y_m,fine_scale_terrain_reliable,rainfall_source,rainfall_extraction_ok,rainfall_24h_mm,rainfall_72h_mm,rainfall_7d_mm,rainfall_daily_values_json,worldcover_item_id,modis_item_id,ndvi_composite_midpoint,ndvi_date_distance_days,land_cover_code,land_cover,land_cover_source,land_cover_reference_year,land_cover_year_gap,ndvi_raw,ndvi,ndvi_pixel_reliability,ndvi_quality,ndvi_quality_ok,ndvi_source,land_cover_extraction_ok,ndvi_extraction_ok,ndvi_model_value,soil_moisture_source,soil_moisture_model,soil_moisture_extraction_ok,soil_moisture_surface_m3_m3,soil_moisture_7_28cm_m3_m3,soil_moisture_28_100cm_m3_m3,soil_moisture_0_100cm_m3_m3,soil_moisture_surface_3d_mean_m3_m3,soil_moisture_surface_7d_mean_m3_m3,soil_moisture_surface_anomaly_vs_7d,soil_moisture_surface_7d_values_json,distance_to_road_m,distance_to_river_m,nearest_road_type,nearest_road_name,nearest_road_osm_id,nearest_waterway_type,nearest_waterway_name,nearest_waterway_osm_id,road_search_radius_m,river_search_radius_m,road_extraction_ok,river_extraction_ok,roads_rivers_extraction_ok,osm_source,osm_snapshot_timestamp,distance_method
1048547,Assam,Assam,Guwahati,26.13140438,91.93086808,Medium (2-25km),15925,2004-07-15,2004,7,Monsoon (Jun-Sep),ND,rainfall (T),event,9,5,1,Moderate (3-5),,The incident occurred around 0200 hours following incessant rains which flooded Guwahati. Unauthorized residential colonies bore the brunt of the landslides. At least eight houses were destroyed in the landslide,http://www.webindia123.com/news/m_details.asp?newscode=61739&catcode=ENG3&subcatcode=,UGLC,Copernicus_DSM_COG_10_N26_00_E091_00_DEM,Copernicus DEM GLO-30 via Microsoft Planetary Computer,True,123.35052490234376,11.829864954977326,243.66726921612684,-0.0043176456475084,27.7615476589272,30.715,False,NASA POWER Daily API / PRECTOTCORR,True,21.19,86.74,174.81,"{""2004-07-09"": 27.65, ""2004-07-10"": 38.54, ""2004-07-11"": 16.95, ""2004-07-12"": 4.93, ""2004-07-13"": 3.41, ""2004-07-14"": 62.14, ""2004-07-15"": 21.19}",ESA_WorldCover_10m_2021_v200_N24E090,MOD13Q1.A2004193.h25v06.061.2020196084503,2004-07-18T23:59:59.500000+00:00,3.0,10.0,Tree cover,ESA WorldCover 2021 v200,2021,17,,,,,False,NASA MODIS MOD13Q1/MYD13Q1 v6.1 16-day 250m,True,False,,ERA5-Land via Open-Meteo Historical Weather API,era5_land,True,0.466,0.496,0.48,0.482,0.4803333333333333,0.4781428571428571,-0.0121428571428571,"{""2004-07-09"": 0.476, ""2004-07-10"": 0.493, ""2004-07-11"": 0.465, ""2004-07-12"": 0.472, ""2004-07-13"": 0.486, ""2004-07-14"": 0.489, ""2004-07-15"": 0.466}",163.3712012231149,4621.513730450542,residential,,1137205462.0,river,Digaru River,120376272.0,5000.0,5000.0,True,True,True,OpenStreetMap via Overpass API,2026-09-03T18:25:21Z,local equirectangular point-to-polyline
1048389,Assam,Assam,Santipur,26.16833375,91.72831667,High (<2km),362,2004-07-15,2004,7,Monsoon (Jun-Sep),ND,rainfall (T),event,5,1,1,Minor (1-2),,ND,http://www.rediff.com/news/2004/jul/15assam.htm,UGLC,Copernicus_DSM_COG_10_N26_00_E091_00_DEM,Copernicus DEM GLO-30 via Microsoft Planetary Computer,True,53.3612060546875,2.133673026873156,270.4044391215658,0.0006252291668405,27.75276384082293,30.715,True,NASA POWER Daily API / PRECTOTCORR,True,21.19,86.74,174.81,"{""2004-07-09"": 27.65, ""2004-07-10"": 38.54, ""2004-07-11"": 16.95, ""2004-07-12"": 4.93, ""2004-07-13"": 3.41, ""2004-07-14"": 62.14, ""2004-07-15"": 21.19}",ESA_WorldCover_10m_2021_v200_N24E090,MOD13Q1.A2004193.h25v06.061.2020196084503,2004-07-18T23:59:59.500000+00:00,3.0,50.0,Built-up,ESA WorldCover 2021 v200,2021,17,,,,,False,NASA MODIS MOD13Q1/MYD13Q1 v6.1 16-day 250m,True,False,,ERA5-Land via Open-Meteo Historical Weather API,era5_land,True,0.48,0.498,0.475,0.48,0.486,0.4838571428571428,-0.0038571428571428,"{""2004-07-09"": 0.479, ""2004-07-10"": 0.478, ""2004-07-11"": 0.489, ""2004-07-12"": 0.483, ""2004-07-13"": 0.496, ""2004-07-14"": 0.482, ""2004-07-15"": 0.48}",46.764808154570346,287.4306830186603,residential,,507819498.0,river,,497520987.0,5000.0,5000.0,True,True,True,OpenStreetMap via Overpass API,2026-09-03T18:25:21Z,local equirectangular point-to-polyline
1048386,Assam,Assam,Fatasil Ambari,26.16175948,91.72188533,High (<2km),796,2004-07-15,2004,7,Monsoon (Jun-Sep),ND,rainfall (T),event,7,3,1,Moderate (3-5),,The incident occurred around 0200 hours following incessant rains which flooded Guwahati. Unauthorized residential colonies bore the brunt of the landslides.,http://www.webindia123.com/news/m_details.asp?newscode=61739&catcode=ENG3&subcatcode=,UGLC,Copernicus_DSM_COG_10_N26_00_E091_00_DEM,Copernicus DEM GLO-30 via Microsoft Planetary Computer,True,139.72340393066406,33.73951893104046,313.9465760564516,0.0005809520748725,27.75432840440592,30.715,True,NASA POWER Daily API / PRECTOTCORR,True,21.19,86.74,174.81,"{""2004-07-09"": 27.65, ""2004-07-10"": 38.54, ""2004-07-11"": 16.95, ""2004-07-12"": 4.93, ""2004-07-13"": 3.41, ""2004-07-14"": 62.14, ""2004-07-15"": 21.19}",ESA_WorldCover_10m_2021_v200_N24E090,MOD13Q1.A2004193.h25v06.061.2020196084503,2004-07-18T23:59:59.500000+00:00,3.0,10.0,Tree cover,ESA WorldCover 2021 v200,2021,17,,,,,False,NASA MODIS MOD13Q1/MYD13Q1 v6.1 16-day 250m,True,False,,ERA5-Land via Open-Meteo Historical Weather API,era5_land,True,0.48,0.498,0.475,0.48,0.486,0.4838571428571428,-0.0038571428571428,"{""2004-07-09"": 0.479, ""2004-07-10"": 0.478, ""2004-07-11"": 0.489, ""2004-07-12"": 0.483, ""2004-07-13"": 0.496, ""2004-07-14"": 0.482, ""2004-07-15"": 0.48}",105.7795282159275,1108.1354315187587,residential,,991926390.0,river,,497520987.0,5000.0,5000.0,True,True,True,OpenStreetMap via Overpass API,2026-09-03T18:28:21Z,local equirectangular point-to-polyline
1050630,Assam,Assam,Assam,26.35735036,92.82954074,Low (>25km),158023,2004-07-15,2004,7,Monsoon (Jun-Sep),ND,rainfall (T),event,9,5,1,Moderate (3-5),,Reported death toll from 103-106 is now 15,http://www.indianexpress.com/full_story.php?content_id=51141,UGLC,Copernicus_DSM_COG_10_N26_00_E092_00_DEM,Copernicus DEM GLO-30 via Microsoft Planetary Computer,True,60.25774765014648,0.5257446344936983,112.13453908438538,-0.0006518796396139,27.70762493743864,30.715,False,NASA POWER Daily API / PRECTOTCORR,True,14.1,35.129999999999995,98.06,"{""2004-07-09"": 17.76, ""2004-07-10"": 18.08, ""2004-07-11"": 12.4, ""2004-07-12"": 14.69, ""2004-07-13"": 4.79, ""2004-07-14"": 16.24, ""2004-07-15"": 14.1}",ESA_WorldCover_10m_2021_v200_N24E090,MOD13Q1.A2004193.h26v06.061.2020196084437,2004-07-18T23:59:59.500000+00:00,3.0,40.0,Cropland,ESA WorldCover 2021 v200,2021,17,1092.0,0.1092,3.0,Cloudy,False,NASA MODIS MOD13Q1/MYD13Q1 v6.1 16-day 250m,True,True,,ERA5-Land via Open-Meteo Historical Weather API,era5_land,True,0.47,0.496,0.481,0.484,0.4763333333333333,0.4817142857142856,-0.0117142857142856,"{""2004-07-09"": 0.469, ""2004-07-10"": 0.493, ""2004-07-11"": 0.487, ""2004-07-12"": 0.494, ""2004-07-13"": 0.487, ""2004-07-14"": 0.472, ""2004-07-15"": 0.47}",1079.3289476120963,3961.2202182011297,unclassified,,1385819208.0,river,Kolong,329688956.0,5000.0,5000.0,True,True,True,OpenStreetMap via Overpass API,2026-09-03T18:28:21Z,local equirectangular point-to-polyline
1050635,Mizoram,Mizoram,Mizoram,23.30680933,92.83619313,Low (>25km),82247,2004-07-29,2004,7,Monsoon (Jun-Sep),ND,rainfall (T),event,9,7,1,Severe (5+),,"Seven persons, including four women and 10-month-old infant, were killed and four injured when their vehicle skidded off the road and rolled down into 300 metres-deep gorge near Serkhan village, about 45 kilometres from here, police said on Thursday.  Th","http://www.hindustantimes.com/news/181_915665,000900030003.htm",UGLC,Copernicus_DSM_COG_10_N23_00_E092_00_DEM,Copernicus DEM GLO-30 via Microsoft Planetary Computer,True,1142.7137451171875,20.162276430346207,132.2048955009575,-0.0067761936100739,28.39894928919289,30.715,False,NASA POWER Daily API / PRECTOTCORR,True,0.48,4.9,16.06,"{""2004-07-23"": 3.13, ""2004-07-24"": 3.46, ""2004-07-25"": 3.52, ""2004-07-26"": 1.05, ""2004-07-27"": 0.36, ""2004-07-28"": 4.06, ""2004-07-29"": 0.48}",ESA_WorldCover_10m_2021_v200_N21E090,MYD13Q1.A2004201.h26v06.061.2020196084855,2004-07-26T23:59:59.500000+00:00,3.0,10.0,Tree cover,ESA WorldCover 2021 v200,2021,17,7252.0,0.7252000000000001,3.0,Cloudy,False,NASA MODIS MOD13Q1/MYD13Q1 v6.1 16-day 250m,True,True,,ERA5-Land via Open-Meteo Historical Weather API,era5_land,True,0.424,0.424,0.418,0.42,0.4193333333333333,0.4208571428571429,0.0031428571428571,"{""2004-07-23"": 0.426, ""2004-07-24"": 0.423, ""2004-07-25"": 0.421, ""2004-07-26"": 0.418, ""2004-07-27"": 0.416, ""2004-07-28"": 0.418, ""2004-07-29"": 0.424}",224.26498601973765,1331.0725926094683,unclassified,,1071837298.0,stream,,1450318582.0,5000.0,5000.0,True,True,True,OpenStreetMap via Overpass API,2026-09-03T18:28:21Z,local equirectangular point-to-polyline
938324,Sikkim,Sikkim,Namchi,27.16551929,88.36456702,High (<2km),1454,2004-09-02,2004,9,Monsoon (Jun-Sep),ND,rainfall (T),event,9,5,1,Moderate (3-5),,"""""GFLD"", locality: 'Namchi',"" description: """"""""Five persons were killed in landslides triggered by heavy rains in Sikkim's south district"","" a senior police officer said.""""""""""""","http://www.hindustantimes.com/news/181_985927"",000900030011.htm",UGLC,Copernicus_DSM_COG_10_N27_00_E088_00_DEM,Copernicus DEM GLO-30 via Microsoft Planetary Computer,True,1435.585693359375,15.78688478997055,116.8725115786749,0.0007655628792585,27.511231921598583,30.715,True,NASA POWER Daily API / PRECTOTCORR,True,16.38,40.57,134.07,"{""2004-08-27"": 39.51, ""2004-08-28"": 21.96, ""2004-08-29"": 13.06, ""2004-08-30"": 18.97, ""2004-08-31"": 15.54, ""2004-09-01"": 8.65, ""2004-09-02"": 16.38}",ESA_WorldCover_10m_2021_v200_N27E087,MOD13Q1.A2004241.h25v06.061.2020200073808,2004-09-04T23:59:59.500000+00:00,2.0,50.0,Built-up,ESA WorldCover 2021 v200,2021,17,3345.0,0.3345,3.0,Cloudy,False,NASA MODIS MOD13Q1/MYD13Q1 v6.1 16-day 250m,True,True,,ERA5-Land via Open-Meteo Historical Weather API,era5_land,True,0.426,0.429,0.429,0.429,0.4276666666666666,0.4264285714285715,-0.0004285714285715,"{""2004-08-27"": 0.427, ""2004-08-28"": 0.422, ""2004-08-29"": 0.424, ""2004-08-30"": 0.429, ""2004-08-31"": 0.428, ""2004-09-01"": 0.429, ""2004-09-02"": 0.426}",6.931340849821848,527.6144404346229,residential,,478555228.0,canal,,1266786969.0,5000.0,5000.0,True,True,True,OpenStreetMap via Overpass API,2026-05-31T22:37:44Z,local equirectangular point-to-polyline
1048548,Assam,Assam,Guwahati,26.13140438,91.93086808,Medium (2-25km),15925,2004-10-07,2004,10,Post-monsoon (Oct-Nov),ND,rainfall (T),event,9,7,1,Severe (5+),,"""""GFLD"", locality: 'Guwahati',"" description: 'Seven people were buried to death Thursday in a massive landslide here following the rains. """"""""At least six people were feared killed in a landslide at Jyotikuchi hillock near Kalapahari"","" under Dispur Police Station early today as rains continued in Assam'""""",http://www.keralanext.com/news/?id=53975,UGLC,Copernicus_DSM_COG_10_N26_00_E091_00_DEM,Copernicus DEM GLO-30 via Microsoft Planetary Computer,True,123.35052490234376,11.829864954977326,243.66726921612684,-0.0043176456475084,27.7615476589272,30.715,False,NASA POWER Daily API / PRECTOTCORR,True,121.78,229.02,265.58000000000004,"{""2004-10-01"": 0.16, ""2004-10-02"": 7.58, ""2004-10-03"": 14.52, ""2004-10-04"": 14.3, ""2004-10-05"": 18.73, ""2004-10-06"": 88.51, ""2004-10-07"": 121.78}",ESA_WorldCover_10m_2021_v200_N24E090,MOD13Q1.A2004273.h25v06.061.2020206215624,2004-10-06T23:59:59.500000+00:00,1.0,10.0,Tree cover,ESA WorldCover 2021 v200,2021,17,,,,,False,NASA MODIS MOD13Q1/MYD13Q1 v6.1 16-day 250m,True,False,,ERA5-Land via Open-Meteo Historical Weather API,era5_land,True,0.487,0.488,0.512,0.506,0.4846666666666666,0.4801428571428571,0.0068571428571428,"{""2004-10-01"": 0.462, ""2004-10-02"": 0.475, ""2004-10-03"": 0.487, ""2004-10-04"": 0.483, ""2004-10-05"": 0.497, ""2004-10-06"": 0.47, ""2004-10-07"": 0.487}",163.3712012231149,4621.513730450542,residential,,1137205462.0,river,Digaru River,120376272.0,5000.0,5000.0,True,True,True,OpenStreetMap via Overpass API,2026-09-03T18:25:21Z,local equirectangular point-to-polyline
1048377,Assam,Assam,Dhirenpara,26.13088435,91.71073619,High (<2km),1844,2004-10-08,2004,10,Post-monsoon (Oct-Nov),ND,rainfall (T),event,9,6,1,Severe (5+),,Landslides killed six persons and injured two at Dhirenpara in Fatashil Ambari,http://www.123bharath.com/news/index.php?action=fullnews&id=27038,UGLC,Copernicus_DSM_COG_10_N26_00_E091_00_DEM,Copernicus DEM GLO-30 via Microsoft Planetary Computer,True,130.03472900390625,4.403079655411881,214.3988785124912,0.0058785430107347,27.7616712680834,30.715,True,NASA POWER Daily API / PRECTOTCORR,True,24.2,234.49,289.61999999999995,"{""2004-10-02"": 7.58, ""2004-10-03"": 14.52, ""2004-10-04"": 14.3, ""2004-10-05"": 18.73, ""2004-10-06"": 88.51, ""2004-10-07"": 121.78, ""2004-10-08"": 24.2}",ESA_WorldCover_10m_2021_v200_N24E090,MOD13Q1.A2004273.h25v06.061.2020206215624,2004-10-06T23:59:59.500000+00:00,2.0,10.0,Tree cover,ESA WorldCover 2021 v200,2021,17,,,,,False,NASA MODIS MOD13Q1/MYD13Q1 v6.1 16-day 250m,True,False,,ERA5-Land via Open-Meteo Historical Weather API,era5_land,True,0.482,0.495,0.497,0.495,0.481,0.4847142857142857,-0.0027142857142857,"{""2004-10-02"": 0.489, ""2004-10-03"": 0.49, ""2004-10-04"": 0.489, ""2004-10-05"": 0.482, ""2004-10-06"": 0.472, ""2004-10-07"": 0.489, ""2004-10-08"": 0.482}",55.09069599142577,1574.4811501945826,unclassified,,585149422.0,drain,,44644664.0,5000.0,5000.0,True,True,True,OpenStreetMap via Overpass API,2026-09-03T18:30:19Z,local equirectangular point-to-polyline
1050658,Mizoram,Mizoram,Aizawl,23.83655634,92.88807365,Low (>25km),33154,2005-08-01,2005,8,Monsoon (Jun-Sep),ND,rainfall (T),event,9,1,1,Minor (1-2),,"Zuangtui locality, Aizawl",http://www.newkerala.com/news.php?action=fullnews&id=10909,UGLC,Copernicus_DSM_COG_10_N23_00_E092_00_DEM,Copernicus DEM GLO-30 via Microsoft Planetary Computer,True,405.3147583007813,14.233003191094854,116.4744020008904,0.0037531504729458,28.28461876584697,30.715,False,NASA POWER Daily API / PRECTOTCORR,True,0.21,1.95,16.98,"{""2005-07-26"": 7.11, ""2005-07-27"": 6.37, ""2005-07-28"": 0.77, ""2005-07-29"": 0.78, ""2005-07-30"": 1.1, ""2005-07-31"": 0.64, ""2005-08-01"": 0.21}",ESA_WorldCover_10m_2021_v200_N21E090,MOD13Q1.A2005209.h26v06.061.2020241220353,2005-08-04T23:59:59.500000+00:00,3.0,10.0,Tree cover,ESA WorldCover 2021 v200,2021,16,8256.0,0.8256,1.0,Marginal data,True,NASA MODIS MOD13Q1/MYD13Q1 v6.1 16-day 250m,True,True,0.8256,ERA5-Land via Open-Meteo Historical Weather API,era5_land,True,0.422,0.422,0.412,0.415,0.4196666666666666,0.4208571428571428,0.0011428571428571,"{""2005-07-26"": 0.424, ""2005-07-27"": 0.423, ""2005-07-28"": 0.421, ""2005-07-29"": 0.419, ""2005-07-30"": 0.421, ""2005-07-31"": 0.416, ""2005-08-01"": 0.422}",1904.017513343413,3732.7141554673826,residential,,1061020049.0,river,Twnni,310441888.0,5000.0,5000.0,True,True,True,OpenStreetMap via Overpass API,2026-09-03T18:31:21Z,local equirectangular point-to-polyline
1048549,Assam,Assam,Guwahati,26.13140438,91.93086808,Medium (2-25km),15925,2005-08-19,2005,8,Monsoon (Jun-Sep),ND,rainfall (T),event,9,2,1,Minor (1-2),,At least two people were killed and four injured in Guwahati in a landslide in the wee hours on Friday.  Landslides are a common phenomenon during monsoon season when heavy rains lash the region.  Local administration said that they had already warned th,ND,UGLC,Copernicus_DSM_COG_10_N26_00_E091_00_DEM,Copernicus DEM GLO-30 via Microsoft Planetary Computer,True,123.35052490234376,11.829864954977326,243.66726921612684,-0.0043176456475084,27.7615476589272,30.715,False,NASA POWER Daily API / PRECTOTCORR,True,63.62,179.61999999999998,231.20999999999995,"{""2005-08-13"": 13.29, ""2005-08-14"": 23.44, ""2005-08-15"": 13.94, ""2005-08-16"": 0.92, ""2005-08-17"": 1.26, ""2005-08-18"": 114.74, ""2005-08-19"": 63.62}",ESA_WorldCover_10m_2021_v200_N24E090,MOD13Q1.A2005225.h25v06.061.2020244142826,2005-08-20T23:59:59.500000+00:00,1.0,10.0,Tree cover,ESA WorldCover 2021 v200,2021,16,,,,,False,NASA MODIS MOD13Q1/MYD13Q1 v6.1 16-day 250m,True,False,,ERA5-Land via Open-Meteo Historical Weather API,era5_land,True,0.467,0.49,0.494,0.491,0.4813333333333333,0.4674285714285714,-0.0004285714285713,"{""2005-08-13"": 0.418, ""2005-08-14"": 0.469, ""2005-08-15"": 0.473, ""2005-08-16"": 0.468, ""2005-08-17"": 0.476, ""2005-08-18"": 0.501, ""2005-08-19"": 0.467}",163.3712012231149,4621.513730450542,residential,,1137205462.0,river,Digaru River,120376272.0,5000.0,5000.0,True,True,True,OpenStreetMap via Overpass API,2026-09-03T18:25:21Z,local equirectangular point-to-polyline
1048378,Assam,Assam,Dhirenpara,26.13088435,91.71073619,High (<2km),1844,2005-08-24,2005,8,Monsoon (Jun-Sep),ND,rainfall (T),event,9,5,1,Moderate (3-5),,"The body of a one-year-old child was found at Dhirenpara this morning. The child’s mother was trapped in the rubble until reports last came in. “We found the body of infant Rahul Ali, while his mother, Anifa Begum, is believed to be still under the d",http://www.telegraphindia.com/1050826/asp/northeast/story_5157079.asp,UGLC,Copernicus_DSM_COG_10_N26_00_E091_00_DEM,Copernicus DEM GLO-30 via Microsoft Planetary Computer,True,130.03472900390625,4.403079655411881,214.3988785124912,0.0058785430107347,27.7616712680834,30.715,True,NASA POWER Daily API / PRECTOTCORR,True,22.4,37.26,258.21,"{""2005-08-18"": 114.74, ""2005-08-19"": 63.62, ""2005-08-20"": 15.59, ""2005-08-21"": 27.0, ""2005-08-22"": 7.2, ""2005-08-23"": 7.66, ""2005-08-24"": 22.4}",ESA_WorldCover_10m_2021_v200_N24E090,MOD13Q1.A2005225.h25v06.061.2020244142826,2005-08-20T23:59:59.500000+00:00,4.0,10.0,Tree cover,ESA WorldCover 2021 v200,2021,16,,,,,False,NASA MODIS MOD13Q1/MYD13Q1 v6.1 16-day 250m,True,False,,ERA5-Land via Open-Meteo Historical Weather API,era5_land,True,0.493,0.504,0.48,0.486,0.4793333333333333,0.4811428571428572,0.0118571428571427,"{""2005-08-18"": 0.482, ""2005-08-19"": 0.489, ""2005-08-20"": 0.486, ""2005-08-21"": 0.473, ""2005-08-22"": 0.468, ""2005-08-23"": 0.477, ""2005-08-24"": 0.493}",55.09069599142577,1574.4811501945826,unclassified,,585149422.0,drain,,44644664.0,5000.0,5000.0,True,True,True,OpenStreetMap via Overpass API,2026-09-03T18:30:19Z,local equirectangular point-to-polyline
1048550,Assam,Assam,Guwahati,26.13140438,91.93086808,Medium (2-25km),15925,2005-08-24,2005,8,Monsoon (Jun-Sep),ND,rainfall (T),event,9,4,1,Moderate (3-5),,"At least five persons, four children and a woman, were killed in landslide at three different places of Guwahati on Wednesday.  Police said heavy rain in the city since Wednesday evening caused the landslide at the Fatashil Ambari, Maligaon and Santipur",http://timesofindia.indiatimes.com/articleshow/1210299.cms,UGLC,Copernicus_DSM_COG_10_N26_00_E091_00_DEM,Copernicus DEM GLO-30 via Microsoft Planetary Computer,True,123.35052490234376,11.829864954977326,243.66726921612684,-0.0043176456475084,27.7615476589272,30.715,False,NASA POWER Daily API / PRECTOTCORR,True,22.4,37.26,258.21,"{""2005-08-18"": 114.74, ""2005-08-19"": 63.62, ""2005-08-20"": 15.59, ""2005-08-21"": 27.0, ""2005-08-22"": 7.2, ""2005-08-23"": 7.66, ""2005-08-24"": 22.4}",ESA_WorldCover_10m_2021_v200_N24E090,MOD13Q1.A2005225.h25v06.061.2020244142826,2005-08-20T23:59:59.500000+00:00,4.0,10.0,Tree cover,ESA WorldCover 2021 v200,2021,16,,,,,False,NASA MODIS MOD13Q1/MYD13Q1 v6.1 16-day 250m,True,False,,ERA5-Land via Open-Meteo Historical Weather API,era5_land,True,0.484,0.502,0.499,0.498,0.4833333333333333,0.4844285714285714,-0.0004285714285714,"{""2005-08-18"": 0.501, ""2005-08-19"": 0.467, ""2005-08-20"": 0.481, ""2005-08-21"": 0.492, ""2005-08-22"": 0.485, ""2005-08-23"": 0.481, ""2005-08-24"": 0.484}",163.3712012231149,4621.513730450542,residential,,1137205462.0,river,Digaru River,120376272.0,5000.0,5000.0,True,True,True,OpenStreetMap via Overpass API,2026-09-03T18:25:21Z,local equirectangular point-to-polyline
1048387,Assam,Assam,Fatasil Ambari,26.16175948,91.72188533,High (<2km),796,2005-08-24,2005,8,Monsoon (Jun-Sep),ND,rainfall (T),event,7,3,1,Moderate (3-5),,"At least five persons, four children and a woman, were killed in landslide at three different places of Guwahati on Wednesday.  Police said heavy rain in the city since Wednesday evening caused the landslide at the Fatashil Ambari, Maligaon and Santipur",http://timesofindia.indiatimes.com/articleshow/1210299.cms,UGLC,Copernicus_DSM_COG_10_N26_00_E091_00_DEM,Copernicus DEM GLO-30 via Microsoft Planetary Computer,True,139.72340393066406,33.73951893104046,313.9465760564516,0.0005809520748725,27.75432840440592,30.715,True,NASA POWER Daily API / PRECTOTCORR,True,22.4,37.26,258.21,"{""2005-08-18"": 114.74, ""2005-08-19"": 63.62, ""2005-08-20"": 15.59, ""2005-08-21"": 27.0, ""2005-08-22"": 7.2, ""2005-08-23"": 7.66, ""2005-08-24"": 22.4}",ESA_WorldCover_10m_2021_v200_N24E090,MOD13Q1.A2005225.h25v06.061.2020244142826,2005-08-20T23:59:59.500000+00:00,4.0,10.0,Tree cover,ESA WorldCover 2021 v200,2021,16,,,,,False,NASA MODIS MOD13Q1/MYD13Q1 v6.1 16-day 250m,True,False,,ERA5-Land via Open-Meteo Historical Weather API,era5_land,True,0.48,0.502,0.498,0.498,0.4796666666666667,0.4811428571428572,-0.0011428571428572,"{""2005-08-18"": 0.498, ""2005-08-19"": 0.465, ""2005-08-20"": 0.483, ""2005-08-21"": 0.483, ""2005-08-22"": 0.477, ""2005-08-23"": 0.482, ""2005-08-24"": 0.48}",105.7795282159275,1108.1354315187587,residential,,991926390.0,river,,497520987.0,5000.0,5000.0,True,True,True,OpenStreetMap via Overpass API,2026-09-03T18:28:21Z,local equirectangular point-to-polyline
938387,Sikkim,Sikkim,Dikchu,27.40133744,88.52441984,High (<2km),351,2005-09-25,2005,9,Monsoon (Jun-Sep),ND,rainfall (T),event,5,3,1,Moderate (3-5),,"""""GFLD"", locality: 'Dikchu',"" description: """"""""Fifteen people have been killed in landslides and an avalanche in India's rain-lashed mountainous state of Sikkim"", local police said.  Seven members of a family died on Sunday when a landslide engulfed their house in the hillside village of Manzing,"" 100""""""""""""",http://www.abc.net.au/news/newsitems/200509/s1469741.htm,UGLC,Copernicus_DSM_COG_10_N27_00_E088_00_DEM,Copernicus DEM GLO-30 via Microsoft Planetary Computer,True,673.4405517578125,22.724419368389043,2.576925227539107,-0.0024660839262511,27.452892447608946,30.715,True,NASA POWER Daily API / PRECTOTCORR,True,1.56,2.89,13.589999999999998,"{""2005-09-19"": 2.28, ""2005-09-20"": 4.09, ""2005-09-21"": 3.76, ""2005-09-22"": 0.57, ""2005-09-23"": 0.04, ""2005-09-24"": 1.29, ""2005-09-25"": 1.56}",ESA_WorldCover_10m_2021_v200_N27E087,MOD13Q1.A2005257.h25v06.061.2020246174134,2005-09-21T23:59:59.500000+00:00,4.0,10.0,Tree cover,ESA WorldCover 2021 v200,2021,16,7787.0,0.7787000000000001,0.0,Good data,True,NASA MODIS MOD13Q1/MYD13Q1 v6.1 16-day 250m,True,True,0.7787000000000001,ERA5-Land via Open-Meteo Historical Weather API,era5_land,True,0.427,0.428,0.427,0.428,0.4246666666666667,0.4137142857142857,0.0132857142857142,"{""2005-09-19"": 0.378, ""2005-09-20"": 0.391, ""2005-09-21"": 0.427, ""2005-09-22"": 0.426, ""2005-09-23"": 0.424, ""2005-09-24"": 0.423, ""2005-09-25"": 0.427}",2.5327231608136973,163.55046724757588,unclassified,,1214035769.0,river,Dik Chu,366840799.0,5000.0,5000.0,True,True,True,OpenStreetMap via Overpass API,2026-09-03T18:35:21Z,local equirectangular point-to-polyline
1050584,Assam,Assam,Chandranathpur,24.96518283,92.69340028,High (<2km),1097,2006-06-12,2006,6,Monsoon (Jun-Sep),ND,rainfall (T),event,9,3,1,Moderate (3-5),,"In Assam, three women were killed Monday night in a landslide in Chandranathpur village in the southern Cachar district, about 310 km from the state’s main city of Guwahati.  ‘Three women died and eight more were seriously injured in the incident whe",http://indiaenews.com/2006-06/11235-floods-landslides-northeast-75000-displaced.htm,UGLC,Copernicus_DSM_COG_10_N24_00_E092_00_DEM,Copernicus DEM GLO-30 via Microsoft Planetary Computer,True,25.597381591796875,4.804046253072771,29.42882745962436,0.0001084970240427,28.032986884499508,30.715,True,NASA POWER Daily API / PRECTOTCORR,True,96.45,230.87,254.38,"{""2006-06-06"": 3.34, ""2006-06-07"": 8.32, ""2006-06-08"": 1.22, ""2006-06-09"": 10.63, ""2006-06-10"": 61.38, ""2006-06-11"": 73.04, ""2006-06-12"": 96.45}",ESA_WorldCover_10m_2021_v200_N24E090,MYD13Q1.A2006153.h26v06.061.2020264181451,2006-06-09T23:59:59.500000+00:00,3.0,10.0,Tree cover,ESA WorldCover 2021 v200,2021,15,5942.0,0.5942000000000001,1.0,Marginal data,True,NASA MODIS MOD13Q1/MYD13Q1 v6.1 16-day 250m,True,True,0.5942000000000001,ERA5-Land via Open-Meteo Historical Weather API,era5_land,True,0.477,0.489,0.492,0.491,0.4753333333333333,0.4742857142857143,0.0027142857142856,"{""2006-06-06"": 0.481, ""2006-06-07"": 0.45, ""2006-06-08"": 0.482, ""2006-06-09"": 0.481, ""2006-06-10"": 0.486, ""2006-06-11"": 0.463, ""2006-06-12"": 0.477}",60.35031761988118,812.6876208686948,tertiary,,1057857521.0,stream,,667131697.0,5000.0,5000.0,True,True,True,OpenStreetMap via Overpass API,2026-09-03T18:35:21Z,local equirectangular point-to-polyline
1049243,Tripura,Tripura,CHURAIBARI,24.42795641,92.23424031,Medium (2-25km),2043,2006-06-13,2006,6,Monsoon (Jun-Sep),ND,rainfall (T),event,9,5,1,Moderate (3-5),,"Flash floods and mudslides triggered by heavy monsoon rains in the northeast killed eight people and displaced some 75,000 in Assam and Tripura, officials said Tuesday.  A Tripura government spokesman said five people, including three children, were kil",http://indiaenews.com/2006-06/11235-floods-landslides-northeast-75000-displaced.htm,UGLC,Copernicus_DSM_COG_10_N24_00_E092_00_DEM,Copernicus DEM GLO-30 via Microsoft Planetary Computer,True,34.46438217163086,1.909302712195588,83.90475471652036,-0.001543927581245,28.15412629375264,30.715,False,NASA POWER Daily API / PRECTOTCORR,True,43.37,166.92,250.81,"{""2006-06-07"": 6.67, ""2006-06-08"": 2.11, ""2006-06-09"": 12.82, ""2006-06-10"": 62.29, ""2006-06-11"": 55.47, ""2006-06-12"": 68.08, ""2006-06-13"": 43.37}",ESA_WorldCover_10m_2021_v200_N24E090,MOD13Q1.A2006161.h25v06.061.2020265043603,2006-06-17T23:59:59.500000+00:00,4.0,10.0,Tree cover,ESA WorldCover 2021 v200,2021,15,,,,,False,NASA MODIS MOD13Q1/MYD13Q1 v6.1 16-day 250m,True,False,,ERA5-Land via Open-Meteo Historical Weather API,era5_land,True,0.417,0.426,0.427,0.426,0.4216666666666666,0.4144285714285714,0.0025714285714285,"{""2006-06-07"": 0.404, ""2006-06-08"": 0.404, ""2006-06-09"": 0.401, ""2006-06-10"": 0.427, ""2006-06-11"": 0.423, ""2006-06-12"": 0.425, ""2006-06-13"": 0.417}",607.8323176829892,6728.118484157071,service,,1346237508.0,river,Longai River,964887595.0,5000.0,15000.0,True,True,True,OpenStreetMap via Overpass API,2026-09-03T18:38:31Z,local equirectangular point-to-polyline
938444,Sikkim,Sikkim,East Sikkim,27.29288574,88.67133148,Medium (2-25km),17358,2006-08-03,2006,8,Monsoon (Jun-Sep),ND,rainfall (T),event,9,1,1,Minor (1-2),,"Rongli subdivision in East Sikkim has been cut off from the rest of the state following landslides triggered by heavy rainfall that lashed the area last night, claiming the life of a five-year-old girl besides destroying many houses in the sub-division.T",http://www.thestatesman.net/page.arcview.php?clid=10&id=152557&usrsess=1,UGLC,Copernicus_DSM_COG_10_N27_00_E088_00_DEM,Copernicus DEM GLO-30 via Microsoft Planetary Computer,True,2045.0093994140625,28.72238838495379,274.9568690222049,-0.0128194000157216,27.479780324464727,30.715,False,NASA POWER Daily API / PRECTOTCORR,True,2.26,13.670000000000002,20.84,"{""2006-07-28"": 0.82, ""2006-07-29"": 3.27, ""2006-07-30"": 1.66, ""2006-07-31"": 1.42, ""2006-08-01"": 7.94, ""2006-08-02"": 3.47, ""2006-08-03"": 2.26}",ESA_WorldCover_10m_2021_v200_N27E087,MOD13Q1.A2006209.h25v06.061.2020269052445,2006-08-04T23:59:59.500000+00:00,1.0,10.0,Tree cover,ESA WorldCover 2021 v200,2021,15,5986.0,0.5986,3.0,Cloudy,False,NASA MODIS MOD13Q1/MYD13Q1 v6.1 16-day 250m,True,True,,ERA5-Land via Open-Meteo Historical Weather API,era5_land,True,0.423,0.43,0.431,0.43,0.424,0.4208571428571429,0.0021428571428571,"{""2006-07-28"": 0.416, ""2006-07-29"": 0.418, ""2006-07-30"": 0.421, ""2006-07-31"": 0.419, ""2006-08-01"": 0.422, ""2006-08-02"": 0.427, ""2006-08-03"": 0.423}",1425.1697178061079,1141.0556131582139,unclassified,,349145298.0,stream,Tukchom Chu,129847857.0,5000.0,5000.0,True,True,True,OpenStreetMap via Overpass API,2026-09-03T18:38:31Z,local equirectangular point-to-polyline
938422,Sikkim,Sikkim,"Sikkim, 13 km north of Gangtok",27.4459,88.6193,Medium (2-25km),5000,2007-04-11,2007,4,Pre-monsoon (Apr-May),earth slide,rainfall (T),report,9,0,0,No fatalities,0.0,"WebIndia123.com' '1000 tourists stranded, more than 180 vehicles stranded, 150 m stretch of road was covered, occurred at 2:00 local time",http://news.webindia123.com/news/ar_showdetails.asp?id=704100915&cat=&n_date=20070410,UGLC,Copernicus_DSM_COG_10_N27_00_E088_00_DEM,Copernicus DEM GLO-30 via Microsoft Planetary Computer,True,1961.0325927734373,11.777175016848634,153.7776014001256,-0.0027900709950614,27.441815762739104,30.715,False,NASA POWER Daily API / PRECTOTCORR,True,0.01,8.43,9.91,"{""2007-04-05"": 0.01, ""2007-04-06"": 0.01, ""2007-04-07"": 1.0, ""2007-04-08"": 0.46, ""2007-04-09"": 6.65, ""2007-04-10"": 1.77, ""2007-04-11"": 0.01}",ESA_WorldCover_10m_2021_v200_N27E087,MOD13Q1.A2007097.h25v06.061.2021060070410,2007-04-14T23:59:59.500000+00:00,3.0,10.0,Tree cover,ESA WorldCover 2021 v200,2021,14,6627.0,0.6627000000000001,0.0,Good data,True,NASA MODIS MOD13Q1/MYD13Q1 v6.1 16-day 250m,True,True,0.6627000000000001,ERA5-Land via Open-Meteo Historical Weather API,era5_land,True,0.413,0.415,0.42,0.418,0.4166666666666667,0.4202857142857143,-0.0072857142857143,"{""2007-04-05"": 0.428, ""2007-04-06"": 0.418, ""2007-04-07"": 0.419, ""2007-04-08"": 0.427, ""2007-04-09"": 0.422, ""2007-04-10"": 0.415, ""2007-04-11"": 0.413}",62.22160429522294,352.5969823475619,unclassified,,1214647082.0,stream,,599734674.0,5000.0,5000.0,True,True,True,OpenStreetMap via Overpass API,2026-09-03T18:38:31Z,local equirectangular point-to-polyline
938415,Sikkim,Sikkim,"Pangthang, on road b/t Gangtok and North Sikkim",27.3383,88.6069,Low (>25km),50000,2007-05-23,2007,5,Pre-monsoon (Apr-May),earth slide,rainfall (T),report,9,0,0,No fatalities,0.0,Sikkim times.com' 'along highway,http://www.thestatesman.net/page.arcview.php?clid=10&id=184730&usrsess=1,UGLC,Copernicus_DSM_COG_10_N27_00_E088_00_DEM,Copernicus DEM GLO-30 via Microsoft Planetary Computer,True,1523.8096923828125,19.67787333863308,224.3895136365313,-0.0013998375967079,27.468532975050643,30.715,False,NASA POWER Daily API / PRECTOTCORR,True,0.02,2.31,27.49,"{""2007-05-17"": 3.73, ""2007-05-18"": 16.88, ""2007-05-19"": 3.96, ""2007-05-20"": 0.61, ""2007-05-21"": 0.8, ""2007-05-22"": 1.49, ""2007-05-23"": 0.02}",ESA_WorldCover_10m_2021_v200_N27E087,MYD13Q1.A2007137.h25v06.061.2021064221353,2007-05-24T23:59:59.500000+00:00,1.0,50.0,Built-up,ESA WorldCover 2021 v200,2021,14,4986.0,0.4986,1.0,Marginal data,True,NASA MODIS MOD13Q1/MYD13Q1 v6.1 16-day 250m,True,True,0.4986,ERA5-Land via Open-Meteo Historical Weather API,era5_land,True,0.426,0.428,0.426,0.426,0.4233333333333333,0.4161428571428571,0.0098571428571428,"{""2007-05-17"": 0.413, ""2007-05-18"": 0.408, ""2007-05-19"": 0.407, ""2007-05-20"": 0.415, ""2007-05-21"": 0.42, ""2007-05-22"": 0.424, ""2007-05-23"": 0.426}",12.584153309791205,686.3009970260999,unclassified,,211012991.0,stream,,1084683258.0,5000.0,5000.0,True,True,True,OpenStreetMap via Overpass API,2026-05-06T03:25:00Z,local equirectangular point-to-polyline
938390,Sikkim,Sikkim,North Sikkim,27.74367525,88.52635367,Low (>25km),36744,2007-06-27,2007,6,Monsoon (Jun-Sep),ND,rainfall (T),event,9,2,1,Minor (1-2),,Two people were killed and several injured in a landslide that occurred around 12: 30 a.m. at Takchi Bojoghari village under Kabi Tingda area in North Sikkim about 8 km from Gangtok. The landslide also left the nearby houses in danger.  The dead were ide,http://www.thestatesman.net/page.news.php?clid=10&theme=&usrsess=1&id=161007,UGLC,Copernicus_DSM_COG_10_N27_00_E088_00_DEM,Copernicus DEM GLO-30 via Microsoft Planetary Computer,True,4007.63134765625,50.68192489089456,113.70086054503838,-0.0011157865863768,27.36737356695137,30.715,False,NASA POWER Daily API / PRECTOTCORR,True,17.73,21.47,30.87,"{""2007-06-21"": 0.04, ""2007-06-22"": 2.83, ""2007-06-23"": 5.79, ""2007-06-24"": 0.74, ""2007-06-25"": 0.2, ""2007-06-26"": 3.54, ""2007-06-27"": 17.73}",ESA_WorldCover_10m_2021_v200_N27E087,MYD13Q1.A2007169.h25v06.061.2021067002341,2007-06-25T23:59:59.500000+00:00,2.0,30.0,Grassland,ESA WorldCover 2021 v200,2021,14,409.0,0.0409,3.0,Cloudy,False,NASA MODIS MOD13Q1/MYD13Q1 v6.1 16-day 250m,True,True,,ERA5-Land via Open-Meteo Historical Weather API,era5_land,True,0.431,0.432,0.385,0.398,0.4313333333333333,0.4315714285714285,-0.0005714285714285,"{""2007-06-21"": 0.432, ""2007-06-22"": 0.432, ""2007-06-23"": 0.432, ""2007-06-24"": 0.431, ""2007-06-25"": 0.431, ""2007-06-26"": 0.432, ""2007-06-27"": 0.431}",1747.6345148491016,1791.7788077531698,tertiary,North Sikkim Highway,461631719.0,river,Zemu Chu,134410518.0,5000.0,5000.0,True,True,True,OpenStreetMap via Overpass API,2026-09-03T18:39:36Z,local equirectangular point-to-polyline
1048380,Assam,Assam,Garchuk,26.10481582,91.7127005,High (<2km),955,2007-07-13,2007,7,Monsoon (Jun-Sep),ND,rainfall (T),event,7,2,1,Minor (1-2),,A woman Rita Das and her 8-month-old son Arpan Das were killed in a landslide caused by the massive cloudburst today afternoon. They were killed when sliding landmass covered them near their Katahbari residence under Garchuk police outpost in the city at,http://www.assamtribune.com/scripts/details.asp?id=jul1407/at012,UGLC,Copernicus_DSM_COG_10_N26_00_E091_00_DEM,Copernicus DEM GLO-30 via Microsoft Planetary Computer,True,49.745262145996094,0.4359036445862416,42.4079069872256,9.813666875152242e-05,27.76786472768655,30.715,True,NASA POWER Daily API / PRECTOTCORR,True,4.71,10.0,35.0,"{""2007-07-07"": 13.29, ""2007-07-08"": 1.85, ""2007-07-09"": 2.54, ""2007-07-10"": 7.32, ""2007-07-11"": 4.08, ""2007-07-12"": 1.21, ""2007-07-13"": 4.71}",ESA_WorldCover_10m_2021_v200_N24E090,MYD13Q1.A2007185.h25v06.061.2021067163712,2007-07-11T23:59:59.500000+00:00,2.0,40.0,Cropland,ESA WorldCover 2021 v200,2021,14,,,,,False,NASA MODIS MOD13Q1/MYD13Q1 v6.1 16-day 250m,True,False,,ERA5-Land via Open-Meteo Historical Weather API,era5_land,True,0.447,0.469,0.485,0.479,0.4626666666666666,0.4725714285714286,-0.0255714285714285,"{""2007-07-07"": 0.48, ""2007-07-08"": 0.474, ""2007-07-09"": 0.494, ""2007-07-10"": 0.472, ""2007-07-11"": 0.483, ""2007-07-12"": 0.458, ""2007-07-13"": 0.447}",12.11581443741779,552.7261079993965,residential,,1046097127.0,stream,,517474925.0,5000.0,5000.0,True,True,True,OpenStreetMap via Overpass API,2026-09-03T18:39:36Z,local equirectangular point-to-polyline
938328,Sikkim,Sikkim,Bardang near Singtam,27.1499,88.38,Medium (2-25km),25000,2007-07-16,2007,7,Monsoon (Jun-Sep),mudslide,rainfall (T),report,9,0,0,No fatalities,0.0,thestatesman.net' 'closest to predicted location of Gauhati (336.70 km),http://www.thestatesman.net/page.news.php?clid=10&theme=&usrsess=1&id=162949,UGLC,Copernicus_DSM_COG_10_N27_00_E088_00_DEM,Copernicus DEM GLO-30 via Microsoft Planetary Computer,True,1095.890625,34.785367468974904,0.4857828984073649,0.0061433460242164,27.515079560467807,30.715,False,NASA POWER Daily API / PRECTOTCORR,True,16.4,49.85,129.48,"{""2007-07-10"": 12.65, ""2007-07-11"": 24.2, ""2007-07-12"": 11.94, ""2007-07-13"": 30.84, ""2007-07-14"": 25.75, ""2007-07-15"": 7.7, ""2007-07-16"": 16.4}",ESA_WorldCover_10m_2021_v200_N27E087,MOD13Q1.A2007193.h25v06.061.2021068151559,2007-07-19T23:59:59.500000+00:00,3.0,10.0,Tree cover,ESA WorldCover 2021 v200,2021,14,3963.0,0.3963,3.0,Cloudy,False,NASA MODIS MOD13Q1/MYD13Q1 v6.1 16-day 250m,True,True,,ERA5-Land via Open-Meteo Historical Weather API,era5_land,True,0.421,0.416,0.405,0.408,0.4196666666666666,0.4202857142857142,0.0007142857142857,"{""2007-07-10"": 0.42, ""2007-07-11"": 0.424, ""2007-07-12"": 0.419, ""2007-07-13"": 0.42, ""2007-07-14"": 0.428, ""2007-07-15"": 0.41, ""2007-07-16"": 0.421}",223.4723365448659,151.6868575269386,unclassified,,1237835078.0,river,,1249023072.0,5000.0,5000.0,True,True,True,OpenStreetMap via Overpass API,2026-09-03T18:40:35Z,local equirectangular point-to-polyline
1048446,Assam,Assam,Guwahati,26.1699,91.7986,Medium (2-25km),25000,2007-07-19,2007,7,Monsoon (Jun-Sep),earth slide,rainfall (T),report,9,6,1,Severe (5+),0.0,Saharas Samay' 'closest to predicted location of Gauhati (167.34 km),http://www.saharasamay.com/samayhtml/articles.aspx?newsid=80536,UGLC,Copernicus_DSM_COG_10_N26_00_E091_00_DEM,Copernicus DEM GLO-30 via Microsoft Planetary Computer,True,157.2166290283203,3.24497866742904,223.07277346750533,-0.0138242969927336,27.752391046271786,30.715,False,NASA POWER Daily API / PRECTOTCORR,True,8.09,60.17,103.94,"{""2007-07-13"": 4.71, ""2007-07-14"": 8.5, ""2007-07-15"": 23.76, ""2007-07-16"": 6.8, ""2007-07-17"": 2.29, ""2007-07-18"": 49.79, ""2007-07-19"": 8.09}",ESA_WorldCover_10m_2021_v200_N24E090,MOD13Q1.A2007193.h25v06.061.2021068151559,2007-07-19T23:59:59.500000+00:00,0.0,10.0,Tree cover,ESA WorldCover 2021 v200,2021,14,,,,,False,NASA MODIS MOD13Q1/MYD13Q1 v6.1 16-day 250m,True,False,,ERA5-Land via Open-Meteo Historical Weather API,era5_land,True,0.477,0.488,0.478,0.48,0.4716666666666667,0.4754285714285714,0.0015714285714285,"{""2007-07-13"": 0.489, ""2007-07-14"": 0.475, ""2007-07-15"": 0.476, ""2007-07-16"": 0.473, ""2007-07-17"": 0.464, ""2007-07-18"": 0.474, ""2007-07-19"": 0.477}",123.85377789520687,1914.6944603074637,residential,,508670227.0,stream,Bharalu River,497520977.0,5000.0,5000.0,True,True,True,OpenStreetMap via Overpass API,2026-09-03T18:40:35Z,local equirectangular point-to-polyline
1048441,Assam,Assam,Ganesh Nagar,26.19758217,91.79057805,High (<2km),897,2007-07-19,2007,7,Monsoon (Jun-Sep),ND,rainfall (T),event,7,7,1,Severe (5+),,"At least six persons were killed when their house was buried in a landslide in the Ganesh Nagar area here today.  The six persons belonging to the same family were sleeping when the landslide, caused by torrential rain in the early hours, buried their ho",http://www.hindu.com/thehindu/holnus/004200707191540.htm,UGLC,Copernicus_DSM_COG_10_N26_00_E091_00_DEM,Copernicus DEM GLO-30 via Microsoft Planetary Computer,True,107.88348388671876,20.378263507363304,120.04923484197076,0.007906569944822,27.745798789585127,30.715,True,NASA POWER Daily API / PRECTOTCORR,True,8.09,60.17,103.94,"{""2007-07-13"": 4.71, ""2007-07-14"": 8.5, ""2007-07-15"": 23.76, ""2007-07-16"": 6.8, ""2007-07-17"": 2.29, ""2007-07-18"": 49.79, ""2007-07-19"": 8.09}",ESA_WorldCover_10m_2021_v200_N24E090,MOD13Q1.A2007193.h25v06.061.2021068151559,2007-07-19T23:59:59.500000+00:00,0.0,50.0,Built-up,ESA WorldCover 2021 v200,2021,14,,,,,False,NASA MODIS MOD13Q1/MYD13Q1 v6.1 16-day 250m,True,False,,ERA5-Land via Open-Meteo Historical Weather API,era5_land,True,0.477,0.488,0.478,0.48,0.4716666666666667,0.4754285714285714,0.0015714285714285,"{""2007-07-13"": 0.489, ""2007-07-14"": 0.475, ""2007-07-15"": 0.476, ""2007-07-16"": 0.473, ""2007-07-17"": 0.464, ""2007-07-18"": 0.474, ""2007-07-19"": 0.477}",6.7559313934455085,780.2608988574327,residential,,509093326.0,stream,,585129873.0,5000.0,5000.0,True,True,True,OpenStreetMap via Overpass API,2026-09-03T18:41:35Z,local equirectangular point-to-polyline
1050662,Mizoram,Mizoram,Lawngtlai,22.533,92.899,Medium (2-25km),25000,2007-07-30,2007,7,Monsoon (Jun-Sep),earth slide,rainfall (T),report,9,0,0,No fatalities,0.0,Red Cross - Field reports' 'road networks disrupted,https://www-secure.ifrc.org/dmis/prepare/view_report.asp?ReportID=2987,UGLC,Copernicus_DSM_COG_10_N22_00_E092_00_DEM,Copernicus DEM GLO-30 via Microsoft Planetary Computer,True,801.8380126953125,26.524728373462427,254.1788807112617,0.0086702434058135,28.561587910902084,30.715,False,NASA POWER Daily API / PRECTOTCORR,True,0.52,2.15,25.31,"{""2007-07-24"": 4.99, ""2007-07-25"": 6.96, ""2007-07-26"": 8.89, ""2007-07-27"": 2.32, ""2007-07-28"": 1.45, ""2007-07-29"": 0.18, ""2007-07-30"": 0.52}",ESA_WorldCover_10m_2021_v200_N21E090,MYD13Q1.A2007201.h26v06.061.2021069193911,2007-07-27T23:59:59.500000+00:00,3.0,30.0,Grassland,ESA WorldCover 2021 v200,2021,14,6589.0,0.6589,3.0,Cloudy,False,NASA MODIS MOD13Q1/MYD13Q1 v6.1 16-day 250m,True,True,,ERA5-Land via Open-Meteo Historical Weather API,era5_land,True,0.396,0.4,0.41,0.407,0.405,0.4161428571428571,-0.020142857142857,"{""2007-07-24"": 0.425, ""2007-07-25"": 0.424, ""2007-07-26"": 0.428, ""2007-07-27"": 0.421, ""2007-07-28"": 0.414, ""2007-07-29"": 0.405, ""2007-07-30"": 0.396}",6.740914181504002,2079.1044026354753,road,Khurpui Bazar Road,439651210.0,stream,,1474475319.0,5000.0,5000.0,True,True,True,OpenStreetMap via Overpass API,2026-09-03T18:41:35Z,local equirectangular point-to-polyline
1050668,Mizoram,Mizoram,Saiha,22.479,92.967,Medium (2-25km),25000,2007-07-30,2007,7,Monsoon (Jun-Sep),earth slide,rainfall (T),report,9,0,0,No fatalities,0.0,Red Cross - Field reports' 'road networks disrupted,https://www-secure.ifrc.org/dmis/prepare/view_report.asp?ReportID=2987,UGLC,Copernicus_DSM_COG_10_N22_00_E092_00_DEM,Copernicus DEM GLO-30 via Microsoft Planetary Computer,True,446.7892761230469,31.495615153506943,114.44340757329957,0.0089188052740489,28.572743467632044,30.715,False,NASA POWER Daily API / PRECTOTCORR,True,0.52,2.15,25.31,"{""2007-07-24"": 4.99, ""2007-07-25"": 6.96, ""2007-07-26"": 8.89, ""2007-07-27"": 2.32, ""2007-07-28"": 1.45, ""2007-07-29"": 0.18, ""2007-07-30"": 0.52}",ESA_WorldCover_10m_2021_v200_N21E090,MYD13Q1.A2007201.h26v06.061.2021069193911,2007-07-27T23:59:59.500000+00:00,3.0,10.0,Tree cover,ESA WorldCover 2021 v200,2021,14,5487.0,0.5487000000000001,3.0,Cloudy,False,NASA MODIS MOD13Q1/MYD13Q1 v6.1 16-day 250m,True,True,,ERA5-Land via Open-Meteo Historical Weather API,era5_land,True,0.392,0.398,0.412,0.408,0.4026666666666667,0.4145714285714285,-0.0225714285714285,"{""2007-07-24"": 0.424, ""2007-07-25"": 0.42, ""2007-07-26"": 0.427, ""2007-07-27"": 0.423, ""2007-07-28"": 0.413, ""2007-07-29"": 0.403, ""2007-07-30"": 0.392}",44.478293286576324,600.7730672698533,trunk,,238087092.0,river,,663543236.0,5000.0,5000.0,True,True,True,OpenStreetMap via Overpass API,2026-09-03T18:42:34Z,local equirectangular point-to-polyline
938236,Sikkim,Sikkim,DENTAM,27.25638429,88.13612339,High (<2km),1011,2007-08-02,2007,8,Monsoon (Jun-Sep),ND,rainfall (T),event,9,3,1,Moderate (3-5),,"Three members of a family - a mother and her two children – were killed today when their house collapsed in a landslide in West Sikkim.\nThe landslide took place in the early hours today at Dantam, DIG (range) Mr Akshay Sachdeva said.  Kumar Pradhan, hi",http://www.thestatesman.net/page.news.php?clid=1&theme=&usrsess=1&id=164902,UGLC,Copernicus_DSM_COG_10_N27_00_E088_00_DEM,Copernicus DEM GLO-30 via Microsoft Planetary Computer,True,1594.4122314453125,10.428871434916246,334.4194646330796,0.0028823348140002,27.488807802582304,30.715,True,NASA POWER Daily API / PRECTOTCORR,True,6.04,12.56,77.66,"{""2007-07-27"": 9.55, ""2007-07-28"": 22.16, ""2007-07-29"": 16.28, ""2007-07-30"": 17.11, ""2007-07-31"": 4.77, ""2007-08-01"": 1.75, ""2007-08-02"": 6.04}",ESA_WorldCover_10m_2021_v200_N27E087,MOD13Q1.A2007209.h25v06.061.2021071054213,2007-08-04T23:59:59.500000+00:00,2.0,30.0,Grassland,ESA WorldCover 2021 v200,2021,14,8258.0,0.8258000000000001,1.0,Marginal data,True,NASA MODIS MOD13Q1/MYD13Q1 v6.1 16-day 250m,True,True,0.8258000000000001,ERA5-Land via Open-Meteo Historical Weather API,era5_land,True,0.421,0.427,0.421,0.422,0.4243333333333333,0.4257142857142856,-0.0047142857142856,"{""2007-07-27"": 0.425, ""2007-07-28"": 0.429, ""2007-07-29"": 0.43, ""2007-07-30"": 0.423, ""2007-07-31"": 0.424, ""2007-08-01"": 0.428, ""2007-08-02"": 0.421}",0.15990043099973636,682.3682663671727,unclassified,,467259838.0,stream,,1249479006.0,5000.0,5000.0,True,True,True,OpenStreetMap via Overpass API,2026-09-03T18:42:34Z,local equirectangular point-to-polyline
1050913,Manipur,Manipur,Tamenglong,24.9667,93.55,Medium (2-25km),5000,2007-08-26,2007,8,Monsoon (Jun-Sep),mudslide,rainfall (T),report,9,1,1,Minor (1-2),0.0,"kanglaonline.com' 'man killed along road cut, many events in this area affecting people and livestock, occurred at 5:30 pm",http://www.kanglaonline.com/index.php?template=headline&newsid=39058&typeid=1,UGLC,Copernicus_DSM_COG_10_N24_00_E093_00_DEM,Copernicus DEM GLO-30 via Microsoft Planetary Computer,True,570.7347412109375,27.510488014951296,202.46966513130485,-0.0004391992970776,28.032641282286,30.715,False,NASA POWER Daily API / PRECTOTCORR,True,6.38,8.78,31.74,"{""2007-08-20"": 0.0, ""2007-08-21"": 3.62, ""2007-08-22"": 17.85, ""2007-08-23"": 1.49, ""2007-08-24"": 0.04, ""2007-08-25"": 2.36, ""2007-08-26"": 6.38}",ESA_WorldCover_10m_2021_v200_N24E093,MYD13Q1.A2007233.h26v06.061.2021073135834,2007-08-28T23:59:59.500000+00:00,2.0,10.0,Tree cover,ESA WorldCover 2021 v200,2021,14,6280.0,0.628,3.0,Cloudy,False,NASA MODIS MOD13Q1/MYD13Q1 v6.1 16-day 250m,True,True,,ERA5-Land via Open-Meteo Historical Weather API,era5_land,True,0.426,0.427,0.428,0.427,0.4253333333333333,0.4132857142857143,0.0127142857142856,"{""2007-08-20"": 0.394, ""2007-08-21"": 0.399, ""2007-08-22"": 0.411, ""2007-08-23"": 0.413, ""2007-08-24"": 0.423, ""2007-08-25"": 0.427, ""2007-08-26"": 0.426}",71.21552278732814,243.24660497759274,tertiary,,1389400613.0,river,,667342727.0,5000.0,5000.0,True,True,True,OpenStreetMap via Overpass API,2026-09-03T18:44:33Z,local equirectangular point-to-polyline
1050834,Manipur,Manipur,Tamenglong,24.95138801,93.52811839,Low (>25km),36550,2007-08-26,2007,8,Monsoon (Jun-Sep),ND,rainfall (T),event,9,1,1,Minor (1-2),,Continuing mudslides in Tamenglong claimed one life while another was rescued by the people on Sunday even as many persons were left homeless yesterday.  Fresh mudslides occurred at different parts of the district as uninterrupted rain since the last thr,http://www.kanglaonline.com/index.php?template=headline&newsid=39058&typeid=1,UGLC,Copernicus_DSM_COG_10_N24_00_E093_00_DEM,Copernicus DEM GLO-30 via Microsoft Planetary Computer,True,558.5473022460938,33.832422247766,202.3344677970528,0.005633093872235,28.036128359745,30.715,False,NASA POWER Daily API / PRECTOTCORR,True,6.38,8.78,31.74,"{""2007-08-20"": 0.0, ""2007-08-21"": 3.62, ""2007-08-22"": 17.85, ""2007-08-23"": 1.49, ""2007-08-24"": 0.04, ""2007-08-25"": 2.36, ""2007-08-26"": 6.38}",ESA_WorldCover_10m_2021_v200_N24E093,MYD13Q1.A2007233.h26v06.061.2021073135834,2007-08-28T23:59:59.500000+00:00,2.0,10.0,Tree cover,ESA WorldCover 2021 v200,2021,14,4645.0,0.4645,3.0,Cloudy,False,NASA MODIS MOD13Q1/MYD13Q1 v6.1 16-day 250m,True,True,,ERA5-Land via Open-Meteo Historical Weather API,era5_land,True,0.426,0.427,0.428,0.427,0.4253333333333333,0.4132857142857143,0.0127142857142856,"{""2007-08-20"": 0.394, ""2007-08-21"": 0.399, ""2007-08-22"": 0.411, ""2007-08-23"": 0.413, ""2007-08-24"": 0.423, ""2007-08-25"": 0.427, ""2007-08-26"": 0.426}",833.3275188816209,1181.3990979316848,tertiary,,1389400619.0,river,,667342727.0,5000.0,5000.0,True,True,True,OpenStreetMap via Overpass API,2026-09-03T18:44:33Z,local equirectangular point-to-polyline
1050634,Assam,Assam,Shillong Road at Kuliang in the Jaintia Hills,25.2946,92.8339,,-99999,2007-08-26,2007,8,Monsoon (Jun-Sep),earth slide,rainfall (T),report,10,0,0,No fatalities,0.0,Telegraph India' 'Telegraph India,http://www.telegraphindia.com/1070830/asp/northeast/story_8253906.asp,UGLC,Copernicus_DSM_COG_10_N25_00_E092_00_DEM,Copernicus DEM GLO-30 via Microsoft Planetary Computer,True,887.2079467773438,15.365204211257485,298.0995556184391,-0.0004535358144176,27.95748685440396,30.715,False,NASA POWER Daily API / PRECTOTCORR,True,13.52,17.810000000000002,44.31999999999999,"{""2007-08-20"": 0.12, ""2007-08-21"": 3.04, ""2007-08-22"": 18.95, ""2007-08-23"": 4.4, ""2007-08-24"": 0.6, ""2007-08-25"": 3.69, ""2007-08-26"": 13.52}",ESA_WorldCover_10m_2021_v200_N24E090,MYD13Q1.A2007233.h26v06.061.2021073135834,2007-08-28T23:59:59.500000+00:00,2.0,30.0,Grassland,ESA WorldCover 2021 v200,2021,14,4661.0,0.4661,3.0,Cloudy,False,NASA MODIS MOD13Q1/MYD13Q1 v6.1 16-day 250m,True,True,,ERA5-Land via Open-Meteo Historical Weather API,era5_land,True,0.496,0.5,0.512,0.508,0.4829999999999999,0.4861428571428571,0.0098571428571428,"{""2007-08-20"": 0.487, ""2007-08-21"": 0.49, ""2007-08-22"": 0.503, ""2007-08-23"": 0.474, ""2007-08-24"": 0.475, ""2007-08-25"": 0.478, ""2007-08-26"": 0.496}",2036.4506058342267,3419.914665234969,track,,1362296790.0,river,Dalalma River,121418054.0,5000.0,5000.0,True,True,True,OpenStreetMap via Overpass API,2026-09-03T18:45:35Z,local equirectangular point-to-polyline
1057207,Manipur,Manipur,"Velnal village, Tamei sub-division and Toribari village (3 kilometer toward Tamei from Kangpokpi)",25.1333,93.9667,Medium (2-25km),25000,2007-08-31,2007,8,Monsoon (Jun-Sep),earth slide,rainfall (T),report,9,0,0,No fatalities,0.0,"kanglaonline.com' 'multiple events occurring over 3 days, isolated 70 villages along IT roadway",http://www.kanglaonline.com/index.php?template=headline&newsid=39138&typeid=2,UGLC,Copernicus_DSM_COG_10_N25_00_E093_00_DEM,Copernicus DEM GLO-30 via Microsoft Planetary Computer,True,1008.977294921875,2.341395189217111,228.52668244896293,-5.5677301380892535e-06,27.99457127172612,30.715,False,NASA POWER Daily API / PRECTOTCORR,True,1.14,3.91,19.79,"{""2007-08-25"": 2.36, ""2007-08-26"": 6.38, ""2007-08-27"": 4.84, ""2007-08-28"": 2.3, ""2007-08-29"": 0.62, ""2007-08-30"": 2.15, ""2007-08-31"": 1.14}",ESA_WorldCover_10m_2021_v200_N24E093,MYD13Q1.A2007233.h26v06.061.2021073135834,2007-08-28T23:59:59.500000+00:00,3.0,40.0,Cropland,ESA WorldCover 2021 v200,2021,14,7474.0,0.7474000000000001,3.0,Cloudy,False,NASA MODIS MOD13Q1/MYD13Q1 v6.1 16-day 250m,True,True,,ERA5-Land via Open-Meteo Historical Weather API,era5_land,True,0.483,0.484,0.499,0.495,0.4843333333333333,0.4834285714285714,-0.0004285714285713,"{""2007-08-25"": 0.485, ""2007-08-26"": 0.461, ""2007-08-27"": 0.495, ""2007-08-28"": 0.49, ""2007-08-29"": 0.488, ""2007-08-30"": 0.482, ""2007-08-31"": 0.483}",151.10635176379475,86.6289956228419,trunk,,44886087.0,river,Imphal River,385541095.0,5000.0,5000.0,True,True,True,OpenStreetMap via Overpass API,2026-09-03T18:45:35Z,local equirectangular point-to-polyline
938381,Sikkim,Sikkim,"National Highway 31A between Rangpo and Tarkhola, in East Sikkim",27.201,88.4883,Medium (2-25km),25000,2007-09-07,2007,9,Monsoon (Jun-Sep),earth slide,rainfall (T),report,9,0,0,No fatalities,0.0,thestatesman.net' 'over 18 places along road disrupted traffic and blocked areas,http://www.thestatesman.net/page.news.php?clid=10&id=169368&usrsess=1,UGLC,Copernicus_DSM_COG_10_N27_00_E088_00_DEM,Copernicus DEM GLO-30 via Microsoft Planetary Computer,True,401.8831787109375,34.63730076629495,245.89983282709835,-0.0002879981845585,27.502484045529314,30.715,False,NASA POWER Daily API / PRECTOTCORR,True,44.33,107.27,146.80999999999997,"{""2007-09-01"": 3.6, ""2007-09-02"": 10.39, ""2007-09-03"": 6.44, ""2007-09-04"": 19.11, ""2007-09-05"": 45.06, ""2007-09-06"": 17.88, ""2007-09-07"": 44.33}",ESA_WorldCover_10m_2021_v200_N27E087,MOD13Q1.A2007241.h25v06.061.2021073195627,2007-09-05T23:59:59.500000+00:00,2.0,10.0,Tree cover,ESA WorldCover 2021 v200,2021,14,7922.0,0.7922,1.0,Marginal data,True,NASA MODIS MOD13Q1/MYD13Q1 v6.1 16-day 250m,True,True,0.7922,ERA5-Land via Open-Meteo Historical Weather API,era5_land,True,0.43,0.435,0.423,0.426,0.4266666666666667,0.4257142857142857,0.0042857142857142,"{""2007-09-01"": 0.426, ""2007-09-02"": 0.423, ""2007-09-03"": 0.425, ""2007-09-04"": 0.426, ""2007-09-05"": 0.422, ""2007-09-06"": 0.428, ""2007-09-07"": 0.43}",5.341579766646328,125.8218993332128,trunk,RANGPO-GANGTOK Rd,47416232.0,river,Teesta,27915772.0,5000.0,5000.0,True,True,True,OpenStreetMap via Overpass API,2026-09-03T18:46:36Z,local equirectangular point-to-polyline
1057438,Manipur,Manipur,"Lower Shajouba village near Tadubi along NH 39, Manipur",25.0604,93.9877,Low (>25km),50000,2007-09-08,2007,9,Monsoon (Jun-Sep),earth slide,rainfall (T),report,9,0,0,No fatalities,0.0,"kanglaonline.com' 'occurred along NH 39, unsure of exact location",http://www.kanglaonline.com/index.php?template=headline&newsid=39218&typeid=2,UGLC,Copernicus_DSM_COG_10_N25_00_E093_00_DEM,Copernicus DEM GLO-30 via Microsoft Planetary Computer,True,1517.0406494140625,35.30424392563547,13.271146674793783,0.0093713697063928,28.0112589017274,30.715,False,NASA POWER Daily API / PRECTOTCORR,True,19.97,61.95,125.18,"{""2007-09-02"": 6.49, ""2007-09-03"": 3.44, ""2007-09-04"": 10.68, ""2007-09-05"": 42.62, ""2007-09-06"": 31.94, ""2007-09-07"": 10.04, ""2007-09-08"": 19.97}",ESA_WorldCover_10m_2021_v200_N24E093,MOD13Q1.A2007241.h26v06.061.2021073193932,2007-09-05T23:59:59.500000+00:00,3.0,30.0,Grassland,ESA WorldCover 2021 v200,2021,14,2596.0,0.2596,3.0,Cloudy,False,NASA MODIS MOD13Q1/MYD13Q1 v6.1 16-day 250m,True,True,,ERA5-Land via Open-Meteo Historical Weather API,era5_land,True,0.484,0.486,0.501,0.497,0.4856666666666666,0.4827142857142857,0.0012857142857142,"{""2007-09-02"": 0.459, ""2007-09-03"": 0.471, ""2007-09-04"": 0.505, ""2007-09-05"": 0.487, ""2007-09-06"": 0.482, ""2007-09-07"": 0.491, ""2007-09-08"": 0.484}",2439.6936411875367,2532.5836441157135,unclassified,,1447768403.0,stream,,1448715023.0,5000.0,5000.0,True,True,True,OpenStreetMap via Overpass API,2026-09-03T18:46:36Z,local equirectangular point-to-polyline
938319,Sikkim,Sikkim,Hingdam village in South Sikkim,27.1667,88.35,Low (>25km),50000,2007-09-09,2007,9,Monsoon (Jun-Sep),earth slide,rainfall (T),report,9,1,1,Minor (1-2),0.0,"Sikkim times.com' 'many people displaced, houses damaged",http://sikkimnews.blogspot.com/,UGLC,Copernicus_DSM_COG_10_N27_00_E088_00_DEM,Copernicus DEM GLO-30 via Microsoft Planetary Computer,True,1157.5157470703125,23.936451734444773,286.7976806724903,0.0002217345839343,27.5109409836644,30.715,False,NASA POWER Daily API / PRECTOTCORR,True,5.24,51.29,137.12,"{""2007-09-03"": 6.63, ""2007-09-04"": 17.25, ""2007-09-05"": 44.76, ""2007-09-06"": 17.19, ""2007-09-07"": 39.28, ""2007-09-08"": 6.77, ""2007-09-09"": 5.24}",ESA_WorldCover_10m_2021_v200_N27E087,MOD13Q1.A2007241.h25v06.061.2021073195627,2007-09-05T23:59:59.500000+00:00,4.0,10.0,Tree cover,ESA WorldCover 2021 v200,2021,14,2287.0,0.2287,3.0,Cloudy,False,NASA MODIS MOD13Q1/MYD13Q1 v6.1 16-day 250m,True,True,,ERA5-Land via Open-Meteo Historical Weather API,era5_land,True,0.424,0.432,0.426,0.427,0.426,0.4271428571428571,-0.0031428571428571,"{""2007-09-03"": 0.427, ""2007-09-04"": 0.428, ""2007-09-05"": 0.426, ""2007-09-06"": 0.431, ""2007-09-07"": 0.431, ""2007-09-08"": 0.423, ""2007-09-09"": 0.424}",47.01225021322499,666.9422595379984,unclassified,Earthern Road,605869508.0,stream,,605869507.0,5000.0,5000.0,True,True,True,OpenStreetMap via Overpass API,2026-09-03T18:47:36Z,local equirectangular point-to-polyline
1057853,Manipur,Manipur,"Mao in Manipur, Phipema and Chunikhudima in Nagaland",25.4993,94.1192,Medium (2-25km),25000,2007-09-09,2007,9,Monsoon (Jun-Sep),earth slide,rainfall (T),report,9,0,0,No fatalities,0.0,"kanglaonline.com' 'along NH 39, multiple heavy events, blocked traffic significantly",http://www.kanglaonline.com/index.php?template=headline&newsid=39229&typeid=2,UGLC,Copernicus_DSM_COG_10_N25_00_E094_00_DEM,Copernicus DEM GLO-30 via Microsoft Planetary Computer,True,1942.87841796875,13.363798995212433,308.107599901897,0.0020107353522553,27.910105376247923,30.715,False,NASA POWER Daily API / PRECTOTCORR,True,5.51,27.94,95.54,"{""2007-09-03"": 5.0, ""2007-09-04"": 13.27, ""2007-09-05"": 23.85, ""2007-09-06"": 25.48, ""2007-09-07"": 6.93, ""2007-09-08"": 15.5, ""2007-09-09"": 5.51}",ESA_WorldCover_10m_2021_v200_N24E093,MOD13Q1.A2007241.h26v06.061.2021073193932,2007-09-05T23:59:59.500000+00:00,4.0,10.0,Tree cover,ESA WorldCover 2021 v200,2021,14,1392.0,0.1392,3.0,Cloudy,False,NASA MODIS MOD13Q1/MYD13Q1 v6.1 16-day 250m,True,True,,ERA5-Land via Open-Meteo Historical Weather API,era5_land,True,0.495,0.487,0.468,0.474,0.4863333333333333,0.4857142857142857,0.0092857142857142,"{""2007-09-03"": 0.467, ""2007-09-04"": 0.509, ""2007-09-05"": 0.487, ""2007-09-06"": 0.478, ""2007-09-07"": 0.493, ""2007-09-08"": 0.471, ""2007-09-09"": 0.495}",868.583019692354,3839.971113603667,trunk,,44886099.0,river,,625813045.0,5000.0,5000.0,True,True,True,OpenStreetMap via Overpass API,2026-07-15T15:22:01Z,local equirectangular point-to-polyline
1057817,Manipur,Manipur,Wamkhu village along the Tengnoupal-Joupi road in Chandel district,24.2451,94.0691,Medium (2-25km),25000,2007-09-10,2007,9,Monsoon (Jun-Sep),earth slide,rainfall (T),report,9,0,0,No fatalities,0.0,"e-Pao.net' '50 meter stretch on road, timing is unknown but it blocked traffic",http://www.e-pao.net/GP.asp?src=Snipp7..120907.sep07,UGLC,Copernicus_DSM_COG_10_N24_00_E094_00_DEM,Copernicus DEM GLO-30 via Microsoft Planetary Computer,True,1282.6968994140625,40.48270373988654,109.07667359089396,-0.0042093237321173,28.194794569613563,30.715,False,NASA POWER Daily API / PRECTOTCORR,True,0.8,9.4,46.03,"{""2007-09-04"": 3.98, ""2007-09-05"": 18.79, ""2007-09-06"": 8.98, ""2007-09-07"": 4.88, ""2007-09-08"": 6.58, ""2007-09-09"": 2.02, ""2007-09-10"": 0.8}",ESA_WorldCover_10m_2021_v200_N24E093,MYD13Q1.A2007249.h26v06.061.2021074045406,2007-09-13T23:59:59.500000+00:00,3.0,10.0,Tree cover,ESA WorldCover 2021 v200,2021,14,3314.0,0.3314,3.0,Cloudy,False,NASA MODIS MOD13Q1/MYD13Q1 v6.1 16-day 250m,True,True,,ERA5-Land via Open-Meteo Historical Weather API,era5_land,True,0.435,0.433,0.425,0.427,0.4333333333333333,0.4352857142857143,-0.0002857142857143,"{""2007-09-04"": 0.437, ""2007-09-05"": 0.438, ""2007-09-06"": 0.436, ""2007-09-07"": 0.436, ""2007-09-08"": 0.435, ""2007-09-09"": 0.43, ""2007-09-10"": 0.435}",79.39926775214744,1731.121019836098,secondary,,198322600.0,river,Tuta Lok,169977260.0,5000.0,5000.0,True,True,True,OpenStreetMap via Overpass API,2026-09-03T18:50:36Z,local equirectangular point-to-polyline
938445,Sikkim,Sikkim,East Sikkim,27.29288574,88.67133148,Medium (2-25km),17358,2007-09-10,2007,9,Monsoon (Jun-Sep),ND,rainfall (T),event,9,1,1,Minor (1-2),,Heavy rain last night triggered landslides that led to the death of one person in Sikkim.  Seventeen-year-old Sapna Rai died while her sister Rupa sustained multiple injuries on her face when a landslide struck their house at Rhodong village near Rhey in,http://www.telegraphindia.com/1070911/asp/siliguri/story_8300563.asp,UGLC,Copernicus_DSM_COG_10_N27_00_E088_00_DEM,Copernicus DEM GLO-30 via Microsoft Planetary Computer,True,2045.0093994140625,28.72238838495379,274.9568690222049,-0.0128194000157216,27.479780324464727,30.715,False,NASA POWER Daily API / PRECTOTCORR,True,4.62,12.669999999999998,85.38999999999999,"{""2007-09-04"": 17.04, ""2007-09-05"": 19.09, ""2007-09-06"": 13.61, ""2007-09-07"": 22.98, ""2007-09-08"": 3.29, ""2007-09-09"": 4.76, ""2007-09-10"": 4.62}",ESA_WorldCover_10m_2021_v200_N27E087,MYD13Q1.A2007249.h25v06.061.2021074045941,2007-09-13T23:59:59.500000+00:00,3.0,10.0,Tree cover,ESA WorldCover 2021 v200,2021,14,3152.0,0.3152,3.0,Cloudy,False,NASA MODIS MOD13Q1/MYD13Q1 v6.1 16-day 250m,True,True,,ERA5-Land via Open-Meteo Historical Weather API,era5_land,True,0.432,0.43,0.423,0.425,0.4263333333333333,0.427,0.005,"{""2007-09-04"": 0.427, ""2007-09-05"": 0.425, ""2007-09-06"": 0.429, ""2007-09-07"": 0.429, ""2007-09-08"": 0.424, ""2007-09-09"": 0.423, ""2007-09-10"": 0.432}",1425.1697178061079,1141.0556131582139,unclassified,,349145298.0,stream,Tukchom Chu,129847857.0,5000.0,5000.0,True,True,True,OpenStreetMap via Overpass API,2026-09-03T18:38:31Z,local equirectangular point-to-polyline
938423,Sikkim,Sikkim,Rhodong village near Rhey in East Sikkim,27.3425,88.6236,Medium (2-25km),10000,2007-09-10,2007,9,Monsoon (Jun-Sep),earth slide,rainfall (T),report,9,0,0,No fatalities,0.0,"Telegraph India' 'destroyed a house, killed 1 and injured 1",http://www.telegraphindia.com/1070911/asp/siliguri/story_8300563.asp,UGLC,Copernicus_DSM_COG_10_N27_00_E088_00_DEM,Copernicus DEM GLO-30 via Microsoft Planetary Computer,True,2064.70556640625,41.53862731526402,149.9969963814492,-0.0092480764490882,27.46749192617041,30.715,False,NASA POWER Daily API / PRECTOTCORR,True,4.62,12.669999999999998,85.38999999999999,"{""2007-09-04"": 17.04, ""2007-09-05"": 19.09, ""2007-09-06"": 13.61, ""2007-09-07"": 22.98, ""2007-09-08"": 3.29, ""2007-09-09"": 4.76, ""2007-09-10"": 4.62}",ESA_WorldCover_10m_2021_v200_N27E087,MYD13Q1.A2007249.h25v06.061.2021074045941,2007-09-13T23:59:59.500000+00:00,3.0,10.0,Tree cover,ESA WorldCover 2021 v200,2021,14,2928.0,0.2928,3.0,Cloudy,False,NASA MODIS MOD13Q1/MYD13Q1 v6.1 16-day 250m,True,True,,ERA5-Land via Open-Meteo Historical Weather API,era5_land,True,0.432,0.43,0.423,0.425,0.4263333333333333,0.427,0.005,"{""2007-09-04"": 0.427, ""2007-09-05"": 0.425, ""2007-09-06"": 0.429, ""2007-09-07"": 0.429, ""2007-09-08"": 0.424, ""2007-09-09"": 0.423, ""2007-09-10"": 0.432}",111.68782095153246,945.2365711971258,service,,129776814.0,stream,,1084683262.0,5000.0,5000.0,True,True,True,OpenStreetMap via Overpass API,2026-09-03T18:50:36Z,local equirectangular point-to-polyline
1057807,Manipur,Manipur,"NH-39 at Imphal-Moreh section, Lokchao largest event",24.4279,94.0564,Low (>25km),50000,2007-09-11,2007,9,Monsoon (Jun-Sep),earth slide,rainfall (T),report,9,3,1,Moderate (3-5),0.0,"kanglaonline.com' 'multiple landslides (6 locations) along NH 39, blocked traffic",http://www.kanglaonline.com/index.php?template=headline&newsid=39255&typeid=1,UGLC,Copernicus_DSM_COG_10_N24_00_E094_00_DEM,Copernicus DEM GLO-30 via Microsoft Planetary Computer,True,901.1336669921876,12.104452470049695,339.14459956909786,-0.0036660528341836,28.15413888388763,30.715,False,NASA POWER Daily API / PRECTOTCORR,True,7.8,14.88,107.04,"{""2007-09-05"": 41.21, ""2007-09-06"": 23.52, ""2007-09-07"": 10.31, ""2007-09-08"": 17.12, ""2007-09-09"": 4.96, ""2007-09-10"": 2.12, ""2007-09-11"": 7.8}",ESA_WorldCover_10m_2021_v200_N24E093,MYD13Q1.A2007249.h26v06.061.2021074045406,2007-09-13T23:59:59.500000+00:00,2.0,30.0,Grassland,ESA WorldCover 2021 v200,2021,14,8267.0,0.8267,1.0,Marginal data,True,NASA MODIS MOD13Q1/MYD13Q1 v6.1 16-day 250m,True,True,0.8267,ERA5-Land via Open-Meteo Historical Weather API,era5_land,True,0.432,0.437,0.428,0.43,0.4346666666666667,0.441,-0.009,"{""2007-09-05"": 0.446, ""2007-09-06"": 0.444, ""2007-09-07"": 0.447, ""2007-09-08"": 0.446, ""2007-09-09"": 0.438, ""2007-09-10"": 0.434, ""2007-09-11"": 0.432}",404.0480182863456,271.5710778554123,tertiary,,542126312.0,stream,,1237491038.0,5000.0,5000.0,True,True,True,OpenStreetMap via Overpass API,2026-09-03T18:51:34Z,local equirectangular point-to-polyline
938382,Sikkim,Sikkim,"National Highway 31A, between Singtam and Rangpo",27.2084,88.4909,Medium (2-25km),5000,2007-09-11,2007,9,Monsoon (Jun-Sep),debris flow,rainfall (T),report,9,0,0,No fatalities,0.0,"thestatesman.net' 'occurred in afternoon, slide was 40 m long, disrupted traffic",http://www.thestatesman.net/page.news.php?clid=10&theme=&usrsess=1&id=169578,UGLC,Copernicus_DSM_COG_10_N27_00_E088_00_DEM,Copernicus DEM GLO-30 via Microsoft Planetary Computer,True,348.4344482421875,31.93612035694253,281.66231123399166,0.0122254576671594,27.50065822389743,30.715,False,NASA POWER Daily API / PRECTOTCORR,True,5.54,18.92,134.8,"{""2007-09-05"": 45.06, ""2007-09-06"": 17.88, ""2007-09-07"": 44.33, ""2007-09-08"": 8.61, ""2007-09-09"": 5.56, ""2007-09-10"": 7.82, ""2007-09-11"": 5.54}",ESA_WorldCover_10m_2021_v200_N27E087,MYD13Q1.A2007249.h25v06.061.2021074045941,2007-09-13T23:59:59.500000+00:00,2.0,10.0,Tree cover,ESA WorldCover 2021 v200,2021,14,7542.0,0.7542,1.0,Marginal data,True,NASA MODIS MOD13Q1/MYD13Q1 v6.1 16-day 250m,True,True,0.7542,ERA5-Land via Open-Meteo Historical Weather API,era5_land,True,0.423,0.425,0.427,0.427,0.4263333333333333,0.4262857142857142,-0.0032857142857142,"{""2007-09-05"": 0.422, ""2007-09-06"": 0.428, ""2007-09-07"": 0.43, ""2007-09-08"": 0.425, ""2007-09-09"": 0.425, ""2007-09-10"": 0.431, ""2007-09-11"": 0.423}",11.03201350510473,173.99081585835327,trunk,RANGPO-GANGTOK Rd,47416232.0,river,Teesta,27915772.0,5000.0,5000.0,True,True,True,OpenStreetMap via Overpass API,2026-09-03T18:52:36Z,local equirectangular point-to-polyline
1048449,Assam,Assam,Guwahati,26.1833,91.8,Medium (2-25km),10000,2007-09-13,2007,9,Monsoon (Jun-Sep),earth slide,rainfall (T),report,9,0,0,No fatalities,0.0,"Saharas Samay' 'landslide hit house and buried a family, occurred at 3am",http://www.saharasamay.com/samayhtml/articles.aspx?newsid=84791,UGLC,Copernicus_DSM_COG_10_N26_00_E091_00_DEM,Copernicus DEM GLO-30 via Microsoft Planetary Computer,True,67.7772445678711,0.4721458803775328,185.47744980197336,-0.001537663799938,27.749200767163835,30.715,False,NASA POWER Daily API / PRECTOTCORR,True,0.21,9.46,126.43,"{""2007-09-07"": 41.71, ""2007-09-08"": 58.78, ""2007-09-09"": 15.16, ""2007-09-10"": 1.32, ""2007-09-11"": 1.19, ""2007-09-12"": 8.06, ""2007-09-13"": 0.21}",ESA_WorldCover_10m_2021_v200_N24E090,MYD13Q1.A2007249.h25v06.061.2021074045941,2007-09-13T23:59:59.500000+00:00,0.0,50.0,Built-up,ESA WorldCover 2021 v200,2021,14,,,,,False,NASA MODIS MOD13Q1/MYD13Q1 v6.1 16-day 250m,True,False,,ERA5-Land via Open-Meteo Historical Weather API,era5_land,True,0.481,0.493,0.459,0.468,0.486,0.4844285714285714,-0.0034285714285714,"{""2007-09-07"": 0.485, ""2007-09-08"": 0.48, ""2007-09-09"": 0.475, ""2007-09-10"": 0.493, ""2007-09-11"": 0.487, ""2007-09-12"": 0.49, ""2007-09-13"": 0.481}",13.990532346935671,2251.264176230053,residential,,508535713.0,stream,,585129873.0,5000.0,5000.0,True,True,True,OpenStreetMap via Overpass API,2026-09-03T18:53:36Z,local equirectangular point-to-polyline
1048551,Assam,Assam,Guwahati,26.13140438,91.93086808,Medium (2-25km),15925,2007-09-15,2007,9,Monsoon (Jun-Sep),ND,rainfall (T),event,9,3,1,Moderate (3-5),,"Three people were killed and four wounded Saturday in landslides triggered by heavy rains in Assam, taking the death toll in floods and mudslides since July to 77, officials said.  A police official said three houses in Guwahati were demolished when a hi",http://www.newkerala.com/oct.php?action=fullnews&id=493,UGLC,Copernicus_DSM_COG_10_N26_00_E091_00_DEM,Copernicus DEM GLO-30 via Microsoft Planetary Computer,True,123.35052490234376,11.829864954977326,243.66726921612684,-0.0043176456475084,27.7615476589272,30.715,False,NASA POWER Daily API / PRECTOTCORR,True,4.91,31.2,56.92999999999999,"{""2007-09-09"": 15.16, ""2007-09-10"": 1.32, ""2007-09-11"": 1.19, ""2007-09-12"": 8.06, ""2007-09-13"": 0.21, ""2007-09-14"": 26.08, ""2007-09-15"": 4.91}",ESA_WorldCover_10m_2021_v200_N24E090,MYD13Q1.A2007249.h25v06.061.2021074045941,2007-09-13T23:59:59.500000+00:00,2.0,10.0,Tree cover,ESA WorldCover 2021 v200,2021,14,,,,,False,NASA MODIS MOD13Q1/MYD13Q1 v6.1 16-day 250m,True,False,,ERA5-Land via Open-Meteo Historical Weather API,era5_land,True,0.489,0.496,0.485,0.488,0.4843333333333333,0.4897142857142857,-0.0007142857142857,"{""2007-09-09"": 0.495, ""2007-09-10"": 0.494, ""2007-09-11"": 0.49, ""2007-09-12"": 0.496, ""2007-09-13"": 0.489, ""2007-09-14"": 0.475, ""2007-09-15"": 0.489}",163.3712012231149,4621.513730450542,residential,,1137205462.0,river,Digaru River,120376272.0,5000.0,5000.0,True,True,True,OpenStreetMap via Overpass API,2026-09-03T18:25:21Z,local equirectangular point-to-polyline
1050607,Assam,Assam,Bilaipur,24.52029991,92.72826503,High (<2km),412,2007-09-16,2007,9,Monsoon (Jun-Sep),ND,rainfall (T),event,5,3,1,Moderate (3-5),,"Floods gave Assam no respite today with the rain-fed Brahmaputra and Barak remaining in spate and the death count touching 52, as many as 28 of them in the Barak Valley alone. Three children of a family were buried in a landslide at Bilaipur village of H",http://www.telegraphindia.com/1070917/asp/northeast/story_8324620.asp,UGLC,Copernicus_DSM_COG_10_N24_00_E092_00_DEM,Copernicus DEM GLO-30 via Microsoft Planetary Computer,True,39.580299377441406,3.1845814343130456,286.5248977117101,0.0016822201783693,28.13347958953374,30.715,True,NASA POWER Daily API / PRECTOTCORR,True,0.85,20.040000000000003,39.08,"{""2007-09-10"": 3.55, ""2007-09-11"": 11.4, ""2007-09-12"": 3.53, ""2007-09-13"": 0.56, ""2007-09-14"": 16.01, ""2007-09-15"": 3.18, ""2007-09-16"": 0.85}",ESA_WorldCover_10m_2021_v200_N24E090,MYD13Q1.A2007249.h26v06.061.2021074045406,2007-09-13T23:59:59.500000+00:00,3.0,10.0,Tree cover,ESA WorldCover 2021 v200,2021,14,6867.0,0.6867000000000001,0.0,Good data,True,NASA MODIS MOD13Q1/MYD13Q1 v6.1 16-day 250m,True,True,0.6867000000000001,ERA5-Land via Open-Meteo Historical Weather API,era5_land,True,0.417,0.422,0.403,0.408,0.4183333333333333,0.4174285714285714,-0.0004285714285714,"{""2007-09-10"": 0.424, ""2007-09-11"": 0.414, ""2007-09-12"": 0.416, ""2007-09-13"": 0.413, ""2007-09-14"": 0.415, ""2007-09-15"": 0.423, ""2007-09-16"": 0.417}",18.354778737793847,2851.7611154531496,secondary,,668441111.0,river,Dalai River,668424885.0,5000.0,5000.0,True,True,True,OpenStreetMap via Overpass API,2026-09-03T18:53:36Z,local equirectangular point-to-polyline
938298,Sikkim,Sikkim,Geyzing-Jorethang road and Naya Bazar-Legship road,27.2872,88.2816,Low (>25km),50000,2007-09-18,2007,9,Monsoon (Jun-Sep),earth slide,rainfall (T),report,9,0,0,No fatalities,0.0,thestatesman.net' 'along multiple roads in province,http://www.thestatesman.net/page.arcview.php?clid=10&id=198313&usrsess=1,UGLC,Copernicus_DSM_COG_10_N27_00_E088_00_DEM,Copernicus DEM GLO-30 via Microsoft Planetary Computer,True,583.18017578125,31.07215006753462,301.47088987495954,-0.0001656750011499,27.481187245677138,30.715,False,NASA POWER Daily API / PRECTOTCORR,True,2.12,2.99,50.99,"{""2007-09-12"": 15.1, ""2007-09-13"": 13.98, ""2007-09-14"": 3.61, ""2007-09-15"": 15.31, ""2007-09-16"": 0.81, ""2007-09-17"": 0.06, ""2007-09-18"": 2.12}",ESA_WorldCover_10m_2021_v200_N27E087,MOD13Q1.A2007257.h25v06.061.2021074210808,2007-09-21T23:59:59.500000+00:00,3.0,10.0,Tree cover,ESA WorldCover 2021 v200,2021,14,7232.0,0.7232000000000001,0.0,Good data,True,NASA MODIS MOD13Q1/MYD13Q1 v6.1 16-day 250m,True,True,0.7232000000000001,ERA5-Land via Open-Meteo Historical Weather API,era5_land,True,0.407,0.411,0.397,0.401,0.4136666666666666,0.4185714285714286,-0.0115714285714286,"{""2007-09-12"": 0.423, ""2007-09-13"": 0.423, ""2007-09-14"": 0.42, ""2007-09-15"": 0.423, ""2007-09-16"": 0.418, ""2007-09-17"": 0.416, ""2007-09-18"": 0.407}",72.415913967538,14.104290676939174,primary,,134421832.0,river,Rangit,575695606.0,5000.0,5000.0,True,True,True,OpenStreetMap via Overpass API,2026-09-03T18:54:35Z,local equirectangular point-to-polyline
1050582,Mizoram,Mizoram,"National Highway, 45 Aizwal (Mizoram)",24.1293,92.6921,Low (>25km),50000,2007-09-29,2007,9,Monsoon (Jun-Sep),earth slide,rainfall (T),report,9,0,0,No fatalities,0.0,"Newkerala' 'unsure of exact day, landslides blocked road somewhere in province",http://www.newkerala.com/oct.php?action=fullnews&id=7498,UGLC,Copernicus_DSM_COG_10_N24_00_E092_00_DEM,Copernicus DEM GLO-30 via Microsoft Planetary Computer,True,820.6981811523438,4.077516427037359,10.12626081665826,0.0030241806078913,28.220400639312096,30.715,False,NASA POWER Daily API / PRECTOTCORR,True,5.99,6.130000000000001,7.25,"{""2007-09-23"": 0.55, ""2007-09-24"": 0.25, ""2007-09-25"": 0.02, ""2007-09-26"": 0.3, ""2007-09-27"": 0.11, ""2007-09-28"": 0.03, ""2007-09-29"": 5.99}",ESA_WorldCover_10m_2021_v200_N24E090,MYD13Q1.A2007265.h26v06.061.2021075183104,2007-09-29T23:59:59.500000+00:00,0.0,10.0,Tree cover,ESA WorldCover 2021 v200,2021,14,2156.0,0.2156,3.0,Cloudy,False,NASA MODIS MOD13Q1/MYD13Q1 v6.1 16-day 250m,True,True,,ERA5-Land via Open-Meteo Historical Weather API,era5_land,True,0.422,0.42,0.392,0.4,0.4096666666666667,0.3948571428571429,0.027142857142857,"{""2007-09-23"": 0.372, ""2007-09-24"": 0.401, ""2007-09-25"": 0.385, ""2007-09-26"": 0.377, ""2007-09-27"": 0.402, ""2007-09-28"": 0.405, ""2007-09-29"": 0.422}",11.836187045324337,4373.769058791325,trunk,,241573044.0,river,Serlui,662186383.0,5000.0,5000.0,True,True,True,OpenStreetMap via Overpass API,2026-09-03T18:55:36Z,local equirectangular point-to-polyline
1057849,Manipur,Manipur,"Maram-Purul Road, Karong Assembly Constituency of Senapati district, Manipur",25.4379,94.1162,Low (>25km),50000,2007-10-19,2007,10,Post-monsoon (Oct-Nov),earth slide,rainfall (T),report,9,0,0,No fatalities,0.0,"e-Pao.net' 'occurred at 3 places along road (23 km), unsure of exact date within past 5 days",http://www.e-pao.net/GP.asp?src=5..211007.oct07,UGLC,Copernicus_DSM_COG_10_N25_00_E094_00_DEM,Copernicus DEM GLO-30 via Microsoft Planetary Computer,True,1505.0709228515625,18.70218554783301,182.98342741366457,-0.0088582341273276,27.924354935090506,30.715,False,NASA POWER Daily API / PRECTOTCORR,True,4.81,6.09,38.16,"{""2007-10-13"": 0.01, ""2007-10-14"": 1.08, ""2007-10-15"": 22.47, ""2007-10-16"": 8.51, ""2007-10-17"": 0.65, ""2007-10-18"": 0.63, ""2007-10-19"": 4.81}",ESA_WorldCover_10m_2021_v200_N24E093,MOD13Q1.A2007289.h26v06.061.2021077185358,2007-10-23T23:59:59.500000+00:00,4.0,10.0,Tree cover,ESA WorldCover 2021 v200,2021,14,8351.0,0.8351000000000001,0.0,Good data,True,NASA MODIS MOD13Q1/MYD13Q1 v6.1 16-day 250m,True,True,0.8351000000000001,ERA5-Land via Open-Meteo Historical Weather API,era5_land,True,0.485,0.497,0.485,0.487,0.4893333333333333,0.4792857142857143,0.0057142857142856,"{""2007-10-13"": 0.45, ""2007-10-14"": 0.479, ""2007-10-15"": 0.475, ""2007-10-16"": 0.483, ""2007-10-17"": 0.486, ""2007-10-18"": 0.497, ""2007-10-19"": 0.485}",307.4463082796008,2271.0196573416947,secondary,,1360690735.0,river,,385527536.0,5000.0,5000.0,True,True,True,OpenStreetMap via Overpass API,2026-09-03T18:56:41Z,local equirectangular point-to-polyline
1050772,Manipur,Manipur,National Highway 53 at Nungba in Tamenglong district of Manipur,24.75,93.4333,Medium (2-25km),25000,2007-10-21,2007,10,Post-monsoon (Oct-Nov),earth slide,rainfall (T),report,9,0,0,No fatalities,0.0,Hmar.net' 'blocked road,http://hmar.net/?p=1870,UGLC,Copernicus_DSM_COG_10_N24_00_E093_00_DEM,Copernicus DEM GLO-30 via Microsoft Planetary Computer,True,467.3199768066406,33.08600728403407,162.9047108794697,-0.0158400979765585,28.081805030613346,30.715,False,NASA POWER Daily API / PRECTOTCORR,True,0.37,19.49,65.69,"{""2007-10-15"": 27.58, ""2007-10-16"": 16.27, ""2007-10-17"": 1.91, ""2007-10-18"": 0.44, ""2007-10-19"": 7.13, ""2007-10-20"": 11.99, ""2007-10-21"": 0.37}",ESA_WorldCover_10m_2021_v200_N24E093,MOD13Q1.A2007289.h26v06.061.2021077185358,2007-10-23T23:59:59.500000+00:00,2.0,10.0,Tree cover,ESA WorldCover 2021 v200,2021,14,8644.0,0.8644000000000001,0.0,Good data,True,NASA MODIS MOD13Q1/MYD13Q1 v6.1 16-day 250m,True,True,0.8644000000000001,ERA5-Land via Open-Meteo Historical Weather API,era5_land,True,0.402,0.407,0.414,0.412,0.4066666666666667,0.4135714285714285,-0.0115714285714285,"{""2007-10-15"": 0.424, ""2007-10-16"": 0.425, ""2007-10-17"": 0.418, ""2007-10-18"": 0.408, ""2007-10-19"": 0.405, ""2007-10-20"": 0.413, ""2007-10-21"": 0.402}",343.63436178538905,3672.830267733095,trunk,,1188452046.0,river,Irang River,666155546.0,5000.0,5000.0,True,True,True,OpenStreetMap via Overpass API,2026-09-03T18:56:41Z,local equirectangular point-to-polyline
1048552,Assam,Assam,Guwahati,26.13140438,91.93086808,Medium (2-25km),15925,2008-04-13,2008,4,Pre-monsoon (Apr-May),ND,rainfall (T),event,9,3,1,Moderate (3-5),,Three members of a family including a six-month pregnant woman were killed while several houses were damaged when a powerful storm followed by landslide hit city’s Bongali Basti area in Ramsali Hills near Kharghuli under Latasil Police station in the w,http://www.assamtribune.com/scripts/details.asp?id=apr1608/at05,UGLC,Copernicus_DSM_COG_10_N26_00_E091_00_DEM,Copernicus DEM GLO-30 via Microsoft Planetary Computer,True,123.35052490234376,11.829864954977326,243.66726921612684,-0.0043176456475084,27.7615476589272,30.715,False,NASA POWER Daily API / PRECTOTCORR,True,27.84,28.31,28.31,"{""2008-04-07"": 0.0, ""2008-04-08"": 0.0, ""2008-04-09"": 0.0, ""2008-04-10"": 0.0, ""2008-04-11"": 0.0, ""2008-04-12"": 0.47, ""2008-04-13"": 27.84}",ESA_WorldCover_10m_2021_v200_N24E090,MOD13Q1.A2008097.h25v06.061.2021096105829,2008-04-13T23:59:59.500000+00:00,0.0,10.0,Tree cover,ESA WorldCover 2021 v200,2021,13,,,,,False,NASA MODIS MOD13Q1/MYD13Q1 v6.1 16-day 250m,True,False,,ERA5-Land via Open-Meteo Historical Weather API,era5_land,True,0.318,0.332,0.333,0.332,0.3156666666666667,0.3351428571428571,-0.0171428571428571,"{""2008-04-07"": 0.374, ""2008-04-08"": 0.357, ""2008-04-09"": 0.341, ""2008-04-10"": 0.327, ""2008-04-11"": 0.315, ""2008-04-12"": 0.314, ""2008-04-13"": 0.318}",163.3712012231149,4621.513730450542,residential,,1137205462.0,river,Digaru River,120376272.0,5000.0,5000.0,True,True,True,OpenStreetMap via Overpass API,2026-09-03T18:25:21Z,local equirectangular point-to-polyline
1057337,Manipur,Manipur,"near Kuloor church, in Manipur along National Highway",24.6596,93.9784,,-99999,2008-06-09,2008,6,Monsoon (Jun-Sep),earth slide,rainfall (T),report,10,0,0,No fatalities,0.0,"daijiworld' 'difficult to determine location, heavy rains throughout Manipur state","http://www.daijiworld.com/news/news_disp.asp?n_id=47500&n_tit=Mangalore:+Monsoon+Continues+to+Strike;+Landslide,+Houses+Collapse",UGLC,Copernicus_DSM_COG_10_N24_00_E093_00_DEM,Copernicus DEM GLO-30 via Microsoft Planetary Computer,True,772.5,1.5272878515026604,0.0,0.0059609373169343,28.10219580390891,30.715,False,NASA POWER Daily API / PRECTOTCORR,True,4.33,13.47,19.65,"{""2008-06-03"": 0.27, ""2008-06-04"": 4.8, ""2008-06-05"": 0.13, ""2008-06-06"": 0.98, ""2008-06-07"": 2.84, ""2008-06-08"": 6.3, ""2008-06-09"": 4.33}",ESA_WorldCover_10m_2021_v200_N24E093,MYD13Q1.A2008153.h26v06.061.2021099051428,2008-06-08T23:59:59.500000+00:00,1.0,10.0,Tree cover,ESA WorldCover 2021 v200,2021,13,3382.0,0.3382,1.0,Marginal data,True,NASA MODIS MOD13Q1/MYD13Q1 v6.1 16-day 250m,True,True,0.3382,ERA5-Land via Open-Meteo Historical Weather API,era5_land,True,0.484,0.487,0.311,0.36,0.4843333333333333,0.4438571428571429,0.040142857142857,"{""2008-06-03"": 0.402, ""2008-06-04"": 0.399, ""2008-06-05"": 0.41, ""2008-06-06"": 0.443, ""2008-06-07"": 0.479, ""2008-06-08"": 0.49, ""2008-06-09"": 0.484}",22.00423043321089,16.851883033260215,unclassified,,1132615854.0,river,Thoubal River,385538843.0,5000.0,5000.0,True,True,True,OpenStreetMap via Overpass API,2026-09-03T18:57:36Z,local equirectangular point-to-polyline
1057861,Assam,Assam,Lakhimpur,27.1743511,94.13502058,Low (>25km),30654,2008-06-14,2008,6,Monsoon (Jun-Sep),ND,rainfall (T),event,9,1,1,Minor (1-2),,"At least 14 people were killed and 30 injured in a series of landslides in Arunachal Pradesh on Saturday following incessant rain.  There were seven deaths reported from Naharlagun, six from Itanagar, and one in Banderdewa.  Papumpare deputy commissioner",http://sify.com/news/fullstory.php?id=14694665,UGLC,Copernicus_DSM_COG_10_N27_00_E094_00_DEM,Copernicus DEM GLO-30 via Microsoft Planetary Computer,True,87.40898132324219,1.1271017462658577,139.5874479362621,0.0005761563975993,27.50905539827085,30.715,False,NASA POWER Daily API / PRECTOTCORR,True,19.56,76.22,152.26,"{""2008-06-08"": 4.25, ""2008-06-09"": 16.11, ""2008-06-10"": 23.09, ""2008-06-11"": 32.59, ""2008-06-12"": 14.61, ""2008-06-13"": 42.05, ""2008-06-14"": 19.56}",ESA_WorldCover_10m_2021_v200_N27E093,MOD13Q1.A2008161.h26v06.061.2021099095156,2008-06-16T23:59:59.500000+00:00,2.0,10.0,Tree cover,ESA WorldCover 2021 v200,2021,13,7145.0,0.7145,1.0,Marginal data,True,NASA MODIS MOD13Q1/MYD13Q1 v6.1 16-day 250m,True,True,0.7145,ERA5-Land via Open-Meteo Historical Weather API,era5_land,True,0.414,0.415,0.435,0.43,0.421,0.4145714285714286,-0.0005714285714286,"{""2008-06-08"": 0.393, ""2008-06-09"": 0.407, ""2008-06-10"": 0.422, ""2008-06-11"": 0.417, ""2008-06-12"": 0.424, ""2008-06-13"": 0.425, ""2008-06-14"": 0.414}",745.2948406129103,3859.914109059859,unclassified,Azad Road,231234751.0,stream,,1193990943.0,5000.0,5000.0,True,True,True,OpenStreetMap via Overpass API,2026-09-03T18:58:40Z,local equirectangular point-to-polyline
1057827,Assam,Assam,"Lakhimpur district, Bihpuria, Assam",27.2298,94.0989,Medium (2-25km),25000,2008-06-15,2008,6,Monsoon (Jun-Sep),earth slide,rainfall (T),report,9,17,1,Severe (5+),0.0,"Telegraph India' 'heavy flooding and landslides in Assam and Arunachal Pradesh, difficult to determine if casualties were from flooding or landslides",http://www.telegraphindia.com/1080616/jsp/northeast/story_9416169.jsp,UGLC,Copernicus_DSM_COG_10_N27_00_E094_00_DEM,Copernicus DEM GLO-30 via Microsoft Planetary Computer,True,94.63778686523438,1.4165121235213043,182.09000135918345,0.0005866865263837,27.49537556372062,30.715,False,NASA POWER Daily API / PRECTOTCORR,True,5.57,67.17999999999999,153.57999999999998,"{""2008-06-09"": 16.11, ""2008-06-10"": 23.09, ""2008-06-11"": 32.59, ""2008-06-12"": 14.61, ""2008-06-13"": 42.05, ""2008-06-14"": 19.56, ""2008-06-15"": 5.57}",ESA_WorldCover_10m_2021_v200_N27E093,MOD13Q1.A2008161.h26v06.061.2021099095156,2008-06-16T23:59:59.500000+00:00,1.0,10.0,Tree cover,ESA WorldCover 2021 v200,2021,13,3738.0,0.3738,3.0,Cloudy,False,NASA MODIS MOD13Q1/MYD13Q1 v6.1 16-day 250m,True,True,,ERA5-Land via Open-Meteo Historical Weather API,era5_land,True,0.391,0.393,0.427,0.417,0.41,0.4142857142857142,-0.0232857142857142,"{""2008-06-09"": 0.407, ""2008-06-10"": 0.422, ""2008-06-11"": 0.417, ""2008-06-12"": 0.424, ""2008-06-13"": 0.425, ""2008-06-14"": 0.414, ""2008-06-15"": 0.391}",46.3618464203763,358.19575215443143,residential,,520105558.0,stream,,1193990943.0,5000.0,5000.0,True,True,True,OpenStreetMap via Overpass API,2026-09-03T19:00:47Z,local equirectangular point-to-polyline
1054158,Manipur,Manipur,"Namkaoluang village, Tamenglong-Sangrung (Khongsang) road, NH-53, Manipur",24.9336,93.8275,Medium (2-25km),25000,2008-06-19,2008,6,Monsoon (Jun-Sep),mudslide,rainfall (T),report,9,0,0,No fatalities,0.0,kanglaonline' 'mudslide 30-40 feet long,http://www.kanglaonline.com/index.php?template=headline&newsid=42473&typeid=2,UGLC,Copernicus_DSM_COG_10_N24_00_E093_00_DEM,Copernicus DEM GLO-30 via Microsoft Planetary Computer,True,1029.0897216796875,15.312425876174183,99.7356081106102,-0.004593175885121,28.04017679964064,30.715,False,NASA POWER Daily API / PRECTOTCORR,True,7.96,26.66,48.38,"{""2008-06-13"": 1.69, ""2008-06-14"": 9.82, ""2008-06-15"": 6.69, ""2008-06-16"": 3.52, ""2008-06-17"": 9.67, ""2008-06-18"": 9.03, ""2008-06-19"": 7.96}",ESA_WorldCover_10m_2021_v200_N24E093,MOD13Q1.A2008161.h26v06.061.2021099095156,2008-06-16T23:59:59.500000+00:00,3.0,30.0,Grassland,ESA WorldCover 2021 v200,2021,13,7683.0,0.7683,1.0,Marginal data,True,NASA MODIS MOD13Q1/MYD13Q1 v6.1 16-day 250m,True,True,0.7683,ERA5-Land via Open-Meteo Historical Weather API,era5_land,True,0.471,0.482,0.417,0.435,0.4783333333333333,0.4851428571428571,-0.0141428571428571,"{""2008-06-13"": 0.489, ""2008-06-14"": 0.494, ""2008-06-15"": 0.487, ""2008-06-16"": 0.491, ""2008-06-17"": 0.473, ""2008-06-18"": 0.491, ""2008-06-19"": 0.471}",460.9526040548872,1158.845236390419,track,,1530568100.0,stream,,389967127.0,5000.0,5000.0,True,True,True,OpenStreetMap via Overpass API,2026-09-03T19:01:47Z,local equirectangular point-to-polyline
1048553,Assam,Assam,Guwahati,26.13140438,91.93086808,Medium (2-25km),15925,2008-06-19,2008,6,Monsoon (Jun-Sep),ND,rainfall (T),event,9,1,1,Minor (1-2),,The weatherman today warned of heavy to very heavy rain in the city and the rest of the region in the next 48 hours as the residents of Guwahati grappled in waist-deep water at many places following last night’s cloudburst.  The Met office attributed t,http://www.telegraphindia.com/1080621/jsp/northeast/story_9441137.jsp,UGLC,Copernicus_DSM_COG_10_N26_00_E091_00_DEM,Copernicus DEM GLO-30 via Microsoft Planetary Computer,True,123.35052490234376,11.829864954977326,243.66726921612684,-0.0043176456475084,27.7615476589272,30.715,False,NASA POWER Daily API / PRECTOTCORR,True,19.56,30.27,82.42999999999999,"{""2008-06-13"": 5.1, ""2008-06-14"": 27.36, ""2008-06-15"": 4.91, ""2008-06-16"": 14.79, ""2008-06-17"": 6.79, ""2008-06-18"": 3.92, ""2008-06-19"": 19.56}",ESA_WorldCover_10m_2021_v200_N24E090,MOD13Q1.A2008161.h25v06.061.2021099094455,2008-06-16T23:59:59.500000+00:00,3.0,10.0,Tree cover,ESA WorldCover 2021 v200,2021,13,,,,,False,NASA MODIS MOD13Q1/MYD13Q1 v6.1 16-day 250m,True,False,,ERA5-Land via Open-Meteo Historical Weather API,era5_land,True,0.496,0.494,0.515,0.509,0.4876666666666667,0.483,0.0129999999999999,"{""2008-06-13"": 0.494, ""2008-06-14"": 0.479, ""2008-06-15"": 0.477, ""2008-06-16"": 0.468, ""2008-06-17"": 0.482, ""2008-06-18"": 0.485, ""2008-06-19"": 0.496}",163.3712012231149,4621.513730450542,residential,,1137205462.0,river,Digaru River,120376272.0,5000.0,5000.0,True,True,True,OpenStreetMap via Overpass API,2026-09-03T18:25:21Z,local equirectangular point-to-polyline
1048400,Tripura,Tripura,Tripura,23.74450253,91.74176515,Low (>25km),57912,2008-07-15,2008,7,Monsoon (Jun-Sep),ND,rainfall (T),event,9,1,1,Minor (1-2),,"At least one person was killed and three others injured in landslides triggered by heavy monsoon rains in Tripura Tuesday. “Samra (Bhill) Munda,45, died on the spot when a mound of earth slipped on his house early Tuesday, while he was sleeping with h",http://www.thaindian.com/newsportal/uncategorized/one-killed-as-heavy-rain-triggers-landlsides-in-tripura_10071881.html,UGLC,Copernicus_DSM_COG_10_N23_00_E091_00_DEM,Copernicus DEM GLO-30 via Microsoft Planetary Computer,True,200.3071746826172,6.081890402090366,115.08193037415856,0.0105663532718384,28.30465976082829,30.715,False,NASA POWER Daily API / PRECTOTCORR,True,8.51,117.78,192.85,"{""2008-07-09"": 24.3, ""2008-07-10"": 8.26, ""2008-07-11"": 27.79, ""2008-07-12"": 14.72, ""2008-07-13"": 52.21, ""2008-07-14"": 57.06, ""2008-07-15"": 8.51}",ESA_WorldCover_10m_2021_v200_N21E090,MOD13Q1.A2008193.h25v06.061.2021102155911,2008-07-18T23:59:59.500000+00:00,3.0,10.0,Tree cover,ESA WorldCover 2021 v200,2021,13,,,,,False,NASA MODIS MOD13Q1/MYD13Q1 v6.1 16-day 250m,True,False,,ERA5-Land via Open-Meteo Historical Weather API,era5_land,True,0.416,0.419,0.424,0.422,0.423,0.4198571428571429,-0.0038571428571428,"{""2008-07-09"": 0.42, ""2008-07-10"": 0.419, ""2008-07-11"": 0.412, ""2008-07-12"": 0.419, ""2008-07-13"": 0.426, ""2008-07-14"": 0.427, ""2008-07-15"": 0.416}",2744.630994416222,1896.836069610591,tertiary,,1126417985.0,river,,666500844.0,5000.0,5000.0,True,True,True,OpenStreetMap via Overpass API,2026-09-03T19:01:47Z,local equirectangular point-to-polyline
1057562,Assam,Assam,"Kimin-Ziro road in Papum Pare district, road between Doimukh and Sagalee, Doimukh-Hoj road; Arunachal Pradesh",27.163,94.0,Low (>25km),50000,2008-08-14,2008,8,Monsoon (Jun-Sep),earth slide,rainfall (T),report,9,0,0,No fatalities,0.0,morungexpress' 'landslides triggered in various parts of Arunachal Pradesh,http://www.morungexpress.com/regional/1615.html,UGLC,Copernicus_DSM_COG_10_N27_00_E094_00_DEM,Copernicus DEM GLO-30 via Microsoft Planetary Computer,True,94.73430633544922,2.150634774486839,22.80079934315956,0.0015389012173257,27.51185265904586,30.715,False,NASA POWER Daily API / PRECTOTCORR,True,13.88,29.31,75.44,"{""2008-08-08"": 1.11, ""2008-08-09"": 1.55, ""2008-08-10"": 9.59, ""2008-08-11"": 33.88, ""2008-08-12"": 11.32, ""2008-08-13"": 4.11, ""2008-08-14"": 13.88}",ESA_WorldCover_10m_2021_v200_N27E093,MYD13Q1.A2008217.h26v06.061.2021104214156,2008-08-11T23:59:59.500000+00:00,3.0,60.0,Bare / sparse vegetation,ESA WorldCover 2021 v200,2021,13,5071.0,0.5071,1.0,Marginal data,True,NASA MODIS MOD13Q1/MYD13Q1 v6.1 16-day 250m,True,True,0.5071,ERA5-Land via Open-Meteo Historical Weather API,era5_land,True,0.418,0.413,0.396,0.401,0.4156666666666666,0.4068571428571428,0.0111428571428571,"{""2008-08-08"": 0.366, ""2008-08-09"": 0.396, ""2008-08-10"": 0.422, ""2008-08-11"": 0.417, ""2008-08-12"": 0.419, ""2008-08-13"": 0.41, ""2008-08-14"": 0.418}",50.3172163503032,30.386170898622794,trunk,,238668514.0,river,Padma Nadi,669573569.0,5000.0,5000.0,True,True,True,OpenStreetMap via Overpass API,2026-09-03T19:02:50Z,local equirectangular point-to-polyline
938418,Sikkim,Sikkim,"Ranka, Sikkim and Louing road",27.337,88.609,Medium (2-25km),25000,2008-08-28,2008,8,Monsoon (Jun-Sep),earth slide,rainfall (T),report,9,0,0,No fatalities,0.0,"beacononline.wordpress' 'most affected villages of block level are Pabing, Changram, Doksing and Thami Dara",http://beacononline.wordpress.com/2008/08/31/landslide-victims-being-compensated/,UGLC,Copernicus_DSM_COG_10_N27_00_E088_00_DEM,Copernicus DEM GLO-30 via Microsoft Planetary Computer,True,1553.279052734375,18.342699276887505,213.30333964462656,-0.0140077063523873,27.46885517455278,30.715,False,NASA POWER Daily API / PRECTOTCORR,True,3.88,13.81,31.15,"{""2008-08-22"": 2.73, ""2008-08-23"": 7.69, ""2008-08-24"": 2.37, ""2008-08-25"": 4.55, ""2008-08-26"": 6.93, ""2008-08-27"": 3.0, ""2008-08-28"": 3.88}",ESA_WorldCover_10m_2021_v200_N27E087,MYD13Q1.A2008233.h25v06.061.2021106001920,2008-08-27T23:59:59.500000+00:00,1.0,50.0,Built-up,ESA WorldCover 2021 v200,2021,13,5138.0,0.5138,3.0,Cloudy,False,NASA MODIS MOD13Q1/MYD13Q1 v6.1 16-day 250m,True,True,,ERA5-Land via Open-Meteo Historical Weather API,era5_land,True,0.429,0.433,0.428,0.43,0.4286666666666667,0.427,0.002,"{""2008-08-22"": 0.428, ""2008-08-23"": 0.422, ""2008-08-24"": 0.427, ""2008-08-25"": 0.426, ""2008-08-26"": 0.428, ""2008-08-27"": 0.429, ""2008-08-28"": 0.429}",41.76966362617719,478.97251140073973,unclassified,,349107834.0,stream,,1084683258.0,5000.0,5000.0,True,True,True,OpenStreetMap via Overpass API,2026-09-03T19:03:50Z,local equirectangular point-to-polyline
1057851,Assam,Assam,North Lakhimpur,27.2333,94.1167,Low (>25km),50000,2008-10-29,2008,10,Post-monsoon (Oct-Nov),earth slide,rainfall (T),report,9,0,0,No fatalities,0.0,"rttnews' 'flooding and landslides, Floods and landslides caused by heavy rains over the last three days have killed at least seven people and displaced thousands more in the northeastern states of India",http://www.rttnews.com/ArticleView.aspx?Id=758386&SMap=1,UGLC,Copernicus_DSM_COG_10_N27_00_E094_00_DEM,Copernicus DEM GLO-30 via Microsoft Planetary Computer,True,90.41641235351562,0.8348605444143771,303.8795590197322,0.0009182535578327,27.494511212258075,30.715,False,NASA POWER Daily API / PRECTOTCORR,True,0.0,11.53,31.2,"{""2008-10-23"": 0.0, ""2008-10-24"": 0.5, ""2008-10-25"": 0.74, ""2008-10-26"": 18.43, ""2008-10-27"": 10.83, ""2008-10-28"": 0.7, ""2008-10-29"": 0.0}",ESA_WorldCover_10m_2021_v200_N27E093,MYD13Q1.A2008297.h26v06.061.2021110011444,2008-10-30T23:59:59.500000+00:00,1.0,10.0,Tree cover,ESA WorldCover 2021 v200,2021,13,7191.0,0.7191000000000001,0.0,Good data,True,NASA MODIS MOD13Q1/MYD13Q1 v6.1 16-day 250m,True,True,0.7191000000000001,ERA5-Land via Open-Meteo Historical Weather API,era5_land,True,0.352,0.358,0.316,0.327,0.376,0.2932857142857143,0.0587142857142856,"{""2008-10-23"": 0.23, ""2008-10-24"": 0.221, ""2008-10-25"": 0.217, ""2008-10-26"": 0.257, ""2008-10-27"": 0.403, ""2008-10-28"": 0.373, ""2008-10-29"": 0.352}",58.50155985109573,2087.70994933353,residential,,1545319841.0,stream,,1193990943.0,5000.0,5000.0,True,True,True,OpenStreetMap via Overpass API,2026-09-03T19:04:50Z,local equirectangular point-to-polyline
1048329,Assam,Assam,"Kamrup, and Sonitpur, Assam",26.3333,91.25,Low (>25km),50000,2008-10-29,2008,10,Post-monsoon (Oct-Nov),earth slide,rainfall (T),report,9,7,1,Severe (5+),0.0,"in.reuters' 'flooding and landslides, Floods and landslides caused by heavy rains over the last three days have killed at least seven people and displaced thousands more in the northeastern states of India",http://in.reuters.com/article/topNews/idINIndia-36198420081029,UGLC,Copernicus_DSM_COG_10_N26_00_E091_00_DEM,Copernicus DEM GLO-30 via Microsoft Planetary Computer,True,41.72880172729492,0.7797261617475765,242.4566928747948,-0.0003422743734696,27.71338513796392,30.715,False,NASA POWER Daily API / PRECTOTCORR,True,0.12,19.12,52.7,"{""2008-10-23"": 0.0, ""2008-10-24"": 0.02, ""2008-10-25"": 0.16, ""2008-10-26"": 33.4, ""2008-10-27"": 18.9, ""2008-10-28"": 0.1, ""2008-10-29"": 0.12}",ESA_WorldCover_10m_2021_v200_N24E090,MYD13Q1.A2008297.h25v06.061.2021110010954,2008-10-30T23:59:59.500000+00:00,1.0,40.0,Cropland,ESA WorldCover 2021 v200,2021,13,,,,,False,NASA MODIS MOD13Q1/MYD13Q1 v6.1 16-day 250m,True,False,,ERA5-Land via Open-Meteo Historical Weather API,era5_land,True,0.453,0.47,0.432,0.441,0.4666666666666666,0.3751428571428571,0.0778571428571429,"{""2008-10-23"": 0.308, ""2008-10-24"": 0.297, ""2008-10-25"": 0.291, ""2008-10-26"": 0.33, ""2008-10-27"": 0.48, ""2008-10-28"": 0.467, ""2008-10-29"": 0.453}",623.5042903242977,7480.744729845459,tertiary,,612516624.0,river,Tihu Nadi,284799041.0,5000.0,15000.0,True,True,True,OpenStreetMap via Overpass API,2026-09-03T19:04:50Z,local equirectangular point-to-polyline
938396,Sikkim,Sikkim,"4th Mile, Lower Mangshila in North Sikkim",27.478,88.527,High (<2km),1000,2009-07-01,2009,7,Monsoon (Jun-Sep),earth slide,rainfall (T),report,7,0,0,No fatalities,0.0,Telegraph India' 'Landslides triggered by heavy rains hit an iron bridge on the North Sikkim Highway over Bar Khola at 4th Mile at around 5:40 am.,https://www.telegraphindia.com/1090707/jsp/siliguri/story_11202557.jsp,UGLC,Copernicus_DSM_COG_10_N27_00_E088_00_DEM,Copernicus DEM GLO-30 via Microsoft Planetary Computer,True,765.6011962890625,33.55621592527374,201.31612494813328,-2.640447747281839e-05,27.43382654599912,30.715,True,NASA POWER Daily API / PRECTOTCORR,True,18.05,27.34,44.52,"{""2009-06-25"": 1.15, ""2009-06-26"": 2.74, ""2009-06-27"": 8.83, ""2009-06-28"": 4.46, ""2009-06-29"": 3.91, ""2009-06-30"": 5.38, ""2009-07-01"": 18.05}",ESA_WorldCover_10m_2021_v200_N27E087,MOD13Q1.A2009177.h25v06.061.2021137201020,2009-07-03T23:59:59.500000+00:00,2.0,10.0,Tree cover,ESA WorldCover 2021 v200,2021,12,6002.0,0.6002000000000001,3.0,Cloudy,False,NASA MODIS MOD13Q1/MYD13Q1 v6.1 16-day 250m,True,True,,ERA5-Land via Open-Meteo Historical Weather API,era5_land,True,0.428,0.428,0.426,0.427,0.4276666666666666,0.4272857142857143,0.0007142857142856,"{""2009-06-25"": 0.426, ""2009-06-26"": 0.427, ""2009-06-27"": 0.427, ""2009-06-28"": 0.428, ""2009-06-29"": 0.427, ""2009-06-30"": 0.428, ""2009-07-01"": 0.428}",0.08968599974629707,33.24542628042939,trunk,North Sikkim Highway,461631687.0,river,Rangrang Chu,461631686.0,5000.0,5000.0,True,True,True,OpenStreetMap via Overpass API,2026-09-03T19:06:50Z,local equirectangular point-to-polyline
938237,Sikkim,Sikkim,"Sombaria, West Sikkim",27.2644,88.1365,Medium (2-25km),10000,2009-08-19,2009,8,Monsoon (Jun-Sep),earth slide,rainfall (T),report,9,2,1,Minor (1-2),0.0,"beacononline.wordpress' 'Two persons were killed and 10 others were injured following a series of landslides and flashfloods triggered by incessant rains in Sombaria and Daramdin in west Sikkim since last night. According to the SDO, Soreng, Mr Bhim Thatal, Puspa Mani Pradhan an",http://beacononline.wordpress.com/2009/08/21/sikkim-landslides-disturb-power-lines-link-roads/,UGLC,Copernicus_DSM_COG_10_N27_00_E088_00_DEM,Copernicus DEM GLO-30 via Microsoft Planetary Computer,True,1281.1839599609375,19.542442807517457,24.41650861418668,0.0051812218730844,27.48682632632546,30.715,False,NASA POWER Daily API / PRECTOTCORR,True,53.97,74.04,93.81000000000004,"{""2009-08-13"": 3.93, ""2009-08-14"": 5.54, ""2009-08-15"": 2.29, ""2009-08-16"": 8.01, ""2009-08-17"": 9.65, ""2009-08-18"": 10.42, ""2009-08-19"": 53.97}",ESA_WorldCover_10m_2021_v200_N27E087,MOD13Q1.A2009225.h25v06.061.2021140064028,2009-08-20T23:59:59.500000+00:00,1.0,10.0,Tree cover,ESA WorldCover 2021 v200,2021,12,9423.0,0.9423,1.0,Marginal data,True,NASA MODIS MOD13Q1/MYD13Q1 v6.1 16-day 250m,True,True,0.9423,ERA5-Land via Open-Meteo Historical Weather API,era5_land,True,0.428,0.428,0.428,0.428,0.4266666666666667,0.4268571428571429,0.0011428571428571,"{""2009-08-13"": 0.428, ""2009-08-14"": 0.427, ""2009-08-15"": 0.426, ""2009-08-16"": 0.427, ""2009-08-17"": 0.426, ""2009-08-18"": 0.426, ""2009-08-19"": 0.428}",11.632634007853422,81.57462433425577,unclassified,,1258736243.0,river,Kalet Chu,343177298.0,5000.0,5000.0,True,True,True,OpenStreetMap via Overpass API,2026-09-03T19:06:50Z,local equirectangular point-to-polyline
938364,Sikkim,Sikkim,"Melli Chalisey, Sikkim",27.1344,88.4575,Medium (2-25km),5000,2009-08-20,2009,8,Monsoon (Jun-Sep),earth slide,rainfall (T),report,9,0,0,No fatalities,0.0,"beacononline.wordpress' 'Minor landslides have also occurred at Melli Chalisey where one kachha house belonging to Khem Bahadur Ghataney has been affected. According to the residents, the house belonging to Khem Bahadur, which has been tilting is likely to affect other nearby ho",http://beacononline.wordpress.com/2009/08/21/sikkim-landslides-disturb-power-lines-link-roads/,UGLC,Copernicus_DSM_COG_10_N27_00_E088_00_DEM,Copernicus DEM GLO-30 via Microsoft Planetary Computer,True,628.2711181640625,29.241766451268628,298.40530291988875,0.0001063875202327,27.51889579214768,30.715,False,NASA POWER Daily API / PRECTOTCORR,True,32.35,118.31,203.22,"{""2009-08-14"": 8.32, ""2009-08-15"": 5.53, ""2009-08-16"": 44.68, ""2009-08-17"": 26.38, ""2009-08-18"": 24.59, ""2009-08-19"": 61.37, ""2009-08-20"": 32.35}",ESA_WorldCover_10m_2021_v200_N27E087,MOD13Q1.A2009225.h25v06.061.2021140064028,2009-08-20T23:59:59.500000+00:00,0.0,10.0,Tree cover,ESA WorldCover 2021 v200,2021,12,2044.0,0.2044,3.0,Cloudy,False,NASA MODIS MOD13Q1/MYD13Q1 v6.1 16-day 250m,True,True,,ERA5-Land via Open-Meteo Historical Weather API,era5_land,True,0.424,0.432,0.425,0.426,0.424,0.4279999999999999,-0.0039999999999999,"{""2009-08-14"": 0.429, ""2009-08-15"": 0.425, ""2009-08-16"": 0.437, ""2009-08-17"": 0.433, ""2009-08-18"": 0.423, ""2009-08-19"": 0.425, ""2009-08-20"": 0.424}",286.67117655689907,146.47444805822576,unclassified,,605889201.0,river,,605893240.0,5000.0,5000.0,True,True,True,OpenStreetMap via Overpass API,2026-09-03T19:07:51Z,local equirectangular point-to-polyline
938239,Sikkim,Sikkim,Sombaria and Daramdin area,27.13798514,88.15516991,Medium (2-25km),2338,2009-08-20,2009,8,Monsoon (Jun-Sep),ND,rainfall (T),event,9,2,1,Minor (1-2),,Two persons were killed and ten others injured in flash flood and landslides due to incessant rains in west Sikkim today.\n\nPuspa Pradhan and Sameer Subba were killed and ten others were injured when a pile of boulders and mudslides fell on their houses d,http://www.ptinews.com/news/240261_2-killed-in-landslides-in-West-Sikkim,UGLC,Copernicus_DSM_COG_10_N27_00_E088_00_DEM,Copernicus DEM GLO-30 via Microsoft Planetary Computer,True,1214.0784912109375,31.585522748797224,144.57693854886463,0.0026100031063838,27.51801327925232,30.715,False,NASA POWER Daily API / PRECTOTCORR,True,42.08,146.65,198.91000000000005,"{""2009-08-14"": 8.62, ""2009-08-15"": 3.18, ""2009-08-16"": 22.41, ""2009-08-17"": 18.05, ""2009-08-18"": 25.35, ""2009-08-19"": 79.22, ""2009-08-20"": 42.08}",ESA_WorldCover_10m_2021_v200_N27E087,MOD13Q1.A2009225.h25v06.061.2021140064028,2009-08-20T23:59:59.500000+00:00,0.0,10.0,Tree cover,ESA WorldCover 2021 v200,2021,12,4345.0,0.4345,3.0,Cloudy,False,NASA MODIS MOD13Q1/MYD13Q1 v6.1 16-day 250m,True,True,,ERA5-Land via Open-Meteo Historical Weather API,era5_land,True,0.428,0.429,0.427,0.428,0.4273333333333333,0.426,0.0019999999999999,"{""2009-08-14"": 0.423, ""2009-08-15"": 0.426, ""2009-08-16"": 0.426, ""2009-08-17"": 0.425, ""2009-08-18"": 0.426, ""2009-08-19"": 0.428, ""2009-08-20"": 0.428}",72.07854888301277,504.5395587011832,track,,1235253364.0,stream,,589467961.0,5000.0,5000.0,True,True,True,OpenStreetMap via Overpass API,2026-09-03T19:08:51Z,local equirectangular point-to-polyline
1050739,Assam,Assam,Lumding-Badarpur section in North Cachar Hills district,25.5215,93.1645,Medium (2-25km),25000,2009-08-20,2009,8,Monsoon (Jun-Sep),earth slide,rainfall (T),report,9,0,0,No fatalities,0.0,"prokerala' 'The rail services between rest of India and southern Assam, Tripura, Mizoram and Manipur have been suspended since Aug 20 following extensive landslides on the Lumding-Badarpur section in North Cachar Hills district",http://www.prokerala.com/news/articles/a75292.html,UGLC,Copernicus_DSM_COG_10_N25_00_E093_00_DEM,Copernicus DEM GLO-30 via Microsoft Planetary Computer,True,275.0509948730469,9.262977008828116,105.28074499692843,-0.0001745107597778,27.90494536533938,30.715,False,NASA POWER Daily API / PRECTOTCORR,True,10.67,40.31,96.95,"{""2009-08-14"": 36.34, ""2009-08-15"": 10.7, ""2009-08-16"": 6.25, ""2009-08-17"": 3.35, ""2009-08-18"": 14.19, ""2009-08-19"": 15.45, ""2009-08-20"": 10.67}",ESA_WorldCover_10m_2021_v200_N24E093,MOD13Q1.A2009225.h26v06.061.2021140064307,2009-08-20T23:59:59.500000+00:00,0.0,10.0,Tree cover,ESA WorldCover 2021 v200,2021,12,8838.0,0.8838,3.0,Cloudy,False,NASA MODIS MOD13Q1/MYD13Q1 v6.1 16-day 250m,True,True,,ERA5-Land via Open-Meteo Historical Weather API,era5_land,True,0.465,0.452,0.491,0.481,0.4626666666666667,0.459,0.006,"{""2009-08-14"": 0.482, ""2009-08-15"": 0.457, ""2009-08-16"": 0.446, ""2009-08-17"": 0.44, ""2009-08-18"": 0.453, ""2009-08-19"": 0.47, ""2009-08-20"": 0.465}",1612.309125079802,2345.9757535670656,unclassified,,667147364.0,river,Langting River,197997794.0,5000.0,5000.0,True,True,True,OpenStreetMap via Overpass API,2026-09-03T19:08:51Z,local equirectangular point-to-polyline
938397,Sikkim,Sikkim,"NH31A, Mile 27 near Rambi",27.1761,88.5287,Medium (2-25km),25000,2009-08-20,2009,8,Monsoon (Jun-Sep),mudslide,rainfall (T),report,9,0,0,No fatalities,0.0,"beacononline.wordpress' 'Vehicles ply on 27 Mile, a landslide-affected stretch of NH31A, after fresh mudslide on Monday. The rain-triggered landslides and cave-ins have reduced the highway to a potholed and slushy track at numerous places, leading to frequent traffic jams and in",http://beacononline.wordpress.com/2009/08/25/kalimpong-highway-doom-for-hill-economy/,UGLC,Copernicus_DSM_COG_10_N27_00_E088_00_DEM,Copernicus DEM GLO-30 via Microsoft Planetary Computer,True,301.8739624023437,9.018478042398208,237.44989012293496,0.0025589868311853,27.508624319430943,30.715,False,NASA POWER Daily API / PRECTOTCORR,True,32.35,118.31,203.22,"{""2009-08-14"": 8.32, ""2009-08-15"": 5.53, ""2009-08-16"": 44.68, ""2009-08-17"": 26.38, ""2009-08-18"": 24.59, ""2009-08-19"": 61.37, ""2009-08-20"": 32.35}",ESA_WorldCover_10m_2021_v200_N27E087,MOD13Q1.A2009225.h25v06.061.2021140064028,2009-08-20T23:59:59.500000+00:00,0.0,50.0,Built-up,ESA WorldCover 2021 v200,2021,12,3149.0,0.3149,3.0,Cloudy,False,NASA MODIS MOD13Q1/MYD13Q1 v6.1 16-day 250m,True,True,,ERA5-Land via Open-Meteo Historical Weather API,era5_land,True,0.425,0.432,0.427,0.428,0.4226666666666667,0.4247142857142857,0.0002857142857142,"{""2009-08-14"": 0.423, ""2009-08-15"": 0.423, ""2009-08-16"": 0.431, ""2009-08-17"": 0.428, ""2009-08-18"": 0.421, ""2009-08-19"": 0.422, ""2009-08-20"": 0.425}",24.746215227700844,298.8973355345304,unclassified,,1088849419.0,river,Rangpo Chu,38936959.0,5000.0,5000.0,True,True,True,OpenStreetMap via Overpass API,2026-09-03T19:09:51Z,local equirectangular point-to-polyline
1050792,Manipur,Manipur,"Tamei, Tamenglong district on Imphal-Tamenglong (IT) road",24.9925,93.5,Medium (2-25km),10000,2009-08-20,2009,8,Monsoon (Jun-Sep),earth slide,rainfall (T),report,9,0,0,No fatalities,0.0,"kanglaonline' 'Landslides on the Imphal-Tamenglong (IT) road have put the people of Tamei, Tamenglong district in difficult times as the stock of essential supplies required for daily use are running short and the concerned department of the state government is not doi",http://www.kanglaonline.com/index.php?template=headline&newsid=48686&typeid=2,UGLC,Copernicus_DSM_COG_10_N24_00_E093_00_DEM,Copernicus DEM GLO-30 via Microsoft Planetary Computer,True,1219.5963134765625,10.911516500074477,66.48884958463259,-0.0056139027367307,28.02676118829265,30.715,False,NASA POWER Daily API / PRECTOTCORR,True,4.18,18.64,93.85,"{""2009-08-14"": 60.17, ""2009-08-15"": 9.99, ""2009-08-16"": 2.0, ""2009-08-17"": 3.05, ""2009-08-18"": 5.57, ""2009-08-19"": 8.89, ""2009-08-20"": 4.18}",ESA_WorldCover_10m_2021_v200_N24E093,MOD13Q1.A2009225.h26v06.061.2021140064307,2009-08-20T23:59:59.500000+00:00,0.0,50.0,Built-up,ESA WorldCover 2021 v200,2021,12,2628.0,0.2628,3.0,Cloudy,False,NASA MODIS MOD13Q1/MYD13Q1 v6.1 16-day 250m,True,True,,ERA5-Land via Open-Meteo Historical Weather API,era5_land,True,0.426,0.425,0.42,0.422,0.424,0.4227142857142857,0.0032857142857142,"{""2009-08-14"": 0.423, ""2009-08-15"": 0.427, ""2009-08-16"": 0.42, ""2009-08-17"": 0.417, ""2009-08-18"": 0.423, ""2009-08-19"": 0.423, ""2009-08-20"": 0.426}",11.317326066344283,964.0676197459685,tertiary,,667404560.0,stream,Tuipa Nadi,1389196266.0,5000.0,5000.0,True,True,True,OpenStreetMap via Overpass API,2026-09-03T19:10:51Z,local equirectangular point-to-polyline
938454,Sikkim,Sikkim,"17th Mile towards Tsomgo Lake, near Kyongsala, Sikkim",27.3746,88.7648,Medium (2-25km),25000,2009-08-26,2009,8,Monsoon (Jun-Sep),earth slide,rainfall (T),report,9,0,0,No fatalities,0.0,beacononline.wordpress' 'A major landslide at 17th Mile towards Tsomgo Lake has become a major factor of disappointment for the tourists visiting Sikkim. Almost all the tourists visiting Sikkim have expressed dissatisfaction for losing their chance to visit the famous high altit,http://beacononline.wordpress.com/2009/08/28/sikkim-landslides-at-17th-mile-%E2%80%93-the-bane-of-tourism/,UGLC,Copernicus_DSM_COG_10_N27_00_E088_00_DEM,Copernicus DEM GLO-30 via Microsoft Planetary Computer,True,3751.0,0.0,,0.0,27.459530463925063,30.715,False,NASA POWER Daily API / PRECTOTCORR,True,5.84,15.989999999999998,42.08,"{""2009-08-20"": 17.45, ""2009-08-21"": 2.07, ""2009-08-22"": 2.61, ""2009-08-23"": 3.96, ""2009-08-24"": 7.27, ""2009-08-25"": 2.88, ""2009-08-26"": 5.84}",ESA_WorldCover_10m_2021_v200_N27E087,MYD13Q1.A2009233.h25v06.061.2021140231733,2009-08-28T23:59:59.500000+00:00,2.0,80.0,Permanent water bodies,ESA WorldCover 2021 v200,2021,12,636.0,0.0636,3.0,Cloudy,False,NASA MODIS MOD13Q1/MYD13Q1 v6.1 16-day 250m,True,True,,ERA5-Land via Open-Meteo Historical Weather API,era5_land,True,0.424,0.425,0.428,0.427,0.4253333333333333,0.4254285714285714,-0.0014285714285714,"{""2009-08-20"": 0.426, ""2009-08-21"": 0.424, ""2009-08-22"": 0.425, ""2009-08-23"": 0.427, ""2009-08-24"": 0.426, ""2009-08-25"": 0.426, ""2009-08-26"": 0.424}",219.4378745801587,674.7438842372252,trunk,,459434905.0,river,Rangpo River tributary,1414143362.0,5000.0,5000.0,True,True,True,OpenStreetMap via Overpass API,2026-09-03T19:10:51Z,local equirectangular point-to-polyline
1050706,Assam,Assam,between Mahur and Phaiding railway stations on Barail hills (Mahur and Barail hills located),25.1718,93.123,Medium (2-25km),10000,2009-08-27,2009,8,Monsoon (Jun-Sep),earth slide,rainfall (T),report,9,0,0,No fatalities,0.0,"prokerala' 'The landslides, triggered by torrential rains, took place between Mahur and Phaiding railway stations. The landslides and rock slips damaged the tracks extensively. A 100-metre stretch of track between Mahur and Phaiding had gone under the mud and soil t",http://www.prokerala.com/news/articles/a75292.html,UGLC,Copernicus_DSM_COG_10_N25_00_E093_00_DEM,Copernicus DEM GLO-30 via Microsoft Planetary Computer,True,723.78369140625,10.260484033110274,205.005003387196,-0.0034271439466801,27.98573989986645,30.715,False,NASA POWER Daily API / PRECTOTCORR,True,1.6,19.43,57.84,"{""2009-08-21"": 6.06, ""2009-08-22"": 24.41, ""2009-08-23"": 6.94, ""2009-08-24"": 1.0, ""2009-08-25"": 11.48, ""2009-08-26"": 6.35, ""2009-08-27"": 1.6}",ESA_WorldCover_10m_2021_v200_N24E093,MYD13Q1.A2009233.h26v06.061.2021140232929,2009-08-28T23:59:59.500000+00:00,1.0,30.0,Grassland,ESA WorldCover 2021 v200,2021,12,5951.0,0.5951000000000001,3.0,Cloudy,False,NASA MODIS MOD13Q1/MYD13Q1 v6.1 16-day 250m,True,True,,ERA5-Land via Open-Meteo Historical Weather API,era5_land,True,0.492,0.491,0.45,0.462,0.4853333333333333,0.4844285714285714,0.0075714285714285,"{""2009-08-21"": 0.502, ""2009-08-22"": 0.449, ""2009-08-23"": 0.483, ""2009-08-24"": 0.501, ""2009-08-25"": 0.487, ""2009-08-26"": 0.477, ""2009-08-27"": 0.492}",239.46236062241226,425.49898484362,residential,,850114304.0,river,,656974484.0,5000.0,5000.0,True,True,True,OpenStreetMap via Overpass API,2026-09-03T19:11:51Z,local equirectangular point-to-polyline
1057936,Manipur,Manipur,"Road stretch from Gammom to Chamu village, under Kamjong block, Ukhrul district, Manipur",24.8628,94.4182,Low (>25km),50000,2009-08-30,2009,8,Monsoon (Jun-Sep),earth slide,rainfall (T),report,9,0,0,No fatalities,0.0,"e-pao.net' 'Following heavy landslide on the road stretch from Gammom to Chamu village, under Kamjong block, Ukhrul district, several villages have been cut off from the outside world for the last seven days. Eight villages are situated along the 8 km stretch of roa",http://e-pao.net/GP.asp?src=9..070909.sep09,UGLC,Copernicus_DSM_COG_10_N24_00_E094_00_DEM,Copernicus DEM GLO-30 via Microsoft Planetary Computer,True,905.5567016601562,33.573360329366075,186.70074183818053,0.0057412668762356,28.056263646922385,30.715,False,NASA POWER Daily API / PRECTOTCORR,True,4.15,5.1000000000000005,15.55,"{""2009-08-24"": 0.81, ""2009-08-25"": 5.47, ""2009-08-26"": 3.74, ""2009-08-27"": 0.43, ""2009-08-28"": 0.12, ""2009-08-29"": 0.83, ""2009-08-30"": 4.15}",ESA_WorldCover_10m_2021_v200_N24E093,MYD13Q1.A2009233.h26v06.061.2021140232929,2009-08-28T23:59:59.500000+00:00,2.0,10.0,Tree cover,ESA WorldCover 2021 v200,2021,12,9469.0,0.9469,1.0,Marginal data,True,NASA MODIS MOD13Q1/MYD13Q1 v6.1 16-day 250m,True,True,0.9469,ERA5-Land via Open-Meteo Historical Weather API,era5_land,True,0.421,0.423,0.418,0.42,0.417,0.4154285714285714,0.0055714285714285,"{""2009-08-24"": 0.414, ""2009-08-25"": 0.408, ""2009-08-26"": 0.418, ""2009-08-27"": 0.417, ""2009-08-28"": 0.416, ""2009-08-29"": 0.414, ""2009-08-30"": 0.421}",1200.66918397991,1399.7457891337,unclassified,,1335561803.0,river,Maklang (Khong) River,1203304489.0,5000.0,5000.0,True,True,True,OpenStreetMap via Overpass API,2026-09-03T19:11:51Z,local equirectangular point-to-polyline
938419,Sikkim,Sikkim,"4th Mile on road between Rongli, Rhenock and Rangpo in East Sikkim.",27.1954,88.6115,Medium (2-25km),5000,2009-09-17,2009,9,Monsoon (Jun-Sep),earth slide,rainfall (T),report,9,0,0,No fatalities,0.0,"sikkimnews.blogspot' 'A massive landslide that occurred in the morning of September 17 at 4th Mile has completely disrupted the traffic movement between Rongli, Rhenock and Rangpo in East Sikkim. The entire stretch has been washed away by the landslide creating trouble for th",http://sikkimnews.blogspot.com/2009/09/landslides-at-4th-mile-disrupts-traffic.html,UGLC,Copernicus_DSM_COG_10_N27_00_E088_00_DEM,Copernicus DEM GLO-30 via Microsoft Planetary Computer,True,478.9856262207031,13.082608526054557,137.0054553289641,-0.0015373154601073,27.50386544343793,30.715,False,NASA POWER Daily API / PRECTOTCORR,True,3.45,10.5,12.91,"{""2009-09-11"": 2.3, ""2009-09-12"": 0.1, ""2009-09-13"": 0.01, ""2009-09-14"": 0.0, ""2009-09-15"": 0.0, ""2009-09-16"": 7.05, ""2009-09-17"": 3.45}",ESA_WorldCover_10m_2021_v200_N27E087,MOD13Q1.A2009257.h25v06.061.2021142083316,2009-09-21T23:59:59.500000+00:00,4.0,10.0,Tree cover,ESA WorldCover 2021 v200,2021,12,6359.0,0.6359,0.0,Good data,True,NASA MODIS MOD13Q1/MYD13Q1 v6.1 16-day 250m,True,True,0.6359,ERA5-Land via Open-Meteo Historical Weather API,era5_land,True,0.417,0.407,0.393,0.398,0.4059999999999999,0.4055714285714286,0.0114285714285713,"{""2009-09-11"": 0.415, ""2009-09-12"": 0.408, ""2009-09-13"": 0.401, ""2009-09-14"": 0.397, ""2009-09-15"": 0.401, ""2009-09-16"": 0.4, ""2009-09-17"": 0.417}",50.150030981360274,26.677986353801018,service,,502399487.0,stream,,266893997.0,5000.0,5000.0,True,True,True,OpenStreetMap via Overpass API,2026-09-03T19:12:51Z,local equirectangular point-to-polyline
1050598,Mizoram,Mizoram,"Chhinga Veng, Aizawl",23.73478778,92.72124394,Medium (2-25km),5000,2009-10-05,2009,10,Post-monsoon (Oct-Nov),earth slide,rainfall (T),report,9,3,1,Moderate (3-5),0.0,"ptinews' 'Three persons, including a five-year-old girl, were killed and ten others injured when a massive landslide triggered by rains swept away a building at Chhinga Veng locality here, police said. Besides a five-year-old girl, her grandmother and a 23-year-ol",http://www.ptinews.com/news/316483_Three-killed--ten-injured-in-Mizoram-landslide,UGLC,Copernicus_DSM_COG_10_N23_00_E092_00_DEM,Copernicus DEM GLO-30 via Microsoft Planetary Computer,True,977.8623046875,27.551133086916977,18.70073313955237,-0.0064868071946542,28.30677049358686,30.715,False,NASA POWER Daily API / PRECTOTCORR,True,9.93,60.76,76.79,"{""2009-09-29"": 1.26, ""2009-09-30"": 0.02, ""2009-10-01"": 0.01, ""2009-10-02"": 14.74, ""2009-10-03"": 14.79, ""2009-10-04"": 36.04, ""2009-10-05"": 9.93}",ESA_WorldCover_10m_2021_v200_N21E090,MOD13Q1.A2009273.h26v06.061.2021143170153,2009-10-07T23:59:59.500000+00:00,2.0,30.0,Grassland,ESA WorldCover 2021 v200,2021,12,4929.0,0.4929,0.0,Good data,True,NASA MODIS MOD13Q1/MYD13Q1 v6.1 16-day 250m,True,True,0.4929,ERA5-Land via Open-Meteo Historical Weather API,era5_land,True,0.425,0.427,0.427,0.427,0.422,0.407,0.018,"{""2009-09-29"": 0.412, ""2009-09-30"": 0.4, ""2009-10-01"": 0.386, ""2009-10-02"": 0.385, ""2009-10-03"": 0.414, ""2009-10-04"": 0.427, ""2009-10-05"": 0.425}",7.8852538294114165,1115.3675760001195,residential,Bethany Road,486955804.0,stream,Tuikual River,641629866.0,5000.0,5000.0,True,True,True,OpenStreetMap via Overpass API,2026-09-03T19:12:51Z,local equirectangular point-to-polyline
1050600,Mizoram,Mizoram,AIZAWL,23.73719685,92.72342008,Medium (2-25km),7696,2009-10-06,2009,10,Post-monsoon (Oct-Nov),ND,rainfall (T),event,9,3,1,Moderate (3-5),,"Aizawl, Oct 6 (PTI) Three persons, including a five-year-old girl, were killed and ten others injured when a massive landslide triggered by rains swept away a building at Chhinga Veng locality here, police said.\n\nBesides a five-year-old girl, her grandmo",http://www.ptinews.com/news/316483_Three-killed--ten-injured-in-Mizoram-landslide,UGLC,Copernicus_DSM_COG_10_N23_00_E092_00_DEM,Copernicus DEM GLO-30 via Microsoft Planetary Computer,True,838.7420043945312,33.57176295185052,168.75806444995828,0.0106274302325318,28.30624714858693,30.715,False,NASA POWER Daily API / PRECTOTCORR,True,12.14,58.11,87.67,"{""2009-09-30"": 0.02, ""2009-10-01"": 0.01, ""2009-10-02"": 14.74, ""2009-10-03"": 14.79, ""2009-10-04"": 36.04, ""2009-10-05"": 9.93, ""2009-10-06"": 12.14}",ESA_WorldCover_10m_2021_v200_N21E090,MOD13Q1.A2009273.h26v06.061.2021143170153,2009-10-07T23:59:59.500000+00:00,1.0,10.0,Tree cover,ESA WorldCover 2021 v200,2021,12,6313.0,0.6313000000000001,0.0,Good data,True,NASA MODIS MOD13Q1/MYD13Q1 v6.1 16-day 250m,True,True,0.6313000000000001,ERA5-Land via Open-Meteo Historical Weather API,era5_land,True,0.422,0.425,0.427,0.426,0.4246666666666667,0.4084285714285714,0.0135714285714285,"{""2009-09-30"": 0.4, ""2009-10-01"": 0.386, ""2009-10-02"": 0.385, ""2009-10-03"": 0.414, ""2009-10-04"": 0.427, ""2009-10-05"": 0.425, ""2009-10-06"": 0.422}",22.099089735444032,1456.6109102649107,residential,,1074462475.0,stream,Tuikual River,641629866.0,5000.0,5000.0,True,True,True,OpenStreetMap via Overpass API,2026-09-03T19:13:51Z,local equirectangular point-to-polyline
1056342,Manipur,Manipur,"LangthAbal Khoupum, Imphal, Manipur",24.7339,93.9161,Medium (2-25km),5000,2010-03-27,2010,3,Dry season (Dec-Mar),mudslide,rainfall (T),report,9,0,0,No fatalities,0.0,"news.oneindia' 'Pre-monsoon rains and a heavy storm  have created havoc in Manipur state.  Sudden sporadic downpours accompanied by heavy storm, which struck late on Saturday (March 27), left a trail of mass destruction in both the valley and hilly areas, as several roo",http://news.oneindia.in/2010/03/29/rainsstorm-cause-havoc-inmanipur.html,UGLC,Copernicus_DSM_COG_10_N24_00_E093_00_DEM,Copernicus DEM GLO-30 via Microsoft Planetary Computer,True,879.9097900390625,23.49282506171252,117.61616831497054,-0.0010248964680446,28.085441691062147,30.715,False,NASA POWER Daily API / PRECTOTCORR,True,11.06,12.33,14.4,"{""2010-03-21"": 0.0, ""2010-03-22"": 0.48, ""2010-03-23"": 1.44, ""2010-03-24"": 0.15, ""2010-03-25"": 0.92, ""2010-03-26"": 0.35, ""2010-03-27"": 11.06}",ESA_WorldCover_10m_2021_v200_N24E093,MOD13Q1.A2010081.h26v06.061.2021159114458,2010-03-29T23:59:59.500000+00:00,2.0,30.0,Grassland,ESA WorldCover 2021 v200,2021,11,2983.0,0.2983,1.0,Marginal data,True,NASA MODIS MOD13Q1/MYD13Q1 v6.1 16-day 250m,True,True,0.2983,ERA5-Land via Open-Meteo Historical Weather API,era5_land,True,0.18,0.189,0.213,0.206,0.1723333333333333,0.1712857142857143,0.0087142857142857,"{""2010-03-21"": 0.172, ""2010-03-22"": 0.171, ""2010-03-23"": 0.17, ""2010-03-24"": 0.169, ""2010-03-25"": 0.169, ""2010-03-26"": 0.168, ""2010-03-27"": 0.18}",30.19184301374144,674.6312839085863,residential,,1128411535.0,river,Nambul River,96566396.0,5000.0,5000.0,True,True,True,OpenStreetMap via Overpass API,2026-09-03T19:14:51Z,local equirectangular point-to-polyline
1050647,Assam,Assam,Cachar,24.81395989,92.85687296,Low (>25km),34718,2010-04-01,2010,4,Pre-monsoon (Apr-May),ND,rainfall (T),event,9,3,1,Moderate (3-5),,"""""GFLD"", locality: 'Cachar',"" description: """"""""Three children in the age group of two to seven years were killed while their parents seriously injured when their house collapsed due to the impact of torrential rain in Assam's Cachar district.\nThe incident took place at Paglanala forest village near D""""""""""""",http://www.centralchronicle.com/viewnews.asp?articleID=31495,UGLC,Copernicus_DSM_COG_10_N24_00_E092_00_DEM,Copernicus DEM GLO-30 via Microsoft Planetary Computer,True,19.78896713256836,2.497008873575436,356.95273631434605,0.0024361401967556,28.06733590204245,30.715,False,NASA POWER Daily API / PRECTOTCORR,True,29.82,110.05,163.84,"{""2010-03-26"": 0.26, ""2010-03-27"": 13.78, ""2010-03-28"": 5.91, ""2010-03-29"": 33.84, ""2010-03-30"": 31.09, ""2010-03-31"": 49.14, ""2010-04-01"": 29.82}",ESA_WorldCover_10m_2021_v200_N24E090,MOD13Q1.A2010081.h26v06.061.2021159114458,2010-03-29T23:59:59.500000+00:00,3.0,40.0,Cropland,ESA WorldCover 2021 v200,2021,11,4622.0,0.4622,0.0,Good data,True,NASA MODIS MOD13Q1/MYD13Q1 v6.1 16-day 250m,True,True,0.4622,ERA5-Land via Open-Meteo Historical Weather API,era5_land,True,0.482,0.491,0.514,0.507,0.4906666666666666,0.3972857142857143,0.0847142857142856,"{""2010-03-26"": 0.265, ""2010-03-27"": 0.27, ""2010-03-28"": 0.313, ""2010-03-29"": 0.461, ""2010-03-30"": 0.489, ""2010-03-31"": 0.501, ""2010-04-01"": 0.482}",155.97015757992702,719.0672982221522,tertiary,,1320810066.0,river,,668833462.0,5000.0,5000.0,True,True,True,OpenStreetMap via Overpass API,2026-09-03T19:14:51Z,local equirectangular point-to-polyline
1050679,Assam,Assam,"Paglanala village, Dholai Block, near Dwarbandh locality of the district, Cachar district (could only find district) 45 km from Silchar, Assam",25.1553,93.028,Medium (2-25km),25000,2010-04-01,2010,4,Pre-monsoon (Apr-May),earth slide,rainfall (T),report,9,3,1,Moderate (3-5),0.0,"en.apa' 'The latest disaster has come from Assam where three children aged 7, 5 and 2 were crushed to death after the side of a mountain slid onto their house in Cachar, wiping it out. Their parents, Deepak and Supriti Roy, who survived the catastrophe were serio",http://en.apa.az/news.php?id=119178,UGLC,Copernicus_DSM_COG_10_N25_00_E093_00_DEM,Copernicus DEM GLO-30 via Microsoft Planetary Computer,True,576.326904296875,27.6466314599616,355.6628168336562,-0.0005842480022384,27.989526321030485,30.715,False,NASA POWER Daily API / PRECTOTCORR,True,29.82,110.05,163.84,"{""2010-03-26"": 0.26, ""2010-03-27"": 13.78, ""2010-03-28"": 5.91, ""2010-03-29"": 33.84, ""2010-03-30"": 31.09, ""2010-03-31"": 49.14, ""2010-04-01"": 29.82}",ESA_WorldCover_10m_2021_v200_N24E093,MOD13Q1.A2010081.h26v06.061.2021159114458,2010-03-29T23:59:59.500000+00:00,3.0,10.0,Tree cover,ESA WorldCover 2021 v200,2021,11,6182.0,0.6182000000000001,1.0,Marginal data,True,NASA MODIS MOD13Q1/MYD13Q1 v6.1 16-day 250m,True,True,0.6182000000000001,ERA5-Land via Open-Meteo Historical Weather API,era5_land,True,0.488,0.493,0.414,0.436,0.4726666666666666,0.4058571428571428,0.0821428571428571,"{""2010-03-26"": 0.311, ""2010-03-27"": 0.311, ""2010-03-28"": 0.344, ""2010-03-29"": 0.457, ""2010-03-30"": 0.455, ""2010-03-31"": 0.475, ""2010-04-01"": 0.488}",340.96755956392934,562.9323766458068,trunk,,384539385.0,river,Diyung River,197997791.0,5000.0,5000.0,True,True,True,OpenStreetMap via Overpass API,2026-09-03T19:15:51Z,local equirectangular point-to-polyline
938416,Sikkim,Sikkim,"Natl. Highway 31-A at Pani House(?), Gangtok",27.3341,88.6083,Medium (2-25km),5000,2010-04-17,2010,4,Pre-monsoon (Apr-May),earth slide,rainfall (T),report,9,0,0,No fatalities,0.0,"voiceofsikkim.com' 'Much ahead of the Monsoon, Gangtok is already reeling under the ipact of incessant rains and resultant landslides.  The Gangtok traffic came to a stand still when a major landslide hit the road at Pani House this afternoon. The highway was blocked for se",http://voiceofsikkim.com/2010/04/18/rains-trigger-major-landslide-at-pani-house/,UGLC,Copernicus_DSM_COG_10_N27_00_E088_00_DEM,Copernicus DEM GLO-30 via Microsoft Planetary Computer,True,1455.242431640625,17.592929929962672,262.4024501568469,-0.0063344010521541,27.46957387633004,30.715,False,NASA POWER Daily API / PRECTOTCORR,True,0.25,1.82,3.52,"{""2010-04-11"": 0.0, ""2010-04-12"": 0.48, ""2010-04-13"": 1.14, ""2010-04-14"": 0.08, ""2010-04-15"": 1.22, ""2010-04-16"": 0.35, ""2010-04-17"": 0.25}",ESA_WorldCover_10m_2021_v200_N27E087,MOD13Q1.A2010097.h25v06.061.2021159142015,2010-04-14T23:59:59.500000+00:00,3.0,10.0,Tree cover,ESA WorldCover 2021 v200,2021,11,5075.0,0.5075000000000001,0.0,Good data,True,NASA MODIS MOD13Q1/MYD13Q1 v6.1 16-day 250m,True,True,0.5075000000000001,ERA5-Land via Open-Meteo Historical Weather API,era5_land,True,0.391,0.38,0.367,0.371,0.384,0.3918571428571429,-0.0008571428571429,"{""2010-04-11"": 0.398, ""2010-04-12"": 0.405, ""2010-04-13"": 0.402, ""2010-04-14"": 0.386, ""2010-04-15"": 0.379, ""2010-04-16"": 0.382, ""2010-04-17"": 0.391}",9.601033545021815,667.4484186811434,trunk,,349554354.0,stream,,1084683258.0,5000.0,5000.0,True,True,True,OpenStreetMap via Overpass API,2026-09-03T19:16:51Z,local equirectangular point-to-polyline
938417,Sikkim,Sikkim,"Nam Nang, Gangtok",27.322,88.6087,High (<2km),1000,2010-04-17,2010,4,Pre-monsoon (Apr-May),earth slide,rainfall (T),report,7,0,0,No fatalities,0.0,"voiceofsikkim.com' 'On the same day, another minor landslide was reported at Nam-Nang.",http://voiceofsikkim.com/2010/04/18/rains-trigger-major-landslide-at-pani-house/,UGLC,Copernicus_DSM_COG_10_N27_00_E088_00_DEM,Copernicus DEM GLO-30 via Microsoft Planetary Computer,True,1515.9171142578125,41.73020010439708,291.3512115001136,-0.0123754083639229,27.47257183814789,30.715,True,NASA POWER Daily API / PRECTOTCORR,True,0.25,1.82,3.52,"{""2010-04-11"": 0.0, ""2010-04-12"": 0.48, ""2010-04-13"": 1.14, ""2010-04-14"": 0.08, ""2010-04-15"": 1.22, ""2010-04-16"": 0.35, ""2010-04-17"": 0.25}",ESA_WorldCover_10m_2021_v200_N27E087,MOD13Q1.A2010097.h25v06.061.2021159142015,2010-04-14T23:59:59.500000+00:00,3.0,10.0,Tree cover,ESA WorldCover 2021 v200,2021,11,5736.0,0.5736,0.0,Good data,True,NASA MODIS MOD13Q1/MYD13Q1 v6.1 16-day 250m,True,True,0.5736,ERA5-Land via Open-Meteo Historical Weather API,era5_land,True,0.391,0.38,0.367,0.371,0.384,0.3918571428571429,-0.0008571428571429,"{""2010-04-11"": 0.398, ""2010-04-12"": 0.405, ""2010-04-13"": 0.402, ""2010-04-14"": 0.386, ""2010-04-15"": 0.379, ""2010-04-16"": 0.382, ""2010-04-17"": 0.391}",41.27968002064143,1224.110008854546,primary,,56052263.0,river,Roro Chu,129842068.0,5000.0,5000.0,True,True,True,OpenStreetMap via Overpass API,2026-09-03T19:16:51Z,local equirectangular point-to-polyline
1048279,Assam,Assam,Gauripur,26.10159837,90.02789028,Low (>25km),29753,2010-04-18,2010,4,Pre-monsoon (Apr-May),ND,rainfall (T),event,9,1,1,Minor (1-2),,"Rain and thundersqualls claimed six lives in lower Assam and disrupted life in the Barak Valley, uprooting trees and snapping electricity lines, as neighbouring Manipur prepared for a possible flood.\n\nBahrul Islam,25, of Basbari village and Tilak Roy, 3",http://www.telegraphindia.com/1100422/jsp/northeast/story_12364583.jsp,UGLC,Copernicus_DSM_COG_10_N26_00_E090_00_DEM,Copernicus DEM GLO-30 via Microsoft Planetary Computer,True,27.0,2.5431869213988376,56.257742958013125,0.0045315528025671,27.76862874309968,30.715,False,NASA POWER Daily API / PRECTOTCORR,True,9.9,36.73,76.00000000000001,"{""2010-04-12"": 6.01, ""2010-04-13"": 23.1, ""2010-04-14"": 3.8, ""2010-04-15"": 6.36, ""2010-04-16"": 4.92, ""2010-04-17"": 21.91, ""2010-04-18"": 9.9}",ESA_WorldCover_10m_2021_v200_N24E090,MOD13Q1.A2010097.h25v06.061.2021159142015,2010-04-14T23:59:59.500000+00:00,4.0,10.0,Tree cover,ESA WorldCover 2021 v200,2021,11,,,,,False,NASA MODIS MOD13Q1/MYD13Q1 v6.1 16-day 250m,True,False,,ERA5-Land via Open-Meteo Historical Weather API,era5_land,True,0.488,0.492,0.516,0.509,0.4846666666666666,0.4861428571428571,0.0018571428571428,"{""2010-04-12"": 0.484, ""2010-04-13"": 0.471, ""2010-04-14"": 0.506, ""2010-04-15"": 0.488, ""2010-04-16"": 0.475, ""2010-04-17"": 0.491, ""2010-04-18"": 0.488}",20.35918352860357,734.4155752556608,unclassified,,760029104.0,stream,,228549927.0,5000.0,5000.0,True,True,True,OpenStreetMap via Overpass API,2026-09-03T19:17:51Z,local equirectangular point-to-polyline
1048419,Assam,Assam,"Raj Bhavan Guwahati, Assam",26.1978,91.7665,High (<2km),0,2010-04-20,2010,4,Pre-monsoon (Apr-May),earth slide,rainfall (T),report,1,0,0,No fatalities,0.0,"assamtribune' 'GUWAHATI, April 20 – Civic woes of Guwahatians is continuing to unfold its murkier side with incessant downpour today forcing district administration to engage National Disaster Response Force (NDRF) to facilitate movement of residents of low-lying are",http://www.assamtribune.com/scripts/detailsnew.asp?id=apr2110/at06,UGLC,Copernicus_DSM_COG_10_N26_00_E091_00_DEM,Copernicus DEM GLO-30 via Microsoft Planetary Computer,True,94.6325912475586,14.48643800310769,87.31073012888089,-0.0120917502809467,27.74574688966948,30.715,True,NASA POWER Daily API / PRECTOTCORR,True,30.79,121.97,192.64,"{""2010-04-14"": 1.45, ""2010-04-15"": 11.78, ""2010-04-16"": 0.46, ""2010-04-17"": 56.98, ""2010-04-18"": 22.73, ""2010-04-19"": 68.45, ""2010-04-20"": 30.79}",ESA_WorldCover_10m_2021_v200_N24E090,MYD13Q1.A2010105.h25v06.061.2021159144813,2010-04-22T23:59:59.500000+00:00,2.0,50.0,Built-up,ESA WorldCover 2021 v200,2021,11,,,,,False,NASA MODIS MOD13Q1/MYD13Q1 v6.1 16-day 250m,True,False,,ERA5-Land via Open-Meteo Historical Weather API,era5_land,True,0.474,0.496,0.43,0.447,0.4829999999999999,0.4692857142857142,0.0047142857142857,"{""2010-04-14"": 0.431, ""2010-04-15"": 0.461, ""2010-04-16"": 0.46, ""2010-04-17"": 0.484, ""2010-04-18"": 0.487, ""2010-04-19"": 0.488, ""2010-04-20"": 0.474}",22.398778682635847,1308.0480957858995,service,,1057174151.0,river,Brahmaputra,367136354.0,5000.0,5000.0,True,True,True,OpenStreetMap via Overpass API,2026-09-03T19:18:51Z,local equirectangular point-to-polyline
1048414,Assam,Assam,"Kharghuli, Guwahati, Assam",26.1965,91.763,High (<2km),1000,2010-04-20,2010,4,Pre-monsoon (Apr-May),earth slide,rainfall (T),report,7,0,0,No fatalities,0.0,"assamtribune' 'GUWAHATI, April 20 – Civic woes of Guwahatians is continuing to unfold its murkier side with incessant downpour today forcing district administration to engage National Disaster Response Force (NDRF) to facilitate movement of residents of low-lying are",http://www.assamtribune.com/scripts/detailsnew.asp?id=apr2110/at06,UGLC,Copernicus_DSM_COG_10_N26_00_E091_00_DEM,Copernicus DEM GLO-30 via Microsoft Planetary Computer,True,96.65662384033205,9.917136789483813,137.4087486575197,-0.0124810652243591,27.74605662017177,30.715,True,NASA POWER Daily API / PRECTOTCORR,True,30.79,121.97,192.64,"{""2010-04-14"": 1.45, ""2010-04-15"": 11.78, ""2010-04-16"": 0.46, ""2010-04-17"": 56.98, ""2010-04-18"": 22.73, ""2010-04-19"": 68.45, ""2010-04-20"": 30.79}",ESA_WorldCover_10m_2021_v200_N24E090,MYD13Q1.A2010105.h25v06.061.2021159144813,2010-04-22T23:59:59.500000+00:00,2.0,50.0,Built-up,ESA WorldCover 2021 v200,2021,11,,,,,False,NASA MODIS MOD13Q1/MYD13Q1 v6.1 16-day 250m,True,False,,ERA5-Land via Open-Meteo Historical Weather API,era5_land,True,0.474,0.496,0.43,0.447,0.4829999999999999,0.4692857142857142,0.0047142857142857,"{""2010-04-14"": 0.431, ""2010-04-15"": 0.461, ""2010-04-16"": 0.46, ""2010-04-17"": 0.484, ""2010-04-18"": 0.487, ""2010-04-19"": 0.488, ""2010-04-20"": 0.474}",40.08873097798954,1253.996872937406,unclassified,,508399322.0,river,Brahmaputra,367136354.0,5000.0,5000.0,True,True,True,OpenStreetMap via Overpass API,2026-09-03T19:19:51Z,local equirectangular point-to-polyline
1050648,Assam,Assam,Cachar,24.81395989,92.85687296,Low (>25km),34718,2010-04-24,2010,4,Pre-monsoon (Apr-May),ND,rainfall (T),event,9,3,1,Moderate (3-5),,"The State Government today reviewed the damages caused by the devastating storm on April 24 and according to reports received from various districts, at least 21 persons lost their lives and thousands were rendered homeless.\n\nOfficial sources said that a",http://www.assamtribune.com/scripts/detailsnew.asp?id=apr2710/at095,UGLC,Copernicus_DSM_COG_10_N24_00_E092_00_DEM,Copernicus DEM GLO-30 via Microsoft Planetary Computer,True,19.78896713256836,2.497008873575436,356.95273631434605,0.0024361401967556,28.06733590204245,30.715,False,NASA POWER Daily API / PRECTOTCORR,True,24.87,38.73,128.42000000000002,"{""2010-04-18"": 34.27, ""2010-04-19"": 28.94, ""2010-04-20"": 13.8, ""2010-04-21"": 12.68, ""2010-04-22"": 6.52, ""2010-04-23"": 7.34, ""2010-04-24"": 24.87}",ESA_WorldCover_10m_2021_v200_N24E090,MYD13Q1.A2010105.h26v06.061.2021159144631,2010-04-22T23:59:59.500000+00:00,2.0,40.0,Cropland,ESA WorldCover 2021 v200,2021,11,5586.0,0.5586,0.0,Good data,True,NASA MODIS MOD13Q1/MYD13Q1 v6.1 16-day 250m,True,True,0.5586,ERA5-Land via Open-Meteo Historical Weather API,era5_land,True,0.488,0.485,0.502,0.498,0.4903333333333333,0.4904285714285715,-0.0024285714285715,"{""2010-04-18"": 0.472, ""2010-04-19"": 0.494, ""2010-04-20"": 0.487, ""2010-04-21"": 0.509, ""2010-04-22"": 0.498, ""2010-04-23"": 0.485, ""2010-04-24"": 0.488}",155.97015757992702,719.0672982221522,tertiary,,1320810066.0,river,,668833462.0,5000.0,5000.0,True,True,True,OpenStreetMap via Overpass API,2026-09-03T19:14:51Z,local equirectangular point-to-polyline
938433,Sikkim,Sikkim,"North Sikkiim Highway, periphery of Gangtok, Sikkim East district",27.3543,88.6428,Medium (2-25km),5000,2010-05-31,2010,5,Pre-monsoon (Apr-May),earth slide,rainfall (T),report,9,0,0,No fatalities,0.0,sify.com' 'Over 500 tourists were stranded in the periphery of Gangtok since Monday night following multiple landslides triggered by heavy rainfall in Sikkim.  Sikkim Deputy Inspector General of Police S. Rao said the landslides occurred in the Sikkim East district,http://sify.com/news/500-tourists-stranded-in-Sikkim-due-to-landslides-news-National-kgca4ibdgfd.html,UGLC,Copernicus_DSM_COG_10_N27_00_E088_00_DEM,Copernicus DEM GLO-30 via Microsoft Planetary Computer,True,2121.573486328125,21.048548317989283,78.2112817636326,0.003650193367027,27.46456628472057,30.715,False,NASA POWER Daily API / PRECTOTCORR,True,3.58,8.5,21.61,"{""2010-05-25"": 1.22, ""2010-05-26"": 8.54, ""2010-05-27"": 0.11, ""2010-05-28"": 3.24, ""2010-05-29"": 1.03, ""2010-05-30"": 3.89, ""2010-05-31"": 3.58}",ESA_WorldCover_10m_2021_v200_N27E087,MOD13Q1.A2010145.h25v06.061.2021168113207,2010-06-01T23:59:59.500000+00:00,1.0,10.0,Tree cover,ESA WorldCover 2021 v200,2021,11,5041.0,0.5041,3.0,Cloudy,False,NASA MODIS MOD13Q1/MYD13Q1 v6.1 16-day 250m,True,True,,ERA5-Land via Open-Meteo Historical Weather API,era5_land,True,0.405,0.4,0.411,0.408,0.403,0.4064285714285715,-0.0014285714285714,"{""2010-05-25"": 0.403, ""2010-05-26"": 0.415, ""2010-05-27"": 0.418, ""2010-05-28"": 0.4, ""2010-05-29"": 0.398, ""2010-05-30"": 0.406, ""2010-05-31"": 0.405}",54.685804741658686,483.7865597078323,trunk,,129776811.0,stream,,349152424.0,5000.0,5000.0,True,True,True,OpenStreetMap via Overpass API,2026-09-03T19:20:55Z,local equirectangular point-to-polyline
1050277,Assam,Assam,Rongpur village under Bhairabhnagar panchayat in Karimganj district,24.6005,92.3814,Medium (2-25km),25000,2010-06-03,2010,6,Monsoon (Jun-Sep),earth slide,rainfall (T),report,9,2,1,Minor (1-2),0.0,Telegraph India' 'Two died and five others were injured yesterday around 5am when their bamboo huts were crushed in a mudslide on the foothills at Rongpur village under Bhairabhnagar panchayat in Karimganj district.  Sources in Karimganj police station today said the dead,http://www.telegraphindia.com/1100605/jsp/northeast/story_12529386.jsp,UGLC,Copernicus_DSM_COG_10_N24_00_E092_00_DEM,Copernicus DEM GLO-30 via Microsoft Planetary Computer,True,88.08331298828125,17.520528367187143,332.5909827808389,0.0057057745723741,28.11548868310585,30.715,False,NASA POWER Daily API / PRECTOTCORR,True,56.51,124.5,188.07,"{""2010-05-28"": 32.18, ""2010-05-29"": 6.3, ""2010-05-30"": 11.29, ""2010-05-31"": 13.8, ""2010-06-01"": 51.38, ""2010-06-02"": 16.61, ""2010-06-03"": 56.51}",ESA_WorldCover_10m_2021_v200_N24E090,MOD13Q1.A2010145.h25v06.061.2021168113207,2010-06-01T23:59:59.500000+00:00,2.0,10.0,Tree cover,ESA WorldCover 2021 v200,2021,11,,,,,False,NASA MODIS MOD13Q1/MYD13Q1 v6.1 16-day 250m,True,False,,ERA5-Land via Open-Meteo Historical Weather API,era5_land,True,0.449,0.45,0.418,0.427,0.4546666666666667,0.4512857142857144,-0.0022857142857143,"{""2010-05-28"": 0.446, ""2010-05-29"": 0.446, ""2010-05-30"": 0.456, ""2010-05-31"": 0.447, ""2010-06-01"": 0.46, ""2010-06-02"": 0.455, ""2010-06-03"": 0.449}",624.7435392837773,3546.928592025826,secondary,,676647006.0,river,,1342750940.0,5000.0,5000.0,True,True,True,OpenStreetMap via Overpass API,2026-09-03T19:21:58Z,local equirectangular point-to-polyline
1050289,Assam,Assam,Rongpur,24.28898101,92.38885624,High (<2km),878,2010-06-03,2010,6,Monsoon (Jun-Sep),ND,rainfall (T),event,7,2,1,Minor (1-2),,Two died and five others were injured yesterday around 5am when their bamboo huts were crushed in a mudslide on the foothills at Rongpur village under Bhairabhnagar panchayat in Karimganj district.\n\nSources in Karimganj police station today said the dead,http://www.telegraphindia.com/1100604/jsp/northeast/story_12525492.jsp,UGLC,Copernicus_DSM_COG_10_N24_00_E092_00_DEM,Copernicus DEM GLO-30 via Microsoft Planetary Computer,True,53.50167083740234,8.944339457778467,290.2238958503178,0.002089711603625,28.18506136331652,30.715,True,NASA POWER Daily API / PRECTOTCORR,True,56.51,124.5,188.07,"{""2010-05-28"": 32.18, ""2010-05-29"": 6.3, ""2010-05-30"": 11.29, ""2010-05-31"": 13.8, ""2010-06-01"": 51.38, ""2010-06-02"": 16.61, ""2010-06-03"": 56.51}",ESA_WorldCover_10m_2021_v200_N24E090,MOD13Q1.A2010145.h25v06.061.2021168113207,2010-06-01T23:59:59.500000+00:00,2.0,10.0,Tree cover,ESA WorldCover 2021 v200,2021,11,,,,,False,NASA MODIS MOD13Q1/MYD13Q1 v6.1 16-day 250m,True,False,,ERA5-Land via Open-Meteo Historical Weather API,era5_land,True,0.4,0.404,0.418,0.414,0.4086666666666667,0.4155714285714285,-0.0155714285714285,"{""2010-05-28"": 0.425, ""2010-05-29"": 0.418, ""2010-05-30"": 0.422, ""2010-05-31"": 0.418, ""2010-06-01"": 0.412, ""2010-06-02"": 0.414, ""2010-06-03"": 0.4}",510.992923250529,464.7641549980128,secondary,,409869773.0,river,Singla Nadi,676647005.0,5000.0,5000.0,True,True,True,OpenStreetMap via Overpass API,2026-09-03T19:22:59Z,local equirectangular point-to-polyline
1048412,Tripura,Tripura,"atharamura hills, Highway 44, Tripura",23.8986,91.7599,Medium (2-25km),5000,2010-06-03,2010,6,Monsoon (Jun-Sep),earth slide,rainfall (T),report,9,0,0,No fatalities,0.0,"Telegraph India' 'Heavy rainfall across Tripura with the onset of monsoon has created serious transportation problems, intensified by landslides along National Highway 44, and disruption of power supply.  The monsoon hit the state on Wednesday, nearly a week early, and ti",http://www.telegraphindia.com/1100605/jsp/northeast/story_12529386.jsp,UGLC,Copernicus_DSM_COG_10_N23_00_E091_00_DEM,Copernicus DEM GLO-30 via Microsoft Planetary Computer,True,176.09864807128906,14.615693488712717,190.50335717309463,0.0138302431113083,28.27107007667144,30.715,False,NASA POWER Daily API / PRECTOTCORR,True,42.87,86.42999999999999,176.4,"{""2010-05-28"": 48.95, ""2010-05-29"": 5.2, ""2010-05-30"": 21.62, ""2010-05-31"": 14.2, ""2010-06-01"": 22.69, ""2010-06-02"": 20.87, ""2010-06-03"": 42.87}",ESA_WorldCover_10m_2021_v200_N21E090,MOD13Q1.A2010145.h25v06.061.2021168113207,2010-06-01T23:59:59.500000+00:00,2.0,10.0,Tree cover,ESA WorldCover 2021 v200,2021,11,,,,,False,NASA MODIS MOD13Q1/MYD13Q1 v6.1 16-day 250m,True,False,,ERA5-Land via Open-Meteo Historical Weather API,era5_land,True,0.407,0.407,0.411,0.41,0.4086666666666667,0.4171428571428571,-0.0101428571428571,"{""2010-05-28"": 0.428, ""2010-05-29"": 0.425, ""2010-05-30"": 0.422, ""2010-05-31"": 0.419, ""2010-06-01"": 0.411, ""2010-06-02"": 0.408, ""2010-06-03"": 0.407}",22.88567134406537,7949.166268391668,trunk,,238313307.0,river,Khowai,385120914.0,5000.0,15000.0,True,True,True,OpenStreetMap via Overpass API,2026-09-03T19:24:01Z,local equirectangular point-to-polyline
1050796,Manipur,Manipur,"Irang(?) and Barak(?) and Makru(?) on highway 53 between Imphal and Jiribam, Manipur",24.7543,93.5039,Low (>25km),50000,2010-06-07,2010,6,Monsoon (Jun-Sep),earth slide,rainfall (T),report,9,0,0,No fatalities,0.0,"e-pao.net' 'The Ministerial team led by Works Minister K Rajit, along with 450 loaded trucks carrying different commodities, arrived at Imphal after over-coming landslides in different parts of the National Highway 53 .  The team returned after inspecting the condit",http://e-pao.net/GP.asp?src=3..100610.jun10,UGLC,Copernicus_DSM_COG_10_N24_00_E093_00_DEM,Copernicus DEM GLO-30 via Microsoft Planetary Computer,True,396.9071350097656,8.809019920473588,47.48160569486026,0.0056670816563567,28.08083337343073,30.715,False,NASA POWER Daily API / PRECTOTCORR,True,12.11,46.08,93.74,"{""2010-06-01"": 25.33, ""2010-06-02"": 5.14, ""2010-06-03"": 11.86, ""2010-06-04"": 5.33, ""2010-06-05"": 16.29, ""2010-06-06"": 17.68, ""2010-06-07"": 12.11}",ESA_WorldCover_10m_2021_v200_N24E093,MYD13Q1.A2010153.h26v06.061.2021168170534,2010-06-09T23:59:59.500000+00:00,2.0,10.0,Tree cover,ESA WorldCover 2021 v200,2021,11,3670.0,0.367,3.0,Cloudy,False,NASA MODIS MOD13Q1/MYD13Q1 v6.1 16-day 250m,True,True,,ERA5-Land via Open-Meteo Historical Weather API,era5_land,True,0.419,0.417,0.413,0.414,0.4193333333333333,0.4195714285714285,-0.0005714285714285,"{""2010-06-01"": 0.418, ""2010-06-02"": 0.421, ""2010-06-03"": 0.415, ""2010-06-04"": 0.425, ""2010-06-05"": 0.426, ""2010-06-06"": 0.413, ""2010-06-07"": 0.419}",3208.1124113832825,744.9234058976264,secondary,Old Cachar Road,666193752.0,river,Irang River,666155546.0,5000.0,5000.0,True,True,True,OpenStreetMap via Overpass API,2026-09-03T19:24:01Z,local equirectangular point-to-polyline
1048325,Assam,Assam,"Ishok Chingphu(?), Bishnupur, Assam",25.8833,91.2,Low (>25km),50000,2010-06-09,2010,6,Monsoon (Jun-Sep),earth slide,rainfall (T),report,9,0,0,No fatalities,0.0,"e-pao.net' 'Imphal, June 09 2010: Three houses were damaged in mudslide from the hill at Ishok Chingphu in Bishnupur district today causing damaged to properties worth around Rs 2 lakh.  The collapsed houses belonged to Pukhrambam Rame son of Chaoba, Huidrom Shamu a",http://e-pao.net/GP.asp?src=Snipp3..100610.jun10,UGLC,Copernicus_DSM_COG_10_N25_00_E091_00_DEM,Copernicus DEM GLO-30 via Microsoft Planetary Computer,True,247.6659393310547,19.3338701821064,126.8534960955268,0.0019651913839099,27.82026121164592,30.715,False,NASA POWER Daily API / PRECTOTCORR,True,12.13,70.25999999999999,218.44,"{""2010-06-03"": 74.78, ""2010-06-04"": 57.74, ""2010-06-05"": 10.23, ""2010-06-06"": 5.43, ""2010-06-07"": 38.0, ""2010-06-08"": 20.13, ""2010-06-09"": 12.13}",ESA_WorldCover_10m_2021_v200_N24E090,MYD13Q1.A2010153.h25v06.061.2021168170508,2010-06-09T23:59:59.500000+00:00,0.0,10.0,Tree cover,ESA WorldCover 2021 v200,2021,11,,,,,False,NASA MODIS MOD13Q1/MYD13Q1 v6.1 16-day 250m,True,False,,ERA5-Land via Open-Meteo Historical Weather API,era5_land,True,0.49,0.499,0.471,0.478,0.4846666666666666,0.4834285714285714,0.0065714285714285,"{""2010-06-03"": 0.485, ""2010-06-04"": 0.492, ""2010-06-05"": 0.467, ""2010-06-06"": 0.486, ""2010-06-07"": 0.488, ""2010-06-08"": 0.476, ""2010-06-09"": 0.49}",1120.6279170427547,3210.2497574261733,tertiary,,605671319.0,river,Singra,231406405.0,5000.0,5000.0,True,True,True,OpenStreetMap via Overpass API,2026-09-03T19:25:06Z,local equirectangular point-to-polyline
1050741,Assam,Assam,"rails between Mahur and Wadringdisa(?), Assam",25.2269,93.1658,Medium (2-25km),25000,2010-06-15,2010,6,Monsoon (Jun-Sep),earth slide,rainfall (T),report,9,0,0,No fatalities,0.0,"""""COOLR_R"", locality: 'rails between Mahur and Wadringdisa(?), Assam',"" description: 'ptinews' """"""""Train services in central Assam's North Cachar Hills district have been disrupted due to heavy landslides and a three-day railway blockade called by a students organisation today.  The landslide and blockade affected the Agartala Special"", Cachar Express,""""""""""""""",http://www.ptinews.com/news/721800_Landslides--blockade-hit-trains-services-in-NC-Hills,UGLC,Copernicus_DSM_COG_10_N25_00_E093_00_DEM,Copernicus DEM GLO-30 via Microsoft Planetary Computer,True,391.67913818359375,4.006527863762384,336.4204146732,0.0007093498179528,27.97307873362122,30.715,False,NASA POWER Daily API / PRECTOTCORR,True,22.75,40.9,96.19,"{""2010-06-09"": 15.4, ""2010-06-10"": 15.5, ""2010-06-11"": 7.66, ""2010-06-12"": 16.73, ""2010-06-13"": 10.62, ""2010-06-14"": 7.53, ""2010-06-15"": 22.75}",ESA_WorldCover_10m_2021_v200_N24E093,MOD13Q1.A2010161.h26v06.061.2021168155435,2010-06-17T23:59:59.500000+00:00,2.0,40.0,Cropland,ESA WorldCover 2021 v200,2021,11,5899.0,0.5899,3.0,Cloudy,False,NASA MODIS MOD13Q1/MYD13Q1 v6.1 16-day 250m,True,True,,ERA5-Land via Open-Meteo Historical Weather API,era5_land,True,0.476,0.483,0.465,0.47,0.4909999999999999,0.4849999999999999,-0.0089999999999999,"{""2010-06-09"": 0.465, ""2010-06-10"": 0.489, ""2010-06-11"": 0.486, ""2010-06-12"": 0.482, ""2010-06-13"": 0.506, ""2010-06-14"": 0.491, ""2010-06-15"": 0.476}",1969.9974653302684,52.51744403996397,trunk,,843633969.0,stream,,667166435.0,5000.0,5000.0,True,True,True,OpenStreetMap via Overpass API,2026-09-03T19:26:05Z,local equirectangular point-to-polyline
1050621,Assam,Assam,"rails between Jatinga and Longrangjao(?), Assam",25.0633,92.8025,Medium (2-25km),25000,2010-06-16,2010,6,Monsoon (Jun-Sep),earth slide,rainfall (T),report,9,0,0,No fatalities,0.0,"""""COOLR_R"", locality: 'rails between Jatinga and Longrangjao(?), Assam',"" description: 'ptinews' """"""""Train services in central Assam's North Cachar Hills district have been disrupted due to heavy landslides and a three-day railway blockade called by a students organisation today.  The landslide and blockade affected the Agartala Special"", Cachar Express,""""""""""""""",http://www.ptinews.com/news/721800_Landslides--blockade-hit-trains-services-in-NC-Hills,UGLC,Copernicus_DSM_COG_10_N25_00_E092_00_DEM,Copernicus DEM GLO-30 via Microsoft Planetary Computer,True,90.282470703125,19.600721078579458,116.1004240770552,0.0038852720761889,28.010595924999432,30.715,False,NASA POWER Daily API / PRECTOTCORR,True,11.35,63.2,123.47,"{""2010-06-10"": 14.39, ""2010-06-11"": 20.0, ""2010-06-12"": 13.56, ""2010-06-13"": 12.32, ""2010-06-14"": 12.45, ""2010-06-15"": 39.4, ""2010-06-16"": 11.35}",ESA_WorldCover_10m_2021_v200_N24E090,MOD13Q1.A2010161.h26v06.061.2021168155435,2010-06-17T23:59:59.500000+00:00,1.0,10.0,Tree cover,ESA WorldCover 2021 v200,2021,11,1015.0,0.1015,3.0,Cloudy,False,NASA MODIS MOD13Q1/MYD13Q1 v6.1 16-day 250m,True,True,,ERA5-Land via Open-Meteo Historical Weather API,era5_land,True,0.487,0.489,0.49,0.489,0.477,0.48,0.007,"{""2010-06-10"": 0.488, ""2010-06-11"": 0.484, ""2010-06-12"": 0.491, ""2010-06-13"": 0.466, ""2010-06-14"": 0.461, ""2010-06-15"": 0.483, ""2010-06-16"": 0.487}",303.9923623209168,83.26387283520987,trunk,,1319319022.0,river,Jātinga Nadi,197997796.0,5000.0,5000.0,True,True,True,OpenStreetMap via Overpass API,2026-09-03T19:26:05Z,local equirectangular point-to-polyline
938438,Sikkim,Sikkim,"Zang(?), east Sikkim",27.5509,88.6475,,-99999,2010-07-21,2010,7,Monsoon (Jun-Sep),earth slide,rainfall (T),report,10,0,0,No fatalities,0.0,"himalnews.wordpress' 'Gangtok, July 21: Five houses were destroyed by landslides triggered by incessant rain at Zang in East Sikkim early this morning. Nobody was hurt as families living in these houses could escape just before the slides struck.",http://himalnews.wordpress.com/2010/07/22/natural-disasters-landslides-destroy-houses/,UGLC,Copernicus_DSM_COG_10_N27_00_E088_00_DEM,Copernicus DEM GLO-30 via Microsoft Planetary Computer,True,1422.0286865234375,50.13654182342661,196.4411274754505,-0.0175573120885013,27.415650831092545,30.715,False,NASA POWER Daily API / PRECTOTCORR,True,3.47,42.24,99.54999999999998,"{""2010-07-15"": 10.91, ""2010-07-16"": 3.07, ""2010-07-17"": 28.43, ""2010-07-18"": 14.9, ""2010-07-19"": 14.53, ""2010-07-20"": 24.24, ""2010-07-21"": 3.47}",ESA_WorldCover_10m_2021_v200_N27E087,MOD13Q1.A2010193.h25v06.061.2021168200646,2010-07-19T23:59:59.500000+00:00,2.0,10.0,Tree cover,ESA WorldCover 2021 v200,2021,11,4949.0,0.4949,3.0,Cloudy,False,NASA MODIS MOD13Q1/MYD13Q1 v6.1 16-day 250m,True,True,,ERA5-Land via Open-Meteo Historical Weather API,era5_land,True,0.425,0.428,0.421,0.423,0.4263333333333333,0.4261428571428571,-0.0011428571428571,"{""2010-07-15"": 0.423, ""2010-07-16"": 0.426, ""2010-07-17"": 0.426, ""2010-07-18"": 0.429, ""2010-07-19"": 0.427, ""2010-07-20"": 0.427, ""2010-07-21"": 0.425}",37.88825160098216,113.64672742091427,tertiary,North Sikkim Highway,364388909.0,river,Teesta,134410516.0,5000.0,5000.0,True,True,True,OpenStreetMap via Overpass API,2026-09-03T19:27:06Z,local equirectangular point-to-polyline
938405,Sikkim,Sikkim,"Singtam-Mangan rd, Sikkim",27.3773,88.559,Medium (2-25km),25000,2010-07-21,2010,7,Monsoon (Jun-Sep),earth slide,rainfall (T),report,9,0,0,No fatalities,0.0,kuenselonline' 'Five houses were destroyed by landslides triggered by incessant rain at Zang in East Sikkim early this morning. Nobody was hurt as families living in these houses could escape just before the slides struck.  The mud slides also blocked the Singtam-Mangan,http://www.kuenselonline.com/modules.php?name=News&file=article&sid=16186,UGLC,Copernicus_DSM_COG_10_N27_00_E088_00_DEM,Copernicus DEM GLO-30 via Microsoft Planetary Computer,True,1473.3265380859375,32.356786958772176,254.36730200416287,0.0056366659855337,27.45886041521608,30.715,False,NASA POWER Daily API / PRECTOTCORR,True,3.47,42.24,99.54999999999998,"{""2010-07-15"": 10.91, ""2010-07-16"": 3.07, ""2010-07-17"": 28.43, ""2010-07-18"": 14.9, ""2010-07-19"": 14.53, ""2010-07-20"": 24.24, ""2010-07-21"": 3.47}",ESA_WorldCover_10m_2021_v200_N27E087,MOD13Q1.A2010193.h25v06.061.2021168200646,2010-07-19T23:59:59.500000+00:00,2.0,10.0,Tree cover,ESA WorldCover 2021 v200,2021,11,3815.0,0.3815,3.0,Cloudy,False,NASA MODIS MOD13Q1/MYD13Q1 v6.1 16-day 250m,True,True,,ERA5-Land via Open-Meteo Historical Weather API,era5_land,True,0.426,0.428,0.434,0.432,0.4256666666666666,0.4259999999999999,1.1102230246251563e-16,"{""2010-07-15"": 0.425, ""2010-07-16"": 0.425, ""2010-07-17"": 0.425, ""2010-07-18"": 0.43, ""2010-07-19"": 0.423, ""2010-07-20"": 0.428, ""2010-07-21"": 0.426}",443.1116921989261,1787.9661483834677,unclassified,,129559654.0,river,Dik Chu,366840799.0,5000.0,5000.0,True,True,True,OpenStreetMap via Overpass API,2026-09-03T19:28:06Z,local equirectangular point-to-polyline
1050620,Assam,Assam,"road between Halfong and Redzol(?) or Silchar, Assam",25.0477,92.801,Medium (2-25km),25000,2010-07-25,2010,7,Monsoon (Jun-Sep),earth slide,rainfall (T),report,9,0,0,No fatalities,0.0,Telegraph India' 'Landslides coupled with lack of maintenance have cut off road link between Haflong and Silchar.  The situation became worse after a few spells of heavy rainfall during the past week.,http://www.telegraphindia.com/1100727/jsp/northeast/story_12728199.jsp,UGLC,Copernicus_DSM_COG_10_N25_00_E092_00_DEM,Copernicus DEM GLO-30 via Microsoft Planetary Computer,True,171.42257690429688,23.385449384257367,81.62919412624285,0.0043084351189648,28.01416143729705,30.715,False,NASA POWER Daily API / PRECTOTCORR,True,6.12,19.67,86.91,"{""2010-07-19"": 23.85, ""2010-07-20"": 18.27, ""2010-07-21"": 17.09, ""2010-07-22"": 8.03, ""2010-07-23"": 10.04, ""2010-07-24"": 3.51, ""2010-07-25"": 6.12}",ESA_WorldCover_10m_2021_v200_N24E090,MYD13Q1.A2010201.h26v06.061.2021168232747,2010-07-27T23:59:59.500000+00:00,2.0,10.0,Tree cover,ESA WorldCover 2021 v200,2021,11,8925.0,0.8925000000000001,1.0,Marginal data,True,NASA MODIS MOD13Q1/MYD13Q1 v6.1 16-day 250m,True,True,0.8925000000000001,ERA5-Land via Open-Meteo Historical Weather API,era5_land,True,0.471,0.463,0.497,0.488,0.4679999999999999,0.4721428571428571,-0.0011428571428571,"{""2010-07-19"": 0.447, ""2010-07-20"": 0.486, ""2010-07-21"": 0.492, ""2010-07-22"": 0.476, ""2010-07-23"": 0.496, ""2010-07-24"": 0.437, ""2010-07-25"": 0.471}",181.645107129733,448.35540473914676,trunk,,1319352285.0,river,Jātinga Nadi,197997796.0,5000.0,5000.0,True,True,True,OpenStreetMap via Overpass API,2026-09-03T19:28:06Z,local equirectangular point-to-polyline
1050795,Manipur,Manipur,"Highway 53 at Tupul, Tamenglong district",24.9786,93.5027,Medium (2-25km),10000,2010-07-29,2010,7,Monsoon (Jun-Sep),earth slide,rainfall (T),report,9,0,0,No fatalities,0.0,"gsi.gov' 'As per media report a landslide triggered by rains occurred on 29th July, 2010 on the National Highway 53 at Tupul area in Tamenglong district. The landslide disturbed the connection of Manipur with Silchar.","http://www.portal.gsi.gov.in/portal/page?_pageid=127,875814&_dad=portal&_schema=PORTAL",UGLC,Copernicus_DSM_COG_10_N24_00_E093_00_DEM,Copernicus DEM GLO-30 via Microsoft Planetary Computer,True,1312.287109375,13.866683486974978,296.31203389074324,-0.0023237110510145,28.029929852074165,30.715,False,NASA POWER Daily API / PRECTOTCORR,True,8.29,34.87,59.66,"{""2010-07-23"": 8.37, ""2010-07-24"": 4.86, ""2010-07-25"": 2.79, ""2010-07-26"": 8.77, ""2010-07-27"": 2.07, ""2010-07-28"": 24.51, ""2010-07-29"": 8.29}",ESA_WorldCover_10m_2021_v200_N24E093,MYD13Q1.A2010201.h26v06.061.2021168232747,2010-07-27T23:59:59.500000+00:00,2.0,10.0,Tree cover,ESA WorldCover 2021 v200,2021,11,7706.0,0.7706000000000001,0.0,Good data,True,NASA MODIS MOD13Q1/MYD13Q1 v6.1 16-day 250m,True,True,0.7706000000000001,ERA5-Land via Open-Meteo Historical Weather API,era5_land,True,0.423,0.425,0.427,0.426,0.4156666666666666,0.4181428571428571,0.0048571428571428,"{""2010-07-23"": 0.416, ""2010-07-24"": 0.421, ""2010-07-25"": 0.421, ""2010-07-26"": 0.422, ""2010-07-27"": 0.412, ""2010-07-28"": 0.412, ""2010-07-29"": 0.423}",48.84446757828247,1767.3206102200818,trunk,,198322675.0,stream,Tuipa Nadi,1389196266.0,5000.0,5000.0,True,True,True,OpenStreetMap via Overpass API,2026-09-03T19:32:06Z,local equirectangular point-to-polyline
1057952,Manipur,Manipur,"Chingai-Kuingai(Quingai) route (16 kms), Chingai subdivision, Ukhrul district, Manipur",25.3098633,94.48214677,Medium (2-25km),25000,2010-07-29,2010,7,Monsoon (Jun-Sep),earth slide,rainfall (T),report,9,0,0,No fatalities,0.0,"E-Pao' 'Since the Chingai-Quingai road has been sunk due to landslides at various points following heavy rainfall that occured twice during the past 20 days, nearly 5,000 villagers of five villages in the sub-division are facing the alarming possibility of starv",http://www.e-pao.net/GP.asp?src=28..210810.aug10,UGLC,Copernicus_DSM_COG_10_N25_00_E094_00_DEM,Copernicus DEM GLO-30 via Microsoft Planetary Computer,True,1556.08740234375,31.175583007422382,162.74602349344286,-0.0085872140652692,27.95396619521184,30.715,False,NASA POWER Daily API / PRECTOTCORR,True,14.08,36.83,62.78,"{""2010-07-23"": 11.51, ""2010-07-24"": 4.71, ""2010-07-25"": 3.02, ""2010-07-26"": 6.71, ""2010-07-27"": 0.98, ""2010-07-28"": 21.77, ""2010-07-29"": 14.08}",ESA_WorldCover_10m_2021_v200_N24E093,MYD13Q1.A2010201.h26v06.061.2021168232747,2010-07-27T23:59:59.500000+00:00,2.0,30.0,Grassland,ESA WorldCover 2021 v200,2021,11,3370.0,0.337,3.0,Cloudy,False,NASA MODIS MOD13Q1/MYD13Q1 v6.1 16-day 250m,True,True,,ERA5-Land via Open-Meteo Historical Weather API,era5_land,True,0.456,0.477,0.481,0.478,0.453,0.4587142857142857,-0.0027142857142857,"{""2010-07-23"": 0.475, ""2010-07-24"": 0.475, ""2010-07-25"": 0.459, ""2010-07-26"": 0.443, ""2010-07-27"": 0.432, ""2010-07-28"": 0.471, ""2010-07-29"": 0.456}",67.71323051614932,3959.258005860492,secondary,,678481073.0,river,Ther River,329628001.0,5000.0,5000.0,True,True,True,OpenStreetMap via Overpass API,2026-09-03T19:32:06Z,local equirectangular point-to-polyline
1057833,Manipur,Manipur,"Maram area in Senapati district, National Highway 39",25.4196,94.1054,Medium (2-25km),5000,2010-07-29,2010,7,Monsoon (Jun-Sep),earth slide,rainfall (T),report,9,0,0,No fatalities,0.0,assamtribune' 'Manipur’s National Highway 39 has been cut off from the rest of the region after a heavy landslide at Maram area in Senapati district. The Imphal-Mao section of the NH-39 has been cut off due to landslide at Maram bazaar following heavy rainfall in the,http://www.assamtribune.com/scripts/detailsnew.asp?id=jul3110/oth05,UGLC,Copernicus_DSM_COG_10_N25_00_E094_00_DEM,Copernicus DEM GLO-30 via Microsoft Planetary Computer,True,1395.1285400390625,28.79138808300953,146.2594050268994,0.0085690632155214,27.928595750961247,30.715,False,NASA POWER Daily API / PRECTOTCORR,True,14.08,36.83,62.78,"{""2010-07-23"": 11.51, ""2010-07-24"": 4.71, ""2010-07-25"": 3.02, ""2010-07-26"": 6.71, ""2010-07-27"": 0.98, ""2010-07-28"": 21.77, ""2010-07-29"": 14.08}",ESA_WorldCover_10m_2021_v200_N24E093,MYD13Q1.A2010201.h26v06.061.2021168232747,2010-07-27T23:59:59.500000+00:00,2.0,50.0,Built-up,ESA WorldCover 2021 v200,2021,11,5774.0,0.5774,1.0,Marginal data,True,NASA MODIS MOD13Q1/MYD13Q1 v6.1 16-day 250m,True,True,0.5774,ERA5-Land via Open-Meteo Historical Weather API,era5_land,True,0.494,0.498,0.502,0.5,0.4913333333333333,0.4788571428571428,0.0151428571428571,"{""2010-07-23"": 0.481, ""2010-07-24"": 0.464, ""2010-07-25"": 0.473, ""2010-07-26"": 0.46, ""2010-07-27"": 0.485, ""2010-07-28"": 0.495, ""2010-07-29"": 0.494}",2.5656681000862944,2023.8080241945802,trunk,,44886094.0,river,,385527536.0,5000.0,5000.0,True,True,True,OpenStreetMap via Overpass API,2026-09-03T19:33:06Z,local equirectangular point-to-polyline
1054555,Manipur,Manipur,Dimapur-Imphal highway (NH 39) near Manipur,24.9356,93.8443,Medium (2-25km),25000,2010-07-31,2010,7,Monsoon (Jun-Sep),earth slide,rainfall (T),report,9,0,0,No fatalities,0.0,youtube' 'Heavy rains triggered a landslide along NH 30 near Imphal. The landslide blocked a 100 ft stretch of road and trucks and cars were stranded on either side. The landslide occurred in the morning. There has been significant deforestation in the area.,http://www.youtube.com/watch?v=jHTtW2WaJGw,UGLC,Copernicus_DSM_COG_10_N24_00_E093_00_DEM,Copernicus DEM GLO-30 via Microsoft Planetary Computer,True,849.871826171875,2.7364423886230145,250.8407147635852,0.000559102341451,28.03972174698772,30.715,False,NASA POWER Daily API / PRECTOTCORR,True,2.89,48.31,86.45,"{""2010-07-25"": 2.79, ""2010-07-26"": 8.77, ""2010-07-27"": 2.07, ""2010-07-28"": 24.51, ""2010-07-29"": 8.29, ""2010-07-30"": 37.13, ""2010-07-31"": 2.89}",ESA_WorldCover_10m_2021_v200_N24E093,MOD13Q1.A2010209.h26v06.061.2021168215649,2010-08-04T23:59:59.500000+00:00,4.0,10.0,Tree cover,ESA WorldCover 2021 v200,2021,11,6570.0,0.657,1.0,Marginal data,True,NASA MODIS MOD13Q1/MYD13Q1 v6.1 16-day 250m,True,True,0.657,ERA5-Land via Open-Meteo Historical Weather API,era5_land,True,0.471,0.476,0.504,0.496,0.4679999999999999,0.4748571428571428,-0.0038571428571428,"{""2010-07-25"": 0.489, ""2010-07-26"": 0.472, ""2010-07-27"": 0.476, ""2010-07-28"": 0.483, ""2010-07-29"": 0.464, ""2010-07-30"": 0.469, ""2010-07-31"": 0.471}",33.625380039628666,224.4169146851907,secondary,,160224929.0,stream,,1239757519.0,5000.0,5000.0,True,True,True,OpenStreetMap via Overpass API,2026-09-03T19:34:05Z,local equirectangular point-to-polyline
1050835,Manipur,Manipur,Tamenglong,24.95138801,93.52811839,Low (>25km),36550,2010-08-01,2010,8,Monsoon (Jun-Sep),ND,rainfall (T),event,9,1,1,Minor (1-2),,"A girl died, two others injured and another escaped when a retaining wall and heaps of firewood fell down upon them while they were playing around 2.30 pm today in Tamenglong district headquarter.\n\nThe victim has been identified as six and half years old",http://www.e-pao.net/GP.asp?src=3..020810.aug10,UGLC,Copernicus_DSM_COG_10_N24_00_E093_00_DEM,Copernicus DEM GLO-30 via Microsoft Planetary Computer,True,558.5473022460938,33.832422247766,202.3344677970528,0.005633093872235,28.036128359745,30.715,False,NASA POWER Daily API / PRECTOTCORR,True,12.47,52.49,96.13,"{""2010-07-26"": 8.77, ""2010-07-27"": 2.07, ""2010-07-28"": 24.51, ""2010-07-29"": 8.29, ""2010-07-30"": 37.13, ""2010-07-31"": 2.89, ""2010-08-01"": 12.47}",ESA_WorldCover_10m_2021_v200_N24E093,MOD13Q1.A2010209.h26v06.061.2021168215649,2010-08-04T23:59:59.500000+00:00,3.0,10.0,Tree cover,ESA WorldCover 2021 v200,2021,11,2799.0,0.2799,3.0,Cloudy,False,NASA MODIS MOD13Q1/MYD13Q1 v6.1 16-day 250m,True,True,,ERA5-Land via Open-Meteo Historical Weather API,era5_land,True,0.413,0.416,0.422,0.42,0.4166666666666667,0.417,-0.004,"{""2010-07-26"": 0.422, ""2010-07-27"": 0.412, ""2010-07-28"": 0.412, ""2010-07-29"": 0.423, ""2010-07-30"": 0.417, ""2010-07-31"": 0.42, ""2010-08-01"": 0.413}",833.3275188816209,1181.3990979316848,tertiary,,1389400619.0,river,,667342727.0,5000.0,5000.0,True,True,True,OpenStreetMap via Overpass API,2026-09-03T18:44:33Z,local equirectangular point-to-polyline
1050591,Mizoram,Mizoram,"Dawrpui Vengthar cemetary, Aizwal, Mizoram",23.7365,92.7146,High (<2km),1000,2010-08-06,2010,8,Monsoon (Jun-Sep),earth slide,rainfall (T),report,7,0,0,No fatalities,0.0,"gsi.gov' 'As per PTI report a massive landslide triggered by heavy rains on 6th August 2010 at the cemetery of Dawrpui Vengthar locality, Aizwal has swept away number of tombs.","http://www.portal.gsi.gov.in/portal/page?_pageid=127,875814&_dad=portal&_schema=PORTAL",UGLC,Copernicus_DSM_COG_10_N23_00_E092_00_DEM,Copernicus DEM GLO-30 via Microsoft Planetary Computer,True,1028.4278564453125,39.21456237236837,261.27881423012605,0.0169255706448711,28.30639853702965,30.715,True,NASA POWER Daily API / PRECTOTCORR,True,0.12,15.76,33.41,"{""2010-07-31"": 7.29, ""2010-08-01"": 4.79, ""2010-08-02"": 3.54, ""2010-08-03"": 2.03, ""2010-08-04"": 14.11, ""2010-08-05"": 1.53, ""2010-08-06"": 0.12}",ESA_WorldCover_10m_2021_v200_N21E090,MOD13Q1.A2010209.h26v06.061.2021168215649,2010-08-04T23:59:59.500000+00:00,2.0,50.0,Built-up,ESA WorldCover 2021 v200,2021,11,1374.0,0.1374,3.0,Cloudy,False,NASA MODIS MOD13Q1/MYD13Q1 v6.1 16-day 250m,True,True,,ERA5-Land via Open-Meteo Historical Weather API,era5_land,True,0.424,0.425,0.426,0.426,0.4236666666666666,0.4222857142857142,0.0017142857142857,"{""2010-07-31"": 0.422, ""2010-08-01"": 0.416, ""2010-08-02"": 0.422, ""2010-08-03"": 0.425, ""2010-08-04"": 0.425, ""2010-08-05"": 0.422, ""2010-08-06"": 0.424}",11.51314705269033,898.1900514138388,residential,,192510945.0,stream,Tuikual River,641629866.0,5000.0,5000.0,True,True,True,OpenStreetMap via Overpass API,2026-09-03T19:34:05Z,local equirectangular point-to-polyline
1050669,Mizoram,Mizoram,NEW VERVEK,24.17638911,92.97979352,Medium (2-25km),3013,2010-08-12,2010,8,Monsoon (Jun-Sep),ND,rainfall (T),event,9,1,1,Minor (1-2),,"The funeral of a 53-year-old man, who was missing, was done today without his body after villagers found intestines suspected to belong to him.Lalhunpuia went missing while returning to New Vervek from the nearby Lungsum hamlet on Thursday, Aizawl distri",http://ibnlive.in.com/generalnewsfeed/news/man-suspected-to-be-killed-in-landslides/233387.html,UGLC,Copernicus_DSM_COG_10_N24_00_E092_00_DEM,Copernicus DEM GLO-30 via Microsoft Planetary Computer,True,418.7003479003906,35.96167895426539,85.24769814712079,-0.0013113012842492,28.21000204445324,30.715,False,NASA POWER Daily API / PRECTOTCORR,True,6.23,20.73,25.3,"{""2010-08-06"": 0.18, ""2010-08-07"": 0.04, ""2010-08-08"": 2.49, ""2010-08-09"": 1.86, ""2010-08-10"": 4.04, ""2010-08-11"": 10.46, ""2010-08-12"": 6.23}",ESA_WorldCover_10m_2021_v200_N24E090,MYD13Q1.A2010217.h26v06.061.2021169043140,2010-08-12T23:59:59.500000+00:00,0.0,10.0,Tree cover,ESA WorldCover 2021 v200,2021,11,3625.0,0.3625,3.0,Cloudy,False,NASA MODIS MOD13Q1/MYD13Q1 v6.1 16-day 250m,True,True,,ERA5-Land via Open-Meteo Historical Weather API,era5_land,True,0.423,0.424,0.419,0.42,0.4203333333333333,0.4174285714285714,0.0055714285714285,"{""2010-08-06"": 0.422, ""2010-08-07"": 0.414, ""2010-08-08"": 0.411, ""2010-08-09"": 0.414, ""2010-08-10"": 0.415, ""2010-08-11"": 0.423, ""2010-08-12"": 0.423}",2150.870110205559,2410.833710252545,trunk,,237669787.0,river,Tuivai,227382052.0,5000.0,5000.0,True,True,True,OpenStreetMap via Overpass API,2026-09-03T19:35:05Z,local equirectangular point-to-polyline
1057953,Manipur,Manipur,"Chingai-Kuingai(Quingai) route (16 kms), Chingai subdivision, Ukhrul district, Manipur",25.31006064,94.48265093,Medium (2-25km),25000,2010-08-15,2010,8,Monsoon (Jun-Sep),earth slide,rainfall (T),report,9,0,0,No fatalities,0.0,"e-pao' 'Since the Chingai-Quingai road has been sunk due to landslides at various points following heavy rainfall that occured twice during the past 20 days, nearly 5,000 villagers of five villages in the sub-division are facing the alarming possibility of starv",http://www.e-pao.net/GP.asp?src=28..210810.aug10,UGLC,Copernicus_DSM_COG_10_N25_00_E094_00_DEM,Copernicus DEM GLO-30 via Microsoft Planetary Computer,True,1534.9505615234375,29.560034326476146,126.68750059032716,-0.0018536833614151,27.953920663435344,30.715,False,NASA POWER Daily API / PRECTOTCORR,True,11.99,29.62,36.0,"{""2010-08-09"": 0.22, ""2010-08-10"": 0.65, ""2010-08-11"": 0.52, ""2010-08-12"": 4.99, ""2010-08-13"": 11.26, ""2010-08-14"": 6.37, ""2010-08-15"": 11.99}",ESA_WorldCover_10m_2021_v200_N24E093,MYD13Q1.A2010217.h26v06.061.2021169043140,2010-08-12T23:59:59.500000+00:00,3.0,30.0,Grassland,ESA WorldCover 2021 v200,2021,11,1773.0,0.1773,3.0,Cloudy,False,NASA MODIS MOD13Q1/MYD13Q1 v6.1 16-day 250m,True,True,,ERA5-Land via Open-Meteo Historical Weather API,era5_land,True,0.464,0.479,0.482,0.48,0.4696666666666666,0.4644285714285713,-0.0004285714285713,"{""2010-08-09"": 0.461, ""2010-08-10"": 0.464, ""2010-08-11"": 0.459, ""2010-08-12"": 0.458, ""2010-08-13"": 0.473, ""2010-08-14"": 0.472, ""2010-08-15"": 0.464}",72.60005551823555,3910.8691142797234,secondary,,678481073.0,river,Ther River,329628001.0,5000.0,5000.0,True,True,True,OpenStreetMap via Overpass API,2026-09-03T19:35:05Z,local equirectangular point-to-polyline
1050786,Manipur,Manipur,"2 km from Khongsang village(?), road between Tamenglong and Imphal or Nungba, Manipur",24.8961,93.4957,Medium (2-25km),5000,2010-08-19,2010,8,Monsoon (Jun-Sep),mudslide,rainfall (T),report,9,0,0,No fatalities,0.0,"e-pao.net' 'Imphal, August 20 2010:   At the same time, another landslide had occurred yesterday near Kisima between Mao Gate and Kohima which virtually cut off the Nagaland capital from the rest of the country.  Meanwhile, our Tamenglong correspondent, Daniel Kamei",http://e-pao.net/GP.asp?src=21..210810.aug10,UGLC,Copernicus_DSM_COG_10_N24_00_E093_00_DEM,Copernicus DEM GLO-30 via Microsoft Planetary Computer,True,1017.0938110351562,20.652325711953967,75.19999166528657,-0.0090961471704263,28.0487027102078,30.715,False,NASA POWER Daily API / PRECTOTCORR,True,9.65,22.57,53.8,"{""2010-08-13"": 12.27, ""2010-08-14"": 4.05, ""2010-08-15"": 10.63, ""2010-08-16"": 4.28, ""2010-08-17"": 6.3, ""2010-08-18"": 6.62, ""2010-08-19"": 9.65}",ESA_WorldCover_10m_2021_v200_N24E093,MOD13Q1.A2010225.h26v06.061.2021169153300,2010-08-20T23:59:59.500000+00:00,1.0,10.0,Tree cover,ESA WorldCover 2021 v200,2021,11,1466.0,0.1466,3.0,Cloudy,False,NASA MODIS MOD13Q1/MYD13Q1 v6.1 16-day 250m,True,True,,ERA5-Land via Open-Meteo Historical Weather API,era5_land,True,0.418,0.419,0.42,0.42,0.4183333333333333,0.4208571428571428,-0.0028571428571428,"{""2010-08-13"": 0.429, ""2010-08-14"": 0.417, ""2010-08-15"": 0.42, ""2010-08-16"": 0.425, ""2010-08-17"": 0.419, ""2010-08-18"": 0.418, ""2010-08-19"": 0.418}",712.2437418454256,2541.9914108370713,trunk,,198322675.0,river,Irang River,128600558.0,5000.0,5000.0,True,True,True,OpenStreetMap via Overpass API,2026-05-06T03:25:00Z,local equirectangular point-to-polyline
938326,Sikkim,Sikkim,"many locations around Namchi, Sikkim",27.167,88.3652,Medium (2-25km),10000,2010-08-20,2010,8,Monsoon (Jun-Sep),complex,rainfall (T),report,9,0,0,No fatalities,0.0,"thehimalayanbeacon.com' 'Posted by Barun Roy on August 21st, 2010  Namchi: The heavy down pour last two days resulted in much damages at two Gram Panchayat units Lingee-Sokpay and Payoung-Kaw under Yangyany Block Administrative Centre. Kubernath Timshina, Panchayat President of",http://thehimalayanbeacon.com/magazine/2010/08/21/sikkim-landslides-heavy-toll-2-gpus-completely-cut/,UGLC,Copernicus_DSM_COG_10_N27_00_E088_00_DEM,Copernicus DEM GLO-30 via Microsoft Planetary Computer,True,1488.0474853515625,21.60354489060763,182.6658955674591,0.0025383130929461,27.510867059010632,30.715,False,NASA POWER Daily API / PRECTOTCORR,True,7.08,44.75,178.62,"{""2010-08-14"": 29.05, ""2010-08-15"": 7.44, ""2010-08-16"": 21.83, ""2010-08-17"": 75.55, ""2010-08-18"": 29.96, ""2010-08-19"": 7.71, ""2010-08-20"": 7.08}",ESA_WorldCover_10m_2021_v200_N27E087,MOD13Q1.A2010225.h25v06.061.2021169153642,2010-08-20T23:59:59.500000+00:00,0.0,50.0,Built-up,ESA WorldCover 2021 v200,2021,11,1207.0,0.1207,3.0,Cloudy,False,NASA MODIS MOD13Q1/MYD13Q1 v6.1 16-day 250m,True,True,,ERA5-Land via Open-Meteo Historical Weather API,era5_land,True,0.429,0.429,0.426,0.427,0.4266666666666667,0.4265714285714286,0.0024285714285713,"{""2010-08-14"": 0.428, ""2010-08-15"": 0.426, ""2010-08-16"": 0.426, ""2010-08-17"": 0.426, ""2010-08-18"": 0.427, ""2010-08-19"": 0.424, ""2010-08-20"": 0.429}",2.7127376095319047,669.1091028991452,residential,,606048473.0,canal,,1266786969.0,5000.0,5000.0,True,True,True,OpenStreetMap via Overpass API,2026-09-03T19:39:16Z,local equirectangular point-to-polyline
1051132,Manipur,Manipur,NH-53 at K Sinam village,24.8029,93.6228,Medium (2-25km),5000,2010-08-24,2010,8,Monsoon (Jun-Sep),earth slide,rainfall (T),report,9,0,0,No fatalities,0.0,India News' 'Trucks and buses were stranded until evening.,http://www.indiaid.com/blog/_archives/2010/8/25/4613332.html,UGLC,Copernicus_DSM_COG_10_N24_00_E093_00_DEM,Copernicus DEM GLO-30 via Microsoft Planetary Computer,True,1305.8504638671875,29.0628439072821,59.543736403371724,0.003080841997598,28.0698403931107,30.715,False,NASA POWER Daily API / PRECTOTCORR,True,10.0,11.97,36.83,"{""2010-08-18"": 6.62, ""2010-08-19"": 9.65, ""2010-08-20"": 5.08, ""2010-08-21"": 3.51, ""2010-08-22"": 1.81, ""2010-08-23"": 0.16, ""2010-08-24"": 10.0}",ESA_WorldCover_10m_2021_v200_N24E093,MOD13Q1.A2010225.h26v06.061.2021169153300,2010-08-20T23:59:59.500000+00:00,4.0,10.0,Tree cover,ESA WorldCover 2021 v200,2021,11,4438.0,0.4438,3.0,Cloudy,False,NASA MODIS MOD13Q1/MYD13Q1 v6.1 16-day 250m,True,True,,ERA5-Land via Open-Meteo Historical Weather API,era5_land,True,0.428,0.423,0.421,0.422,0.4286666666666667,0.4338571428571428,-0.0058571428571428,"{""2010-08-18"": 0.432, ""2010-08-19"": 0.432, ""2010-08-20"": 0.444, ""2010-08-21"": 0.443, ""2010-08-22"": 0.436, ""2010-08-23"": 0.422, ""2010-08-24"": 0.428}",1371.5831270924016,2505.264182085976,unclassified,,389627424.0,river,Ijai River,386807092.0,5000.0,5000.0,True,True,True,OpenStreetMap via Overpass API,2026-09-03T19:39:16Z,local equirectangular point-to-polyline
938384,Sikkim,Sikkim,"NH-31A at Topakhani tunnel(?) and fruit preservation factory(?) and Chisopani bridge(?), near Singtam and Gangtok and Rangpo, Sikkim",27.2319,88.497,Medium (2-25km),10000,2010-08-26,2010,8,Monsoon (Jun-Sep),earth slide,rainfall (T),report,9,0,0,No fatalities,0.0,"thehimalayanbeacon.com' 'Gangtok, Aug. 27: Seven landslides struck a 15km stretch of NH31A and crippled traffic on Sikkim’s only road link with the rest of the country after heavy rain lashed the Himalayan state last night. A 31-year-old woman was washed away in one of the fla",http://thehimalayanbeacon.com/magazine/2010/08/28/sikkim-landslides-cut-sikkim-link-woman-disappears-swirling-flash-flood/,UGLC,Copernicus_DSM_COG_10_N27_00_E088_00_DEM,Copernicus DEM GLO-30 via Microsoft Planetary Computer,True,360.614013671875,10.896319920804272,182.13790651563824,0.006359941038938,27.494856965154977,30.715,False,NASA POWER Daily API / PRECTOTCORR,True,53.45,71.35000000000001,144.43,"{""2010-08-20"": 5.98, ""2010-08-21"": 20.6, ""2010-08-22"": 7.99, ""2010-08-23"": 38.51, ""2010-08-24"": 15.44, ""2010-08-25"": 2.46, ""2010-08-26"": 53.45}",ESA_WorldCover_10m_2021_v200_N27E087,MYD13Q1.A2010233.h25v06.061.2021170011456,2010-08-28T23:59:59.500000+00:00,2.0,50.0,Built-up,ESA WorldCover 2021 v200,2021,11,7699.0,0.7699,1.0,Marginal data,True,NASA MODIS MOD13Q1/MYD13Q1 v6.1 16-day 250m,True,True,0.7699,ERA5-Land via Open-Meteo Historical Weather API,era5_land,True,0.43,0.43,0.397,0.406,0.4256666666666666,0.4262857142857142,0.0037142857142857,"{""2010-08-20"": 0.429, ""2010-08-21"": 0.429, ""2010-08-22"": 0.423, ""2010-08-23"": 0.426, ""2010-08-24"": 0.423, ""2010-08-25"": 0.424, ""2010-08-26"": 0.43}",17.723438056961555,111.79032701223194,trunk,,83700095.0,river,Rongni Chhu,129735607.0,5000.0,5000.0,True,True,True,OpenStreetMap via Overpass API,2026-09-03T19:40:21Z,local equirectangular point-to-polyline
1057859,Manipur,Manipur,"NH-39 at Ekai village(?), 2 km for Tadubi, Manipur",25.4786,94.1327,Medium (2-25km),5000,2010-08-27,2010,8,Monsoon (Jun-Sep),earth slide,rainfall (T),report,9,0,0,No fatalities,0.0,"e-pao' 'Imphal, August 27 2010: The state was cut off from the rest of the country as landslides triggered by torrential rains blocked both NH-39 and 53.The disturbances on the highways are amidst the extended 25-day economic blockade imposed by UNC which entere",http://www.e-pao.net/GP.asp?src=27..280810.aug10,UGLC,Copernicus_DSM_COG_10_N25_00_E094_00_DEM,Copernicus DEM GLO-30 via Microsoft Planetary Computer,True,1757.625732421875,13.304422791944432,318.2808877931498,-0.0060464950721005,27.914912962813485,30.715,False,NASA POWER Daily API / PRECTOTCORR,True,14.17,24.4,38.370000000000005,"{""2010-08-21"": 4.16, ""2010-08-22"": 1.46, ""2010-08-23"": 0.87, ""2010-08-24"": 7.48, ""2010-08-25"": 0.91, ""2010-08-26"": 9.32, ""2010-08-27"": 14.17}",ESA_WorldCover_10m_2021_v200_N24E093,MYD13Q1.A2010233.h26v06.061.2021170011120,2010-08-28T23:59:59.500000+00:00,1.0,10.0,Tree cover,ESA WorldCover 2021 v200,2021,11,7819.0,0.7819,1.0,Marginal data,True,NASA MODIS MOD13Q1/MYD13Q1 v6.1 16-day 250m,True,True,0.7819,ERA5-Land via Open-Meteo Historical Weather API,era5_land,True,0.488,0.492,0.504,0.5,0.4763333333333333,0.4757142857142857,0.0122857142857142,"{""2010-08-21"": 0.499, ""2010-08-22"": 0.456, ""2010-08-23"": 0.462, ""2010-08-24"": 0.484, ""2010-08-25"": 0.464, ""2010-08-26"": 0.477, ""2010-08-27"": 0.488}",252.02489786973482,3121.6885036804865,trunk,,44886099.0,river,,625813045.0,5000.0,5000.0,True,True,True,OpenStreetMap via Overpass API,2026-09-03T19:40:21Z,local equirectangular point-to-polyline
1050770,Manipur,Manipur,"NH-53 at Nungba police station, Kambirong(?), Manipur",24.7505,93.4221,Medium (2-25km),5000,2010-08-27,2010,8,Monsoon (Jun-Sep),earth slide,rainfall (T),report,9,0,0,No fatalities,0.0,"e-pao' 'Imphal, August 27 2010: The state was cut off from the rest of the country as landslides triggered by torrential rains blocked both NH-39 and 53.The disturbances on the highways are amidst the extended 25-day economic blockade imposed by UNC which entere",http://www.e-pao.net/GP.asp?src=27..280810.aug10,UGLC,Copernicus_DSM_COG_10_N24_00_E093_00_DEM,Copernicus DEM GLO-30 via Microsoft Planetary Computer,True,788.3941040039062,14.360498676525353,352.50617396701057,-0.005888693424646,28.08169205534641,30.715,False,NASA POWER Daily API / PRECTOTCORR,True,11.89,17.22,38.09,"{""2010-08-21"": 4.64, ""2010-08-22"": 5.33, ""2010-08-23"": 0.13, ""2010-08-24"": 10.77, ""2010-08-25"": 2.04, ""2010-08-26"": 3.29, ""2010-08-27"": 11.89}",ESA_WorldCover_10m_2021_v200_N24E093,MYD13Q1.A2010233.h26v06.061.2021170011120,2010-08-28T23:59:59.500000+00:00,1.0,10.0,Tree cover,ESA WorldCover 2021 v200,2021,11,8079.0,0.8079000000000001,1.0,Marginal data,True,NASA MODIS MOD13Q1/MYD13Q1 v6.1 16-day 250m,True,True,0.8079000000000001,ERA5-Land via Open-Meteo Historical Weather API,era5_land,True,0.42,0.419,0.417,0.418,0.421,0.4175714285714286,0.0024285714285713,"{""2010-08-21"": 0.423, ""2010-08-22"": 0.415, ""2010-08-23"": 0.404, ""2010-08-24"": 0.418, ""2010-08-25"": 0.422, ""2010-08-26"": 0.421, ""2010-08-27"": 0.42}",340.06448964835545,4304.509726997448,trunk,,242395883.0,river,Irang River,666155546.0,5000.0,5000.0,True,True,True,OpenStreetMap via Overpass API,2026-09-03T19:43:20Z,local equirectangular point-to-polyline
938421,Sikkim,Sikkim,"Daragaon(?), Gangtok city, Sikkim",27.3392,88.6188,Medium (2-25km),5000,2010-08-27,2010,8,Monsoon (Jun-Sep),earth slide,rainfall (T),report,9,0,0,No fatalities,0.0,"thehindu' 'Gangtok, August 28, 2010  Heavy rains triggering landslides has affected large parts of Sikkim in which one person was killed and many houses were damaged, officials said today.   In the State capital Gangtok, a massive landslide in the residential area",http://www.thehindu.com/news/states/other-states/article600333.ece,UGLC,Copernicus_DSM_COG_10_N27_00_E088_00_DEM,Copernicus DEM GLO-30 via Microsoft Planetary Computer,True,1873.9835205078125,32.77336814096053,118.428857010495,0.0037850461850251,27.46830990557312,30.715,False,NASA POWER Daily API / PRECTOTCORR,True,8.52,38.77,92.99,"{""2010-08-21"": 12.02, ""2010-08-22"": 4.96, ""2010-08-23"": 20.49, ""2010-08-24"": 16.75, ""2010-08-25"": 1.46, ""2010-08-26"": 28.79, ""2010-08-27"": 8.52}",ESA_WorldCover_10m_2021_v200_N27E087,MYD13Q1.A2010233.h25v06.061.2021170011456,2010-08-28T23:59:59.500000+00:00,1.0,10.0,Tree cover,ESA WorldCover 2021 v200,2021,11,833.0,0.0833,3.0,Cloudy,False,NASA MODIS MOD13Q1/MYD13Q1 v6.1 16-day 250m,True,True,,ERA5-Land via Open-Meteo Historical Weather API,era5_land,True,0.425,0.431,0.419,0.422,0.4263333333333333,0.4262857142857142,-0.0012857142857142,"{""2010-08-21"": 0.423, ""2010-08-22"": 0.431, ""2010-08-23"": 0.428, ""2010-08-24"": 0.423, ""2010-08-25"": 0.426, ""2010-08-26"": 0.428, ""2010-08-27"": 0.425}",34.10797428874989,353.51742165659306,unclassified,,84696284.0,stream,,1084683262.0,5000.0,5000.0,True,True,True,OpenStreetMap via Overpass API,2026-09-03T19:43:20Z,local equirectangular point-to-polyline
938451,Sikkim,Sikkim,"17th mile(?), Jawaharlal Nehru Marg hwy, between Gangtok and Nathu La, Sikkim",27.3702,88.7334,Medium (2-25km),10000,2010-09-04,2010,9,Monsoon (Jun-Sep),earth slide,rainfall (T),report,9,0,0,No fatalities,0.0,"news.oneindia' 'Gangtok, Sep.4 (ANI): Incessant rains in the last few weeks have caused extensive landslides in Sikkim, as on Saturday, vehicular traffic on the road connecting Gangtok with Nathu La located along the India-China border came to a standstill due to landsl",http://news.oneindia.in/2010/09/04/strategicroad-link-cut-off-due-to-landslide-insikkim.html,UGLC,Copernicus_DSM_COG_10_N27_00_E088_00_DEM,Copernicus DEM GLO-30 via Microsoft Planetary Computer,True,3520.88671875,12.921486544043916,254.61735188254607,0.0034133311361248,27.46062226449801,30.715,False,NASA POWER Daily API / PRECTOTCORR,True,2.03,17.67,45.81,"{""2010-08-29"": 8.58, ""2010-08-30"": 2.86, ""2010-08-31"": 6.12, ""2010-09-01"": 10.58, ""2010-09-02"": 10.72, ""2010-09-03"": 4.92, ""2010-09-04"": 2.03}",ESA_WorldCover_10m_2021_v200_N27E087,MOD13Q1.A2010241.h25v06.061.2021172142704,2010-09-05T23:59:59.500000+00:00,1.0,30.0,Grassland,ESA WorldCover 2021 v200,2021,11,614.0,0.0614,3.0,Cloudy,False,NASA MODIS MOD13Q1/MYD13Q1 v6.1 16-day 250m,True,True,,ERA5-Land via Open-Meteo Historical Weather API,era5_land,True,0.425,0.428,0.415,0.418,0.4256666666666666,0.4241428571428571,0.0008571428571428,"{""2010-08-29"": 0.423, ""2010-08-30"": 0.423, ""2010-08-31"": 0.424, ""2010-09-01"": 0.422, ""2010-09-02"": 0.427, ""2010-09-03"": 0.425, ""2010-09-04"": 0.425}",360.00274394058323,307.2643060730413,trunk,,397609115.0,river,Rangpo River tributary,1414143362.0,5000.0,5000.0,True,True,True,OpenStreetMap via Overpass API,2026-09-03T19:47:19Z,local equirectangular point-to-polyline
1052259,Assam,Assam,"districts Lakhimpur, Dhemaji, Golaghat, and Sonitpur, Assam province",27.0011,93.7273,,-99999,2010-09-10,2010,9,Monsoon (Jun-Sep),earth slide,rainfall (T),report,10,0,0,No fatalities,0.0,"timesofindia.indiatimes' 'Sep 10,2010, 09.40pm IST  NEW DELHI: Thirteen people were killed as heavy monsoon rains wracked havoc in north and east India, triggering landslides and inundating lakhs of acres of farmland on Friday.  At least eight people were buried alive under the",http://timesofindia.indiatimes.com/india/13-killed-as-rains-wrack-havoc-in-north-and-eastern-India-/articleshow/6532367.cms,UGLC,Copernicus_DSM_COG_10_N27_00_E093_00_DEM,Copernicus DEM GLO-30 via Microsoft Planetary Computer,True,109.95582580566406,1.0102666044074748,295.23918193105976,-0.0008749812432506,27.55163221948672,30.715,False,NASA POWER Daily API / PRECTOTCORR,True,12.05,75.06,134.68,"{""2010-09-04"": 26.61, ""2010-09-05"": 18.28, ""2010-09-06"": 12.5, ""2010-09-07"": 2.23, ""2010-09-08"": 36.86, ""2010-09-09"": 26.15, ""2010-09-10"": 12.05}",ESA_WorldCover_10m_2021_v200_N27E093,MYD13Q1.A2010249.h26v06.061.2021175223109,2010-09-13T23:59:59.500000+00:00,3.0,40.0,Cropland,ESA WorldCover 2021 v200,2021,11,7232.0,0.7232000000000001,0.0,Good data,True,NASA MODIS MOD13Q1/MYD13Q1 v6.1 16-day 250m,True,True,0.7232000000000001,ERA5-Land via Open-Meteo Historical Weather API,era5_land,True,0.416,0.427,0.428,0.427,0.4196666666666666,0.42,-0.004,"{""2010-09-04"": 0.423, ""2010-09-05"": 0.418, ""2010-09-06"": 0.423, ""2010-09-07"": 0.417, ""2010-09-08"": 0.42, ""2010-09-09"": 0.423, ""2010-09-10"": 0.416}",1413.0390934325924,1784.3768895780545,residential,,1133507824.0,stream,,158014372.0,5000.0,5000.0,True,True,True,OpenStreetMap via Overpass API,2026-09-03T19:48:19Z,local equirectangular point-to-polyline
1050589,Mizoram,Mizoram,"road to Kanan Veng from Hunthar Veng, Mizoram",23.73504471,92.71060943,High (<2km),1000,2010-09-13,2010,9,Monsoon (Jun-Sep),earth slide,rainfall (T),report,7,0,0,No fatalities,0.0,"Mizoram Express' 'In Hunthar Veng, the kitchen side of H. Lalchhanhima’s house was damaged by a landslide while the road to Kanan Veng was blocked by a landslide.",http://mizoramexpress.com/index.php/2010/09/mizoram-landslides-kill-one-woman/,UGLC,Copernicus_DSM_COG_10_N23_00_E092_00_DEM,Copernicus DEM GLO-30 via Microsoft Planetary Computer,True,947.2020263671876,33.39384669695986,78.33378671481194,0.001882730395884,28.306714680643392,30.715,True,NASA POWER Daily API / PRECTOTCORR,True,13.65,21.03,40.38,"{""2010-09-07"": 3.82, ""2010-09-08"": 1.72, ""2010-09-09"": 7.09, ""2010-09-10"": 6.72, ""2010-09-11"": 0.91, ""2010-09-12"": 6.47, ""2010-09-13"": 13.65}",ESA_WorldCover_10m_2021_v200_N21E090,MYD13Q1.A2010249.h26v06.061.2021175223109,2010-09-13T23:59:59.500000+00:00,0.0,50.0,Built-up,ESA WorldCover 2021 v200,2021,11,2715.0,0.2715,3.0,Cloudy,False,NASA MODIS MOD13Q1/MYD13Q1 v6.1 16-day 250m,True,True,,ERA5-Land via Open-Meteo Historical Weather API,era5_land,True,0.421,0.422,0.414,0.416,0.416,0.4137142857142857,0.0072857142857142,"{""2010-09-07"": 0.408, ""2010-09-08"": 0.411, ""2010-09-09"": 0.414, ""2010-09-10"": 0.415, ""2010-09-11"": 0.413, ""2010-09-12"": 0.414, ""2010-09-13"": 0.421}",7.5755390867723,554.8060823083828,residential,,1065816445.0,stream,Tuikual River,641629866.0,5000.0,5000.0,True,True,True,OpenStreetMap via Overpass API,2026-09-03T19:49:21Z,local equirectangular point-to-polyline
1050665,Mizoram,Mizoram,"near Tuivawl(?), Aizawl-Champhai rd, Aizawl district, Mizoram",23.591,92.9296,Medium (2-25km),25000,2010-09-13,2010,9,Monsoon (Jun-Sep),earth slide,rainfall (T),report,9,0,0,No fatalities,0.0,"Mizoram Express' 'Sep 15, 2010  AIZAWL: Aizawl-Champhai road also was blocked by landslides in two places near Tuivawl and Tuichang.  ZONET Champhai Corr. said, the road block near Tuivawl was cleared while men are still at work till in the afternoon to clear the road blo",http://mizoramexpress.com/index.php/2010/09/mizoram-landslides-kill-one-woman/,UGLC,Copernicus_DSM_COG_10_N23_00_E092_00_DEM,Copernicus DEM GLO-30 via Microsoft Planetary Computer,True,792.4609375,24.591492163351447,230.37564825314803,0.0073789639287503,28.337916205958823,30.715,False,NASA POWER Daily API / PRECTOTCORR,True,7.08,12.8,24.83,"{""2010-09-07"": 4.05, ""2010-09-08"": 1.15, ""2010-09-09"": 3.85, ""2010-09-10"": 2.98, ""2010-09-11"": 0.53, ""2010-09-12"": 5.19, ""2010-09-13"": 7.08}",ESA_WorldCover_10m_2021_v200_N21E090,MYD13Q1.A2010249.h26v06.061.2021175223109,2010-09-13T23:59:59.500000+00:00,0.0,10.0,Tree cover,ESA WorldCover 2021 v200,2021,11,3512.0,0.3512,3.0,Cloudy,False,NASA MODIS MOD13Q1/MYD13Q1 v6.1 16-day 250m,True,True,,ERA5-Land via Open-Meteo Historical Weather API,era5_land,True,0.423,0.424,0.417,0.419,0.419,0.4158571428571428,0.0071428571428571,"{""2010-09-07"": 0.41, ""2010-09-08"": 0.413, ""2010-09-09"": 0.415, ""2010-09-10"": 0.416, ""2010-09-11"": 0.415, ""2010-09-12"": 0.419, ""2010-09-13"": 0.423}",724.8580619362529,2831.7096154003893,residential,,1064246212.0,stream,Twnni,168289365.0,5000.0,5000.0,True,True,True,OpenStreetMap via Overpass API,2026-09-03T19:49:21Z,local equirectangular point-to-polyline
1050659,Mizoram,Mizoram,Aizawl,23.83655634,92.88807365,Low (>25km),33154,2010-09-13,2010,9,Monsoon (Jun-Sep),ND,rainfall (T),event,9,1,1,Minor (1-2),,A 30-year-old woman was killed at Tuikual locality here today after a landslide buried her alive near a traditional water source.The unmarried woman was fetching water with her friend when the landslide hit her as she could not walk fast due to problem i,http://ibnlive.in.com/generalnewsfeed/news/landslide-kills-mizoram-woman/317088.html,UGLC,Copernicus_DSM_COG_10_N23_00_E092_00_DEM,Copernicus DEM GLO-30 via Microsoft Planetary Computer,True,405.3147583007813,14.233003191094854,116.4744020008904,0.0037531504729458,28.28461876584697,30.715,False,NASA POWER Daily API / PRECTOTCORR,True,7.33,15.23,31.69,"{""2010-09-07"": 7.9, ""2010-09-08"": 1.82, ""2010-09-09"": 4.92, ""2010-09-10"": 1.82, ""2010-09-11"": 0.13, ""2010-09-12"": 7.77, ""2010-09-13"": 7.33}",ESA_WorldCover_10m_2021_v200_N21E090,MYD13Q1.A2010249.h26v06.061.2021175223109,2010-09-13T23:59:59.500000+00:00,0.0,10.0,Tree cover,ESA WorldCover 2021 v200,2021,11,5505.0,0.5505,3.0,Cloudy,False,NASA MODIS MOD13Q1/MYD13Q1 v6.1 16-day 250m,True,True,,ERA5-Land via Open-Meteo Historical Weather API,era5_land,True,0.423,0.425,0.422,0.423,0.4203333333333333,0.4184285714285713,0.0045714285714286,"{""2010-09-07"": 0.412, ""2010-09-08"": 0.417, ""2010-09-09"": 0.419, ""2010-09-10"": 0.42, ""2010-09-11"": 0.417, ""2010-09-12"": 0.421, ""2010-09-13"": 0.423}",1904.017513343413,3732.7141554673826,residential,,1061020049.0,river,Twnni,310441888.0,5000.0,5000.0,True,True,True,OpenStreetMap via Overpass API,2026-09-03T18:31:21Z,local equirectangular point-to-polyline
1050638,Mizoram,Mizoram,"Hual(Hu) village(?), Lunglei-Lawngtlai rd, Mizoram",22.7176,92.8416,Medium (2-25km),25000,2010-09-13,2010,9,Monsoon (Jun-Sep),earth slide,rainfall (T),report,9,0,0,No fatalities,0.0,"Mizoram Express' 'Sep 15, 2010  AIZAWL: Lunglei-Lawngtlai road was also blocked by a heavy landslide at =hual\\hu village this afternoon. The landslide also washed away the house of Vanlallawma. Luckily all the family members managed to run out of the house before the hous",http://mizoramexpress.com/index.php/2010/09/mizoram-landslides-kill-one-woman/,UGLC,Copernicus_DSM_COG_10_N22_00_E092_00_DEM,Copernicus DEM GLO-30 via Microsoft Planetary Computer,True,729.5139770507812,31.68890168460631,90.78144091220906,0.0055294256904835,28.523260888115303,30.715,False,NASA POWER Daily API / PRECTOTCORR,True,6.78,15.4,32.25,"{""2010-09-07"": 1.09, ""2010-09-08"": 2.46, ""2010-09-09"": 7.68, ""2010-09-10"": 5.62, ""2010-09-11"": 1.6, ""2010-09-12"": 7.02, ""2010-09-13"": 6.78}",ESA_WorldCover_10m_2021_v200_N21E090,MYD13Q1.A2010249.h26v06.061.2021175223109,2010-09-13T23:59:59.500000+00:00,0.0,10.0,Tree cover,ESA WorldCover 2021 v200,2021,11,4354.0,0.4354,3.0,Cloudy,False,NASA MODIS MOD13Q1/MYD13Q1 v6.1 16-day 250m,True,True,,ERA5-Land via Open-Meteo Historical Weather API,era5_land,True,0.426,0.427,0.423,0.424,0.4233333333333333,0.418,0.0079999999999999,"{""2010-09-07"": 0.41, ""2010-09-08"": 0.412, ""2010-09-09"": 0.417, ""2010-09-10"": 0.417, ""2010-09-11"": 0.42, ""2010-09-12"": 0.424, ""2010-09-13"": 0.426}",146.8745191619438,2632.162209229123,residential,,1449886043.0,river,,1449886926.0,5000.0,5000.0,True,True,True,OpenStreetMap via Overpass API,2026-09-03T19:50:21Z,local equirectangular point-to-polyline
1050611,Mizoram,Mizoram,"road to Muanna Godown, Zuangtui, Mizoram",23.75406693,92.74128531,High (<2km),1000,2010-09-13,2010,9,Monsoon (Jun-Sep),earth slide,rainfall (T),report,7,0,0,No fatalities,0.0,Mizoram Express' 'The heavy rain also caused landslides in several places blocking the road. The approach road to Muanna Godown in Zuangtui was blocked by a landslide since this morning.  It is expected to be restored this evening.,http://mizoramexpress.com/index.php/2010/09/mizoram-landslides-kill-one-woman/,UGLC,Copernicus_DSM_COG_10_N23_00_E092_00_DEM,Copernicus DEM GLO-30 via Microsoft Planetary Computer,True,971.35400390625,29.581734258968744,53.64120966652786,-0.0005255510966754,28.3025808998247,30.715,True,NASA POWER Daily API / PRECTOTCORR,True,13.78,23.68,48.83999999999999,"{""2010-09-07"": 8.56, ""2010-09-08"": 1.91, ""2010-09-09"": 10.27, ""2010-09-10"": 4.42, ""2010-09-11"": 0.49, ""2010-09-12"": 9.41, ""2010-09-13"": 13.78}",ESA_WorldCover_10m_2021_v200_N21E090,MYD13Q1.A2010249.h26v06.061.2021175223109,2010-09-13T23:59:59.500000+00:00,0.0,50.0,Built-up,ESA WorldCover 2021 v200,2021,11,3581.0,0.3581,3.0,Cloudy,False,NASA MODIS MOD13Q1/MYD13Q1 v6.1 16-day 250m,True,True,,ERA5-Land via Open-Meteo Historical Weather API,era5_land,True,0.42,0.421,0.414,0.416,0.4153333333333333,0.4142857142857142,0.0057142857142857,"{""2010-09-07"": 0.409, ""2010-09-08"": 0.413, ""2010-09-09"": 0.416, ""2010-09-10"": 0.416, ""2010-09-11"": 0.413, ""2010-09-12"": 0.413, ""2010-09-13"": 0.42}",8.29167567689356,4060.2558835064933,residential,,1066371097.0,stream,Tuikual River,641629866.0,5000.0,5000.0,True,True,True,OpenStreetMap via Overpass API,2026-09-03T19:50:21Z,local equirectangular point-to-polyline
1050685,Mizoram,Mizoram,"near Tuichang(?) on Tuichang river, Aizawl-Champhai rd, Mizoram",23.3439,93.0748,Medium (2-25km),25000,2010-09-13,2010,9,Monsoon (Jun-Sep),earth slide,rainfall (T),report,9,0,0,No fatalities,0.0,"Mizoram Express' 'Sep 15, 2010  AIZAWL: Aizawl-Champhai road also was blocked by landslides in two places near Tuivawl and Tuichang.  ZONET Champhai Corr. said, the road block near Tuivawl was cleared while men are still at work till in the afternoon to clear the road blo",http://mizoramexpress.com/index.php/2010/09/mizoram-landslides-kill-one-woman/,UGLC,Copernicus_DSM_COG_10_N23_00_E093_00_DEM,Copernicus DEM GLO-30 via Microsoft Planetary Computer,True,1333.490234375,33.55540540745454,105.96905076972688,-0.0008667597560664,28.3910232692046,30.715,False,NASA POWER Daily API / PRECTOTCORR,True,7.08,12.8,24.83,"{""2010-09-07"": 4.05, ""2010-09-08"": 1.15, ""2010-09-09"": 3.85, ""2010-09-10"": 2.98, ""2010-09-11"": 0.53, ""2010-09-12"": 5.19, ""2010-09-13"": 7.08}",ESA_WorldCover_10m_2021_v200_N21E093,MYD13Q1.A2010249.h26v06.061.2021175223109,2010-09-13T23:59:59.500000+00:00,0.0,10.0,Tree cover,ESA WorldCover 2021 v200,2021,11,6807.0,0.6807000000000001,3.0,Cloudy,False,NASA MODIS MOD13Q1/MYD13Q1 v6.1 16-day 250m,True,True,,ERA5-Land via Open-Meteo Historical Weather API,era5_land,True,0.424,0.425,0.42,0.422,0.4213333333333333,0.4145714285714286,0.0094285714285713,"{""2010-09-07"": 0.408, ""2010-09-08"": 0.406, ""2010-09-09"": 0.411, ""2010-09-10"": 0.413, ""2010-09-11"": 0.417, ""2010-09-12"": 0.423, ""2010-09-13"": 0.424}",116.36852443750178,220.98679450727536,unclassified,,1533131256.0,stream,,1351186947.0,5000.0,5000.0,True,True,True,OpenStreetMap via Overpass API,2026-09-03T19:51:19Z,local equirectangular point-to-polyline
1050590,Mizoram,Mizoram,"Hunthar Veng, Mizoram",23.74182634,92.7141905,High (<2km),1000,2010-09-13,2010,9,Monsoon (Jun-Sep),earth slide,rainfall (T),report,7,0,0,No fatalities,0.0,"Mizoram Express' 'In Hunthar Veng, the kitchen side of H. Lalchhanhima’s house was damaged by a landslide while the road to Kanan Veng was blocked by a landslide.",http://mizoramexpress.com/index.php/2010/09/mizoram-landslides-kill-one-woman/,UGLC,Copernicus_DSM_COG_10_N23_00_E092_00_DEM,Copernicus DEM GLO-30 via Microsoft Planetary Computer,True,925.7515258789062,17.177408343254566,306.31924430353985,0.0139517494998118,28.305241300323765,30.715,True,NASA POWER Daily API / PRECTOTCORR,True,13.65,21.03,40.38,"{""2010-09-07"": 3.82, ""2010-09-08"": 1.72, ""2010-09-09"": 7.09, ""2010-09-10"": 6.72, ""2010-09-11"": 0.91, ""2010-09-12"": 6.47, ""2010-09-13"": 13.65}",ESA_WorldCover_10m_2021_v200_N21E090,MYD13Q1.A2010249.h26v06.061.2021175223109,2010-09-13T23:59:59.500000+00:00,0.0,50.0,Built-up,ESA WorldCover 2021 v200,2021,11,2498.0,0.2498,3.0,Cloudy,False,NASA MODIS MOD13Q1/MYD13Q1 v6.1 16-day 250m,True,True,,ERA5-Land via Open-Meteo Historical Weather API,era5_land,True,0.421,0.422,0.414,0.416,0.416,0.4137142857142857,0.0072857142857142,"{""2010-09-07"": 0.408, ""2010-09-08"": 0.411, ""2010-09-09"": 0.414, ""2010-09-10"": 0.415, ""2010-09-11"": 0.413, ""2010-09-12"": 0.414, ""2010-09-13"": 0.421}",14.10506838209801,1385.3464717630357,residential,,1068095272.0,stream,Tuikual River,641629866.0,5000.0,5000.0,True,True,True,OpenStreetMap via Overpass API,2026-09-03T19:52:23Z,local equirectangular point-to-polyline
1050592,Mizoram,Mizoram,,23.72988966,92.71495623,High (<2km),1000,2010-09-13,2010,9,Monsoon (Jun-Sep),earth slide,rainfall (T),report,7,1,1,Minor (1-2),0.0,"""""COOLR_R"","" locality: """"""""Tuikual 'C'"", Aizawl,"" Mizoram"""""""""", description: 'Mizoram Express' 'Landslide triggered by heavy rain in Tuikual ‘C’ on Monday killed a woman, R. Laltanpuii.  According to Aizawl Police sources, the landslide buried the woman while she was collecting water with her friend. Luckily,"" her friend who was nearby her escap'""""",http://mizoramexpress.com/index.php/2010/09/mizoram-landslides-kill-one-woman/,UGLC,Copernicus_DSM_COG_10_N23_00_E092_00_DEM,Copernicus DEM GLO-30 via Microsoft Planetary Computer,True,979.2223510742188,35.700104867944404,302.6884318315879,0.0039226688237729,28.307834404085263,30.715,True,NASA POWER Daily API / PRECTOTCORR,True,13.65,21.03,40.38,"{""2010-09-07"": 3.82, ""2010-09-08"": 1.72, ""2010-09-09"": 7.09, ""2010-09-10"": 6.72, ""2010-09-11"": 0.91, ""2010-09-12"": 6.47, ""2010-09-13"": 13.65}",ESA_WorldCover_10m_2021_v200_N21E090,MYD13Q1.A2010249.h26v06.061.2021175223109,2010-09-13T23:59:59.500000+00:00,0.0,10.0,Tree cover,ESA WorldCover 2021 v200,2021,11,2666.0,0.2666,3.0,Cloudy,False,NASA MODIS MOD13Q1/MYD13Q1 v6.1 16-day 250m,True,True,,ERA5-Land via Open-Meteo Historical Weather API,era5_land,True,0.421,0.422,0.414,0.416,0.416,0.4137142857142857,0.0072857142857142,"{""2010-09-07"": 0.408, ""2010-09-08"": 0.411, ""2010-09-09"": 0.414, ""2010-09-10"": 0.415, ""2010-09-11"": 0.413, ""2010-09-12"": 0.414, ""2010-09-13"": 0.421}",32.13643828373485,277.5739544101112,residential,,1075089437.0,stream,Tuikual River,641629866.0,5000.0,5000.0,True,True,True,OpenStreetMap via Overpass API,2026-09-03T19:53:28Z,local equirectangular point-to-polyline
1050585,Mizoram,Mizoram,"Aizawl-Lengpui rd 3km from Aizawl, Mizoram, Manipur",23.7527,92.694,Medium (2-25km),5000,2010-09-16,2010,9,Monsoon (Jun-Sep),earth slide,rainfall (T),report,9,0,0,No fatalities,0.0,"mizoramexpress.com' 'Sep 19, 2010  Meanwhile, Aizawl-Lengpui road remained blocked for the third day because of massive landslide about 3 km away from Lengpui. According to information received from the Engineer in charge, intermittent rainfall and falling of rocks hampered",http://mizoramexpress.com/index.php/2010/09/landslide-hits-aizawl-1-house-destroyed/,UGLC,Copernicus_DSM_COG_10_N23_00_E092_00_DEM,Copernicus DEM GLO-30 via Microsoft Planetary Computer,True,791.3156127929688,29.800037146852084,58.41835908623284,0.0052453983406541,28.30287805589061,30.715,False,NASA POWER Daily API / PRECTOTCORR,True,8.49,31.76,59.86000000000001,"{""2010-09-10"": 4.42, ""2010-09-11"": 0.49, ""2010-09-12"": 9.41, ""2010-09-13"": 13.78, ""2010-09-14"": 17.18, ""2010-09-15"": 6.09, ""2010-09-16"": 8.49}",ESA_WorldCover_10m_2021_v200_N21E090,MYD13Q1.A2010249.h26v06.061.2021175223109,2010-09-13T23:59:59.500000+00:00,3.0,10.0,Tree cover,ESA WorldCover 2021 v200,2021,11,2848.0,0.2848,3.0,Cloudy,False,NASA MODIS MOD13Q1/MYD13Q1 v6.1 16-day 250m,True,True,,ERA5-Land via Open-Meteo Historical Weather API,era5_land,True,0.424,0.426,0.426,0.426,0.4236666666666666,0.4189999999999999,0.005,"{""2010-09-10"": 0.416, ""2010-09-11"": 0.413, ""2010-09-12"": 0.413, ""2010-09-13"": 0.42, ""2010-09-14"": 0.422, ""2010-09-15"": 0.425, ""2010-09-16"": 0.424}",10.438841343747633,2676.1927479831706,residential,,1070947979.0,stream,Tuikual River,641629866.0,5000.0,5000.0,True,True,True,OpenStreetMap via Overpass API,2026-09-03T19:53:28Z,local equirectangular point-to-polyline
1050707,Manipur,Manipur,"Taithu village, Churanchandpur district, Mizoram, Manipur",24.3069,93.125,Medium (2-25km),5000,2010-09-16,2010,9,Monsoon (Jun-Sep),earth slide,rainfall (T),report,9,0,0,No fatalities,0.0,"mizoramexpress.com' 'Sep 16, 2010  Rengkai: Landslide struck Taithu village in Churachandpur district of Manipur at around 3.00 AM on Thursday morning and sources said at least 22 people were inside the two houses that were completely destroyed. The village lies in a landsli",http://mizoramexpress.com/index.php/2010/09/landslide-hits-taithu-village-22-people-escape-death/,UGLC,Copernicus_DSM_COG_10_N24_00_E093_00_DEM,Copernicus DEM GLO-30 via Microsoft Planetary Computer,True,759.2999877929688,26.31618370142379,5.179801918917519,-0.0144060411665511,28.18108201451902,30.715,False,NASA POWER Daily API / PRECTOTCORR,True,15.36,34.36,54.19,"{""2010-09-10"": 1.42, ""2010-09-11"": 0.18, ""2010-09-12"": 10.37, ""2010-09-13"": 7.86, ""2010-09-14"": 10.46, ""2010-09-15"": 8.54, ""2010-09-16"": 15.36}",ESA_WorldCover_10m_2021_v200_N24E093,MYD13Q1.A2010249.h26v06.061.2021175223109,2010-09-13T23:59:59.500000+00:00,3.0,10.0,Tree cover,ESA WorldCover 2021 v200,2021,11,425.0,0.0425,3.0,Cloudy,False,NASA MODIS MOD13Q1/MYD13Q1 v6.1 16-day 250m,True,True,,ERA5-Land via Open-Meteo Historical Weather API,era5_land,True,0.422,0.424,0.428,0.427,0.4246666666666667,0.4235714285714285,-0.0015714285714285,"{""2010-09-10"": 0.421, ""2010-09-11"": 0.422, ""2010-09-12"": 0.423, ""2010-09-13"": 0.425, ""2010-09-14"": 0.425, ""2010-09-15"": 0.427, ""2010-09-16"": 0.422}",1.8797579999681204,506.84605901595484,trunk,,237677778.0,stream,,1378361169.0,5000.0,5000.0,True,True,True,OpenStreetMap via Overpass API,2026-09-03T19:55:34Z,local equirectangular point-to-polyline
1057862,Manipur,Manipur,"Sahong, Tabu and Pani village under Tadubi police station of Senapati district, NH-39",25.4769,94.1351,Medium (2-25km),5000,2010-10-08,2010,10,Post-monsoon (Oct-Nov),mudslide,rainfall (T),report,9,0,0,No fatalities,0.0,"e-pao.net' 'Unable to negotiate muddy steep portions on NH-39, over 200 Imphal bound freight trucks including inter-state passenger buses coming from Dimapur side were stranded at Mao area, official reports received here said. A report from Mao police, confirming th",http://e-pao.net/GP.asp?src=23..111010.oct10,UGLC,Copernicus_DSM_COG_10_N25_00_E094_00_DEM,Copernicus DEM GLO-30 via Microsoft Planetary Computer,True,1668.7532958984375,21.87657651603931,105.55497462215304,0.0074030723853579,27.9153076268677,30.715,False,NASA POWER Daily API / PRECTOTCORR,True,61.45,107.51,112.38,"{""2010-10-02"": 0.0, ""2010-10-03"": 0.0, ""2010-10-04"": 0.02, ""2010-10-05"": 4.85, ""2010-10-06"": 20.77, ""2010-10-07"": 25.29, ""2010-10-08"": 61.45}",ESA_WorldCover_10m_2021_v200_N24E093,MOD13Q1.A2010273.h26v06.061.2021176080726,2010-10-07T23:59:59.500000+00:00,1.0,50.0,Built-up,ESA WorldCover 2021 v200,2021,11,7748.0,0.7748,1.0,Marginal data,True,NASA MODIS MOD13Q1/MYD13Q1 v6.1 16-day 250m,True,True,0.7748,ERA5-Land via Open-Meteo Historical Weather API,era5_land,True,0.483,0.489,0.51,0.504,0.485,0.4859999999999999,-0.0029999999999999,"{""2010-10-02"": 0.48, ""2010-10-03"": 0.482, ""2010-10-04"": 0.489, ""2010-10-05"": 0.496, ""2010-10-06"": 0.475, ""2010-10-07"": 0.497, ""2010-10-08"": 0.483}",8.19985062537589,3060.879933204015,trunk,,44886111.0,river,,625813045.0,5000.0,5000.0,True,True,True,OpenStreetMap via Overpass API,2026-09-03T19:55:34Z,local equirectangular point-to-polyline
1057706,Manipur,Manipur,"Bungte Chiru village(?), Senapati district, Manipur",25.2745,94.0212,Medium (2-25km),5000,2010-10-08,2010,10,Post-monsoon (Oct-Nov),earth slide,rainfall (T),report,9,0,0,No fatalities,0.0,e-pao.net' 'According to a delayed report reaching here atleast six houses have been damaged in landslides that occurred unexpectedly in the morning of October 8 at Bungte Chiru village under Saitu Assembly Constituency of Senapati district.  The report said that ou,http://e-pao.net/GP.asp?src=6..111010.oct10,UGLC,Copernicus_DSM_COG_10_N25_00_E094_00_DEM,Copernicus DEM GLO-30 via Microsoft Planetary Computer,True,1077.855712890625,18.032520364060023,179.7418398454795,-0.0067518555307499,27.96212012843181,30.715,False,NASA POWER Daily API / PRECTOTCORR,True,66.57,110.49,113.1,"{""2010-10-02"": 0.0, ""2010-10-03"": 0.0, ""2010-10-04"": 0.0, ""2010-10-05"": 2.61, ""2010-10-06"": 17.67, ""2010-10-07"": 26.25, ""2010-10-08"": 66.57}",ESA_WorldCover_10m_2021_v200_N24E093,MOD13Q1.A2010273.h26v06.061.2021176080726,2010-10-07T23:59:59.500000+00:00,1.0,50.0,Built-up,ESA WorldCover 2021 v200,2021,11,6475.0,0.6475000000000001,1.0,Marginal data,True,NASA MODIS MOD13Q1/MYD13Q1 v6.1 16-day 250m,True,True,0.6475000000000001,ERA5-Land via Open-Meteo Historical Weather API,era5_land,True,0.433,0.435,0.429,0.431,0.4303333333333333,0.4175714285714286,0.0154285714285714,"{""2010-10-02"": 0.416, ""2010-10-03"": 0.406, ""2010-10-04"": 0.406, ""2010-10-05"": 0.404, ""2010-10-06"": 0.424, ""2010-10-07"": 0.434, ""2010-10-08"": 0.433}",82.23186943731878,545.8971574009411,tertiary,,430311013.0,river,Nukhi Lok,385528260.0,5000.0,5000.0,True,True,True,OpenStreetMap via Overpass API,2026-09-03T19:56:36Z,local equirectangular point-to-polyline
1050768,Manipur,Manipur,"Nungba, Tamenglong, Manipur",24.7679,93.4108,Medium (2-25km),25000,2010-10-08,2010,10,Post-monsoon (Oct-Nov),earth slide,rainfall (T),report,9,0,0,No fatalities,0.0,"assamtribune' 'The traffic along the 220 km Imphal-Jiribam section of the National Highway 53 has also been disturbed due to landslide at Nungba in Tamenglong district. Owing to the landslide, over 200 loaded trucks heading towards Imphal from Jiribam was stranded, pol",http://www.assamtribune.com/scripts/detailsnew.asp?id=oct1110/oth05,UGLC,Copernicus_DSM_COG_10_N24_00_E093_00_DEM,Copernicus DEM GLO-30 via Microsoft Planetary Computer,True,516.0626220703125,25.26637086860502,256.58598352567344,-0.002989063189355,28.077759183976177,30.715,False,NASA POWER Daily API / PRECTOTCORR,True,101.08,162.54999999999998,166.93999999999997,"{""2010-10-02"": 0.0, ""2010-10-03"": 0.0, ""2010-10-04"": 0.0, ""2010-10-05"": 4.39, ""2010-10-06"": 24.41, ""2010-10-07"": 37.06, ""2010-10-08"": 101.08}",ESA_WorldCover_10m_2021_v200_N24E093,MOD13Q1.A2010273.h26v06.061.2021176080726,2010-10-07T23:59:59.500000+00:00,1.0,10.0,Tree cover,ESA WorldCover 2021 v200,2021,11,9145.0,0.9145,0.0,Good data,True,NASA MODIS MOD13Q1/MYD13Q1 v6.1 16-day 250m,True,True,0.9145,ERA5-Land via Open-Meteo Historical Weather API,era5_land,True,0.429,0.428,0.415,0.418,0.4233333333333333,0.4014285714285714,0.0275714285714285,"{""2010-10-02"": 0.388, ""2010-10-03"": 0.378, ""2010-10-04"": 0.385, ""2010-10-05"": 0.389, ""2010-10-06"": 0.416, ""2010-10-07"": 0.425, ""2010-10-08"": 0.429}",1406.2857915927614,5021.800705597229,trunk,,242395880.0,stream,,1430385753.0,5000.0,15000.0,True,True,True,OpenStreetMap via Overpass API,2026-09-03T19:57:36Z,local equirectangular point-to-polyline
1056279,Manipur,Manipur,"Tharon(?) and Langol Tarung villages, Thangmeiband constituency, Imphal, Manipur",24.837,93.9128,Medium (2-25km),5000,2010-10-08,2010,10,Post-monsoon (Oct-Nov),earth slide,rainfall (T),report,9,0,0,No fatalities,0.0,"e-pao.net' 'On the other hand, landslides that occurred along the Langol foothill range following incessant rainfall during the last few days had affected residents of Tharon and Langol Tarung villages.  A team of Thangmeiband Assembly Constituency Development Forum",http://e-pao.net/GP.asp?src=6..111010.oct10,UGLC,Copernicus_DSM_COG_10_N24_00_E093_00_DEM,Copernicus DEM GLO-30 via Microsoft Planetary Computer,True,799.35595703125,20.845880727214283,206.039763444796,-0.005613763123694,28.062115154384195,30.715,False,NASA POWER Daily API / PRECTOTCORR,True,92.46,155.75,159.62,"{""2010-10-02"": 0.0, ""2010-10-03"": 0.0, ""2010-10-04"": 0.0, ""2010-10-05"": 3.87, ""2010-10-06"": 26.84, ""2010-10-07"": 36.45, ""2010-10-08"": 92.46}",ESA_WorldCover_10m_2021_v200_N24E093,MOD13Q1.A2010273.h26v06.061.2021176080726,2010-10-07T23:59:59.500000+00:00,1.0,50.0,Built-up,ESA WorldCover 2021 v200,2021,11,7008.0,0.7008,1.0,Marginal data,True,NASA MODIS MOD13Q1/MYD13Q1 v6.1 16-day 250m,True,True,0.7008,ERA5-Land via Open-Meteo Historical Weather API,era5_land,True,0.474,0.498,0.495,0.494,0.485,0.4644285714285714,0.0095714285714285,"{""2010-10-02"": 0.449, ""2010-10-03"": 0.436, ""2010-10-04"": 0.453, ""2010-10-05"": 0.458, ""2010-10-06"": 0.493, ""2010-10-07"": 0.488, ""2010-10-08"": 0.474}",55.60257649117835,1769.1504108073004,tertiary,,336589349.0,stream,,1053659715.0,5000.0,5000.0,True,True,True,OpenStreetMap via Overpass API,2026-09-03T19:58:36Z,local equirectangular point-to-polyline
1055067,Manipur,Manipur,"NH-39 near Khongnem(?) village, between Imphal and Dimapur, Manipur",25.5265,93.8673,Low (>25km),50000,2010-10-09,2010,10,Post-monsoon (Oct-Nov),earth slide,rainfall (T),report,9,0,0,No fatalities,0.0,e-pao' 'Landslide has also been reported at a spot near Khongnem village while there are at least three landslides at Karong area.,http://www.e-pao.net/GP.asp?src=5..101010.oct10,UGLC,Copernicus_DSM_COG_10_N25_00_E093_00_DEM,Copernicus DEM GLO-30 via Microsoft Planetary Computer,True,1378.1396484375,25.40854788143271,298.5462166361675,-0.0018756888447028,27.90378262267012,30.715,False,NASA POWER Daily API / PRECTOTCORR,True,7.47,100.29,120.57,"{""2010-10-03"": 0.0, ""2010-10-04"": 0.0, ""2010-10-05"": 2.61, ""2010-10-06"": 17.67, ""2010-10-07"": 26.25, ""2010-10-08"": 66.57, ""2010-10-09"": 7.47}",ESA_WorldCover_10m_2021_v200_N24E093,MOD13Q1.A2010273.h26v06.061.2021176080726,2010-10-07T23:59:59.500000+00:00,2.0,10.0,Tree cover,ESA WorldCover 2021 v200,2021,11,9125.0,0.9125,0.0,Good data,True,NASA MODIS MOD13Q1/MYD13Q1 v6.1 16-day 250m,True,True,0.9125,ERA5-Land via Open-Meteo Historical Weather API,era5_land,True,0.426,0.427,0.433,0.431,0.4293333333333333,0.4205714285714285,0.0054285714285714,"{""2010-10-03"": 0.41, ""2010-10-04"": 0.411, ""2010-10-05"": 0.409, ""2010-10-06"": 0.426, ""2010-10-07"": 0.431, ""2010-10-08"": 0.431, ""2010-10-09"": 0.426}",371.58313768582224,3031.469745600016,trunk,,387803077.0,river,Dzükou River,27919587.0,5000.0,5000.0,True,True,True,OpenStreetMap via Overpass API,2026-09-03T19:58:36Z,local equirectangular point-to-polyline
1050673,Assam,Assam,"Haflong, Assam",25.1796,93.0083,Medium (2-25km),5000,2010-10-09,2010,10,Post-monsoon (Oct-Nov),mudslide,rainfall (T),report,9,1,1,Minor (1-2),0.0,"""""COOLR_R"", locality: 'Haflong, Assam',"" description: 'dnaindia' """"""""One person has died and both road and railway links between Assam's North Cachar Hills district and the rest of the country has been completely cut-off following continuous heavy rainfall for the last two days"","" official sources said here today.  One pers""""""""""""",http://www.dnaindia.com/india/report_one-dead-road-and-rail-communication-disrupted-due-to-rains-in-assam_1450237,UGLC,Copernicus_DSM_COG_10_N25_00_E093_00_DEM,Copernicus DEM GLO-30 via Microsoft Planetary Computer,True,690.4821166992188,3.741415124248659,38.225295298079686,-0.0021024764369731,27.983949147388028,30.715,False,NASA POWER Daily API / PRECTOTCORR,True,6.12,144.26,173.05999999999997,"{""2010-10-03"": 0.0, ""2010-10-04"": 0.0, ""2010-10-05"": 4.39, ""2010-10-06"": 24.41, ""2010-10-07"": 37.06, ""2010-10-08"": 101.08, ""2010-10-09"": 6.12}",ESA_WorldCover_10m_2021_v200_N24E093,MOD13Q1.A2010273.h26v06.061.2021176080726,2010-10-07T23:59:59.500000+00:00,2.0,50.0,Built-up,ESA WorldCover 2021 v200,2021,11,7698.0,0.7698,1.0,Marginal data,True,NASA MODIS MOD13Q1/MYD13Q1 v6.1 16-day 250m,True,True,0.7698,ERA5-Land via Open-Meteo Historical Weather API,era5_land,True,0.482,0.472,0.493,0.488,0.4896666666666666,0.4797142857142856,0.0022857142857143,"{""2010-10-03"": 0.467, ""2010-10-04"": 0.467, ""2010-10-05"": 0.47, ""2010-10-06"": 0.485, ""2010-10-07"": 0.497, ""2010-10-08"": 0.49, ""2010-10-09"": 0.482}",12.013288574942164,814.6312233056968,residential,,666548694.0,stream,,1354171745.0,5000.0,5000.0,True,True,True,OpenStreetMap via Overpass API,2026-07-24T11:04:51Z,local equirectangular point-to-polyline
1050721,Assam,Assam,"between Mahur and Maigrandisa(?) or Lumding, Assam",25.4749,93.1477,Low (>25km),50000,2010-10-09,2010,10,Post-monsoon (Oct-Nov),earth slide,rainfall (T),report,9,0,0,No fatalities,0.0,"dnaindia' 'Meanwhile, rail communication has been disrupted with landslides affecting railway tracks at 28 places between Mahur and Maigrandisa in the Lumding-Silchar section with 40metres of track completely washed away.  NF railways have suspended rail services i",http://www.dnaindia.com/india/report_one-dead-road-and-rail-communication-disrupted-due-to-rains-in-assam_1450237,UGLC,Copernicus_DSM_COG_10_N25_00_E093_00_DEM,Copernicus DEM GLO-30 via Microsoft Planetary Computer,True,152.2249298095703,3.7116485130366095,4.969350253291111,0.0011623117651852,27.915771906056783,30.715,False,NASA POWER Daily API / PRECTOTCORR,True,6.79,103.66,121.39,"{""2010-10-03"": 0.0, ""2010-10-04"": 0.0, ""2010-10-05"": 2.57, ""2010-10-06"": 15.16, ""2010-10-07"": 25.84, ""2010-10-08"": 71.03, ""2010-10-09"": 6.79}",ESA_WorldCover_10m_2021_v200_N24E093,MOD13Q1.A2010273.h26v06.061.2021176080726,2010-10-07T23:59:59.500000+00:00,2.0,10.0,Tree cover,ESA WorldCover 2021 v200,2021,11,7524.0,0.7524000000000001,1.0,Marginal data,True,NASA MODIS MOD13Q1/MYD13Q1 v6.1 16-day 250m,True,True,0.7524000000000001,ERA5-Land via Open-Meteo Historical Weather API,era5_land,True,0.483,0.486,0.484,0.484,0.4866666666666666,0.4804285714285715,0.0025714285714285,"{""2010-10-03"": 0.466, ""2010-10-04"": 0.463, ""2010-10-05"": 0.486, ""2010-10-06"": 0.488, ""2010-10-07"": 0.495, ""2010-10-08"": 0.482, ""2010-10-09"": 0.483}",190.23295434386338,64.95998920478736,residential,,1368873454.0,river,Langting River,197997794.0,5000.0,5000.0,True,True,True,OpenStreetMap via Overpass API,2026-09-03T20:02:35Z,local equirectangular point-to-polyline
1057864,Manipur,Manipur,"NH-39 at Tobio village(?), 7 km form Tadubi, Manipur",25.4788,94.1399,Medium (2-25km),10000,2010-10-09,2010,10,Post-monsoon (Oct-Nov),earth slide,rainfall (T),report,9,0,0,No fatalities,0.0,"e-pao' 'Owing to landslides, triggered by incessant rainfall, at various points along the National highway vehicular movement on the ImphalDimapur section has come to a grinding halt today.  An informed source said that a massive landslide had washed away substa",http://www.e-pao.net/GP.asp?src=5..101010.oct10,UGLC,Copernicus_DSM_COG_10_N25_00_E094_00_DEM,Copernicus DEM GLO-30 via Microsoft Planetary Computer,True,1647.0665283203125,10.256604290359231,177.85951498723136,-0.0032102169569071,27.914866530132635,30.715,False,NASA POWER Daily API / PRECTOTCORR,True,7.47,94.21,119.85,"{""2010-10-03"": 0.0, ""2010-10-04"": 0.02, ""2010-10-05"": 4.85, ""2010-10-06"": 20.77, ""2010-10-07"": 25.29, ""2010-10-08"": 61.45, ""2010-10-09"": 7.47}",ESA_WorldCover_10m_2021_v200_N24E093,MOD13Q1.A2010273.h26v06.061.2021176080726,2010-10-07T23:59:59.500000+00:00,2.0,10.0,Tree cover,ESA WorldCover 2021 v200,2021,11,8281.0,0.8281000000000001,1.0,Marginal data,True,NASA MODIS MOD13Q1/MYD13Q1 v6.1 16-day 250m,True,True,0.8281000000000001,ERA5-Land via Open-Meteo Historical Weather API,era5_land,True,0.442,0.463,0.509,0.495,0.474,0.4805714285714285,-0.0385714285714285,"{""2010-10-03"": 0.482, ""2010-10-04"": 0.489, ""2010-10-05"": 0.496, ""2010-10-06"": 0.475, ""2010-10-07"": 0.497, ""2010-10-08"": 0.483, ""2010-10-09"": 0.442}",178.96146184324542,2572.1922629570217,trunk,,44886111.0,river,,625813045.0,5000.0,5000.0,True,True,True,OpenStreetMap via Overpass API,2026-09-03T20:04:41Z,local equirectangular point-to-polyline
1050670,Assam,Assam,"road between Haflong and Lanka, Assam",25.5242,92.9914,Low (>25km),50000,2010-10-09,2010,10,Post-monsoon (Oct-Nov),earth slide,rainfall (T),report,9,0,0,No fatalities,0.0,"dnaindia' 'Road communication, too, has been disrupted in the district with the road connecting Haflong and Lanka severely damaged, sources said.",http://www.dnaindia.com/india/report_one-dead-road-and-rail-communication-disrupted-due-to-rains-in-assam_1450237,UGLC,Copernicus_DSM_COG_10_N25_00_E092_00_DEM,Copernicus DEM GLO-30 via Microsoft Planetary Computer,True,157.1343994140625,13.67739597476652,34.928766267660194,-0.0024819193019439,27.904317510690948,30.715,False,NASA POWER Daily API / PRECTOTCORR,True,6.79,103.66,121.39,"{""2010-10-03"": 0.0, ""2010-10-04"": 0.0, ""2010-10-05"": 2.57, ""2010-10-06"": 15.16, ""2010-10-07"": 25.84, ""2010-10-08"": 71.03, ""2010-10-09"": 6.79}",ESA_WorldCover_10m_2021_v200_N24E090,MOD13Q1.A2010273.h26v06.061.2021176080726,2010-10-07T23:59:59.500000+00:00,2.0,10.0,Tree cover,ESA WorldCover 2021 v200,2021,11,8616.0,0.8616,1.0,Marginal data,True,NASA MODIS MOD13Q1/MYD13Q1 v6.1 16-day 250m,True,True,0.8616,ERA5-Land via Open-Meteo Historical Weather API,era5_land,True,0.478,0.472,0.498,0.491,0.4833333333333333,0.4782857142857143,-0.0002857142857143,"{""2010-10-03"": 0.463, ""2010-10-04"": 0.466, ""2010-10-05"": 0.488, ""2010-10-06"": 0.481, ""2010-10-07"": 0.487, ""2010-10-08"": 0.485, ""2010-10-09"": 0.478}",649.8519323851427,723.9292414691394,unclassified,,1370107261.0,river,Diyung River,197997797.0,5000.0,5000.0,True,True,True,OpenStreetMap via Overpass API,2026-09-03T20:05:41Z,local equirectangular point-to-polyline
1057788,Manipur,Manipur,"NH-39 in Karong area, Manipur",25.3179,94.0462,Medium (2-25km),5000,2010-10-09,2010,10,Post-monsoon (Oct-Nov),earth slide,rainfall (T),report,9,0,0,No fatalities,0.0,e-pao' 'Landslide has also been reported at a spot near Khongnem village while there are at least three landslides at Karong area.,http://www.e-pao.net/GP.asp?src=5..101010.oct10,UGLC,Copernicus_DSM_COG_10_N25_00_E094_00_DEM,Copernicus DEM GLO-30 via Microsoft Planetary Computer,True,998.4588012695312,18.58252067424156,279.4569842832083,0.0070442724264627,27.95211163880252,30.715,False,NASA POWER Daily API / PRECTOTCORR,True,7.47,100.29,120.57,"{""2010-10-03"": 0.0, ""2010-10-04"": 0.0, ""2010-10-05"": 2.61, ""2010-10-06"": 17.67, ""2010-10-07"": 26.25, ""2010-10-08"": 66.57, ""2010-10-09"": 7.47}",ESA_WorldCover_10m_2021_v200_N24E093,MOD13Q1.A2010273.h26v06.061.2021176080726,2010-10-07T23:59:59.500000+00:00,2.0,10.0,Tree cover,ESA WorldCover 2021 v200,2021,11,7866.0,0.7866000000000001,0.0,Good data,True,NASA MODIS MOD13Q1/MYD13Q1 v6.1 16-day 250m,True,True,0.7866000000000001,ERA5-Land via Open-Meteo Historical Weather API,era5_land,True,0.426,0.427,0.436,0.433,0.431,0.419,0.0069999999999999,"{""2010-10-03"": 0.406, ""2010-10-04"": 0.406, ""2010-10-05"": 0.404, ""2010-10-06"": 0.424, ""2010-10-07"": 0.434, ""2010-10-08"": 0.433, ""2010-10-09"": 0.426}",138.72129436166492,34.605974607339384,trunk,,258105023.0,river,Barāk River,385534480.0,5000.0,5000.0,True,True,True,OpenStreetMap via Overpass API,2026-09-03T20:06:43Z,local equirectangular point-to-polyline
1050272,Assam,Assam,Karimganj,24.58041329,92.37948378,Medium (2-25km),24155,2011-05-04,2011,5,Pre-monsoon (Apr-May),ND,rainfall (T),event,9,2,1,Minor (1-2),,"""""GFLD"", locality: 'Karimganj',"" description: """"""""Two members of a family were killed and two others critically injured when their house collapsed after a landslide in Assam's Karimganj district today"","" official sources said here.The mud house collapsed at Rajnagar area early this morning due to a landsl""""""""""""",http://ibnlive.in.com/generalnewsfeed/news/two-dead-two-critically-injured-in-landslide/671763.html,UGLC,Copernicus_DSM_COG_10_N24_00_E092_00_DEM,Copernicus DEM GLO-30 via Microsoft Planetary Computer,True,59.23699188232422,20.620412386790687,358.94486457999045,-0.0020025934135368,28.119999811737927,30.715,False,NASA POWER Daily API / PRECTOTCORR,True,6.21,36.7,69.57000000000001,"{""2011-04-28"": 2.98, ""2011-04-29"": 1.89, ""2011-04-30"": 13.43, ""2011-05-01"": 14.57, ""2011-05-02"": 14.07, ""2011-05-03"": 16.42, ""2011-05-04"": 6.21}",ESA_WorldCover_10m_2021_v200_N24E090,MOD13Q1.A2011113.h25v06.061.2021192102313,2011-04-30T23:59:59.500000+00:00,4.0,10.0,Tree cover,ESA WorldCover 2021 v200,2021,10,,,,,False,NASA MODIS MOD13Q1/MYD13Q1 v6.1 16-day 250m,True,False,,ERA5-Land via Open-Meteo Historical Weather API,era5_land,True,0.45,0.456,0.363,0.389,0.437,0.4328571428571428,0.0171428571428571,"{""2011-04-28"": 0.446, ""2011-04-29"": 0.425, ""2011-04-30"": 0.422, ""2011-05-01"": 0.426, ""2011-05-02"": 0.424, ""2011-05-03"": 0.437, ""2011-05-04"": 0.45}",1295.624974328822,4412.8986367350735,unclassified,,409869775.0,river,,1342750940.0,5000.0,5000.0,True,True,True,OpenStreetMap via Overpass API,2026-09-03T20:07:44Z,local equirectangular point-to-polyline
1050767,Manipur,Manipur,"Kaiphundai(?)-Tousem(in Assam) road, Tamenglong district, Manipur",25.0672,93.4093,Medium (2-25km),25000,2011-05-22,2011,5,Pre-monsoon (Apr-May),earth slide,rainfall (T),report,9,0,0,No fatalities,0.0,"e-pao' 'May 23 2011: Heavy rainfall caused landslides at three different places along Kaiphundai-Tousem road, the only lifeline of the villagers of restive Tousem Sub-Division of Tamenglong district.  The landslides occurred between New Mandeu and Mandeu village",http://www.e-pao.net/GP.asp?src=15..240511.may11,UGLC,Copernicus_DSM_COG_10_N25_00_E093_00_DEM,Copernicus DEM GLO-30 via Microsoft Planetary Computer,True,464.6520080566406,14.404030127456458,225.0180274166666,-0.0161207956903602,28.009704222465803,30.715,False,NASA POWER Daily API / PRECTOTCORR,True,6.2,92.96,111.9,"{""2011-05-16"": 4.77, ""2011-05-17"": 2.28, ""2011-05-18"": 2.1, ""2011-05-19"": 9.79, ""2011-05-20"": 50.38, ""2011-05-21"": 36.38, ""2011-05-22"": 6.2}",ESA_WorldCover_10m_2021_v200_N24E093,MYD13Q1.A2011137.h26v06.061.2021190154958,2011-05-24T23:59:59.500000+00:00,2.0,10.0,Tree cover,ESA WorldCover 2021 v200,2021,10,8729.0,0.8729,1.0,Marginal data,True,NASA MODIS MOD13Q1/MYD13Q1 v6.1 16-day 250m,True,True,0.8729,ERA5-Land via Open-Meteo Historical Weather API,era5_land,True,0.425,0.419,0.317,0.346,0.4243333333333333,0.3951428571428571,0.0298571428571428,"{""2011-05-16"": 0.326, ""2011-05-17"": 0.371, ""2011-05-18"": 0.395, ""2011-05-19"": 0.401, ""2011-05-20"": 0.423, ""2011-05-21"": 0.425, ""2011-05-22"": 0.425}",1854.153602845758,1851.6693789347012,unclassified,,1388626679.0,river,Makru River,385547939.0,5000.0,5000.0,True,True,True,OpenStreetMap via Overpass API,2026-09-03T20:07:44Z,local equirectangular point-to-polyline
1050644,Assam,Assam,"Silchar-Haflong rd., at Reko(Rekha )(?), near Harangajao, Barail Hills, Assam",25.0888,92.8551,Medium (2-25km),10000,2011-05-24,2011,5,Pre-monsoon (Apr-May),complex,rainfall (T),report,9,0,0,No fatalities,0.0,"articles.timesofindia' 'May 27,2011, 12.15pm IST  SILCHAR: Traffic movement on the Silchar-Haflong Road (NH-54) has been hit following heavy landslide in a 200-metre area on the highway. The situation is expected to remain the same for the next two months.  According to report",http://articles.timesofindia.indiatimes.com/2011-05-27/guwahati/29591193_1_dima-hasao-landslide-traffic-movement,UGLC,Copernicus_DSM_COG_10_N25_00_E092_00_DEM,Copernicus DEM GLO-30 via Microsoft Planetary Computer,True,256.7966613769531,26.71933266636256,359.4775777308011,-0.0016981295177832,28.004763212612783,30.715,False,NASA POWER Daily API / PRECTOTCORR,True,8.63,43.03,141.67999999999998,"{""2011-05-18"": 2.1, ""2011-05-19"": 9.79, ""2011-05-20"": 50.38, ""2011-05-21"": 36.38, ""2011-05-22"": 6.2, ""2011-05-23"": 28.2, ""2011-05-24"": 8.63}",ESA_WorldCover_10m_2021_v200_N24E090,MYD13Q1.A2011137.h26v06.061.2021190154958,2011-05-24T23:59:59.500000+00:00,0.0,10.0,Tree cover,ESA WorldCover 2021 v200,2021,10,8303.0,0.8303,1.0,Marginal data,True,NASA MODIS MOD13Q1/MYD13Q1 v6.1 16-day 250m,True,True,0.8303,ERA5-Land via Open-Meteo Historical Weather API,era5_land,True,0.479,0.487,0.498,0.494,0.4836666666666667,0.4781428571428572,0.0008571428571427,"{""2011-05-18"": 0.482, ""2011-05-19"": 0.476, ""2011-05-20"": 0.47, ""2011-05-21"": 0.468, ""2011-05-22"": 0.496, ""2011-05-23"": 0.476, ""2011-05-24"": 0.479}",1295.0887201912356,1332.8542779695615,track,,1319226256.0,river,Dāku Nādi,1319226240.0,5000.0,5000.0,True,True,True,OpenStreetMap via Overpass API,2026-09-03T20:08:42Z,local equirectangular point-to-polyline
1054637,Manipur,Manipur,"Roads between Tamei(Tamma?), Kangpokpi and Chalwa, Manipur",25.1555,93.8474,Medium (2-25km),25000,2011-05-31,2011,5,Pre-monsoon (Apr-May),earth slide,rainfall (T),report,9,0,0,No fatalities,0.0,"e-pao.net' 'June 01 2011: The denizens of Tamei subdivision while using the IT Road from Kangpokpi to Tamei stretch take immense risk as landslides have begun to occur as the rainy season begins.  As recent as on Tuesday, the flooding streams between Tamei and Chalw",http://e-pao.net/GP.asp?src=7..020611.jun11,UGLC,Copernicus_DSM_COG_10_N25_00_E093_00_DEM,Copernicus DEM GLO-30 via Microsoft Planetary Computer,True,1370.3966064453125,41.4625038455549,168.83954128370715,0.0049102060788579,27.989480438913283,30.715,False,NASA POWER Daily API / PRECTOTCORR,True,7.55,43.13,51.07,"{""2011-05-25"": 0.3, ""2011-05-26"": 0.0, ""2011-05-27"": 3.99, ""2011-05-28"": 3.65, ""2011-05-29"": 14.8, ""2011-05-30"": 20.78, ""2011-05-31"": 7.55}",ESA_WorldCover_10m_2021_v200_N24E093,MOD13Q1.A2011145.h26v06.061.2021193153707,2011-06-01T23:59:59.500000+00:00,1.0,10.0,Tree cover,ESA WorldCover 2021 v200,2021,10,7642.0,0.7642,3.0,Cloudy,False,NASA MODIS MOD13Q1/MYD13Q1 v6.1 16-day 250m,True,True,,ERA5-Land via Open-Meteo Historical Weather API,era5_land,True,0.427,0.428,0.426,0.427,0.4246666666666667,0.4158571428571428,0.0111428571428571,"{""2011-05-25"": 0.416, ""2011-05-26"": 0.406, ""2011-05-27"": 0.409, ""2011-05-28"": 0.406, ""2011-05-29"": 0.418, ""2011-05-30"": 0.429, ""2011-05-31"": 0.427}",2124.5029413871134,1568.2416183590697,unclassified,,1411265458.0,river,Naibet Lok,1436769126.0,5000.0,5000.0,True,True,True,OpenStreetMap via Overpass API,2026-09-03T20:09:45Z,local equirectangular point-to-polyline
1051014,Manipur,Manipur,"Gaoilung(Gadailong) village(?), Ward 4(?), Tamenglong, Manipur",24.8286,93.5935,Low (>25km),50000,2011-05-31,2011,5,Pre-monsoon (Apr-May),earth slide,rainfall (T),report,9,2,1,Minor (1-2),0.0,"kanglaonline.com' 'June 1, 2011  A major landslide at Tamenglong has reportedly claimed two lives yesterday. According to a source, two members of a family, a brother and a sister were killed in a massive landslide at the Gaoilung village, Tamenlong ward No. 4 yesterday af",http://kanglaonline.com/2011/06/two-children-claimed-by-landslide-at-tamenglong/,UGLC,Copernicus_DSM_COG_10_N24_00_E093_00_DEM,Copernicus DEM GLO-30 via Microsoft Planetary Computer,True,739.1917724609375,37.38807885441624,191.90205670821496,-0.0013575843380793,28.06401906854129,30.715,False,NASA POWER Daily API / PRECTOTCORR,True,7.55,43.13,51.07,"{""2011-05-25"": 0.3, ""2011-05-26"": 0.0, ""2011-05-27"": 3.99, ""2011-05-28"": 3.65, ""2011-05-29"": 14.8, ""2011-05-30"": 20.78, ""2011-05-31"": 7.55}",ESA_WorldCover_10m_2021_v200_N24E093,MOD13Q1.A2011145.h26v06.061.2021193153707,2011-06-01T23:59:59.500000+00:00,1.0,10.0,Tree cover,ESA WorldCover 2021 v200,2021,10,8676.0,0.8676,1.0,Marginal data,True,NASA MODIS MOD13Q1/MYD13Q1 v6.1 16-day 250m,True,True,0.8676,ERA5-Land via Open-Meteo Historical Weather API,era5_land,True,0.446,0.447,0.447,0.447,0.4433333333333333,0.4361428571428571,0.0098571428571428,"{""2011-05-25"": 0.431, ""2011-05-26"": 0.421, ""2011-05-27"": 0.428, ""2011-05-28"": 0.443, ""2011-05-29"": 0.437, ""2011-05-30"": 0.447, ""2011-05-31"": 0.446}",2270.6200496306687,1715.4663151177044,trunk,,44884944.0,river,Irang,1416393158.0,5000.0,5000.0,True,True,True,OpenStreetMap via Overpass API,2026-09-03T20:12:49Z,local equirectangular point-to-polyline
1050836,Manipur,Manipur,Tamenglong,24.95138801,93.52811839,Low (>25km),36550,2011-05-31,2011,5,Pre-monsoon (Apr-May),ND,rainfall (T),event,9,2,1,Minor (1-2),,"A major landslide at Tamenglong has reportedly claimed two lives yesterday.\nAccording to a source, two members of a family, a brother and a sister were killed in a massive landslide at the Gaoilung village, Tamenlong ward No. 4 yesterday afternoon at aro",http://kanglaonline.com/2011/06/two-children-claimed-by-landslide-at-tamenglong/,UGLC,Copernicus_DSM_COG_10_N24_00_E093_00_DEM,Copernicus DEM GLO-30 via Microsoft Planetary Computer,True,558.5473022460938,33.832422247766,202.3344677970528,0.005633093872235,28.036128359745,30.715,False,NASA POWER Daily API / PRECTOTCORR,True,7.55,43.13,51.07,"{""2011-05-25"": 0.3, ""2011-05-26"": 0.0, ""2011-05-27"": 3.99, ""2011-05-28"": 3.65, ""2011-05-29"": 14.8, ""2011-05-30"": 20.78, ""2011-05-31"": 7.55}",ESA_WorldCover_10m_2021_v200_N24E093,MOD13Q1.A2011145.h26v06.061.2021193153707,2011-06-01T23:59:59.500000+00:00,1.0,10.0,Tree cover,ESA WorldCover 2021 v200,2021,10,8285.0,0.8285,0.0,Good data,True,NASA MODIS MOD13Q1/MYD13Q1 v6.1 16-day 250m,True,True,0.8285,ERA5-Land via Open-Meteo Historical Weather API,era5_land,True,0.427,0.428,0.423,0.424,0.425,0.4104285714285715,0.0165714285714285,"{""2011-05-25"": 0.404, ""2011-05-26"": 0.389, ""2011-05-27"": 0.395, ""2011-05-28"": 0.41, ""2011-05-29"": 0.419, ""2011-05-30"": 0.429, ""2011-05-31"": 0.427}",833.3275188816209,1181.3990979316848,tertiary,,1389400619.0,river,,667342727.0,5000.0,5000.0,True,True,True,OpenStreetMap via Overpass API,2026-09-03T18:44:33Z,local equirectangular point-to-polyline
938357,Sikkim,Sikkim,"National HWY 31A, Birik (cut off Sikkim)",27.4885,88.4451,,-99999,2011-06-17,2011,6,Monsoon (Jun-Sep),mudslide,rainfall (T),report,10,0,0,No fatalities,0.0,"Telegraph India' 'The rain also triggered mudslides at two places on National Highway 31A, Sikkim’s only road link, holding up nearly 500 vehicles for five hours.",http://www.telegraphindia.com/1110618/jsp/northeast/story_14127559.jsp,UGLC,Copernicus_DSM_COG_10_N27_00_E088_00_DEM,Copernicus DEM GLO-30 via Microsoft Planetary Computer,True,1895.1287841796875,43.66510042932978,78.57430322046406,0.0159447933901892,27.43121138167857,30.715,False,NASA POWER Daily API / PRECTOTCORR,True,6.41,15.65,25.12,"{""2011-06-11"": 4.39, ""2011-06-12"": 1.3, ""2011-06-13"": 1.18, ""2011-06-14"": 2.6, ""2011-06-15"": 4.32, ""2011-06-16"": 4.92, ""2011-06-17"": 6.41}",ESA_WorldCover_10m_2021_v200_N27E087,MOD13Q1.A2011161.h25v06.061.2021193155722,2011-06-17T23:59:59.500000+00:00,0.0,10.0,Tree cover,ESA WorldCover 2021 v200,2021,10,4930.0,0.493,3.0,Cloudy,False,NASA MODIS MOD13Q1/MYD13Q1 v6.1 16-day 250m,True,True,,ERA5-Land via Open-Meteo Historical Weather API,era5_land,True,0.429,0.429,0.428,0.428,0.424,0.4212857142857142,0.0077142857142857,"{""2011-06-11"": 0.424, ""2011-06-12"": 0.421, ""2011-06-13"": 0.418, ""2011-06-14"": 0.414, ""2011-06-15"": 0.419, ""2011-06-16"": 0.424, ""2011-06-17"": 0.429}",4333.988226606559,210.78121568287227,unclassified,,1214069505.0,stream,,599747307.0,5000.0,5000.0,True,True,True,OpenStreetMap via Overpass API,2026-09-03T20:13:50Z,local equirectangular point-to-polyline
938257,Sikkim,Sikkim,YANGTHANG,27.28329478,88.23595536,High (<2km),1407,2011-06-23,2011,6,Monsoon (Jun-Sep),ND,rainfall (T),event,9,14,1,Severe (5+),,Sixteen people perished in three separate landslides which hit villages surrounding the West Sikkim district headquarters at Gyalshing. All three landslides took place at around 11.30 pm last night. Fourteen people were buried alive when rolling debris f,http://www.assamtribune.com/scripts/detailsnew.asp?id=jun2511/oth05,UGLC,Copernicus_DSM_COG_10_N27_00_E088_00_DEM,Copernicus DEM GLO-30 via Microsoft Planetary Computer,True,1321.8616943359375,33.81816659524392,105.06205460388264,-0.0112011943114858,27.48215342518912,30.715,True,NASA POWER Daily API / PRECTOTCORR,True,26.68,42.99,58.72999999999999,"{""2011-06-17"": 4.31, ""2011-06-18"": 6.09, ""2011-06-19"": 3.22, ""2011-06-20"": 2.12, ""2011-06-21"": 4.11, ""2011-06-22"": 12.2, ""2011-06-23"": 26.68}",ESA_WorldCover_10m_2021_v200_N27E087,MYD13Q1.A2011169.h25v06.061.2021192212049,2011-06-25T23:59:59.500000+00:00,2.0,10.0,Tree cover,ESA WorldCover 2021 v200,2021,10,8001.0,0.8001,3.0,Cloudy,False,NASA MODIS MOD13Q1/MYD13Q1 v6.1 16-day 250m,True,True,,ERA5-Land via Open-Meteo Historical Weather API,era5_land,True,0.422,0.429,0.43,0.429,0.422,0.423,-0.001,"{""2011-06-17"": 0.428, ""2011-06-18"": 0.429, ""2011-06-19"": 0.423, ""2011-06-20"": 0.415, ""2011-06-21"": 0.418, ""2011-06-22"": 0.426, ""2011-06-23"": 0.422}",246.9396764219517,611.2373825457033,unclassified,,596125888.0,stream,,1259335544.0,5000.0,5000.0,True,True,True,OpenStreetMap via Overpass API,2026-09-03T20:14:51Z,local equirectangular point-to-polyline
938245,Sikkim,Sikkim,West Sikkim,27.34711035,88.17392386,Medium (2-25km),19242,2011-06-23,2011,6,Monsoon (Jun-Sep),ND,rainfall (T),event,9,1,1,Minor (1-2),,Sixteen people perished in three separate landslides which hit villages surrounding the West Sikkim district headquarters at Gyalshing. All three landslides took place at around 11.30 pm last night. Fourteen people were buried alive when rolling debris f,http://www.assamtribune.com/scripts/detailsnew.asp?id=jun2511/oth07,UGLC,Copernicus_DSM_COG_10_N27_00_E088_00_DEM,Copernicus DEM GLO-30 via Microsoft Planetary Computer,True,2011.6317138671875,18.761499850682284,136.18737144118313,-0.0083159496385739,27.466348994405813,30.715,False,NASA POWER Daily API / PRECTOTCORR,True,26.68,42.99,58.72999999999999,"{""2011-06-17"": 4.31, ""2011-06-18"": 6.09, ""2011-06-19"": 3.22, ""2011-06-20"": 2.12, ""2011-06-21"": 4.11, ""2011-06-22"": 12.2, ""2011-06-23"": 26.68}",ESA_WorldCover_10m_2021_v200_N27E087,MYD13Q1.A2011169.h25v06.061.2021192212049,2011-06-25T23:59:59.500000+00:00,2.0,10.0,Tree cover,ESA WorldCover 2021 v200,2021,10,1314.0,0.1314,3.0,Cloudy,False,NASA MODIS MOD13Q1/MYD13Q1 v6.1 16-day 250m,True,True,,ERA5-Land via Open-Meteo Historical Weather API,era5_land,True,0.421,0.425,0.422,0.423,0.419,0.4212857142857142,-0.0002857142857142,"{""2011-06-17"": 0.429, ""2011-06-18"": 0.432, ""2011-06-19"": 0.421, ""2011-06-20"": 0.41, ""2011-06-21"": 0.414, ""2011-06-22"": 0.422, ""2011-06-23"": 0.421}",1509.5963699212523,2112.238770770545,tertiary,,83688773.0,stream,,366221526.0,5000.0,5000.0,True,True,True,OpenStreetMap via Overpass API,2026-09-03T20:14:51Z,local equirectangular point-to-polyline
938267,Sikkim,Sikkim,Villages surrounding the West Sikkim district of,27.2879,88.2579,Medium (2-25km),5000,2011-06-23,2011,6,Monsoon (Jun-Sep),earth slide,rainfall (T),report,9,16,1,Severe (5+),0.0,assamtribune' 'June 24 – Sixteen people perished in three separate landslides which hit villages surrounding the West Sikkim district headquarters at Gyalshing. All three landslides took place at around 11.30 pm last night. Fourteen people were buried alive when roll,http://www.assamtribune.com/scripts/detailsnew.asp?id=jun2511/oth05,UGLC,Copernicus_DSM_COG_10_N27_00_E088_00_DEM,Copernicus DEM GLO-30 via Microsoft Planetary Computer,True,1511.8153076171875,30.471827343060585,132.02553249588902,-0.0158191158841948,27.481014047150023,30.715,False,NASA POWER Daily API / PRECTOTCORR,True,26.68,42.99,58.72999999999999,"{""2011-06-17"": 4.31, ""2011-06-18"": 6.09, ""2011-06-19"": 3.22, ""2011-06-20"": 2.12, ""2011-06-21"": 4.11, ""2011-06-22"": 12.2, ""2011-06-23"": 26.68}",ESA_WorldCover_10m_2021_v200_N27E087,MYD13Q1.A2011169.h25v06.061.2021192212049,2011-06-25T23:59:59.500000+00:00,2.0,10.0,Tree cover,ESA WorldCover 2021 v200,2021,10,6846.0,0.6846,1.0,Marginal data,True,NASA MODIS MOD13Q1/MYD13Q1 v6.1 16-day 250m,True,True,0.6846,ERA5-Land via Open-Meteo Historical Weather API,era5_land,True,0.422,0.429,0.43,0.429,0.422,0.423,-0.001,"{""2011-06-17"": 0.428, ""2011-06-18"": 0.429, ""2011-06-19"": 0.423, ""2011-06-20"": 0.415, ""2011-06-21"": 0.418, ""2011-06-22"": 0.426, ""2011-06-23"": 0.422}",52.495085016299484,776.3876128184736,tertiary,,1262797856.0,stream,,1259335542.0,5000.0,5000.0,True,True,True,OpenStreetMap via Overpass API,2026-07-24T11:04:51Z,local equirectangular point-to-polyline
1057681,Manipur,Manipur,"Ikou-Gangpijang road, near: Ikou, Saikul, and Gangpijang; Imphal India",25.03561729,94.0144205,Medium (2-25km),25000,2011-06-28,2011,6,Monsoon (Jun-Sep),earth slide,rainfall (T),report,9,0,0,No fatalities,0.0,"E-PAO' 'June 28 2011: Ikou-Gangpijang road, development work of which was left incomplete following some disputes in awarding the contract, has been disconnected following landslide.  Consequent upon the landslide, passenger buses travelling from Imphal could no",http://e-pao.net/GP.asp?src=7..290611.jun11,UGLC,Copernicus_DSM_COG_10_N25_00_E094_00_DEM,Copernicus DEM GLO-30 via Microsoft Planetary Computer,True,856.09619140625,34.251626743910066,136.23451484803672,0.0019498525446247,28.01692161598132,30.715,False,NASA POWER Daily API / PRECTOTCORR,True,12.68,75.78999999999999,105.39,"{""2011-06-22"": 4.13, ""2011-06-23"": 5.73, ""2011-06-24"": 14.74, ""2011-06-25"": 5.0, ""2011-06-26"": 40.28, ""2011-06-27"": 22.83, ""2011-06-28"": 12.68}",ESA_WorldCover_10m_2021_v200_N24E093,MYD13Q1.A2011169.h26v06.061.2021192212822,2011-06-25T23:59:59.500000+00:00,3.0,10.0,Tree cover,ESA WorldCover 2021 v200,2021,10,3998.0,0.3998,3.0,Cloudy,False,NASA MODIS MOD13Q1/MYD13Q1 v6.1 16-day 250m,True,True,,ERA5-Land via Open-Meteo Historical Weather API,era5_land,True,0.465,0.491,0.507,0.501,0.4803333333333333,0.4774285714285714,-0.0124285714285714,"{""2011-06-22"": 0.485, ""2011-06-23"": 0.475, ""2011-06-24"": 0.478, ""2011-06-25"": 0.463, ""2011-06-26"": 0.476, ""2011-06-27"": 0.5, ""2011-06-28"": 0.465}",69.58445848471246,148.4250946549933,secondary,,1052596912.0,river,Iril River,385538841.0,5000.0,5000.0,True,True,True,OpenStreetMap via Overpass API,2026-09-03T20:17:51Z,local equirectangular point-to-polyline
1050759,Assam,Assam,"Portions of NH 39, Connectin Manipur with Assam via Nagaland",25.5125,93.3613,,-99999,2011-06-29,2011,6,Monsoon (Jun-Sep),earth slide,rainfall (T),report,10,0,0,No fatalities,0.0,"articles.timesofindia' 'Heavy downpour in the past few days threatens to cut off Nagaland and neighbouring Manipur from the rest of the country. Continuing heavy showers have caused landslides and led to the sinking of a portion of NH 39, creating immense hardship to the people",http://articles.timesofindia.indiatimes.com/2011-06-30/guwahati/29720982_1_heavy-rains-highway,UGLC,Copernicus_DSM_COG_10_N25_00_E093_00_DEM,Copernicus DEM GLO-30 via Microsoft Planetary Computer,True,315.37286376953125,10.036562068552229,165.5326645565195,0.0056562814673945,27.907037766617147,30.715,False,NASA POWER Daily API / PRECTOTCORR,True,19.01,51.02,124.26,"{""2011-06-23"": 13.77, ""2011-06-24"": 11.15, ""2011-06-25"": 7.32, ""2011-06-26"": 41.0, ""2011-06-27"": 21.32, ""2011-06-28"": 10.69, ""2011-06-29"": 19.01}",ESA_WorldCover_10m_2021_v200_N24E093,MOD13Q1.A2011177.h26v06.061.2021193163421,2011-07-03T23:59:59.500000+00:00,4.0,10.0,Tree cover,ESA WorldCover 2021 v200,2021,10,9039.0,0.9039,1.0,Marginal data,True,NASA MODIS MOD13Q1/MYD13Q1 v6.1 16-day 250m,True,True,0.9039,ERA5-Land via Open-Meteo Historical Weather API,era5_land,True,0.453,0.471,0.493,0.486,0.4663333333333333,0.4714285714285714,-0.0184285714285714,"{""2011-06-23"": 0.465, ""2011-06-24"": 0.491, ""2011-06-25"": 0.489, ""2011-06-26"": 0.456, ""2011-06-27"": 0.488, ""2011-06-28"": 0.458, ""2011-06-29"": 0.453}",4784.578599829239,13.72677133683401,secondary,,1353799882.0,river,Dhansiri River,628763735.0,5000.0,5000.0,True,True,True,OpenStreetMap via Overpass API,2026-09-03T20:19:51Z,local equirectangular point-to-polyline
1051914,Manipur,Manipur,NH53 30 to 40 km from Imphal,24.79489226,93.69953963,Medium (2-25km),2110,2011-07-05,2011,7,Monsoon (Jun-Sep),ND,rainfall (T),event,9,6,1,Severe (5+),,Six security personnel were killed and 10 injured Wednesday when mounds of earth caved in when the vehicle they were travelling in was trying to cross a stretch of road hit by a massive landslide in Manipur. A police spokesperson said the incident took p,http://www.hindustantimes.com/Six-security-personnel-killed-in-Manipur-mudslide/Article1-718112.aspx,UGLC,Copernicus_DSM_COG_10_N24_00_E093_00_DEM,Copernicus DEM GLO-30 via Microsoft Planetary Computer,True,778.4917602539062,32.173602661238554,297.5279805806837,-0.0042316433572459,28.071653077831435,30.715,False,NASA POWER Daily API / PRECTOTCORR,True,7.44,31.160000000000004,65.03999999999999,"{""2011-06-29"": 15.39, ""2011-06-30"": 6.9, ""2011-07-01"": 8.62, ""2011-07-02"": 2.97, ""2011-07-03"": 4.67, ""2011-07-04"": 19.05, ""2011-07-05"": 7.44}",ESA_WorldCover_10m_2021_v200_N24E093,MOD13Q1.A2011177.h26v06.061.2021193163421,2011-07-03T23:59:59.500000+00:00,2.0,30.0,Grassland,ESA WorldCover 2021 v200,2021,10,2758.0,0.2758,3.0,Cloudy,False,NASA MODIS MOD13Q1/MYD13Q1 v6.1 16-day 250m,True,True,,ERA5-Land via Open-Meteo Historical Weather API,era5_land,True,0.476,0.466,0.477,0.475,0.472,0.4668571428571428,0.0091428571428571,"{""2011-06-29"": 0.449, ""2011-06-30"": 0.467, ""2011-07-01"": 0.464, ""2011-07-02"": 0.472, ""2011-07-03"": 0.471, ""2011-07-04"": 0.469, ""2011-07-05"": 0.476}",75.22418519373748,1017.3555193137347,trunk,,44884968.0,stream,Iru Lok,1521039553.0,5000.0,5000.0,True,True,True,OpenStreetMap via Overpass API,2026-09-03T20:20:51Z,local equirectangular point-to-polyline
1057027,Manipur,Manipur,"National Highway 53, Sinam Khul (near Kotlen; ~25 km from Imphal)",24.8063,93.9482,Low (>25km),50000,2011-07-06,2011,7,Monsoon (Jun-Sep),earth slide,rainfall (T),report,9,6,1,Severe (5+),0.0,"e-pao.net' 'Imphal, July 06 2011: In a tragic incident of nature taking toll on human, a massive landslides along NH 53 today killed six personnel of Indian Reserved Battalion (IRB) and Manipur Rifles even as seven personnel were critically injured.  According to po",http://e-pao.net/GP.asp?src=16..070711.jul11,UGLC,Copernicus_DSM_COG_10_N24_00_E093_00_DEM,Copernicus DEM GLO-30 via Microsoft Planetary Computer,True,781.525390625,0.5510301018440469,71.83327317111059,0.0018256853925604,28.0690705809128,30.715,False,NASA POWER Daily API / PRECTOTCORR,True,2.15,28.64,51.8,"{""2011-06-30"": 6.9, ""2011-07-01"": 8.62, ""2011-07-02"": 2.97, ""2011-07-03"": 4.67, ""2011-07-04"": 19.05, ""2011-07-05"": 7.44, ""2011-07-06"": 2.15}",ESA_WorldCover_10m_2021_v200_N24E093,MOD13Q1.A2011177.h26v06.061.2021193163421,2011-07-03T23:59:59.500000+00:00,3.0,50.0,Built-up,ESA WorldCover 2021 v200,2021,10,1689.0,0.1689,3.0,Cloudy,False,NASA MODIS MOD13Q1/MYD13Q1 v6.1 16-day 250m,True,True,,ERA5-Land via Open-Meteo Historical Weather API,era5_land,True,0.485,0.49,0.498,0.495,0.4933333333333333,0.4907142857142856,-0.0057142857142856,"{""2011-06-30"": 0.486, ""2011-07-01"": 0.489, ""2011-07-02"": 0.488, ""2011-07-03"": 0.492, ""2011-07-04"": 0.496, ""2011-07-05"": 0.499, ""2011-07-06"": 0.485}",6.453388386810296,178.94310700732294,residential,,336594070.0,river,Imphal River,151116236.0,5000.0,5000.0,True,True,True,OpenStreetMap via Overpass API,2026-09-03T20:20:51Z,local equirectangular point-to-polyline
1057840,Manipur,Manipur,Maram (80 km north of Imphal),25.4191,94.1079,Medium (2-25km),5000,2011-07-07,2011,7,Monsoon (Jun-Sep),earth slide,rainfall (T),report,9,0,0,No fatalities,0.0,"e-pao' 'Imphal, July 07 2011: More than 100 stranded loaded trucks are waiting their turn to drive down towards Imphal at the landslide hit Maram bazar, 80km north of Imphal, while an equal number of empty trucks lining up on the other side of the NH 39, to move",http://www.e-pao.net/GP.asp?src=8..080711.jul11,UGLC,Copernicus_DSM_COG_10_N25_00_E094_00_DEM,Copernicus DEM GLO-30 via Microsoft Planetary Computer,True,1391.019287109375,16.03453367859587,60.56528619520248,0.0004247952938941,27.92871158026388,30.715,False,NASA POWER Daily API / PRECTOTCORR,True,3.24,11.75,55.31999999999999,"{""2011-07-01"": 14.16, ""2011-07-02"": 5.91, ""2011-07-03"": 8.69, ""2011-07-04"": 14.81, ""2011-07-05"": 6.49, ""2011-07-06"": 2.02, ""2011-07-07"": 3.24}",ESA_WorldCover_10m_2021_v200_N24E093,MOD13Q1.A2011177.h26v06.061.2021193163421,2011-07-03T23:59:59.500000+00:00,4.0,40.0,Cropland,ESA WorldCover 2021 v200,2021,10,3373.0,0.3373,3.0,Cloudy,False,NASA MODIS MOD13Q1/MYD13Q1 v6.1 16-day 250m,True,True,,ERA5-Land via Open-Meteo Historical Weather API,era5_land,True,0.496,0.496,0.48,0.485,0.488,0.4831428571428571,0.0128571428571429,"{""2011-07-01"": 0.465, ""2011-07-02"": 0.485, ""2011-07-03"": 0.498, ""2011-07-04"": 0.47, ""2011-07-05"": 0.483, ""2011-07-06"": 0.485, ""2011-07-07"": 0.496}",54.05047464406563,1771.9855530312386,tertiary,,1462815117.0,river,,385527536.0,5000.0,5000.0,True,True,True,OpenStreetMap via Overpass API,2026-09-03T20:21:51Z,local equirectangular point-to-polyline
938369,Sikkim,Sikkim,,27.1141,88.4658,Medium (2-25km),25000,2011-07-20,2011,7,Monsoon (Jun-Sep),earth slide,rainfall (T),report,9,0,0,No fatalities,0.0,"""""COOLR_R"","" locality: """"""""National Highway 31A in West Bengal's Darjeeling district"""""""""","" description: 'twocircles.net' """"""""Siliguri : The road link between Siliguri and Sikkim was snapped for about six hours Wednesday after heavy overnight rains triggered a landslide on National Highway 31A in West Bengal's Darjeeling district"","" police said.  Hundreds of vehicles remained sta""""""""""""",http://twocircles.net/2011jul20/landslide_snaps_siligurisikkim_highway_link.html,UGLC,Copernicus_DSM_COG_10_N27_00_E088_00_DEM,Copernicus DEM GLO-30 via Microsoft Planetary Computer,True,276.8030700683594,45.048389526054976,191.2465422989156,0.0115268036356488,27.52389077852784,30.715,False,NASA POWER Daily API / PRECTOTCORR,True,6.9,61.16,102.98,"{""2011-07-14"": 22.03, ""2011-07-15"": 10.2, ""2011-07-16"": 7.68, ""2011-07-17"": 1.91, ""2011-07-18"": 15.6, ""2011-07-19"": 38.66, ""2011-07-20"": 6.9}",ESA_WorldCover_10m_2021_v200_N27E087,MOD13Q1.A2011193.h25v06.061.2021193193737,2011-07-19T23:59:59.500000+00:00,1.0,30.0,Grassland,ESA WorldCover 2021 v200,2021,10,6912.0,0.6912,1.0,Marginal data,True,NASA MODIS MOD13Q1/MYD13Q1 v6.1 16-day 250m,True,True,0.6912,ERA5-Land via Open-Meteo Historical Weather API,era5_land,True,0.413,0.425,0.415,0.417,0.4193333333333333,0.4205714285714285,-0.0075714285714285,"{""2011-07-14"": 0.422, ""2011-07-15"": 0.428, ""2011-07-16"": 0.42, ""2011-07-17"": 0.416, ""2011-07-18"": 0.412, ""2011-07-19"": 0.433, ""2011-07-20"": 0.413}",89.48772696768398,37.32845374503078,unclassified,,1222492110.0,river,,605893240.0,5000.0,5000.0,True,True,True,OpenStreetMap via Overpass API,2026-09-03T20:22:51Z,local equirectangular point-to-polyline
1057024,Manipur,Manipur,Heibok Hills,24.7992,93.948,,-99999,2011-07-22,2011,7,Monsoon (Jun-Sep),earth slide,rainfall (T),report,10,0,0,No fatalities,0.0,"e-pao.net' 'Mudslide alarm at Heibok hills Source: The Sangai Express  Imphal, July 22 2011: Following heavy mudslide on the western side of Heibok hills, people of Hiyangthang Tarahei Konjil are caught in a panicky situation.  Apprehension hangs heavy among the peo",http://e-pao.net/GP.asp?src=4..230711.jul11,UGLC,Copernicus_DSM_COG_10_N24_00_E093_00_DEM,Copernicus DEM GLO-30 via Microsoft Planetary Computer,True,782.2091674804688,1.493564354697343,346.2854337588484,-0.0026644265423619,28.07067801760257,30.715,False,NASA POWER Daily API / PRECTOTCORR,True,9.13,40.010000000000005,136.56,"{""2011-07-16"": 8.64, ""2011-07-17"": 11.0, ""2011-07-18"": 48.31, ""2011-07-19"": 28.6, ""2011-07-20"": 19.67, ""2011-07-21"": 11.21, ""2011-07-22"": 9.13}",ESA_WorldCover_10m_2021_v200_N24E093,MOD13Q1.A2011193.h26v06.061.2021193190903,2011-07-19T23:59:59.500000+00:00,3.0,50.0,Built-up,ESA WorldCover 2021 v200,2021,10,3486.0,0.3486,3.0,Cloudy,False,NASA MODIS MOD13Q1/MYD13Q1 v6.1 16-day 250m,True,True,,ERA5-Land via Open-Meteo Historical Weather API,era5_land,True,0.473,0.488,0.507,0.501,0.4803333333333333,0.4864285714285714,-0.0134285714285714,"{""2011-07-16"": 0.485, ""2011-07-17"": 0.498, ""2011-07-18"": 0.489, ""2011-07-19"": 0.492, ""2011-07-20"": 0.481, ""2011-07-21"": 0.487, ""2011-07-22"": 0.473}",10.47294632860746,377.3322224023169,residential,,336594072.0,river,Imphal River,151116236.0,5000.0,5000.0,True,True,True,OpenStreetMap via Overpass API,2026-09-03T20:23:51Z,local equirectangular point-to-polyline
1057913,Manipur,Manipur,Manipur,24.3527,94.3429,Medium (2-25km),10000,2011-07-22,2011,7,Monsoon (Jun-Sep),earth slide,rainfall (T),report,9,0,0,No fatalities,0.0,"e-pao.net' 'PWD officials reject Moreh office collapse report Source: The Sangai Express  Moreh, July 26 2011: There is no question of caving in of the main building of Mini-Secretariat at Moreh and preparations are on for inauguration of the office building at the",http://e-pao.net/GP.asp?src=6..270711.jul11,UGLC,Copernicus_DSM_COG_10_N24_00_E094_00_DEM,Copernicus DEM GLO-30 via Microsoft Planetary Computer,True,284.3720092773437,30.20380468712621,51.67345265483488,-0.0021058561399173,28.17089848218863,30.715,False,NASA POWER Daily API / PRECTOTCORR,True,6.33,35.31,124.31,"{""2011-07-16"": 7.38, ""2011-07-17"": 13.71, ""2011-07-18"": 43.09, ""2011-07-19"": 24.82, ""2011-07-20"": 19.34, ""2011-07-21"": 9.64, ""2011-07-22"": 6.33}",ESA_WorldCover_10m_2021_v200_N24E093,MOD13Q1.A2011193.h26v06.061.2021193190903,2011-07-19T23:59:59.500000+00:00,3.0,10.0,Tree cover,ESA WorldCover 2021 v200,2021,10,7201.0,0.7201000000000001,3.0,Cloudy,False,NASA MODIS MOD13Q1/MYD13Q1 v6.1 16-day 250m,True,True,,ERA5-Land via Open-Meteo Historical Weather API,era5_land,True,0.447,0.454,0.444,0.446,0.4483333333333333,0.4478571428571429,-0.0008571428571428,"{""2011-07-16"": 0.447, ""2011-07-17"": 0.447, ""2011-07-18"": 0.443, ""2011-07-19"": 0.453, ""2011-07-20"": 0.453, ""2011-07-21"": 0.445, ""2011-07-22"": 0.447}",985.5392933606896,2924.09052576725,unclassified,,1467793964.0,river,Lailimlok River,1070939942.0,5000.0,5000.0,True,True,True,OpenStreetMap via Overpass API,2026-09-03T20:23:51Z,local equirectangular point-to-polyline
1050672,Assam,Assam,NH 37,26.5836,93.0038,Low (>25km),50000,2011-07-24,2011,7,Monsoon (Jun-Sep),earth slide,rainfall (T),report,9,0,0,No fatalities,0.0,"e-pao.net' 'Mudslide blocks Imphal-Jiri Road Source: Hueiyen News Service  Imphal, July 24 2011: Apart from vast land agricultural areas of the state submerged under water, the incessant rain in the past few days has began to take its toll to the people of the state",http://e-pao.net/GP.asp?src=17..250711.jul11,UGLC,Copernicus_DSM_COG_10_N26_00_E093_00_DEM,Copernicus DEM GLO-30 via Microsoft Planetary Computer,True,67.72367858886719,0.7923692742828081,29.937411283029974,0.0005012908300404,27.653197991563587,30.715,False,NASA POWER Daily API / PRECTOTCORR,True,1.65,39.63,116.23,"{""2011-07-18"": 50.19, ""2011-07-19"": 14.67, ""2011-07-20"": 3.17, ""2011-07-21"": 8.57, ""2011-07-22"": 25.2, ""2011-07-23"": 12.78, ""2011-07-24"": 1.65}",ESA_WorldCover_10m_2021_v200_N24E093,MYD13Q1.A2011201.h26v06.061.2021194235021,2011-07-27T23:59:59.500000+00:00,3.0,40.0,Cropland,ESA WorldCover 2021 v200,2021,10,400.0,0.04,3.0,Cloudy,False,NASA MODIS MOD13Q1/MYD13Q1 v6.1 16-day 250m,True,True,,ERA5-Land via Open-Meteo Historical Weather API,era5_land,True,0.494,0.491,0.465,0.472,0.4816666666666666,0.476,0.018,"{""2011-07-18"": 0.475, ""2011-07-19"": 0.463, ""2011-07-20"": 0.491, ""2011-07-21"": 0.458, ""2011-07-22"": 0.47, ""2011-07-23"": 0.481, ""2011-07-24"": 0.494}",117.41816965230727,1487.4639165644105,unclassified,,1385777410.0,stream,,1191557651.0,5000.0,5000.0,True,True,True,OpenStreetMap via Overpass API,2026-09-03T20:24:56Z,local equirectangular point-to-polyline
1056334,Manipur,Manipur,Manipur,24.6869,93.9157,Low (>25km),50000,2011-07-25,2011,7,Monsoon (Jun-Sep),earth slide,rainfall (T),report,9,0,0,No fatalities,0.0,"assamtribune' 'Manipur road links restored Sobhapati Samom  IMPHAL, July 29 – Road links to Manipur, which remained cut off from the rest of the country since the last three days following heavy landslides on the National Highways, has been re-opened on Thursday.  Ho",http://www.assamtribune.com/scripts/detailsnew.asp?id=jul3011/oth05,UGLC,Copernicus_DSM_COG_10_N24_00_E093_00_DEM,Copernicus DEM GLO-30 via Microsoft Planetary Computer,True,771.621826171875,0.1179504495756802,3.0547597874579537,0.0001087159199205,28.09604534171971,30.715,False,NASA POWER Daily API / PRECTOTCORR,True,7.0,8.04,76.11,"{""2011-07-19"": 28.24, ""2011-07-20"": 21.39, ""2011-07-21"": 10.99, ""2011-07-22"": 7.45, ""2011-07-23"": 0.77, ""2011-07-24"": 0.27, ""2011-07-25"": 7.0}",ESA_WorldCover_10m_2021_v200_N24E093,MYD13Q1.A2011201.h26v06.061.2021194235021,2011-07-27T23:59:59.500000+00:00,2.0,40.0,Cropland,ESA WorldCover 2021 v200,2021,10,-1569.0,-0.1569,3.0,Cloudy,False,NASA MODIS MOD13Q1/MYD13Q1 v6.1 16-day 250m,True,True,,ERA5-Land via Open-Meteo Historical Weather API,era5_land,True,0.427,0.425,0.434,0.432,0.429,0.4352857142857142,-0.0082857142857142,"{""2011-07-19"": 0.445, ""2011-07-20"": 0.438, ""2011-07-21"": 0.437, ""2011-07-22"": 0.44, ""2011-07-23"": 0.426, ""2011-07-24"": 0.434, ""2011-07-25"": 0.427}",366.7873504871384,857.4628842337285,unclassified,,905019947.0,river,Imphal River,151116236.0,5000.0,5000.0,True,True,True,OpenStreetMap via Overpass API,2026-09-03T20:25:55Z,local equirectangular point-to-polyline
1057841,Manipur,Manipur,"Maram, Manipur",25.4192,94.108,Medium (2-25km),10000,2011-07-29,2011,7,Monsoon (Jun-Sep),earth slide,rainfall (T),report,9,0,0,No fatalities,0.0,"kanglaonline.com' 'IMPHAL July 29: Several external factors are severely hindering the progress of road repair works being undertaken at the landslide affected area of Maram in Senapati and other developmental works being undertaken along the National Highway, stated works",http://kanglaonline.com/2011/07/works-minister-visits-landslide-hit-maram-stretch-of-nh2/,UGLC,Copernicus_DSM_COG_10_N25_00_E094_00_DEM,Copernicus DEM GLO-30 via Microsoft Planetary Computer,True,1384.0423583984375,14.964360052952117,41.47487265705541,0.006203500048826,27.928688414573504,30.715,False,NASA POWER Daily API / PRECTOTCORR,True,2.99,9.9,31.07,"{""2011-07-23"": 1.55, ""2011-07-24"": 2.0, ""2011-07-25"": 11.2, ""2011-07-26"": 6.42, ""2011-07-27"": 1.72, ""2011-07-28"": 5.19, ""2011-07-29"": 2.99}",ESA_WorldCover_10m_2021_v200_N24E093,MYD13Q1.A2011201.h26v06.061.2021194235021,2011-07-27T23:59:59.500000+00:00,2.0,30.0,Grassland,ESA WorldCover 2021 v200,2021,10,5388.0,0.5388000000000001,3.0,Cloudy,False,NASA MODIS MOD13Q1/MYD13Q1 v6.1 16-day 250m,True,True,,ERA5-Land via Open-Meteo Historical Weather API,era5_land,True,0.464,0.494,0.487,0.487,0.4783333333333333,0.471,-0.0069999999999999,"{""2011-07-23"": 0.458, ""2011-07-24"": 0.465, ""2011-07-25"": 0.47, ""2011-07-26"": 0.469, ""2011-07-27"": 0.48, ""2011-07-28"": 0.491, ""2011-07-29"": 0.464}",66.1107679390542,1761.9005005518559,tertiary,,1462815117.0,river,,385527536.0,5000.0,5000.0,True,True,True,OpenStreetMap via Overpass API,2026-09-03T20:25:55Z,local equirectangular point-to-polyline
938256,Sikkim,Sikkim,"Samathang, Sikkim",27.13862165,88.22551799,Medium (2-25km),10000,2011-08-23,2011,8,Monsoon (Jun-Sep),earth slide,rainfall (T),report,9,5,1,Moderate (3-5),0.0,"IBN' 'Five persons including two minors were killed in two separate landslides incident in West Sikkim district, official sources said today. A cloud burst triggered a massive landslide at Samathang village, near Malbasey in West Sikkim in which three members",http://ibnlive.in.com/generalnewsfeed/news/five-killed-in-landslides-in-sikkim/801295.html,UGLC,Copernicus_DSM_COG_10_N27_00_E088_00_DEM,Copernicus DEM GLO-30 via Microsoft Planetary Computer,True,874.3887329101562,21.65328191596667,302.04310846706454,0.0058316845304073,27.517856585605628,30.715,False,NASA POWER Daily API / PRECTOTCORR,True,19.39,47.92,96.3,"{""2011-08-17"": 24.71, ""2011-08-18"": 14.92, ""2011-08-19"": 8.36, ""2011-08-20"": 0.39, ""2011-08-21"": 17.19, ""2011-08-22"": 11.34, ""2011-08-23"": 19.39}",ESA_WorldCover_10m_2021_v200_N27E087,MOD13Q1.A2011225.h25v06.061.2021195214545,2011-08-20T23:59:59.500000+00:00,3.0,10.0,Tree cover,ESA WorldCover 2021 v200,2021,10,8551.0,0.8551000000000001,1.0,Marginal data,True,NASA MODIS MOD13Q1/MYD13Q1 v6.1 16-day 250m,True,True,0.8551000000000001,ERA5-Land via Open-Meteo Historical Weather API,era5_land,True,0.425,0.427,0.429,0.428,0.4236666666666666,0.423,0.002,"{""2011-08-17"": 0.435, ""2011-08-18"": 0.427, ""2011-08-19"": 0.421, ""2011-08-20"": 0.407, ""2011-08-21"": 0.416, ""2011-08-22"": 0.43, ""2011-08-23"": 0.425}",198.16661587360414,855.7520078037411,residential,,1236114866.0,stream,,576839129.0,5000.0,5000.0,True,True,True,OpenStreetMap via Overpass API,2026-09-03T20:26:56Z,local equirectangular point-to-polyline
938431,Sikkim,Sikkim,"Hee-Khola, Sikkim",27.7344,88.633,Medium (2-25km),10000,2011-08-25,2011,8,Monsoon (Jun-Sep),earth slide,rainfall (T),report,9,2,1,Minor (1-2),0.0,"ibnlive.in' 'Five persons including two minors were killed in two separate landslides incident in West Sikkim district, official sources said today. A cloud burst triggered a massive landslide at Samathang village, near Malbasey in West Sikkim in which three members",http://ibnlive.in.com/generalnewsfeed/news/five-killed-in-landslides-in-sikkim/801295.html,UGLC,Copernicus_DSM_COG_10_N27_00_E088_00_DEM,Copernicus DEM GLO-30 via Microsoft Planetary Computer,True,3494.8125,26.133258828236634,124.40754209355214,0.0043361561791983,27.36970349351308,30.715,False,NASA POWER Daily API / PRECTOTCORR,True,4.26,41.91,61.7,"{""2011-08-19"": 5.1, ""2011-08-20"": 0.08, ""2011-08-21"": 9.77, ""2011-08-22"": 4.84, ""2011-08-23"": 13.28, ""2011-08-24"": 24.37, ""2011-08-25"": 4.26}",ESA_WorldCover_10m_2021_v200_N27E087,MYD13Q1.A2011233.h25v06.061.2021196223451,2011-08-28T23:59:59.500000+00:00,3.0,10.0,Tree cover,ESA WorldCover 2021 v200,2021,10,566.0,0.0566,3.0,Cloudy,False,NASA MODIS MOD13Q1/MYD13Q1 v6.1 16-day 250m,True,True,,ERA5-Land via Open-Meteo Historical Weather API,era5_land,True,0.422,0.427,0.427,0.427,0.4233333333333333,0.4252857142857142,-0.0032857142857142,"{""2011-08-19"": 0.429, ""2011-08-20"": 0.424, ""2011-08-21"": 0.426, ""2011-08-22"": 0.428, ""2011-08-23"": 0.423, ""2011-08-24"": 0.425, ""2011-08-25"": 0.422}",6540.534909540839,244.39452862055035,tertiary,North Sikkim Highway,461631706.0,stream,Tarum Chu,461631708.0,15000.0,5000.0,True,True,True,OpenStreetMap via Overpass API,2026-09-03T20:28:01Z,local equirectangular point-to-polyline
1050700,Manipur,Manipur,NH 37 at Awang Khul\xa0,24.808,93.117,High (<2km),1000,2011-09-06,2011,9,Monsoon (Jun-Sep),earth slide,rainfall (T),report,7,3,1,Moderate (3-5),0.0,e-pao.net' 'A massive landslide along the NH 37 at Awang Khul has cut off Imphal and Jiribam,http://e-pao.net/GP.asp?src=Snipp8..080911.sep11,UGLC,Copernicus_DSM_COG_10_N24_00_E093_00_DEM,Copernicus DEM GLO-30 via Microsoft Planetary Computer,True,37.32243728637695,1.4352870626429794,147.1784989301811,-8.236098559148311e-07,28.068685637748,30.715,True,NASA POWER Daily API / PRECTOTCORR,True,26.82,37.67,51.61000000000001,"{""2011-08-31"": 1.1, ""2011-09-01"": 5.09, ""2011-09-02"": 7.63, ""2011-09-03"": 0.12, ""2011-09-04"": 3.31, ""2011-09-05"": 7.54, ""2011-09-06"": 26.82}",ESA_WorldCover_10m_2021_v200_N24E093,MOD13Q1.A2011241.h26v06.061.2021196172035,2011-09-05T23:59:59.500000+00:00,1.0,50.0,Built-up,ESA WorldCover 2021 v200,2021,10,6274.0,0.6274000000000001,0.0,Good data,True,NASA MODIS MOD13Q1/MYD13Q1 v6.1 16-day 250m,True,True,0.6274000000000001,ERA5-Land via Open-Meteo Historical Weather API,era5_land,True,0.422,0.418,0.374,0.387,0.416,0.4118571428571428,0.0101428571428571,"{""2011-08-31"": 0.413, ""2011-09-01"": 0.416, ""2011-09-02"": 0.409, ""2011-09-03"": 0.397, ""2011-09-04"": 0.406, ""2011-09-05"": 0.42, ""2011-09-06"": 0.422}",2.422197846716503,146.92238109889567,residential,,665963060.0,river,Jiri River,149124281.0,5000.0,5000.0,True,True,True,OpenStreetMap via Overpass API,2026-09-03T20:32:06Z,local equirectangular point-to-polyline
1048397,Assam,Assam,"Maighuli, Guwahati, Meghalaya",26.1548,91.7351,,-99999,2011-09-23,2011,9,Monsoon (Jun-Sep),earth slide,rainfall (T),report,10,4,1,Moderate (3-5),0.0,"nbtvlive' 'Four persons today got buried alive and 10 others were injured in a landslide at Maighuli, along the Assam-Meghalaya border, police said. Incessant rains triggered the landslip along the hills of Maighuli on the Meghalaya side of the border, Kamrup (metr","http://www.nbtvlive.com/latest-news-4 die, 10 injured in landslide along assam-meghalaya border-crime-23-sep-2011-guwahati-press trust of india-54889.html",UGLC,Copernicus_DSM_COG_10_N26_00_E091_00_DEM,Copernicus DEM GLO-30 via Microsoft Planetary Computer,True,53.81187438964844,1.969564033937229,180.68204865377857,0.000873590886202,27.75598424321296,30.715,False,NASA POWER Daily API / PRECTOTCORR,True,6.14,37.13,79.65,"{""2011-09-17"": 37.57, ""2011-09-18"": 4.23, ""2011-09-19"": 0.54, ""2011-09-20"": 0.18, ""2011-09-21"": 9.57, ""2011-09-22"": 21.42, ""2011-09-23"": 6.14}",ESA_WorldCover_10m_2021_v200_N24E090,MOD13Q1.A2011257.h25v06.061.2021197171650,2011-09-21T23:59:59.500000+00:00,2.0,50.0,Built-up,ESA WorldCover 2021 v200,2021,10,,,,,False,NASA MODIS MOD13Q1/MYD13Q1 v6.1 16-day 250m,True,False,,ERA5-Land via Open-Meteo Historical Weather API,era5_land,True,0.494,0.5,0.508,0.505,0.4883333333333333,0.4772857142857142,0.0167142857142857,"{""2011-09-17"": 0.482, ""2011-09-18"": 0.461, ""2011-09-19"": 0.456, ""2011-09-20"": 0.477, ""2011-09-21"": 0.481, ""2011-09-22"": 0.49, ""2011-09-23"": 0.494}",5.751582469729373,316.5900506211746,residential,,991926363.0,drain,,497502656.0,5000.0,5000.0,True,True,True,OpenStreetMap via Overpass API,2026-09-03T20:32:06Z,local equirectangular point-to-polyline
1048398,Assam,Assam,"Guwahati, Assam",26.1475,91.7356,Medium (2-25km),5000,2012-06-02,2012,6,Monsoon (Jun-Sep),earth slide,rainfall (T),report,9,0,0,No fatalities,0.0,"""""COOLR_R"", locality: 'Guwahati, Assam',"" description: 'ibnlive.in' 'South Assam\'s Barrak valley has been cut off from the rest of the country due to heavy landslides. Northeast Frontier Railway sources said heavy rain have caused landslide in five places between Haranjao and Mailongdifa railway stations. A """"""""small"""""""" track'""""",http://ibnlive.in.com/generalnewsfeed/news/barrak-valley-cut-off-due-to-heavy-landslides/1007155.html,UGLC,Copernicus_DSM_COG_10_N26_00_E091_00_DEM,Copernicus DEM GLO-30 via Microsoft Planetary Computer,True,50.76504898071289,1.4215005930487172,108.20219251851812,0.0009023045724643,27.757720660406136,30.715,False,NASA POWER Daily API / PRECTOTCORR,True,16.52,40.41,119.69,"{""2012-05-27"": 0.25, ""2012-05-28"": 0.75, ""2012-05-29"": 14.21, ""2012-05-30"": 64.07, ""2012-05-31"": 12.7, ""2012-06-01"": 11.19, ""2012-06-02"": 16.52}",ESA_WorldCover_10m_2021_v200_N24E090,MOD13Q1.A2012145.h25v06.061.2021210002240,2012-05-31T23:59:59.500000+00:00,2.0,50.0,Built-up,ESA WorldCover 2021 v200,2021,9,,,,,False,NASA MODIS MOD13Q1/MYD13Q1 v6.1 16-day 250m,True,False,,ERA5-Land via Open-Meteo Historical Weather API,era5_land,True,0.494,0.483,0.381,0.411,0.4793333333333333,0.467,0.0269999999999999,"{""2012-05-27"": 0.435, ""2012-05-28"": 0.467, ""2012-05-29"": 0.455, ""2012-05-30"": 0.474, ""2012-05-31"": 0.48, ""2012-06-01"": 0.464, ""2012-06-02"": 0.494}",20.840864978487122,32.51569785697021,unclassified,,497773559.0,drain,,44644664.0,5000.0,5000.0,True,True,True,OpenStreetMap via Overpass API,2026-09-03T20:33:06Z,local equirectangular point-to-polyline
938404,Sikkim,Sikkim,"lachen, Sikkim",27.7167,88.5577,Medium (2-25km),5000,2012-06-03,2012,6,Monsoon (Jun-Sep),earth slide,rainfall (T),report,9,0,0,No fatalities,0.0,"Telegraph India' 'Around 65 vehicles carrying 400 tourists were left stranded at Lachen-Lachung last night, after heavy landslides triggered by torrential rain hit the picturesque North Sikkim. Sources in the tourism department said some of the cars started from Lachung a",http://www.telegraphindia.com/1120605/jsp/siliguri/story_15570407.jsp#.UN9-FOSx_K0,UGLC,Copernicus_DSM_COG_10_N27_00_E088_00_DEM,Copernicus DEM GLO-30 via Microsoft Planetary Computer,True,2659.40283203125,17.483105759420635,85.46890619020854,0.0042600949225927,27.37414771210531,30.715,False,NASA POWER Daily API / PRECTOTCORR,True,0.36,5.029999999999999,34.39,"{""2012-05-28"": 11.72, ""2012-05-29"": 0.93, ""2012-05-30"": 0.02, ""2012-05-31"": 16.69, ""2012-06-01"": 2.37, ""2012-06-02"": 2.3, ""2012-06-03"": 0.36}",ESA_WorldCover_10m_2021_v200_N27E087,MOD13Q1.A2012145.h25v06.061.2021210002240,2012-05-31T23:59:59.500000+00:00,3.0,30.0,Grassland,ESA WorldCover 2021 v200,2021,9,3709.0,0.3709,3.0,Cloudy,False,NASA MODIS MOD13Q1/MYD13Q1 v6.1 16-day 250m,True,True,,ERA5-Land via Open-Meteo Historical Weather API,era5_land,True,0.429,0.43,0.417,0.42,0.4266666666666667,0.427,0.002,"{""2012-05-28"": 0.425, ""2012-05-29"": 0.428, ""2012-05-30"": 0.429, ""2012-05-31"": 0.427, ""2012-06-01"": 0.426, ""2012-06-02"": 0.425, ""2012-06-03"": 0.429}",38.781199622418775,437.41552146633734,service,,1214357734.0,stream,,1214576964.0,5000.0,5000.0,True,True,True,OpenStreetMap via Overpass API,2026-09-03T20:34:06Z,local equirectangular point-to-polyline
1050674,Assam,Assam,"between Haflong and  Bagetar, Assam",25.1775,93.0123,Medium (2-25km),5000,2012-06-03,2012,6,Monsoon (Jun-Sep),earth slide,rainfall (T),report,9,0,0,No fatalities,0.0,articles.timesofindia' 'Torrential rain in the Barail Hill range for the past many days triggered landslides at least five places along the Lumding-Silchar section of Northeast Frontier Railway (NFR) early on Sunday. Authorities have suspended and regulated services of all the,http://articles.timesofindia.indiatimes.com/2012-06-04/guwahati/32030359_1_barail-hill-harangajao-landslides,UGLC,Copernicus_DSM_COG_10_N25_00_E093_00_DEM,Copernicus DEM GLO-30 via Microsoft Planetary Computer,True,649.7460327148438,19.81053818032648,321.3030116055451,0.0075763076488256,27.984431324075203,30.715,False,NASA POWER Daily API / PRECTOTCORR,True,26.48,75.71000000000001,114.59,"{""2012-05-28"": 0.08, ""2012-05-29"": 14.94, ""2012-05-30"": 18.26, ""2012-05-31"": 5.6, ""2012-06-01"": 21.89, ""2012-06-02"": 27.34, ""2012-06-03"": 26.48}",ESA_WorldCover_10m_2021_v200_N24E093,MOD13Q1.A2012145.h26v06.061.2021210003208,2012-05-31T23:59:59.500000+00:00,3.0,10.0,Tree cover,ESA WorldCover 2021 v200,2021,9,5713.0,0.5713,1.0,Marginal data,True,NASA MODIS MOD13Q1/MYD13Q1 v6.1 16-day 250m,True,True,0.5713,ERA5-Land via Open-Meteo Historical Weather API,era5_land,True,0.475,0.487,0.517,0.508,0.4856666666666666,0.4758571428571428,-0.0008571428571428,"{""2012-05-28"": 0.461, ""2012-05-29"": 0.466, ""2012-05-30"": 0.469, ""2012-05-31"": 0.478, ""2012-06-01"": 0.49, ""2012-06-02"": 0.492, ""2012-06-03"": 0.475}",20.1120062407288,772.3088910160585,trunk,,1354171742.0,stream,,1354154936.0,5000.0,5000.0,True,True,True,OpenStreetMap via Overpass API,2026-09-03T20:34:06Z,local equirectangular point-to-polyline
1050708,Assam,Assam,"between Maibang and Daotohaja, Assam",25.3056,93.1265,Medium (2-25km),5000,2012-06-03,2012,6,Monsoon (Jun-Sep),earth slide,rainfall (T),report,9,0,0,No fatalities,0.0,articles.timesofindia' 'Torrential rain in the Barail Hill range for the past many days triggered landslides at least five places along the Lumding-Silchar section of Northeast Frontier Railway (NFR) early on Sunday. Authorities have suspended and regulated services of all the,http://articles.timesofindia.indiatimes.com/2012-06-04/guwahati/32030359_1_barail-hill-harangajao-landslides,UGLC,Copernicus_DSM_COG_10_N25_00_E093_00_DEM,Copernicus DEM GLO-30 via Microsoft Planetary Computer,True,299.03057861328125,21.107797363446867,239.3379629882781,0.0024592416541297,27.95494977504569,30.715,False,NASA POWER Daily API / PRECTOTCORR,True,24.44,84.71,115.65,"{""2012-05-28"": 0.05, ""2012-05-29"": 11.16, ""2012-05-30"": 15.31, ""2012-05-31"": 4.42, ""2012-06-01"": 20.52, ""2012-06-02"": 39.75, ""2012-06-03"": 24.44}",ESA_WorldCover_10m_2021_v200_N24E093,MOD13Q1.A2012145.h26v06.061.2021210003208,2012-05-31T23:59:59.500000+00:00,3.0,10.0,Tree cover,ESA WorldCover 2021 v200,2021,9,5707.0,0.5707,1.0,Marginal data,True,NASA MODIS MOD13Q1/MYD13Q1 v6.1 16-day 250m,True,True,0.5707,ERA5-Land via Open-Meteo Historical Weather API,era5_land,True,0.474,0.482,0.516,0.506,0.4829999999999999,0.4754285714285714,-0.0014285714285714,"{""2012-05-28"": 0.44, ""2012-05-29"": 0.466, ""2012-05-30"": 0.479, ""2012-05-31"": 0.494, ""2012-06-01"": 0.484, ""2012-06-02"": 0.491, ""2012-06-03"": 0.474}",22.04161739251911,1019.4158913609359,trunk,,843631884.0,river,Mahur River,335174112.0,5000.0,5000.0,True,True,True,OpenStreetMap via Overpass API,2026-09-03T20:35:06Z,local equirectangular point-to-polyline
1050652,Assam,Assam,"\xa0between Harangajao and Mailongdisa, Assa,",25.1175,92.8573,Medium (2-25km),5000,2012-06-03,2012,6,Monsoon (Jun-Sep),earth slide,rainfall (T),report,9,0,0,No fatalities,0.0,articles.timesofindia' 'Torrential rain in the Barail Hill range for the past many days triggered landslides at least five places along the Lumding-Silchar section of Northeast Frontier Railway (NFR) early on Sunday. Authorities have suspended and regulated services of all the,http://articles.timesofindia.indiatimes.com/2012-06-04/guwahati/32030359_1_barail-hill-harangajao-landslides,UGLC,Copernicus_DSM_COG_10_N25_00_E092_00_DEM,Copernicus DEM GLO-30 via Microsoft Planetary Computer,True,148.44166564941406,7.606231547505483,203.0549538644833,0.0029194309407078,27.99819191711037,30.715,False,NASA POWER Daily API / PRECTOTCORR,True,26.48,75.71000000000001,114.59,"{""2012-05-28"": 0.08, ""2012-05-29"": 14.94, ""2012-05-30"": 18.26, ""2012-05-31"": 5.6, ""2012-06-01"": 21.89, ""2012-06-02"": 27.34, ""2012-06-03"": 26.48}",ESA_WorldCover_10m_2021_v200_N24E090,MOD13Q1.A2012145.h26v06.061.2021210003208,2012-05-31T23:59:59.500000+00:00,3.0,10.0,Tree cover,ESA WorldCover 2021 v200,2021,9,6476.0,0.6476000000000001,1.0,Marginal data,True,NASA MODIS MOD13Q1/MYD13Q1 v6.1 16-day 250m,True,True,0.6476000000000001,ERA5-Land via Open-Meteo Historical Weather API,era5_land,True,0.472,0.492,0.482,0.483,0.4703333333333333,0.4725714285714285,-0.0005714285714285,"{""2012-05-28"": 0.445, ""2012-05-29"": 0.48, ""2012-05-30"": 0.481, ""2012-05-31"": 0.491, ""2012-06-01"": 0.478, ""2012-06-02"": 0.461, ""2012-06-03"": 0.472}",10.73755053489786,219.31711396649146,residential,,1316816997.0,river,Jātinga Nadi,197997796.0,5000.0,5000.0,True,True,True,OpenStreetMap via Overpass API,2026-09-03T20:36:06Z,local equirectangular point-to-polyline
938452,Sikkim,Sikkim,ROLEP,27.26801207,88.73536786,High (<2km),1444,2012-06-07,2012,6,Monsoon (Jun-Sep),ND,rainfall (T),event,9,7,1,Severe (5+),,"Monsoons showed no mercy to the residents of Rolep, East Sikkim who lost their lives in a landslide triggered by the overnight torrential rain.\n\nThe landslide which occurred between 4:30- 5 a.m. yesterday morning totally burying 2 houses belonging to Min",http://isikkim.com/2012-06-sikkim-landslide-at-rolep-claims-seven-lives-08-1/,UGLC,Copernicus_DSM_COG_10_N27_00_E088_00_DEM,Copernicus DEM GLO-30 via Microsoft Planetary Computer,True,2443.972412109375,37.65391293048192,242.9392818679925,-0.0074694602177525,27.48593325005471,30.715,True,NASA POWER Daily API / PRECTOTCORR,True,0.07,8.680000000000001,13.73,"{""2012-06-01"": 2.37, ""2012-06-02"": 2.3, ""2012-06-03"": 0.36, ""2012-06-04"": 0.02, ""2012-06-05"": 8.21, ""2012-06-06"": 0.4, ""2012-06-07"": 0.07}",ESA_WorldCover_10m_2021_v200_N27E087,MYD13Q1.A2012153.h25v06.061.2021210161848,2012-06-08T23:59:59.500000+00:00,1.0,10.0,Tree cover,ESA WorldCover 2021 v200,2021,9,942.0,0.0942,3.0,Cloudy,False,NASA MODIS MOD13Q1/MYD13Q1 v6.1 16-day 250m,True,True,,ERA5-Land via Open-Meteo Historical Weather API,era5_land,True,0.39,0.387,0.397,0.395,0.389,0.4002857142857143,-0.0102857142857142,"{""2012-06-01"": 0.419, ""2012-06-02"": 0.415, ""2012-06-03"": 0.403, ""2012-06-04"": 0.398, ""2012-06-05"": 0.393, ""2012-06-06"": 0.384, ""2012-06-07"": 0.39}",2044.887878425738,1425.5842396638639,unclassified,,349539994.0,river,Rangpo Chu,608043444.0,5000.0,5000.0,True,True,True,OpenStreetMap via Overpass API,2026-09-03T20:37:06Z,local equirectangular point-to-polyline
938430,Sikkim,Sikkim,"Nathang Maong, Sikkim",27.7565,88.632,Medium (2-25km),25000,2012-06-07,2012,6,Monsoon (Jun-Sep),earth slide,rainfall (T),report,9,7,1,Severe (5+),0.0,"thehimalayantimes' 'As many as seven Nepali-speaking people have been killed in the landslide induced by downpour at Nathang Maong region in Sikkim on Thursday night. The deceased have been identified as Tika Rai, Dil Man Rai, Madi Maya Rai, Mahendra Rai, Neha Rai, Chandra",http://www.thehimalayantimes.com/fullNews.php?headline=Landslide+kills+7+Nepali-speaking+people+in+Sikkim&NewsID=335265,UGLC,Copernicus_DSM_COG_10_N27_00_E088_00_DEM,Copernicus DEM GLO-30 via Microsoft Planetary Computer,True,3889.316650390625,18.532533426364896,48.378577516004896,0.0052170719334585,27.364150830811003,30.715,False,NASA POWER Daily API / PRECTOTCORR,True,0.06,2.28,4.3100000000000005,"{""2012-06-01"": 0.71, ""2012-06-02"": 1.26, ""2012-06-03"": 0.06, ""2012-06-04"": 0.0, ""2012-06-05"": 2.06, ""2012-06-06"": 0.16, ""2012-06-07"": 0.06}",ESA_WorldCover_10m_2021_v200_N27E087,MYD13Q1.A2012153.h25v06.061.2021210161848,2012-06-08T23:59:59.500000+00:00,1.0,10.0,Tree cover,ESA WorldCover 2021 v200,2021,9,251.0,0.0251,3.0,Cloudy,False,NASA MODIS MOD13Q1/MYD13Q1 v6.1 16-day 250m,True,True,,ERA5-Land via Open-Meteo Historical Weather API,era5_land,True,0.429,0.428,0.39,0.4,0.4286666666666667,0.4288571428571428,0.0001428571428571,"{""2012-06-01"": 0.429, ""2012-06-02"": 0.429, ""2012-06-03"": 0.429, ""2012-06-04"": 0.429, ""2012-06-05"": 0.429, ""2012-06-06"": 0.428, ""2012-06-07"": 0.429}",8091.227250585504,1636.3303375520147,tertiary,,117990939.0,stream,Tarum Chu,461631708.0,15000.0,5000.0,True,True,True,OpenStreetMap via Overpass API,2026-09-03T20:38:06Z,local equirectangular point-to-polyline
938436,Sikkim,Sikkim,"Rolep, South Sikkim( Mapping to Rhenock 12 miles from Rolep)",27.1748,88.6458,Medium (2-25km),25000,2012-06-07,2012,6,Monsoon (Jun-Sep),earth slide,rainfall (T),report,9,7,1,Severe (5+),0.0,"Telegraph India' 'Seven persons, three of them children, were killed when landslides struck a village in East Sikkim after a spate of rain lashed the area last night. Four members of a family were also among those wiped out in the early morning strikes.",http://www.telegraphindia.com/1120608/jsp/siliguri/story_15584321.jsp#.UN_I7eSx_K0com,UGLC,Copernicus_DSM_COG_10_N27_00_E088_00_DEM,Copernicus DEM GLO-30 via Microsoft Planetary Computer,True,945.635986328125,13.15847212032222,263.20930547509613,0.0031747163756251,27.508944753285395,30.715,False,NASA POWER Daily API / PRECTOTCORR,True,0.07,19.23,33.61,"{""2012-06-01"": 8.76, ""2012-06-02"": 4.19, ""2012-06-03"": 1.32, ""2012-06-04"": 0.11, ""2012-06-05"": 14.83, ""2012-06-06"": 4.33, ""2012-06-07"": 0.07}",ESA_WorldCover_10m_2021_v200_N27E087,MYD13Q1.A2012153.h25v06.061.2021210161848,2012-06-08T23:59:59.500000+00:00,1.0,10.0,Tree cover,ESA WorldCover 2021 v200,2021,9,7772.0,0.7772,3.0,Cloudy,False,NASA MODIS MOD13Q1/MYD13Q1 v6.1 16-day 250m,True,True,,ERA5-Land via Open-Meteo Historical Weather API,era5_land,True,0.381,0.374,0.356,0.362,0.379,0.3931428571428572,-0.0121428571428571,"{""2012-06-01"": 0.418, ""2012-06-02"": 0.411, ""2012-06-03"": 0.397, ""2012-06-04"": 0.389, ""2012-06-05"": 0.383, ""2012-06-06"": 0.373, ""2012-06-07"": 0.381}",58.23144749540432,965.2378919901441,trunk,Jelep Pass Highway,353285063.0,river,Resi Chu,397609113.0,5000.0,5000.0,True,True,True,OpenStreetMap via Overpass API,2026-09-03T20:38:06Z,local equirectangular point-to-polyline
1050898,Manipur,Manipur,"Imphal-Jiribam section of NH-37 , Manipur",24.8142,93.5444,Low (>25km),50000,2012-06-10,2012,6,Monsoon (Jun-Sep),earth slide,rainfall (T),report,9,0,0,No fatalities,0.0,thehindu' 'Normal vehicular movement along Imphal-Jiribam section of NH-37 (former NH-53) has been disturbed Friday due to landslides at various places along the stretch of the highway in Tamenglong district.\xa0 Heavy rains in Tamenglong district of the state in the,http://www.thehindu.com/news/national/article3537166.ece,UGLC,Copernicus_DSM_COG_10_N24_00_E093_00_DEM,Copernicus DEM GLO-30 via Microsoft Planetary Computer,True,517.7041015625,32.238608463730635,134.42820577213286,0.0058474881538621,28.06728151799016,30.715,False,NASA POWER Daily API / PRECTOTCORR,True,6.78,8.38,43.2,"{""2012-06-04"": 26.76, ""2012-06-05"": 6.52, ""2012-06-06"": 0.81, ""2012-06-07"": 0.73, ""2012-06-08"": 0.77, ""2012-06-09"": 0.83, ""2012-06-10"": 6.78}",ESA_WorldCover_10m_2021_v200_N24E093,MYD13Q1.A2012153.h26v06.061.2021210161031,2012-06-08T23:59:59.500000+00:00,2.0,10.0,Tree cover,ESA WorldCover 2021 v200,2021,9,7824.0,0.7824,1.0,Marginal data,True,NASA MODIS MOD13Q1/MYD13Q1 v6.1 16-day 250m,True,True,0.7824,ERA5-Land via Open-Meteo Historical Weather API,era5_land,True,0.414,0.406,0.39,0.395,0.3973333333333333,0.4039999999999999,0.01,"{""2012-06-04"": 0.421, ""2012-06-05"": 0.408, ""2012-06-06"": 0.409, ""2012-06-07"": 0.398, ""2012-06-08"": 0.387, ""2012-06-09"": 0.391, ""2012-06-10"": 0.414}",122.18391707961986,406.78083455016866,trunk,,417716460.0,river,Iring,128600555.0,5000.0,5000.0,True,True,True,OpenStreetMap via Overpass API,2026-09-03T20:39:06Z,local equirectangular point-to-polyline
938414,Sikkim,Sikkim,"Tathangchen, Gangtok, Sikkim",27.339,88.6065,Medium (2-25km),5000,2012-06-14,2012,6,Monsoon (Jun-Sep),earth slide,rainfall (T),report,9,0,0,No fatalities,0.0,"isikkim.com' 'The continuous rainfall triggered a landslide on\xa0Thursday\xa0 morning at 4 am near Kamala Gas agency at Tathangchen, Gangtok.\xa0 Though no casualties were reported but the landslide has posed threat to some of the residence. Immediately after the occurrenc",http://isikkim.com/2012-06-sikkim-landslide-at-tathangchen-poses-threat-to-residents-15-5/,UGLC,Copernicus_DSM_COG_10_N27_00_E088_00_DEM,Copernicus DEM GLO-30 via Microsoft Planetary Computer,True,1502.8668212890625,21.818377982562826,305.63134180828933,0.0096956924094176,27.46835947715384,30.715,False,NASA POWER Daily API / PRECTOTCORR,True,0.44,1.04,3.69,"{""2012-06-08"": 0.81, ""2012-06-09"": 0.55, ""2012-06-10"": 0.55, ""2012-06-11"": 0.74, ""2012-06-12"": 0.27, ""2012-06-13"": 0.33, ""2012-06-14"": 0.44}",ESA_WorldCover_10m_2021_v200_N27E087,MOD13Q1.A2012161.h25v06.061.2021210180305,2012-06-16T23:59:59.500000+00:00,2.0,50.0,Built-up,ESA WorldCover 2021 v200,2021,9,5711.0,0.5711,1.0,Marginal data,True,NASA MODIS MOD13Q1/MYD13Q1 v6.1 16-day 250m,True,True,0.5711,ERA5-Land via Open-Meteo Historical Weather API,era5_land,True,0.421,0.425,0.426,0.425,0.4203333333333333,0.4194285714285714,0.0015714285714285,"{""2012-06-08"": 0.427, ""2012-06-09"": 0.419, ""2012-06-10"": 0.411, ""2012-06-11"": 0.418, ""2012-06-12"": 0.42, ""2012-06-13"": 0.42, ""2012-06-14"": 0.421}",6.64315992872711,737.8583962076542,trunk,,349554354.0,stream,,1084683258.0,5000.0,5000.0,True,True,True,OpenStreetMap via Overpass API,2026-09-03T20:40:06Z,local equirectangular point-to-polyline
1048396,Assam,Assam,"Lalunggaon, Guwahati,  Assam",26.149,91.7351,High (<2km),1000,2012-06-20,2012,6,Monsoon (Jun-Sep),earth slide,rainfall (T),report,7,0,0,No fatalities,0.0,"twocircles.net' 'A man and his two minor sons were killed after their house here collapsed following a landslide Friday, police said. The accident took place in Lalunggaon area.Police said that incessant rains in the area since Thursday evening led to the landslide.",http://twocircles.net/2012jun22/landslide_kills_three_assam.html,UGLC,Copernicus_DSM_COG_10_N26_00_E091_00_DEM,Copernicus DEM GLO-30 via Microsoft Planetary Computer,True,51.903419494628906,1.2864680902477634,276.96485900868794,7.418413512403297e-05,27.75736389913318,30.715,True,NASA POWER Daily API / PRECTOTCORR,True,33.54,36.61,116.41,"{""2012-06-14"": 52.41, ""2012-06-15"": 20.95, ""2012-06-16"": 3.15, ""2012-06-17"": 3.29, ""2012-06-18"": 1.53, ""2012-06-19"": 1.54, ""2012-06-20"": 33.54}",ESA_WorldCover_10m_2021_v200_N24E090,MOD13Q1.A2012161.h25v06.061.2021210180305,2012-06-16T23:59:59.500000+00:00,4.0,50.0,Built-up,ESA WorldCover 2021 v200,2021,9,,,,,False,NASA MODIS MOD13Q1/MYD13Q1 v6.1 16-day 250m,True,False,,ERA5-Land via Open-Meteo Historical Weather API,era5_land,True,0.487,0.487,0.506,0.5,0.4756666666666667,0.482,0.0049999999999999,"{""2012-06-14"": 0.484, ""2012-06-15"": 0.501, ""2012-06-16"": 0.474, ""2012-06-17"": 0.488, ""2012-06-18"": 0.463, ""2012-06-19"": 0.477, ""2012-06-20"": 0.487}",28.416564090851928,130.2076988036673,residential,,1266439112.0,drain,,497502656.0,5000.0,5000.0,True,True,True,OpenStreetMap via Overpass API,2026-09-03T20:40:06Z,local equirectangular point-to-polyline
1048382,Assam,Assam,Lalunggaon near Gorchuk area,26.1226,91.7162,Medium (2-25km),5000,2012-06-22,2012,6,Monsoon (Jun-Sep),earth slide,rainfall (T),report,9,3,1,Moderate (3-5),0.0,"thesop.org' 'On June 22, three people including two children of a family were killed in a landslide incident at Lalunggaon near Gorchuk area in the city.Thousands of families live at the bottom of 18 hills in the city. These families have allegedly encroached on the",http://thesop.org/story/20120701/woman-killed-in-guwahati-by-landslide.html,UGLC,Copernicus_DSM_COG_10_N26_00_E091_00_DEM,Copernicus DEM GLO-30 via Microsoft Planetary Computer,True,72.93225860595703,15.505319089693357,175.0290403389365,0.0044338327410179,27.76364011820264,30.715,False,NASA POWER Daily API / PRECTOTCORR,True,43.13,80.5,90.01000000000002,"{""2012-06-16"": 3.15, ""2012-06-17"": 3.29, ""2012-06-18"": 1.53, ""2012-06-19"": 1.54, ""2012-06-20"": 33.54, ""2012-06-21"": 3.83, ""2012-06-22"": 43.13}",ESA_WorldCover_10m_2021_v200_N24E090,MYD13Q1.A2012169.h25v06.061.2021211154154,2012-06-24T23:59:59.500000+00:00,2.0,50.0,Built-up,ESA WorldCover 2021 v200,2021,9,,,,,False,NASA MODIS MOD13Q1/MYD13Q1 v6.1 16-day 250m,True,False,,ERA5-Land via Open-Meteo Historical Weather API,era5_land,True,0.48,0.486,0.515,0.506,0.4829999999999999,0.4787142857142857,0.0012857142857142,"{""2012-06-16"": 0.474, ""2012-06-17"": 0.488, ""2012-06-18"": 0.463, ""2012-06-19"": 0.477, ""2012-06-20"": 0.487, ""2012-06-21"": 0.482, ""2012-06-22"": 0.48}",12.175709846451465,609.3772669143209,unclassified,,585156854.0,drain,,44644664.0,5000.0,5000.0,True,True,True,OpenStreetMap via Overpass API,2026-09-03T20:41:11Z,local equirectangular point-to-polyline
1048404,Assam,Assam,Lokhra,26.10899001,91.74722978,High (<2km),1064,2012-06-22,2012,6,Monsoon (Jun-Sep),ND,rainfall (T),event,9,3,1,Moderate (3-5),,"Three persons, including two children, died when their house collapsed in a landslide following heavy rains in Lokhra area of Guwahati today.\n\nThe family of one Sisoram Choudhury of Lalunggaon was trapped inside their house after it collapsed in the land",http://www.ndtv.com/article/cities/three-killed-in-landslide-234855,UGLC,Copernicus_DSM_COG_10_N26_00_E091_00_DEM,Copernicus DEM GLO-30 via Microsoft Planetary Computer,True,59.57164001464844,6.591679958441543,353.4109660409302,0.0038770560515592,27.76687339438094,30.715,True,NASA POWER Daily API / PRECTOTCORR,True,43.13,80.5,90.01000000000002,"{""2012-06-16"": 3.15, ""2012-06-17"": 3.29, ""2012-06-18"": 1.53, ""2012-06-19"": 1.54, ""2012-06-20"": 33.54, ""2012-06-21"": 3.83, ""2012-06-22"": 43.13}",ESA_WorldCover_10m_2021_v200_N24E090,MYD13Q1.A2012169.h25v06.061.2021211154154,2012-06-24T23:59:59.500000+00:00,2.0,10.0,Tree cover,ESA WorldCover 2021 v200,2021,9,,,,,False,NASA MODIS MOD13Q1/MYD13Q1 v6.1 16-day 250m,True,False,,ERA5-Land via Open-Meteo Historical Weather API,era5_land,True,0.48,0.486,0.515,0.506,0.4829999999999999,0.4787142857142857,0.0012857142857142,"{""2012-06-16"": 0.474, ""2012-06-17"": 0.488, ""2012-06-18"": 0.463, ""2012-06-19"": 0.477, ""2012-06-20"": 0.487, ""2012-06-21"": 0.482, ""2012-06-22"": 0.48}",23.786033310099313,269.956795686783,unclassified,,497773573.0,stream,,497756643.0,5000.0,5000.0,True,True,True,OpenStreetMap via Overpass API,2026-09-03T20:42:14Z,local equirectangular point-to-polyline
1048399,Assam,Assam,"Sonaighuli area near Kahilipara, Guwahati City, Assam",26.1049,91.7369,High (<2km),1000,2012-06-25,2012,6,Monsoon (Jun-Sep),earth slide,rainfall (T),report,7,1,1,Minor (1-2),0.0,"thesop.org' 'A woman was killed and a man injured in landslide in Guwahati city on Monday evening, June 25, police said. The incident took place at Sonaighuli area near Kahilipara in the city on Monday evening, when a woman was hit by a rock during landslide after he",http://thesop.org/story/20120701/woman-killed-in-guwahati-by-landslide.html,UGLC,Copernicus_DSM_COG_10_N26_00_E091_00_DEM,Copernicus DEM GLO-30 via Microsoft Planetary Computer,True,163.61758422851562,18.17926861376913,103.04211039650232,-0.0092462051547099,27.767844737135192,30.715,True,NASA POWER Daily API / PRECTOTCORR,True,95.7,174.21,256.25,"{""2012-06-19"": 1.54, ""2012-06-20"": 33.54, ""2012-06-21"": 3.83, ""2012-06-22"": 43.13, ""2012-06-23"": 5.9, ""2012-06-24"": 72.61, ""2012-06-25"": 95.7}",ESA_WorldCover_10m_2021_v200_N24E090,MYD13Q1.A2012169.h25v06.061.2021211154154,2012-06-24T23:59:59.500000+00:00,1.0,10.0,Tree cover,ESA WorldCover 2021 v200,2021,9,,,,,False,NASA MODIS MOD13Q1/MYD13Q1 v6.1 16-day 250m,True,False,,ERA5-Land via Open-Meteo Historical Weather API,era5_land,True,0.494,0.481,0.491,0.489,0.484,0.4825714285714285,0.0114285714285714,"{""2012-06-19"": 0.477, ""2012-06-20"": 0.487, ""2012-06-21"": 0.482, ""2012-06-22"": 0.48, ""2012-06-23"": 0.478, ""2012-06-24"": 0.48, ""2012-06-25"": 0.494}",330.30161152368123,990.513796306406,residential,,1142001748.0,stream,,497756643.0,5000.0,5000.0,True,True,True,OpenStreetMap via Overpass API,2026-09-03T20:43:19Z,local equirectangular point-to-polyline
1048402,Assam,Assam,Sonaighuli,26.13041734,91.74561624,High (<2km),734,2012-06-25,2012,6,Monsoon (Jun-Sep),ND,rainfall (T),event,7,1,1,Minor (1-2),,"""""GFLD"", locality: 'Sonaighuli',"" description: 'One woman was feared dead while another person was seriously injured as incessant rains since Sunday triggered landslides Monday in Assam\'s main city Guwahati.\n\nThe accident occurred at Sonaighuli locality under Kahilipara area of the city.\n\n""""""""Landslide c'""""",http://twocircles.net/2012jun25/landslide_kills_one_guwahati.html,UGLC,Copernicus_DSM_COG_10_N26_00_E091_00_DEM,Copernicus DEM GLO-30 via Microsoft Planetary Computer,True,104.2228775024414,18.19629084408315,154.18521254987866,0.0017144312262762,27.761782272637856,30.715,True,NASA POWER Daily API / PRECTOTCORR,True,95.7,174.21,256.25,"{""2012-06-19"": 1.54, ""2012-06-20"": 33.54, ""2012-06-21"": 3.83, ""2012-06-22"": 43.13, ""2012-06-23"": 5.9, ""2012-06-24"": 72.61, ""2012-06-25"": 95.7}",ESA_WorldCover_10m_2021_v200_N24E090,MYD13Q1.A2012169.h25v06.061.2021211154154,2012-06-24T23:59:59.500000+00:00,1.0,10.0,Tree cover,ESA WorldCover 2021 v200,2021,9,,,,,False,NASA MODIS MOD13Q1/MYD13Q1 v6.1 16-day 250m,True,False,,ERA5-Land via Open-Meteo Historical Weather API,era5_land,True,0.494,0.481,0.491,0.489,0.484,0.4825714285714285,0.0114285714285714,"{""2012-06-19"": 0.477, ""2012-06-20"": 0.487, ""2012-06-21"": 0.482, ""2012-06-22"": 0.48, ""2012-06-23"": 0.478, ""2012-06-24"": 0.48, ""2012-06-25"": 0.494}",96.56366210992948,845.4319939084552,residential,,497513032.0,stream,Bashistha,497502708.0,5000.0,5000.0,True,True,True,OpenStreetMap via Overpass API,2026-09-03T20:44:21Z,local equirectangular point-to-polyline
1050675,Assam,Assam,Haflong 5 km buffer,25.16270441,93.01486436,Medium (2-25km),5011,2012-06-26,2012,6,Monsoon (Jun-Sep),ND,rainfall (T),event,9,2,1,Minor (1-2),,"""""GFLD"", locality: 'Haflong 5 km buffer',"" description: """"""""Heavy landslides triggered by torrential rain in Assam's Dima Hasao ditrict and in Meghalaya on Tuesday claimed two lives and injured four"", besides cutting off southern Assam, Tripura,"" Mizoram and parts of Manipur from the rest of the country.\n\nA landsli""""""""""""",http://articles.timesofindia.indiatimes.com/2012-06-26/guwahati/32423841_1_landslides-assam-s-dima-hasao-barail-hills,UGLC,Copernicus_DSM_COG_10_N25_00_E093_00_DEM,Copernicus DEM GLO-30 via Microsoft Planetary Computer,True,664.6309204101562,11.07790791094008,41.13625687429453,0.0003736889338359,27.98782744358814,30.715,False,NASA POWER Daily API / PRECTOTCORR,True,27.07,57.02,126.06,"{""2012-06-20"": 6.53, ""2012-06-21"": 30.14, ""2012-06-22"": 21.32, ""2012-06-23"": 11.05, ""2012-06-24"": 12.36, ""2012-06-25"": 17.59, ""2012-06-26"": 27.07}",ESA_WorldCover_10m_2021_v200_N24E093,MYD13Q1.A2012169.h26v06.061.2021211170355,2012-06-24T23:59:59.500000+00:00,2.0,10.0,Tree cover,ESA WorldCover 2021 v200,2021,9,7334.0,0.7334,3.0,Cloudy,False,NASA MODIS MOD13Q1/MYD13Q1 v6.1 16-day 250m,True,True,,ERA5-Land via Open-Meteo Historical Weather API,era5_land,True,0.459,0.487,0.474,0.476,0.474,0.477,-0.0179999999999999,"{""2012-06-20"": 0.488, ""2012-06-21"": 0.477, ""2012-06-22"": 0.472, ""2012-06-23"": 0.48, ""2012-06-24"": 0.471, ""2012-06-25"": 0.492, ""2012-06-26"": 0.459}",51.44802550019987,1095.3042041200006,residential,,666548754.0,river,Robi Nadi,666552505.0,5000.0,5000.0,True,True,True,OpenStreetMap via Overpass API,2026-09-03T20:44:21Z,local equirectangular point-to-polyline
1048390,Assam,Assam,Santipur,26.16833375,91.72831667,High (<2km),362,2012-06-26,2012,6,Monsoon (Jun-Sep),ND,rainfall (T),event,5,1,1,Minor (1-2),,"One person was killed and three others injured due to a landslide in Santipur hillside. Chandradhar Thakuria (57), who was at his residence, was crushed to death in Santipur on Tuesday morning. While two persons were injured at Nijaranagar in Kahilipara,",http://timesofindia.indiatimes.com/city/guwahati/Rain-landslides-leave-Guwahati-at-deep-end/articleshow/14417906.cms,UGLC,Copernicus_DSM_COG_10_N26_00_E091_00_DEM,Copernicus DEM GLO-30 via Microsoft Planetary Computer,True,53.3612060546875,2.133673026873156,270.4044391215658,0.0006252291668405,27.75276384082293,30.715,True,NASA POWER Daily API / PRECTOTCORR,True,37.78,206.09000000000003,292.49000000000007,"{""2012-06-20"": 33.54, ""2012-06-21"": 3.83, ""2012-06-22"": 43.13, ""2012-06-23"": 5.9, ""2012-06-24"": 72.61, ""2012-06-25"": 95.7, ""2012-06-26"": 37.78}",ESA_WorldCover_10m_2021_v200_N24E090,MYD13Q1.A2012169.h25v06.061.2021211154154,2012-06-24T23:59:59.500000+00:00,2.0,50.0,Built-up,ESA WorldCover 2021 v200,2021,9,,,,,False,NASA MODIS MOD13Q1/MYD13Q1 v6.1 16-day 250m,True,False,,ERA5-Land via Open-Meteo Historical Weather API,era5_land,True,0.473,0.468,0.471,0.471,0.4763333333333333,0.477142857142857,-0.004142857142857,"{""2012-06-20"": 0.472, ""2012-06-21"": 0.478, ""2012-06-22"": 0.481, ""2012-06-23"": 0.48, ""2012-06-24"": 0.48, ""2012-06-25"": 0.476, ""2012-06-26"": 0.473}",46.764808154570346,287.4306830186603,residential,,507819498.0,river,,497520987.0,5000.0,5000.0,True,True,True,OpenStreetMap via Overpass API,2026-09-03T18:25:21Z,local equirectangular point-to-polyline
1048379,Assam,Assam,Dhirenpara,26.13088435,91.71073619,High (<2km),1844,2012-06-27,2012,6,Monsoon (Jun-Sep),ND,rainfall (T),event,9,3,1,Moderate (3-5),,"Three members of a family, including two minor girls, were killed in a landslide triggered by incessant rains in Guwahati early on Wednesday, police said.\n\nThe incident took place at Dhirenpara locality in Guwahati.\n\nThe deceased were identified as Marzi",http://www.thedailystar.net/newDesign/news-details.php?nid=239916,UGLC,Copernicus_DSM_COG_10_N26_00_E091_00_DEM,Copernicus DEM GLO-30 via Microsoft Planetary Computer,True,130.03472900390625,4.403079655411881,214.3988785124912,0.0058785430107347,27.7616712680834,30.715,True,NASA POWER Daily API / PRECTOTCORR,True,5.14,138.62,264.09000000000003,"{""2012-06-21"": 3.83, ""2012-06-22"": 43.13, ""2012-06-23"": 5.9, ""2012-06-24"": 72.61, ""2012-06-25"": 95.7, ""2012-06-26"": 37.78, ""2012-06-27"": 5.14}",ESA_WorldCover_10m_2021_v200_N24E090,MYD13Q1.A2012169.h25v06.061.2021211154154,2012-06-24T23:59:59.500000+00:00,3.0,10.0,Tree cover,ESA WorldCover 2021 v200,2021,9,,,,,False,NASA MODIS MOD13Q1/MYD13Q1 v6.1 16-day 250m,True,False,,ERA5-Land via Open-Meteo Historical Weather API,era5_land,True,0.482,0.475,0.471,0.473,0.4783333333333333,0.4792857142857142,0.0027142857142857,"{""2012-06-21"": 0.482, ""2012-06-22"": 0.48, ""2012-06-23"": 0.478, ""2012-06-24"": 0.48, ""2012-06-25"": 0.494, ""2012-06-26"": 0.459, ""2012-06-27"": 0.482}",55.09069599142577,1574.4811501945826,unclassified,,585149422.0,drain,,44644664.0,5000.0,5000.0,True,True,True,OpenStreetMap via Overpass API,2026-09-03T18:30:19Z,local equirectangular point-to-polyline
1050631,Assam,Assam,Assam,26.35735036,92.82954074,Low (>25km),158023,2012-06-30,2012,6,Monsoon (Jun-Sep),ND,rainfall (T),event,9,6,1,Severe (5+),,"With the current spell of floods and landslides claiming 77 lives in Assam, Prime Minister Manmohan Singh and UPA Chairperson Sonia Gandhi are scheduled to visit the affected areas on Monday.\n\nAn official on Sunday said that 61 people died in floods and",http://www.asianage.com/india/77-dead-assam-floods-landslide-pm-sonia-visit-monday-893,UGLC,Copernicus_DSM_COG_10_N26_00_E092_00_DEM,Copernicus DEM GLO-30 via Microsoft Planetary Computer,True,60.25774765014648,0.5257446344936983,112.13453908438538,-0.0006518796396139,27.70762493743864,30.715,False,NASA POWER Daily API / PRECTOTCORR,True,0.69,1.7100000000000002,90.45,"{""2012-06-24"": 20.28, ""2012-06-25"": 30.95, ""2012-06-26"": 29.31, ""2012-06-27"": 8.2, ""2012-06-28"": 0.34, ""2012-06-29"": 0.68, ""2012-06-30"": 0.69}",ESA_WorldCover_10m_2021_v200_N24E090,MOD13Q1.A2012177.h26v06.061.2021211190145,2012-07-02T23:59:59.500000+00:00,2.0,40.0,Cropland,ESA WorldCover 2021 v200,2021,9,5014.0,0.5014000000000001,1.0,Marginal data,True,NASA MODIS MOD13Q1/MYD13Q1 v6.1 16-day 250m,True,True,0.5014000000000001,ERA5-Land via Open-Meteo Historical Weather API,era5_land,True,0.491,0.477,0.47,0.473,0.4863333333333333,0.478,0.0129999999999999,"{""2012-06-24"": 0.468, ""2012-06-25"": 0.476, ""2012-06-26"": 0.482, ""2012-06-27"": 0.461, ""2012-06-28"": 0.486, ""2012-06-29"": 0.482, ""2012-06-30"": 0.491}",1079.3289476120963,3961.2202182011297,unclassified,,1385819208.0,river,Kolong,329688956.0,5000.0,5000.0,True,True,True,OpenStreetMap via Overpass API,2026-09-03T18:28:21Z,local equirectangular point-to-polyline
938393,Sikkim,Sikkim,North Sikkim,27.74367525,88.52635367,Low (>25km),36744,2012-07-11,2012,7,Monsoon (Jun-Sep),ND,rainfall (T),event,9,2,1,Minor (1-2),,Landslide claims two in North Sikkim,http://ibnlive.in.com/generalnewsfeed/news/landslide-claims-two-in-north-sikkim/1021418.html,UGLC,Copernicus_DSM_COG_10_N27_00_E088_00_DEM,Copernicus DEM GLO-30 via Microsoft Planetary Computer,True,4007.63134765625,50.68192489089456,113.70086054503838,-0.0011157865863768,27.36737356695137,30.715,False,NASA POWER Daily API / PRECTOTCORR,True,6.39,10.6,35.68,"{""2012-07-05"": 10.88, ""2012-07-06"": 10.86, ""2012-07-07"": 2.32, ""2012-07-08"": 1.02, ""2012-07-09"": 0.64, ""2012-07-10"": 3.57, ""2012-07-11"": 6.39}",ESA_WorldCover_10m_2021_v200_N27E087,MYD13Q1.A2012185.h25v06.061.2021212101421,2012-07-10T23:59:59.500000+00:00,1.0,30.0,Grassland,ESA WorldCover 2021 v200,2021,9,803.0,0.0803,3.0,Cloudy,False,NASA MODIS MOD13Q1/MYD13Q1 v6.1 16-day 250m,True,True,,ERA5-Land via Open-Meteo Historical Weather API,era5_land,True,0.432,0.432,0.385,0.398,0.431,0.4312857142857142,0.0007142857142857,"{""2012-07-05"": 0.432, ""2012-07-06"": 0.432, ""2012-07-07"": 0.431, ""2012-07-08"": 0.431, ""2012-07-09"": 0.429, ""2012-07-10"": 0.432, ""2012-07-11"": 0.432}",1747.6345148491016,1791.7788077531698,tertiary,North Sikkim Highway,461631719.0,river,Zemu Chu,134410518.0,5000.0,5000.0,True,True,True,OpenStreetMap via Overpass API,2026-09-03T18:39:36Z,local equirectangular point-to-polyline
1050664,Mizoram,Mizoram,KEIFANG,23.66555038,92.92747832,Medium (2-25km),3166,2012-07-21,2012,7,Monsoon (Jun-Sep),ND,rainfall (T),event,9,18,1,Severe (5+),,A government official in India says 18 people are dead after a bus fell into a deep gorge after being hit by hurtling boulders during a landslide in the mountainous northeast. Another 17 people are injured.\n\nArunachal Pradesh state Transport Minister Zor,http://www.kansascity.com/2012/07/21/3715893/18-die-as-bus-plunges-into-gorge.html,UGLC,Copernicus_DSM_COG_10_N23_00_E092_00_DEM,Copernicus DEM GLO-30 via Microsoft Planetary Computer,True,679.891845703125,30.94724932400448,140.91715560610385,-0.0061061348289466,28.321790196388385,30.715,False,NASA POWER Daily API / PRECTOTCORR,True,4.6,12.1,45.88,"{""2012-07-15"": 3.02, ""2012-07-16"": 5.73, ""2012-07-17"": 16.35, ""2012-07-18"": 8.68, ""2012-07-19"": 4.5, ""2012-07-20"": 3.0, ""2012-07-21"": 4.6}",ESA_WorldCover_10m_2021_v200_N21E090,MOD13Q1.A2012193.h26v06.061.2021212101236,2012-07-18T23:59:59.500000+00:00,3.0,10.0,Tree cover,ESA WorldCover 2021 v200,2021,9,7403.0,0.7403000000000001,3.0,Cloudy,False,NASA MODIS MOD13Q1/MYD13Q1 v6.1 16-day 250m,True,True,,ERA5-Land via Open-Meteo Historical Weather API,era5_land,True,0.42,0.423,0.419,0.42,0.4206666666666667,0.4175714285714286,0.0024285714285713,"{""2012-07-15"": 0.414, ""2012-07-16"": 0.411, ""2012-07-17"": 0.416, ""2012-07-18"": 0.42, ""2012-07-19"": 0.419, ""2012-07-20"": 0.423, ""2012-07-21"": 0.42}",675.0208870959052,4158.326160407228,track,,1065024396.0,stream,Twnni,168289365.0,5000.0,5000.0,True,True,True,OpenStreetMap via Overpass API,2026-07-15T15:22:01Z,local equirectangular point-to-polyline
938329,Sikkim,Sikkim,South Sikkim,27.28709076,88.38035955,Medium (2-25km),15262,2012-09-01,2012,9,Monsoon (Jun-Sep),ND,rainfall (T),event,9,5,1,Moderate (3-5),,"Five persons were killed when debris from a landslide fell on their house at Mangchek in Namlung-Ralong village in south district, officials said today. The debris fell on the house on Saturday night killing four family members and a guest. While the bo",http://ibnlive.in.com/generalnewsfeed/news/five-killed-in-landslide/1056517.html,UGLC,Copernicus_DSM_COG_10_N27_00_E088_00_DEM,Copernicus DEM GLO-30 via Microsoft Planetary Computer,True,1407.829833984375,30.15456727983095,22.26133057340178,-0.0068229068011228,27.48121427417441,30.715,False,NASA POWER Daily API / PRECTOTCORR,True,12.02,17.73,29.26,"{""2012-08-26"": 1.94, ""2012-08-27"": 1.71, ""2012-08-28"": 7.04, ""2012-08-29"": 0.84, ""2012-08-30"": 0.78, ""2012-08-31"": 4.93, ""2012-09-01"": 12.02}",ESA_WorldCover_10m_2021_v200_N27E087,MOD13Q1.A2012241.h25v06.061.2021215112704,2012-09-04T23:59:59.500000+00:00,3.0,10.0,Tree cover,ESA WorldCover 2021 v200,2021,9,8296.0,0.8296,3.0,Cloudy,False,NASA MODIS MOD13Q1/MYD13Q1 v6.1 16-day 250m,True,True,,ERA5-Land via Open-Meteo Historical Weather API,era5_land,True,0.428,0.428,0.429,0.428,0.4276666666666666,0.4268571428571429,0.0011428571428571,"{""2012-08-26"": 0.422, ""2012-08-27"": 0.428, ""2012-08-28"": 0.427, ""2012-08-29"": 0.428, ""2012-08-30"": 0.427, ""2012-08-31"": 0.428, ""2012-09-01"": 0.428}",251.12581067415107,86.73159288857947,unclassified,,1258294536.0,stream,,606439991.0,5000.0,5000.0,True,True,True,OpenStreetMap via Overpass API,2026-09-03T20:46:21Z,local equirectangular point-to-polyline
1057115,Manipur,Manipur,Thoubal Moijing Chingya Leikai area,24.65145617,93.95748186,High (<2km),1926,2012-09-14,2012,9,Monsoon (Jun-Sep),ND,rainfall (T),event,9,1,1,Minor (1-2),,"A woman was buried to death when the roof of her house collapsed following a landslide in Thoubal Moijing Chingya Leikai in the wee hours of today.\n\nThe deceased woman has been identified as Thambalmacha Begum (42), w/o Md Gayajuddin of Thoubal Moijing C",http://e-pao.net/GP.asp?src=22..150912.sep12,UGLC,Copernicus_DSM_COG_10_N24_00_E093_00_DEM,Copernicus DEM GLO-30 via Microsoft Planetary Computer,True,782.46533203125,2.241696052024527,47.2906215763137,-0.0081805817532993,28.104029305437106,30.715,True,NASA POWER Daily API / PRECTOTCORR,True,22.01,42.940000000000005,126.93,"{""2012-09-08"": 0.81, ""2012-09-09"": 0.82, ""2012-09-10"": 65.39, ""2012-09-11"": 16.97, ""2012-09-12"": 3.43, ""2012-09-13"": 17.5, ""2012-09-14"": 22.01}",ESA_WorldCover_10m_2021_v200_N24E093,MYD13Q1.A2012249.h26v06.061.2021215103510,2012-09-12T23:59:59.500000+00:00,2.0,10.0,Tree cover,ESA WorldCover 2021 v200,2021,9,5511.0,0.5511,0.0,Good data,True,NASA MODIS MOD13Q1/MYD13Q1 v6.1 16-day 250m,True,True,0.5511,ERA5-Land via Open-Meteo Historical Weather API,era5_land,True,0.495,0.499,0.488,0.491,0.4909999999999999,0.4778571428571428,0.0171428571428571,"{""2012-09-08"": 0.432, ""2012-09-09"": 0.469, ""2012-09-10"": 0.48, ""2012-09-11"": 0.491, ""2012-09-12"": 0.484, ""2012-09-13"": 0.494, ""2012-09-14"": 0.495}",10.460927903455724,42.370217710807175,residential,,1128379493.0,river,Thoubal River,385538843.0,5000.0,5000.0,True,True,True,OpenStreetMap via Overpass API,2026-09-03T20:48:21Z,local equirectangular point-to-polyline
938325,Sikkim,Sikkim,"Namchi to Phongla, Namchi to Melli ,Namchi to Sumbuk",27.1675,88.3651,Medium (2-25km),5000,2012-09-16,2012,9,Monsoon (Jun-Sep),earth slide,rainfall (T),report,9,0,0,No fatalities,0.0,"business-standard' 'Landslides caused by heavy rainfall has blocked several roads in the South district of Sikkim, official sources said today. The road from Namchi to Phongla, Namchi to Melli and Namchi to Sumbuk were blocked due to landslides, as were the roads from Phong",http://www.business-standard.com/generalnews/news/landslides-block-several-roads-in-south-sikkim-district/57119/,UGLC,Copernicus_DSM_COG_10_N27_00_E088_00_DEM,Copernicus DEM GLO-30 via Microsoft Planetary Computer,True,1516.379638671875,23.41846723850789,186.43829246157523,-0.0008434336685505,27.510743849578304,30.715,False,NASA POWER Daily API / PRECTOTCORR,True,42.0,104.8,156.98,"{""2012-09-10"": 4.47, ""2012-09-11"": 6.92, ""2012-09-12"": 8.85, ""2012-09-13"": 31.94, ""2012-09-14"": 18.67, ""2012-09-15"": 44.13, ""2012-09-16"": 42.0}",ESA_WorldCover_10m_2021_v200_N27E087,MOD13Q1.A2012257.h25v06.061.2021215164713,2012-09-20T23:59:59.500000+00:00,4.0,50.0,Built-up,ESA WorldCover 2021 v200,2021,9,7615.0,0.7615000000000001,1.0,Marginal data,True,NASA MODIS MOD13Q1/MYD13Q1 v6.1 16-day 250m,True,True,0.7615000000000001,ERA5-Land via Open-Meteo Historical Weather API,era5_land,True,0.434,0.434,0.43,0.431,0.431,0.427,0.007,"{""2012-09-10"": 0.416, ""2012-09-11"": 0.421, ""2012-09-12"": 0.428, ""2012-09-13"": 0.431, ""2012-09-14"": 0.429, ""2012-09-15"": 0.43, ""2012-09-16"": 0.434}",58.18778523956222,696.5410854396456,residential,,606048473.0,canal,,1266786969.0,5000.0,5000.0,True,True,True,OpenStreetMap via Overpass API,2026-09-03T20:48:21Z,local equirectangular point-to-polyline
938412,Sikkim,Sikkim,"\xa0Chungthang and Pegong. Houses, between Rangma and Chungthang",27.6558,88.605,Medium (2-25km),10000,2012-09-19,2012,9,Monsoon (Jun-Sep),earth slide,rainfall (T),report,9,0,0,No fatalities,0.0,"Hindustan Times' 'At least twenty one bodies, including those of the Indo-Tibetan Border Police (ITBP) and the Border Roads Organisation (BRO) personnel, have so far been found while eight persons are still missing due to flash flood and landslides in remote areas of Nort",http://www.hindustantimes.com/india/flash-floods-and-landslides-kill-21-in-sikkim/story-4FYliiSqiH1MnwaoLBIUnO.html,UGLC,Copernicus_DSM_COG_10_N27_00_E088_00_DEM,Copernicus DEM GLO-30 via Microsoft Planetary Computer,True,1950.297119140625,9.350792602860055,236.91094901972087,-0.0026335017650847,27.38941887700217,30.715,False,NASA POWER Daily API / PRECTOTCORR,True,5.28,16.43,86.67,"{""2012-09-13"": 25.25, ""2012-09-14"": 6.6, ""2012-09-15"": 19.46, ""2012-09-16"": 18.93, ""2012-09-17"": 6.24, ""2012-09-18"": 4.91, ""2012-09-19"": 5.28}",ESA_WorldCover_10m_2021_v200_N27E087,MOD13Q1.A2012257.h25v06.061.2021215164713,2012-09-20T23:59:59.500000+00:00,1.0,30.0,Grassland,ESA WorldCover 2021 v200,2021,9,6560.0,0.656,1.0,Marginal data,True,NASA MODIS MOD13Q1/MYD13Q1 v6.1 16-day 250m,True,True,0.656,ERA5-Land via Open-Meteo Historical Weather API,era5_land,True,0.43,0.426,0.423,0.424,0.4226666666666667,0.4264285714285715,0.0035714285714285,"{""2012-09-13"": 0.426, ""2012-09-14"": 0.43, ""2012-09-15"": 0.432, ""2012-09-16"": 0.429, ""2012-09-17"": 0.422, ""2012-09-18"": 0.416, ""2012-09-19"": 0.43}",28.108825289110897,54.910590895497016,tertiary,North Sikkim Highway,461631710.0,river,Lachen Chu,126757767.0,5000.0,5000.0,True,True,True,OpenStreetMap via Overpass API,2026-09-03T20:49:21Z,local equirectangular point-to-polyline
938401,Sikkim,Sikkim,"North Skkimm Hwy between, Chungthang and Mangan, North Skimm (9 landslides)",27.8385,88.556,Medium (2-25km),10000,2012-09-19,2012,9,Monsoon (Jun-Sep),earth slide,rainfall (T),report,9,20,1,Severe (5+),0.0,"Hindustan Times' 'At least twenty one bodies, including those of the Indo-Tibetan Border Police (ITBP) and the Border Roads Organisation (BRO) personnel, have so far been found while eight persons are still missing due to flash flood and landslides in remote areas of Nort",http://www.hindustantimes.com/india/flash-floods-and-landslides-kill-21-in-sikkim/story-4FYliiSqiH1MnwaoLBIUnO.html,UGLC,Copernicus_DSM_COG_10_N27_00_E088_00_DEM,Copernicus DEM GLO-30 via Microsoft Planetary Computer,True,3822.84228515625,16.509982165504734,204.12309806709408,0.0009192797850111,27.34351262028889,30.715,False,NASA POWER Daily API / PRECTOTCORR,True,1.4,5.54,36.55,"{""2012-09-13"": 14.72, ""2012-09-14"": 3.6, ""2012-09-15"": 6.24, ""2012-09-16"": 6.45, ""2012-09-17"": 3.54, ""2012-09-18"": 0.6, ""2012-09-19"": 1.4}",ESA_WorldCover_10m_2021_v200_N27E087,MOD13Q1.A2012257.h25v06.061.2021215164713,2012-09-20T23:59:59.500000+00:00,1.0,10.0,Tree cover,ESA WorldCover 2021 v200,2021,9,7819.0,0.7819,1.0,Marginal data,True,NASA MODIS MOD13Q1/MYD13Q1 v6.1 16-day 250m,True,True,0.7819,ERA5-Land via Open-Meteo Historical Weather API,era5_land,True,0.429,0.429,0.42,0.423,0.4283333333333333,0.4287142857142856,0.0002857142857143,"{""2012-09-13"": 0.429, ""2012-09-14"": 0.429, ""2012-09-15"": 0.429, ""2012-09-16"": 0.429, ""2012-09-17"": 0.428, ""2012-09-18"": 0.428, ""2012-09-19"": 0.429}",522.9435739724996,678.1047911950329,tertiary,North Sikkim Highway,598490384.0,river,Lachen Chu,293185705.0,5000.0,5000.0,True,True,True,OpenStreetMap via Overpass API,2026-05-06T03:25:00Z,local equirectangular point-to-polyline
938394,Sikkim,Sikkim,North Sikkim n.a. ( 302),27.74367525,88.52635367,Low (>25km),36744,2012-09-19,2012,9,Monsoon (Jun-Sep),ND,rainfall (T),event,9,4,1,Moderate (3-5),,"One more body has been found by rescuers in the Rangma Range where 12 GREF personnel, including their family members, were killed in the September 21 landslide following heavy rains.\n\nWith the recovery of the body, which has been identified as that of Ra",http://news.outlookindia.com/items.aspx?artid=776577,UGLC,Copernicus_DSM_COG_10_N27_00_E088_00_DEM,Copernicus DEM GLO-30 via Microsoft Planetary Computer,True,4007.63134765625,50.68192489089456,113.70086054503838,-0.0011157865863768,27.36737356695137,30.715,False,NASA POWER Daily API / PRECTOTCORR,True,5.28,16.43,86.67,"{""2012-09-13"": 25.25, ""2012-09-14"": 6.6, ""2012-09-15"": 19.46, ""2012-09-16"": 18.93, ""2012-09-17"": 6.24, ""2012-09-18"": 4.91, ""2012-09-19"": 5.28}",ESA_WorldCover_10m_2021_v200_N27E087,MOD13Q1.A2012257.h25v06.061.2021215164713,2012-09-20T23:59:59.500000+00:00,1.0,30.0,Grassland,ESA WorldCover 2021 v200,2021,9,8582.0,0.8582000000000001,1.0,Marginal data,True,NASA MODIS MOD13Q1/MYD13Q1 v6.1 16-day 250m,True,True,0.8582000000000001,ERA5-Land via Open-Meteo Historical Weather API,era5_land,True,0.432,0.43,0.424,0.426,0.432,0.4317142857142856,0.0002857142857143,"{""2012-09-13"": 0.432, ""2012-09-14"": 0.432, ""2012-09-15"": 0.431, ""2012-09-16"": 0.431, ""2012-09-17"": 0.432, ""2012-09-18"": 0.432, ""2012-09-19"": 0.432}",1747.6345148491016,1791.7788077531698,tertiary,North Sikkim Highway,461631719.0,river,Zemu Chu,134410518.0,5000.0,5000.0,True,True,True,OpenStreetMap via Overpass API,2026-09-03T18:39:36Z,local equirectangular point-to-polyline
938410,Sikkim,Sikkim,Teesta valley between Chungthan and Lachen,27.65532317,88.59440471,Medium (2-25km),7282,2012-09-19,2012,9,Monsoon (Jun-Sep),ND,rainfall (T),event,9,3,1,Moderate (3-5),,"One more body has been found by rescuers in the Rangma Range where 12 GREF personnel, including their family members, were killed in the September 21 landslide following heavy rains.\n\nWith the recovery of the body, which has been identified as that of Ra",http://news.outlookindia.com/items.aspx?artid=776578,UGLC,Copernicus_DSM_COG_10_N27_00_E088_00_DEM,Copernicus DEM GLO-30 via Microsoft Planetary Computer,True,2159.581787109375,45.63816522508262,313.8495248000492,0.0104236278466411,27.3895383238942,30.715,False,NASA POWER Daily API / PRECTOTCORR,True,5.28,16.43,86.67,"{""2012-09-13"": 25.25, ""2012-09-14"": 6.6, ""2012-09-15"": 19.46, ""2012-09-16"": 18.93, ""2012-09-17"": 6.24, ""2012-09-18"": 4.91, ""2012-09-19"": 5.28}",ESA_WorldCover_10m_2021_v200_N27E087,MOD13Q1.A2012257.h25v06.061.2021215164713,2012-09-20T23:59:59.500000+00:00,1.0,10.0,Tree cover,ESA WorldCover 2021 v200,2021,9,6404.0,0.6404000000000001,1.0,Marginal data,True,NASA MODIS MOD13Q1/MYD13Q1 v6.1 16-day 250m,True,True,0.6404000000000001,ERA5-Land via Open-Meteo Historical Weather API,era5_land,True,0.43,0.426,0.423,0.424,0.4226666666666667,0.4264285714285715,0.0035714285714285,"{""2012-09-13"": 0.426, ""2012-09-14"": 0.43, ""2012-09-15"": 0.432, ""2012-09-16"": 0.429, ""2012-09-17"": 0.422, ""2012-09-18"": 0.416, ""2012-09-19"": 0.43}",815.0853145661429,35.36521977505495,unclassified,,1153380979.0,stream,,601774459.0,5000.0,5000.0,True,True,True,OpenStreetMap via Overpass API,2026-09-03T20:52:26Z,local equirectangular point-to-polyline
1050544,Mizoram,Mizoram,Dapchhuah ot Rawpuichhip,23.7788134,92.54085299,High (<2km),1795,2012-10-11,2012,10,Post-monsoon (Oct-Nov),ND,rainfall (T),event,9,3,1,Moderate (3-5),,Four persons died in landslides across Mizoram yesterday.\n\nThe road between Dapchhuah and Rawpuichhip was blocked yesterday due to a landslide from the upper part of the road and swept away a JCB with the operator and two others yesterday around 12 noon.,http://www.mizonews.net/mizoramnews/four-killed-in-landslides-across-mizoram/,UGLC,Copernicus_DSM_COG_10_N23_00_E092_00_DEM,Copernicus DEM GLO-30 via Microsoft Planetary Computer,True,316.9058837890625,22.68471311693373,92.59295247244648,-0.0021478623926572,28.297198494552465,30.715,True,NASA POWER Daily API / PRECTOTCORR,True,25.82,55.35,69.86,"{""2012-10-05"": 10.27, ""2012-10-06"": 0.07, ""2012-10-07"": 0.0, ""2012-10-08"": 4.17, ""2012-10-09"": 20.54, ""2012-10-10"": 8.99, ""2012-10-11"": 25.82}",ESA_WorldCover_10m_2021_v200_N21E090,MYD13Q1.A2012281.h26v06.061.2021218130403,2012-10-14T23:59:59.500000+00:00,3.0,10.0,Tree cover,ESA WorldCover 2021 v200,2021,9,8481.0,0.8481000000000001,0.0,Good data,True,NASA MODIS MOD13Q1/MYD13Q1 v6.1 16-day 250m,True,True,0.8481000000000001,ERA5-Land via Open-Meteo Historical Weather API,era5_land,True,0.425,0.426,0.428,0.427,0.4206666666666667,0.4195714285714285,0.0054285714285714,"{""2012-10-05"": 0.424, ""2012-10-06"": 0.416, ""2012-10-07"": 0.413, ""2012-10-08"": 0.422, ""2012-10-09"": 0.418, ""2012-10-10"": 0.419, ""2012-10-11"": 0.425}",740.864187391316,1563.9687218582885,trunk,,1126736775.0,river,Tut,197997792.0,5000.0,5000.0,True,True,True,OpenStreetMap via Overpass API,2026-09-03T20:53:28Z,local equirectangular point-to-polyline
1050577,Mizoram,Mizoram,KAWNPUI N.,24.02940241,92.66984764,Medium (2-25km),5715,2012-10-11,2012,10,Post-monsoon (Oct-Nov),ND,rainfall (T),event,9,1,1,Minor (1-2),,"Four persons died in landslides across Mizoram yesterday.  In another incident on Thursday at Kawnpui, a JCB was swept away by a landslide and driver Ramdinthara (24) of Champhai Tlangsam was killed.",http://www.mizonews.net/mizoramnews/four-killed-in-landslides-across-mizoram/,UGLC,Copernicus_DSM_COG_10_N24_00_E092_00_DEM,Copernicus DEM GLO-30 via Microsoft Planetary Computer,True,806.024658203125,25.48714095218803,91.66650182362184,0.0087344519460696,28.242397704189887,30.715,False,NASA POWER Daily API / PRECTOTCORR,True,25.82,55.35,69.86,"{""2012-10-05"": 10.27, ""2012-10-06"": 0.07, ""2012-10-07"": 0.0, ""2012-10-08"": 4.17, ""2012-10-09"": 20.54, ""2012-10-10"": 8.99, ""2012-10-11"": 25.82}",ESA_WorldCover_10m_2021_v200_N24E090,MYD13Q1.A2012281.h26v06.061.2021218130403,2012-10-14T23:59:59.500000+00:00,3.0,10.0,Tree cover,ESA WorldCover 2021 v200,2021,9,6714.0,0.6714,1.0,Marginal data,True,NASA MODIS MOD13Q1/MYD13Q1 v6.1 16-day 250m,True,True,0.6714,ERA5-Land via Open-Meteo Historical Weather API,era5_land,True,0.425,0.426,0.428,0.427,0.4226666666666667,0.4188571428571427,0.0061428571428572,"{""2012-10-05"": 0.425, ""2012-10-06"": 0.412, ""2012-10-07"": 0.407, ""2012-10-08"": 0.42, ""2012-10-09"": 0.422, ""2012-10-10"": 0.421, ""2012-10-11"": 0.425}",273.71077433525204,3391.641556906231,trunk,,241573044.0,river,Tlawng,226207290.0,5000.0,5000.0,True,True,True,OpenStreetMap via Overpass API,2026-09-03T20:54:30Z,local equirectangular point-to-polyline
1050525,Mizoram,Mizoram,"Dapchhuah, Mamit, Mizoram",23.7705,92.5217,Medium (2-25km),5000,2012-11-11,2012,11,Post-monsoon (Oct-Nov),earth slide,rainfall (T),report,9,4,1,Moderate (3-5),0.0,"assamtribune' 'Four people were killed and several places remained inaccessible due to road blockade caused by landslides since\xa0yesterday\xa0as heavy rains lashed Mizoram since\xa0Wednesday\xa0night,\xa0police\xa0said. The driver and operator of an excavator and the driver of a",http://www.assamtribune.com/scripts/detailsnew.asp?id=oct1312/oth06,UGLC,Copernicus_DSM_COG_10_N23_00_E092_00_DEM,Copernicus DEM GLO-30 via Microsoft Planetary Computer,True,73.73709106445312,12.872517836874106,276.3927444391205,-0.0082579650668981,28.29900726404044,30.715,False,NASA POWER Daily API / PRECTOTCORR,True,0.0,0.03,28.03,"{""2012-11-05"": 11.28, ""2012-11-06"": 14.38, ""2012-11-07"": 2.14, ""2012-11-08"": 0.2, ""2012-11-09"": 0.03, ""2012-11-10"": 0.0, ""2012-11-11"": 0.0}",ESA_WorldCover_10m_2021_v200_N21E090,MOD13Q1.A2012305.h26v06.061.2021222234119,2012-11-07T23:59:59.500000+00:00,4.0,10.0,Tree cover,ESA WorldCover 2021 v200,2021,9,7589.0,0.7589,0.0,Good data,True,NASA MODIS MOD13Q1/MYD13Q1 v6.1 16-day 250m,True,True,0.7589,ERA5-Land via Open-Meteo Historical Weather API,era5_land,True,0.363,0.369,0.36,0.362,0.3736666666666666,0.3825714285714285,-0.0195714285714285,"{""2012-11-05"": 0.364, ""2012-11-06"": 0.383, ""2012-11-07"": 0.409, ""2012-11-08"": 0.401, ""2012-11-09"": 0.386, ""2012-11-10"": 0.372, ""2012-11-11"": 0.363}",0.7845837787647677,38.149479146631705,trunk,,238358434.0,river,Tut,197997792.0,5000.0,5000.0,True,True,True,OpenStreetMap via Overpass API,2026-09-03T20:55:36Z,local equirectangular point-to-polyline
938377,Sikkim,Sikkim,Sikkim,27.57153591,88.47287208,Low (>25km),47483,2013-04-14,2013,4,Pre-monsoon (Apr-May),ND,rainfall (T),event,9,1,1,Minor (1-2),,"A software engineer from Calcutta was killed when a car carrying seven TCS employees skidded off a road near Gangtok this evening and rolled down an incline.\n\nThe techies, all in their twenties, had reached Gangtok yesterday and headed to Nathu-la, Baba",http://www.telegraphindia.com/1130415/jsp/frontpage/story_16786956.jsp,UGLC,Copernicus_DSM_COG_10_N27_00_E088_00_DEM,Copernicus DEM GLO-30 via Microsoft Planetary Computer,True,2248.026611328125,48.518109234348856,302.91604289913005,0.0003089759853175,27.410497743699423,30.715,False,NASA POWER Daily API / PRECTOTCORR,True,0.0,0.0,2.2,"{""2013-04-08"": 0.0, ""2013-04-09"": 0.0, ""2013-04-10"": 0.82, ""2013-04-11"": 1.38, ""2013-04-12"": 0.0, ""2013-04-13"": 0.0, ""2013-04-14"": 0.0}",ESA_WorldCover_10m_2021_v200_N27E087,MOD13Q1.A2013097.h25v06.061.2021229011811,2013-04-14T23:59:59.500000+00:00,0.0,10.0,Tree cover,ESA WorldCover 2021 v200,2021,8,5062.0,0.5062,3.0,Cloudy,False,NASA MODIS MOD13Q1/MYD13Q1 v6.1 16-day 250m,True,True,,ERA5-Land via Open-Meteo Historical Weather API,era5_land,True,0.424,0.425,0.426,0.425,0.424,0.4245714285714286,-0.0005714285714286,"{""2013-04-08"": 0.426, ""2013-04-09"": 0.426, ""2013-04-10"": 0.424, ""2013-04-11"": 0.424, ""2013-04-12"": 0.424, ""2013-04-13"": 0.424, ""2013-04-14"": 0.424}",1794.937560029517,269.36920940829765,unclassified,,266906126.0,stream,,599770456.0,5000.0,5000.0,True,True,True,OpenStreetMap via Overpass API,2026-09-03T20:56:35Z,local equirectangular point-to-polyline
1050580,Mizoram,Mizoram,"Kolasib, Saiha, Mizoram,",24.2315,92.6755,Low (>25km),50000,2013-05-07,2013,5,Pre-monsoon (Apr-May),mudslide,rainfall (T),report,9,0,0,No fatalities,0.0,"www.thehindu.com' 'A large number of villages in Mizoram have become inaccessible after landslides, triggered by heavy and incessant pre-monsoon rains that have been lashing the state since Saturday, have blocked the roads, official sources said on Wednesday. The landslide",http://www.thehindu.com/news/national/other-states/landslides-after-heavy-premonsoon-rain-in-mizoram/article4695784.ece,UGLC,Copernicus_DSM_COG_10_N24_00_E092_00_DEM,Copernicus DEM GLO-30 via Microsoft Planetary Computer,True,668.9224243164062,11.877515997162044,142.18496477916972,0.0042000940323273,28.19780781627476,30.715,False,NASA POWER Daily API / PRECTOTCORR,True,52.65,134.53,249.75,"{""2013-05-01"": 16.65, ""2013-05-02"": 5.53, ""2013-05-03"": 43.74, ""2013-05-04"": 49.3, ""2013-05-05"": 37.96, ""2013-05-06"": 43.92, ""2013-05-07"": 52.65}",ESA_WorldCover_10m_2021_v200_N24E090,MYD13Q1.A2013121.h26v06.061.2021230105139,2013-05-08T23:59:59.500000+00:00,1.0,50.0,Built-up,ESA WorldCover 2021 v200,2021,8,4758.0,0.4758,0.0,Good data,True,NASA MODIS MOD13Q1/MYD13Q1 v6.1 16-day 250m,True,True,0.4758,ERA5-Land via Open-Meteo Historical Weather API,era5_land,True,0.424,0.414,0.254,0.3,0.4086666666666667,0.3704285714285714,0.0535714285714285,"{""2013-05-01"": 0.331, ""2013-05-02"": 0.324, ""2013-05-03"": 0.35, ""2013-05-04"": 0.362, ""2013-05-05"": 0.399, ""2013-05-06"": 0.403, ""2013-05-07"": 0.424}",9.222693539853596,3281.510156633107,residential,,678567426.0,river,,661562070.0,5000.0,5000.0,True,True,True,OpenStreetMap via Overpass API,2026-09-03T20:56:35Z,local equirectangular point-to-polyline
1048344,Tripura,Tripura,"Purba Simna, Tripura",24.0896,91.4663,Medium (2-25km),5000,2013-05-08,2013,5,Pre-monsoon (Apr-May),earth slide,rainfall (T),report,9,1,1,Minor (1-2),0.0,www.upi.com' 'A large landslide in western Tripura killed at least two people Wednesday night.,http://www.upi.com/Top_News/World-News/2013/05/09/Cyclonic-storms-kill-seven-in-India/UPI-39151368107292/,UGLC,Copernicus_DSM_COG_10_N24_00_E091_00_DEM,Copernicus DEM GLO-30 via Microsoft Planetary Computer,True,106.8847885131836,11.875455209446924,22.349782103751465,0.0020855429864771,28.22915270232518,30.715,False,NASA POWER Daily API / PRECTOTCORR,True,50.01,129.97,214.91,"{""2013-05-02"": 2.8, ""2013-05-03"": 8.1, ""2013-05-04"": 34.18, ""2013-05-05"": 39.86, ""2013-05-06"": 40.67, ""2013-05-07"": 39.29, ""2013-05-08"": 50.01}",ESA_WorldCover_10m_2021_v200_N24E090,MYD13Q1.A2013121.h25v06.061.2021230102327,2013-05-08T23:59:59.500000+00:00,0.0,10.0,Tree cover,ESA WorldCover 2021 v200,2021,8,,,,,False,NASA MODIS MOD13Q1/MYD13Q1 v6.1 16-day 250m,True,False,,ERA5-Land via Open-Meteo Historical Weather API,era5_land,True,0.429,0.429,0.426,0.427,0.429,0.412,0.017,"{""2013-05-02"": 0.351, ""2013-05-03"": 0.398, ""2013-05-04"": 0.422, ""2013-05-05"": 0.426, ""2013-05-06"": 0.429, ""2013-05-07"": 0.429, ""2013-05-08"": 0.429}",65.3510262201828,10744.570825608074,unclassified,,1053511967.0,river,River Khowai,133807038.0,5000.0,15000.0,True,True,True,OpenStreetMap via Overpass API,2026-09-03T20:58:36Z,local equirectangular point-to-polyline
1048341,Tripura,Tripura,Agartala,23.87643891,91.39718144,Medium (2-25km),17979,2013-05-08,2013,5,Pre-monsoon (Apr-May),ND,rainfall (T),event,9,2,1,Minor (1-2),,"""""GFLD"", locality: 'Agartala', description: 'Cyclonic storms accompanied by lightning and rain continued to create havoc in Tripura for the fifth day on Thursday, killing seven people, including five women and injuring 20 others,"" an official said here.\n\n""""""""Sixty-year-old Ramani Debbarma and her 17-ye'""""",http://www.assamtribune.com/scripts/detailsnew.asp?id=may0913/at045,UGLC,Copernicus_DSM_COG_10_N23_00_E091_00_DEM,Copernicus DEM GLO-30 via Microsoft Planetary Computer,True,38.525386810302734,6.46438564832302,241.9308755372901,-0.0006761010823461,28.27591327732428,30.715,False,NASA POWER Daily API / PRECTOTCORR,True,50.01,129.97,214.91,"{""2013-05-02"": 2.8, ""2013-05-03"": 8.1, ""2013-05-04"": 34.18, ""2013-05-05"": 39.86, ""2013-05-06"": 40.67, ""2013-05-07"": 39.29, ""2013-05-08"": 50.01}",ESA_WorldCover_10m_2021_v200_N21E090,MYD13Q1.A2013121.h25v06.061.2021230102327,2013-05-08T23:59:59.500000+00:00,0.0,10.0,Tree cover,ESA WorldCover 2021 v200,2021,8,,,,,False,NASA MODIS MOD13Q1/MYD13Q1 v6.1 16-day 250m,True,False,,ERA5-Land via Open-Meteo Historical Weather API,era5_land,True,0.471,0.469,0.499,0.491,0.4716666666666667,0.4609999999999999,0.01,"{""2013-05-02"": 0.423, ""2013-05-03"": 0.459, ""2013-05-04"": 0.47, ""2013-05-05"": 0.46, ""2013-05-06"": 0.469, ""2013-05-07"": 0.475, ""2013-05-08"": 0.471}",106.24163033451462,4157.857945887229,unclassified,,1053212290.0,river,,721807640.0,5000.0,5000.0,True,True,True,OpenStreetMap via Overpass API,2026-07-24T11:04:51Z,local equirectangular point-to-polyline
1050660,Mizoram,Mizoram,Aizawl,23.83655634,92.88807365,Low (>25km),33154,2013-05-10,2013,5,Pre-monsoon (Apr-May),ND,rainfall (T),event,9,17,1,Severe (5+),,"10 persons were killed and seven missing in a massive landslide triggered by a cyclonic storm and heavy pre-monsoon rainfall that swept away nine houses in Laipuitlang area here early this morning.\n\n10 bodies, including five of women, have been recovered",http://news.outlookindia.com/items.aspx?artid=797845,UGLC,Copernicus_DSM_COG_10_N23_00_E092_00_DEM,Copernicus DEM GLO-30 via Microsoft Planetary Computer,True,405.3147583007813,14.233003191094854,116.4744020008904,0.0037531504729458,28.28461876584697,30.715,False,NASA POWER Daily API / PRECTOTCORR,True,22.88,63.45,170.8,"{""2013-05-04"": 28.12, ""2013-05-05"": 31.34, ""2013-05-06"": 21.19, ""2013-05-07"": 26.7, ""2013-05-08"": 22.16, ""2013-05-09"": 18.41, ""2013-05-10"": 22.88}",ESA_WorldCover_10m_2021_v200_N21E090,MYD13Q1.A2013121.h26v06.061.2021230105139,2013-05-08T23:59:59.500000+00:00,2.0,10.0,Tree cover,ESA WorldCover 2021 v200,2021,8,6516.0,0.6516000000000001,1.0,Marginal data,True,NASA MODIS MOD13Q1/MYD13Q1 v6.1 16-day 250m,True,True,0.6516000000000001,ERA5-Land via Open-Meteo Historical Weather API,era5_land,True,0.404,0.393,0.267,0.303,0.4113333333333333,0.3934285714285714,0.0105714285714286,"{""2013-05-04"": 0.351, ""2013-05-05"": 0.379, ""2013-05-06"": 0.379, ""2013-05-07"": 0.411, ""2013-05-08"": 0.417, ""2013-05-09"": 0.413, ""2013-05-10"": 0.404}",1904.017513343413,3732.7141554673826,residential,,1061020049.0,river,Twnni,310441888.0,5000.0,5000.0,True,True,True,OpenStreetMap via Overpass API,2026-09-03T18:31:21Z,local equirectangular point-to-polyline
1050594,Mizoram,Mizoram,"Laipuitland , Aizawl, Mizoram",23.7281,92.7175,Medium (2-25km),25000,2013-05-11,2013,5,Pre-monsoon (Apr-May),earth slide,rainfall (T),report,9,15,1,Severe (5+),0.0,articles.timesofindia.indiatimes.com' 'Landslides triggered by a cyclonic storm and heavy pre-monsoon rain claimed at least 10 lives and swept away nine houses in the northern part of Aizawl on Saturday morning. Seven more people are missing.,http://articles.timesofindia.indiatimes.com/2013-05-12/guwahati/39203177_1_young-mizo-association-aizawl-rescue-work,UGLC,Copernicus_DSM_COG_10_N23_00_E092_00_DEM,Copernicus DEM GLO-30 via Microsoft Planetary Computer,True,1080.5865478515625,10.451568328205562,240.97207562750648,-0.010737486440147,28.30822308082281,30.715,False,NASA POWER Daily API / PRECTOTCORR,True,17.75,71.67,245.12,"{""2013-05-05"": 35.89, ""2013-05-06"": 63.46, ""2013-05-07"": 37.22, ""2013-05-08"": 36.88, ""2013-05-09"": 21.2, ""2013-05-10"": 32.72, ""2013-05-11"": 17.75}",ESA_WorldCover_10m_2021_v200_N21E090,MYD13Q1.A2013121.h26v06.061.2021230105139,2013-05-08T23:59:59.500000+00:00,3.0,50.0,Built-up,ESA WorldCover 2021 v200,2021,8,4018.0,0.4018,3.0,Cloudy,False,NASA MODIS MOD13Q1/MYD13Q1 v6.1 16-day 250m,True,True,,ERA5-Land via Open-Meteo Historical Weather API,era5_land,True,0.396,0.385,0.273,0.305,0.403,0.3955714285714286,0.0004285714285714,"{""2013-05-05"": 0.364, ""2013-05-06"": 0.367, ""2013-05-07"": 0.41, ""2013-05-08"": 0.419, ""2013-05-09"": 0.413, ""2013-05-10"": 0.4, ""2013-05-11"": 0.396}",18.332893266147465,409.60489224178843,primary,Canteen Kual,488327895.0,stream,Tuikual River,641629866.0,5000.0,5000.0,True,True,True,OpenStreetMap via Overpass API,2026-09-03T21:01:36Z,local equirectangular point-to-polyline
1048381,Assam,Assam,"Nursery, North Guwahati, Guwahati, Assam,",26.1662,91.7138,Low (>25km),50000,2013-05-11,2013,5,Pre-monsoon (Apr-May),earth slide,rainfall (T),report,9,0,0,No fatalities,0.0,"articles.timesofindia.indiatimes.com' 'Landslides occurred in the Nursery area and Maligaon in Nilachal Hills, Sarania Hills and Boragaon on Saturday, alarming hill residents, whose number has crossed two lakh in Guwahati, said sources. Junu Chakraborty (50) was injured in the Nursery area af",http://articles.timesofindia.indiatimes.com/2013-05-12/guwahati/39203561_1_artificial-floods-guwahati-municipal-corporation-gs-road,UGLC,Copernicus_DSM_COG_10_N26_00_E091_00_DEM,Copernicus DEM GLO-30 via Microsoft Planetary Computer,True,138.12319946289062,23.48808043725721,89.54366076609585,-0.0008788870282814,27.753271676803926,30.715,False,NASA POWER Daily API / PRECTOTCORR,True,26.85,110.77,235.50000000000003,"{""2013-05-05"": 32.94, ""2013-05-06"": 31.24, ""2013-05-07"": 16.68, ""2013-05-08"": 43.87, ""2013-05-09"": 42.74, ""2013-05-10"": 41.18, ""2013-05-11"": 26.85}",ESA_WorldCover_10m_2021_v200_N24E090,MYD13Q1.A2013121.h25v06.061.2021230102327,2013-05-08T23:59:59.500000+00:00,3.0,50.0,Built-up,ESA WorldCover 2021 v200,2021,8,,,,,False,NASA MODIS MOD13Q1/MYD13Q1 v6.1 16-day 250m,True,False,,ERA5-Land via Open-Meteo Historical Weather API,era5_land,True,0.489,0.498,0.442,0.457,0.481,0.4752857142857143,0.0137142857142856,"{""2013-05-05"": 0.484, ""2013-05-06"": 0.466, ""2013-05-07"": 0.464, ""2013-05-08"": 0.47, ""2013-05-09"": 0.48, ""2013-05-10"": 0.474, ""2013-05-11"": 0.489}",0.10386746724828956,1441.534881474726,tertiary,,157586072.0,river,Brahmaputra,367136354.0,5000.0,5000.0,True,True,True,OpenStreetMap via Overpass API,2026-09-03T21:02:36Z,local equirectangular point-to-polyline
1048368,Assam,Assam,"Boragaon, North Guwahati, Guwahati, Assam,",26.1016,91.6906,Medium (2-25km),5000,2013-05-11,2013,5,Pre-monsoon (Apr-May),earth slide,rainfall (T),report,9,0,0,No fatalities,0.0,"articles.timesofindia.indiatimes.com' 'Landslides occurred in the Nursery area and Maligaon in Nilachal Hills, Sarania Hills and Boragaon on Saturday, alarming hill residents, whose number has crossed two lakh in Guwahati, said sources. Junu Chakraborty (50) was injured in the Nursery area af",http://articles.timesofindia.indiatimes.com/2013-05-12/guwahati/39203561_1_artificial-floods-guwahati-municipal-corporation-gs-road,UGLC,Copernicus_DSM_COG_10_N26_00_E091_00_DEM,Copernicus DEM GLO-30 via Microsoft Planetary Computer,True,100.33281707763672,45.93346534915906,16.81474898094649,0.0058547232988887,27.768628356062177,30.715,False,NASA POWER Daily API / PRECTOTCORR,True,26.85,110.77,235.50000000000003,"{""2013-05-05"": 32.94, ""2013-05-06"": 31.24, ""2013-05-07"": 16.68, ""2013-05-08"": 43.87, ""2013-05-09"": 42.74, ""2013-05-10"": 41.18, ""2013-05-11"": 26.85}",ESA_WorldCover_10m_2021_v200_N24E090,MYD13Q1.A2013121.h25v06.061.2021230102327,2013-05-08T23:59:59.500000+00:00,3.0,10.0,Tree cover,ESA WorldCover 2021 v200,2021,8,,,,,False,NASA MODIS MOD13Q1/MYD13Q1 v6.1 16-day 250m,True,False,,ERA5-Land via Open-Meteo Historical Weather API,era5_land,True,0.484,0.492,0.398,0.424,0.4736666666666667,0.478,0.0059999999999999,"{""2013-05-05"": 0.486, ""2013-05-06"": 0.488, ""2013-05-07"": 0.477, ""2013-05-08"": 0.474, ""2013-05-09"": 0.48, ""2013-05-10"": 0.457, ""2013-05-11"": 0.484}",111.02222929848988,400.87243753205394,residential,,1491807746.0,river,,44638717.0,5000.0,5000.0,True,True,True,OpenStreetMap via Overpass API,2026-09-03T21:03:34Z,local equirectangular point-to-polyline
1048413,Assam,Assam,"Sarania Hills, North Guwahati, Guwahati, Assam,",26.1771,91.7599,Medium (2-25km),5000,2013-05-11,2013,5,Pre-monsoon (Apr-May),earth slide,rainfall (T),report,9,0,0,No fatalities,1.0,"articles.timesofindia.indiatimes.com' 'Landslides occurred in the Nursery area and Maligaon in Nilachal Hills, Sarania Hills and Boragaon on Saturday, alarming hill residents, whose number has crossed two lakh in Guwahati, said sources. Junu Chakraborty (50) was injured in the Nursery area af",http://articles.timesofindia.indiatimes.com/2013-05-12/guwahati/39203561_1_artificial-floods-guwahati-municipal-corporation-gs-road,UGLC,Copernicus_DSM_COG_10_N26_00_E091_00_DEM,Copernicus DEM GLO-30 via Microsoft Planetary Computer,True,86.90789031982422,10.597901974217685,291.4444379004491,-0.0119728035352598,27.75067705513167,30.715,False,NASA POWER Daily API / PRECTOTCORR,True,26.85,110.77,235.50000000000003,"{""2013-05-05"": 32.94, ""2013-05-06"": 31.24, ""2013-05-07"": 16.68, ""2013-05-08"": 43.87, ""2013-05-09"": 42.74, ""2013-05-10"": 41.18, ""2013-05-11"": 26.85}",ESA_WorldCover_10m_2021_v200_N24E090,MYD13Q1.A2013121.h25v06.061.2021230102327,2013-05-08T23:59:59.500000+00:00,3.0,50.0,Built-up,ESA WorldCover 2021 v200,2021,8,,,,,False,NASA MODIS MOD13Q1/MYD13Q1 v6.1 16-day 250m,True,False,,ERA5-Land via Open-Meteo Historical Weather API,era5_land,True,0.481,0.495,0.438,0.453,0.4776666666666667,0.4724285714285715,0.0085714285714285,"{""2013-05-05"": 0.479, ""2013-05-06"": 0.466, ""2013-05-07"": 0.459, ""2013-05-08"": 0.47, ""2013-05-09"": 0.484, ""2013-05-10"": 0.468, ""2013-05-11"": 0.481}",29.4208450997331,695.6880493702085,residential,,745168617.0,drain,,1267021900.0,5000.0,5000.0,True,True,True,OpenStreetMap via Overpass API,2026-09-03T21:04:36Z,local equirectangular point-to-polyline
1050783,Manipur,Manipur,"Khongsang, Tamenglong, Manipur,",24.9926,93.4946,Medium (2-25km),25000,2013-05-12,2013,5,Pre-monsoon (Apr-May),mudslide,rainfall (T),report,9,0,0,No fatalities,0.0,"www.e-pao.net' 'With unprecedented heavy pre-monsoon rains making the condition of Tamenglong- Khongsang road to turn from bad to worse, one goods laden truck (Registration no.MN01-7681) has been washed away in the mudslides occurring at various points of the road which",http://www.e-pao.net/GP.asp?src=23..130513.may13,UGLC,Copernicus_DSM_COG_10_N24_00_E093_00_DEM,Copernicus DEM GLO-30 via Microsoft Planetary Computer,True,1131.0548095703125,7.089065533736971,275.1346254232019,0.0018841305746041,28.026738386173903,30.715,False,NASA POWER Daily API / PRECTOTCORR,True,8.27,45.61,107.68,"{""2013-05-06"": 5.84, ""2013-05-07"": 10.18, ""2013-05-08"": 26.48, ""2013-05-09"": 19.57, ""2013-05-10"": 12.4, ""2013-05-11"": 24.94, ""2013-05-12"": 8.27}",ESA_WorldCover_10m_2021_v200_N24E093,MOD13Q1.A2013129.h26v06.061.2021230162433,2013-05-16T23:59:59.500000+00:00,4.0,50.0,Built-up,ESA WorldCover 2021 v200,2021,8,5998.0,0.5998,1.0,Marginal data,True,NASA MODIS MOD13Q1/MYD13Q1 v6.1 16-day 250m,True,True,0.5998,ERA5-Land via Open-Meteo Historical Weather API,era5_land,True,0.421,0.423,0.422,0.422,0.4256666666666666,0.4272857142857142,-0.0062857142857142,"{""2013-05-06"": 0.427, ""2013-05-07"": 0.429, ""2013-05-08"": 0.429, ""2013-05-09"": 0.429, ""2013-05-10"": 0.428, ""2013-05-11"": 0.428, ""2013-05-12"": 0.421}",396.2450966558081,1506.7169907348598,unclassified,,819663666.0,stream,Tuipa Nadi,1389196266.0,5000.0,5000.0,True,True,True,OpenStreetMap via Overpass API,2026-07-15T15:22:01Z,local equirectangular point-to-polyline
938449,Sikkim,Sikkim,"15 Km From Gangtok, Himalayans",27.3721,88.708,Medium (2-25km),25000,2013-06-08,2013,6,Monsoon (Jun-Sep),earth slide,rainfall (T),report,9,0,0,No fatalities,0.0,"""""COOLR_R"", locality: '15 Km From Gangtok, Himalayans', description: 'www.business-standard.com' 'Hundreds of tourists were stranded near Gangtok,"" following a landslide. """"""""We faced many problems there was nothing to protect us (from cold). The person"", who slept in the vehicle in night,"" might fall sick. Military persons gave food to everybody to eat. L'""""",http://www.business-standard.com/article/news-ani/tourists-stranded-due-to-landslide-in-gangtok-113060900319_1.html,UGLC,Copernicus_DSM_COG_10_N27_00_E088_00_DEM,Copernicus DEM GLO-30 via Microsoft Planetary Computer,True,3169.56640625,44.70400153592118,194.65504891879365,-0.0066974766142134,27.460150825026155,30.715,False,NASA POWER Daily API / PRECTOTCORR,True,11.82,15.39,36.77,"{""2013-06-02"": 0.38, ""2013-06-03"": 1.18, ""2013-06-04"": 13.5, ""2013-06-05"": 6.32, ""2013-06-06"": 1.94, ""2013-06-07"": 1.63, ""2013-06-08"": 11.82}",ESA_WorldCover_10m_2021_v200_N27E087,MYD13Q1.A2013153.h25v06.061.2021231161331,2013-06-09T23:59:59.500000+00:00,1.0,50.0,Built-up,ESA WorldCover 2021 v200,2021,8,2172.0,0.2172,3.0,Cloudy,False,NASA MODIS MOD13Q1/MYD13Q1 v6.1 16-day 250m,True,True,,ERA5-Land via Open-Meteo Historical Weather API,era5_land,True,0.428,0.43,0.423,0.425,0.4266666666666667,0.4254285714285714,0.0025714285714285,"{""2013-06-02"": 0.422, ""2013-06-03"": 0.421, ""2013-06-04"": 0.428, ""2013-06-05"": 0.427, ""2013-06-06"": 0.423, ""2013-06-07"": 0.429, ""2013-06-08"": 0.428}",6.728259409048729,715.9167547656451,trunk,,238452530.0,river,Roro Chu,129842068.0,5000.0,5000.0,True,True,True,OpenStreetMap via Overpass API,2026-09-03T21:07:36Z,local equirectangular point-to-polyline
938453,Sikkim,Sikkim,"Near Changu Lake, 15Km Away From Nathu La, On India-China Border In Eastern Sikkim",27.3765,88.7628,High (<2km),1000,2013-06-27,2013,6,Monsoon (Jun-Sep),earth slide,rainfall (T),report,7,0,0,No fatalities,0.0,"www.indiatvnews.com' 'The Mountain Black Cat Division of the Indian Army has rescued 230 tourists last night when they were stranded near Changu Lake (13300 ft height) , 15 km away from Nathu La, on India-China border in eastern Sikkim. Heavy rain and landslides in this area",http://www.indiatvnews.com/news/india/sikkim-landslide-army-rescues-tourists-stranded-near-nathu-la-24315.html,UGLC,Copernicus_DSM_COG_10_N27_00_E088_00_DEM,Copernicus DEM GLO-30 via Microsoft Planetary Computer,True,3751.0,9.637657045288504,180.0,0.0100081601847687,27.459058954523933,30.715,True,NASA POWER Daily API / PRECTOTCORR,True,10.02,39.74,90.42,"{""2013-06-21"": 11.56, ""2013-06-22"": 10.84, ""2013-06-23"": 18.8, ""2013-06-24"": 9.48, ""2013-06-25"": 7.11, ""2013-06-26"": 22.61, ""2013-06-27"": 10.02}",ESA_WorldCover_10m_2021_v200_N27E087,MYD13Q1.A2013169.h25v06.061.2021233055041,2013-06-25T23:59:59.500000+00:00,2.0,30.0,Grassland,ESA WorldCover 2021 v200,2021,8,185.0,0.0185,3.0,Cloudy,False,NASA MODIS MOD13Q1/MYD13Q1 v6.1 16-day 250m,True,True,,ERA5-Land via Open-Meteo Historical Weather API,era5_land,True,0.426,0.427,0.428,0.427,0.426,0.4258571428571428,0.0001428571428571,"{""2013-06-21"": 0.426, ""2013-06-22"": 0.425, ""2013-06-23"": 0.425, ""2013-06-24"": 0.427, ""2013-06-25"": 0.426, ""2013-06-26"": 0.426, ""2013-06-27"": 0.426}",9.593154105894678,516.2916050253586,trunk,,459434905.0,river,Rangpo River tributary,1414143362.0,5000.0,5000.0,True,True,True,OpenStreetMap via Overpass API,2026-09-03T21:07:36Z,local equirectangular point-to-polyline
1057781,Manipur,Manipur,"Senapati, Manipur",25.318,94.0441,Low (>25km),50000,2013-08-09,2013,8,Monsoon (Jun-Sep),earth slide,rainfall (T),report,9,0,0,No fatalities,0.0,"e-pao.net' 'The heavy downpour in Senapati during the past weeks has caused landslides and flood like situation in low land areas in many parts of the district. Besides the National Highway, State highway and Inter Village Roads were badly affected by the downpour.",http://e-pao.net/GP.asp?src=Snipp8..230813.aug13,UGLC,Copernicus_DSM_COG_10_N25_00_E094_00_DEM,Copernicus DEM GLO-30 via Microsoft Planetary Computer,True,994.1484375,0.9341638242061068,358.085299203075,0.0050142436624697,27.952088559244828,30.715,False,NASA POWER Daily API / PRECTOTCORR,True,1.08,11.28,68.53999999999999,"{""2013-08-03"": 0.34, ""2013-08-04"": 16.47, ""2013-08-05"": 19.04, ""2013-08-06"": 21.41, ""2013-08-07"": 6.42, ""2013-08-08"": 3.78, ""2013-08-09"": 1.08}",ESA_WorldCover_10m_2021_v200_N24E093,MYD13Q1.A2013217.h26v06.061.2021236203536,2013-08-12T23:59:59.500000+00:00,3.0,40.0,Cropland,ESA WorldCover 2021 v200,2021,8,4655.0,0.4655,3.0,Cloudy,False,NASA MODIS MOD13Q1/MYD13Q1 v6.1 16-day 250m,True,True,,ERA5-Land via Open-Meteo Historical Weather API,era5_land,True,0.422,0.421,0.431,0.428,0.4243333333333333,0.4265714285714285,-0.0045714285714285,"{""2013-08-03"": 0.425, ""2013-08-04"": 0.423, ""2013-08-05"": 0.432, ""2013-08-06"": 0.433, ""2013-08-07"": 0.427, ""2013-08-08"": 0.424, ""2013-08-09"": 0.422}",340.80359907399867,161.1815790811068,trunk,,258105023.0,river,Barāk River,385534480.0,5000.0,5000.0,True,True,True,OpenStreetMap via Overpass API,2026-09-03T21:08:36Z,local equirectangular point-to-polyline
1057887,Manipur,Manipur,"Koide Government High School, Senapati, Manipur",25.3833,94.1884,Medium (2-25km),5000,2013-08-15,2013,8,Monsoon (Jun-Sep),earth slide,rainfall (T),report,9,0,0,No fatalities,0.0,"e-pao.net' 'The heavy downpour in Senapati during the past weeks has caused landslides and flood like situation in low land areas in many parts of the district. Besides the National Highway, State highway and Inter Village Roads were badly affected by the downpour.",http://e-pao.net/GP.asp?src=Snipp8..230813.aug13,UGLC,Copernicus_DSM_COG_10_N25_00_E094_00_DEM,Copernicus DEM GLO-30 via Microsoft Planetary Computer,True,1687.865234375,21.255786020839384,250.1038116564704,-0.0108638989340338,27.93699942982784,30.715,False,NASA POWER Daily API / PRECTOTCORR,True,4.03,72.25999999999999,91.8,"{""2013-08-09"": 0.96, ""2013-08-10"": 1.59, ""2013-08-11"": 6.07, ""2013-08-12"": 10.92, ""2013-08-13"": 55.94, ""2013-08-14"": 12.29, ""2013-08-15"": 4.03}",ESA_WorldCover_10m_2021_v200_N24E093,MYD13Q1.A2013217.h26v06.061.2021236203536,2013-08-12T23:59:59.500000+00:00,3.0,10.0,Tree cover,ESA WorldCover 2021 v200,2021,8,1327.0,0.1327,3.0,Cloudy,False,NASA MODIS MOD13Q1/MYD13Q1 v6.1 16-day 250m,True,True,,ERA5-Land via Open-Meteo Historical Weather API,era5_land,True,0.449,0.489,0.49,0.487,0.4706666666666666,0.4757142857142857,-0.0267142857142856,"{""2013-08-09"": 0.479, ""2013-08-10"": 0.474, ""2013-08-11"": 0.48, ""2013-08-12"": 0.485, ""2013-08-13"": 0.469, ""2013-08-14"": 0.494, ""2013-08-15"": 0.449}",444.78282772898797,3796.8981191846037,tertiary,,1462815113.0,river,Sangu Lok,385527534.0,5000.0,5000.0,True,True,True,OpenStreetMap via Overpass API,2026-09-03T21:09:36Z,local equirectangular point-to-polyline
1050773,Manipur,Manipur,The Imphal-Jiribam Section Of Nh-37 In Tamenglong District,24.7625,93.4341,Medium (2-25km),10000,2013-08-17,2013,8,Monsoon (Jun-Sep),earth slide,rainfall (T),report,9,0,0,No fatalities,0.0,www.nagalandpost.com' 'Over 700 Imphal-bound freight trucks were Sunday stranded between Rengpan and Khambirong on the stretch of the Imphal-Jiribam section of NH-37 in Tamenglong district after the road was totally blocked by a landslide triggered by continuous heavy rainfall,http://www.nagalandpost.com/ChannelNews/Regional/RegionalNews.aspx?news=TkVXUzEwMDA0MzUxNQ%3D%3D-zy3k3F6024s%3D,UGLC,Copernicus_DSM_COG_10_N24_00_E093_00_DEM,Copernicus DEM GLO-30 via Microsoft Planetary Computer,True,650.854248046875,40.16976848474709,134.98333156197418,-0.0058965918748952,28.078980007396822,30.715,False,NASA POWER Daily API / PRECTOTCORR,True,6.86,24.51,126.06,"{""2013-08-11"": 7.4, ""2013-08-12"": 11.38, ""2013-08-13"": 59.9, ""2013-08-14"": 22.87, ""2013-08-15"": 4.82, ""2013-08-16"": 12.83, ""2013-08-17"": 6.86}",ESA_WorldCover_10m_2021_v200_N24E093,MOD13Q1.A2013225.h26v06.061.2021237184811,2013-08-20T23:59:59.500000+00:00,3.0,10.0,Tree cover,ESA WorldCover 2021 v200,2021,8,8360.0,0.8360000000000001,1.0,Marginal data,True,NASA MODIS MOD13Q1/MYD13Q1 v6.1 16-day 250m,True,True,0.8360000000000001,ERA5-Land via Open-Meteo Historical Weather API,era5_land,True,0.423,0.422,0.417,0.419,0.421,0.4191428571428571,0.0038571428571428,"{""2013-08-11"": 0.427, ""2013-08-12"": 0.413, ""2013-08-13"": 0.411, ""2013-08-14"": 0.42, ""2013-08-15"": 0.42, ""2013-08-16"": 0.42, ""2013-08-17"": 0.423}",7.261582323485229,3537.6971607782093,trunk,,1188452046.0,stream,,1430385753.0,5000.0,5000.0,True,True,True,OpenStreetMap via Overpass API,2026-09-03T21:09:36Z,local equirectangular point-to-polyline
938247,Sikkim,Sikkim,West Sikkim,27.34711035,88.17392386,Medium (2-25km),19242,2013-09-01,2013,9,Monsoon (Jun-Sep),ND,rainfall (T),event,9,5,1,Moderate (3-5),,Four members of a family and a guest were killed when a landslide hot their woodent house in Tamabung in West Sikkim last night. The house was completely destroyed in the landslide that was caused by continuous rain,http://kalimpongonlinenews.blogspot.co.uk/2013/09/landslide-kills-4-of-family.html,UGLC,Copernicus_DSM_COG_10_N27_00_E088_00_DEM,Copernicus DEM GLO-30 via Microsoft Planetary Computer,True,2011.6317138671875,18.761499850682284,136.18737144118313,-0.0083159496385739,27.466348994405813,30.715,False,NASA POWER Daily API / PRECTOTCORR,True,3.17,13.0,48.09,"{""2013-08-26"": 15.08, ""2013-08-27"": 10.95, ""2013-08-28"": 7.69, ""2013-08-29"": 1.37, ""2013-08-30"": 1.05, ""2013-08-31"": 8.78, ""2013-09-01"": 3.17}",ESA_WorldCover_10m_2021_v200_N27E087,MOD13Q1.A2013241.h25v06.061.2021239040013,2013-09-05T23:59:59.500000+00:00,4.0,10.0,Tree cover,ESA WorldCover 2021 v200,2021,8,4826.0,0.4826,3.0,Cloudy,False,NASA MODIS MOD13Q1/MYD13Q1 v6.1 16-day 250m,True,True,,ERA5-Land via Open-Meteo Historical Weather API,era5_land,True,0.428,0.426,0.433,0.431,0.4243333333333333,0.4221428571428571,0.0058571428571428,"{""2013-08-26"": 0.423, ""2013-08-27"": 0.421, ""2013-08-28"": 0.416, ""2013-08-29"": 0.422, ""2013-08-30"": 0.42, ""2013-08-31"": 0.425, ""2013-09-01"": 0.428}",1509.5963699212523,2112.238770770545,tertiary,,83688773.0,stream,,366221526.0,5000.0,5000.0,True,True,True,OpenStreetMap via Overpass API,2026-09-03T20:14:51Z,local equirectangular point-to-polyline
1050798,Manipur,Manipur,"Tamenglong, Manipur",24.9829,93.5063,Medium (2-25km),5000,2013-09-01,2013,9,Monsoon (Jun-Sep),mudslide,rainfall (T),report,9,0,0,No fatalities,0.0,e-pao.net' 'The incessant rains have caused mudslides causing great havoc in different parts of Tamenglong district. Many people have also lost their properties in the mudslides at Tamenglong town areas. One major mudslide was occurred at Tamenglong ward No.IV near,http://e-pao.net/GP.asp?src=24..050913.sep13,UGLC,Copernicus_DSM_COG_10_N24_00_E093_00_DEM,Copernicus DEM GLO-30 via Microsoft Planetary Computer,True,1294.7689208984375,28.769378749502355,13.746569240034262,0.0160581780795947,28.028949794178686,30.715,False,NASA POWER Daily API / PRECTOTCORR,True,6.49,9.22,55.02,"{""2013-08-26"": 34.9, ""2013-08-27"": 8.17, ""2013-08-28"": 1.59, ""2013-08-29"": 1.14, ""2013-08-30"": 1.64, ""2013-08-31"": 1.09, ""2013-09-01"": 6.49}",ESA_WorldCover_10m_2021_v200_N24E093,MOD13Q1.A2013241.h26v06.061.2021239035753,2013-09-05T23:59:59.500000+00:00,4.0,10.0,Tree cover,ESA WorldCover 2021 v200,2021,8,4409.0,0.4409,1.0,Marginal data,True,NASA MODIS MOD13Q1/MYD13Q1 v6.1 16-day 250m,True,True,0.4409,ERA5-Land via Open-Meteo Historical Weather API,era5_land,True,0.401,0.399,0.41,0.407,0.403,0.4122857142857143,-0.0112857142857142,"{""2013-08-26"": 0.424, ""2013-08-27"": 0.427, ""2013-08-28"": 0.416, ""2013-08-29"": 0.41, ""2013-08-30"": 0.407, ""2013-08-31"": 0.401, ""2013-09-01"": 0.401}",99.42740026951174,1197.3931286240993,primary,,615701536.0,stream,Tuipa Nadi,1389196266.0,5000.0,5000.0,True,True,True,OpenStreetMap via Overpass API,2026-09-03T21:10:40Z,local equirectangular point-to-polyline
1050780,Manipur,Manipur,"Tamenglong- Khongsang Road, Manipur",24.9037,93.487,Medium (2-25km),25000,2013-09-01,2013,9,Monsoon (Jun-Sep),mudslide,rainfall (T),report,9,0,0,No fatalities,0.0,e-pao.net' 'Mudslides also occurred along Tamenglong- Khongsang road at many spots.,http://e-pao.net/GP.asp?src=24..050913.sep13,UGLC,Copernicus_DSM_COG_10_N24_00_E093_00_DEM,Copernicus DEM GLO-30 via Microsoft Planetary Computer,True,1246.7161865234375,35.50853410752225,252.97179536553185,0.0212174655045367,28.046975762997903,30.715,False,NASA POWER Daily API / PRECTOTCORR,True,6.49,9.22,55.02,"{""2013-08-26"": 34.9, ""2013-08-27"": 8.17, ""2013-08-28"": 1.59, ""2013-08-29"": 1.14, ""2013-08-30"": 1.64, ""2013-08-31"": 1.09, ""2013-09-01"": 6.49}",ESA_WorldCover_10m_2021_v200_N24E093,MOD13Q1.A2013241.h26v06.061.2021239035753,2013-09-05T23:59:59.500000+00:00,4.0,50.0,Built-up,ESA WorldCover 2021 v200,2021,8,9009.0,0.9009,0.0,Good data,True,NASA MODIS MOD13Q1/MYD13Q1 v6.1 16-day 250m,True,True,0.9009,ERA5-Land via Open-Meteo Historical Weather API,era5_land,True,0.401,0.4,0.411,0.408,0.4036666666666667,0.4128571428571428,-0.0118571428571428,"{""2013-08-26"": 0.423, ""2013-08-27"": 0.426, ""2013-08-28"": 0.418, ""2013-08-29"": 0.412, ""2013-08-30"": 0.409, ""2013-08-31"": 0.401, ""2013-09-01"": 0.401}",5.567426139356388,3600.0679222590625,trunk,,198322675.0,river,Irang River,128600558.0,5000.0,5000.0,True,True,True,OpenStreetMap via Overpass API,2026-09-03T21:11:41Z,local equirectangular point-to-polyline
938260,Sikkim,Sikkim,Tamabong Village In Sikkim State,27.3425,88.2426,Low (>25km),50000,2013-09-01,2013,9,Monsoon (Jun-Sep),earth slide,rainfall (T),report,9,5,1,Moderate (3-5),0.0,"sciencythoughts.blogspot.com' 'A family of five were all killed by a landslide that struck their home in Tamabong village in Sikkim State, northeast India, on the evening of Sunday 1 September 2013. The incident reportedly happened following heavy rains; landslides are a common proble",http://sciencythoughts.blogspot.com/2013/09/family-of-five-killed-by-landslide-in.html,UGLC,Copernicus_DSM_COG_10_N27_00_E088_00_DEM,Copernicus DEM GLO-30 via Microsoft Planetary Computer,True,1383.8250732421875,33.715363266874554,285.96397544462815,-0.0049913666698353,27.46749192617041,30.715,False,NASA POWER Daily API / PRECTOTCORR,True,3.17,13.0,48.09,"{""2013-08-26"": 15.08, ""2013-08-27"": 10.95, ""2013-08-28"": 7.69, ""2013-08-29"": 1.37, ""2013-08-30"": 1.05, ""2013-08-31"": 8.78, ""2013-09-01"": 3.17}",ESA_WorldCover_10m_2021_v200_N27E087,MOD13Q1.A2013241.h25v06.061.2021239040013,2013-09-05T23:59:59.500000+00:00,4.0,10.0,Tree cover,ESA WorldCover 2021 v200,2021,8,8584.0,0.8584,1.0,Marginal data,True,NASA MODIS MOD13Q1/MYD13Q1 v6.1 16-day 250m,True,True,0.8584,ERA5-Land via Open-Meteo Historical Weather API,era5_land,True,0.427,0.432,0.428,0.429,0.4273333333333333,0.4257142857142857,0.0012857142857142,"{""2013-08-26"": 0.428, ""2013-08-27"": 0.424, ""2013-08-28"": 0.426, ""2013-08-29"": 0.42, ""2013-08-30"": 0.424, ""2013-08-31"": 0.431, ""2013-09-01"": 0.427}",0.8076289367393714,837.7209295511228,unclassified,,466011449.0,river,Rathong Chu,27915665.0,5000.0,5000.0,True,True,True,OpenStreetMap via Overpass API,2026-09-03T21:12:42Z,local equirectangular point-to-polyline
938450,Sikkim,Sikkim,14 Milestone Of J N Marg Near Kyangnosola (East Sikkim),27.3736,88.7323,Medium (2-25km),25000,2013-09-07,2013,9,Monsoon (Jun-Sep),earth slide,rainfall (T),report,9,0,0,No fatalities,0.0,"articles.timesofindia.indiatimes.com' 'The Army launched massive rescue operations in east and north Sikkim since Saturday and rescued 40 stranded tourists and several injured workers of an engineering firm caught in landslides. While the tourists were on their way to Nathu La, the engineerin",http://articles.timesofindia.indiatimes.com/2013-09-10/india/41936154_1_east-and-north-sikkim-chungthang-gangtok,UGLC,Copernicus_DSM_COG_10_N27_00_E088_00_DEM,Copernicus DEM GLO-30 via Microsoft Planetary Computer,True,3426.518798828125,26.8811454072518,196.96827179342367,-0.0004355145758176,27.459778614639056,30.715,False,NASA POWER Daily API / PRECTOTCORR,True,3.75,27.54,61.25,"{""2013-09-01"": 2.89, ""2013-09-02"": 10.93, ""2013-09-03"": 14.67, ""2013-09-04"": 5.22, ""2013-09-05"": 10.72, ""2013-09-06"": 13.07, ""2013-09-07"": 3.75}",ESA_WorldCover_10m_2021_v200_N27E087,MOD13Q1.A2013241.h25v06.061.2021239040013,2013-09-05T23:59:59.500000+00:00,2.0,30.0,Grassland,ESA WorldCover 2021 v200,2021,8,3387.0,0.3387,3.0,Cloudy,False,NASA MODIS MOD13Q1/MYD13Q1 v6.1 16-day 250m,True,True,,ERA5-Land via Open-Meteo Historical Weather API,era5_land,True,0.404,0.41,0.421,0.418,0.4186666666666667,0.4231428571428571,-0.019142857142857,"{""2013-09-01"": 0.425, ""2013-09-02"": 0.429, ""2013-09-03"": 0.428, ""2013-09-04"": 0.424, ""2013-09-05"": 0.43, ""2013-09-06"": 0.422, ""2013-09-07"": 0.404}",24.782742974311173,66.94099508568613,trunk,,397609115.0,river,Rangpo River tributary,1414143362.0,5000.0,5000.0,True,True,True,OpenStreetMap via Overpass API,2026-09-03T21:12:42Z,local equirectangular point-to-polyline
938437,Sikkim,Sikkim,"Chungthang, Sikkim",27.6047,88.6463,Low (>25km),50000,2013-09-08,2013,9,Monsoon (Jun-Sep),rock fall,rainfall (T),report,9,1,1,Minor (1-2),2.0,"""""COOLR_R"", locality: 'Chungthang, Sikkim',"" description: 'articles.timesofindia.indiatimes.com' '""""""""On Monday"", workers of Southern Engineering Works (SEW) Ltd,"" Chungthang (North Sikkim) were brought to Army Field Hospital with multiple injuries sustained after a landslide struck they were working in a light mechanical workshop near the project site. H'""""",http://articles.timesofindia.indiatimes.com/2013-09-10/india/41936154_1_east-and-north-sikkim-chungthang-gangtok,UGLC,Copernicus_DSM_COG_10_N27_00_E088_00_DEM,Copernicus DEM GLO-30 via Microsoft Planetary Computer,True,1609.427490234375,15.20927200665284,145.40592494900665,0.0115744767736888,27.402208738609904,30.715,False,NASA POWER Daily API / PRECTOTCORR,True,1.33,18.15,59.69,"{""2013-09-02"": 10.93, ""2013-09-03"": 14.67, ""2013-09-04"": 5.22, ""2013-09-05"": 10.72, ""2013-09-06"": 13.07, ""2013-09-07"": 3.75, ""2013-09-08"": 1.33}",ESA_WorldCover_10m_2021_v200_N27E087,MOD13Q1.A2013241.h25v06.061.2021239040013,2013-09-05T23:59:59.500000+00:00,3.0,50.0,Built-up,ESA WorldCover 2021 v200,2021,8,9291.0,0.9291,1.0,Marginal data,True,NASA MODIS MOD13Q1/MYD13Q1 v6.1 16-day 250m,True,True,0.9291,ERA5-Land via Open-Meteo Historical Weather API,era5_land,True,0.424,0.425,0.422,0.423,0.425,0.4269999999999999,-0.0029999999999999,"{""2013-09-02"": 0.429, ""2013-09-03"": 0.428, ""2013-09-04"": 0.429, ""2013-09-05"": 0.428, ""2013-09-06"": 0.426, ""2013-09-07"": 0.425, ""2013-09-08"": 0.424}",28.371051152501874,235.27386753631242,tertiary,North Sikkim Highway,117990914.0,river,Lachen Chu,126757760.0,5000.0,5000.0,True,True,True,OpenStreetMap via Overpass API,2026-09-03T21:13:46Z,local equirectangular point-to-polyline
1048555,Assam,Assam,Guwahati,26.13140438,91.93086808,Medium (2-25km),15925,2013-10-06,2013,10,Post-monsoon (Oct-Nov),ND,rainfall (T),event,9,1,1,Minor (1-2),,"An elderly man has been killed by a rockfall in Guwahati, Assam, on Sunday 6 October 2013.  Bahadur Gurung,80, was sitting at the foot of a slope when he was hit by a rock that had been dislodged following heavy rains. The city has suffered 70 mm of rai",http://sciencythoughts.blogspot.co.uk/2013/10/elderly-man-killed-by-rockfall-in.html,UGLC,Copernicus_DSM_COG_10_N26_00_E091_00_DEM,Copernicus DEM GLO-30 via Microsoft Planetary Computer,True,123.35052490234376,11.829864954977326,243.66726921612684,-0.0043176456475084,27.7615476589272,30.715,False,NASA POWER Daily API / PRECTOTCORR,True,36.99,116.13,174.15999999999997,"{""2013-09-30"": 1.45, ""2013-10-01"": 0.01, ""2013-10-02"": 0.03, ""2013-10-03"": 56.54, ""2013-10-04"": 17.71, ""2013-10-05"": 61.43, ""2013-10-06"": 36.99}",ESA_WorldCover_10m_2021_v200_N24E090,MOD13Q1.A2013273.h25v06.061.2021240225024,2013-10-07T23:59:59.500000+00:00,1.0,10.0,Tree cover,ESA WorldCover 2021 v200,2021,8,,,,,False,NASA MODIS MOD13Q1/MYD13Q1 v6.1 16-day 250m,True,False,,ERA5-Land via Open-Meteo Historical Weather API,era5_land,True,0.491,0.491,0.508,0.503,0.49,0.4728571428571429,0.018142857142857,"{""2013-09-30"": 0.478, ""2013-10-01"": 0.454, ""2013-10-02"": 0.439, ""2013-10-03"": 0.469, ""2013-10-04"": 0.489, ""2013-10-05"": 0.49, ""2013-10-06"": 0.491}",163.3712012231149,4621.513730450542,residential,,1137205462.0,river,Digaru River,120376272.0,5000.0,5000.0,True,True,True,OpenStreetMap via Overpass API,2026-09-03T18:25:21Z,local equirectangular point-to-polyline
1048374,Assam,Assam,"Nilachal Hill, Guwahati, Assam",26.1665,91.7049,Medium (2-25km),5000,2013-10-06,2013,10,Post-monsoon (Oct-Nov),earth slide,rainfall (T),report,9,0,0,No fatalities,0.0,articles.timesofindia.indiatimes.com' 'Heavy downpour in the last 24 hours paralyzed life in Guwahati and a landslide triggered by the rain claimed the life of an elderly person in the city on Sunday. The rain also dampened the spirit of Durga Puja shopping in the city. Kamrup (Metro) additio,http://articles.timesofindia.indiatimes.com/2013-10-07/guwahati/42793381_1_anil-nagar-heavy-rain-nabin-nagar,UGLC,Copernicus_DSM_COG_10_N26_00_E091_00_DEM,Copernicus DEM GLO-30 via Microsoft Planetary Computer,True,233.6174774169922,14.203935057470163,180.2056644993436,-0.0051184103043633,27.753200278639905,30.715,False,NASA POWER Daily API / PRECTOTCORR,True,36.99,116.13,174.15999999999997,"{""2013-09-30"": 1.45, ""2013-10-01"": 0.01, ""2013-10-02"": 0.03, ""2013-10-03"": 56.54, ""2013-10-04"": 17.71, ""2013-10-05"": 61.43, ""2013-10-06"": 36.99}",ESA_WorldCover_10m_2021_v200_N24E090,MOD13Q1.A2013273.h25v06.061.2021240225024,2013-10-07T23:59:59.500000+00:00,1.0,10.0,Tree cover,ESA WorldCover 2021 v200,2021,8,,,,,False,NASA MODIS MOD13Q1/MYD13Q1 v6.1 16-day 250m,True,False,,ERA5-Land via Open-Meteo Historical Weather API,era5_land,True,0.47,0.496,0.507,0.502,0.4836666666666667,0.464,0.0059999999999999,"{""2013-09-30"": 0.46, ""2013-10-01"": 0.443, ""2013-10-02"": 0.431, ""2013-10-03"": 0.463, ""2013-10-04"": 0.481, ""2013-10-05"": 0.5, ""2013-10-06"": 0.47}",19.531791380089732,1224.599963279137,living_street,,261074455.0,drain,,517989003.0,5000.0,5000.0,True,True,True,OpenStreetMap via Overpass API,2026-09-03T21:14:47Z,local equirectangular point-to-polyline
1048492,Assam,Assam,"Batahguli, Guwahati, Assam",26.1309,91.8383,Medium (2-25km),5000,2013-10-06,2013,10,Post-monsoon (Oct-Nov),earth slide,rainfall (T),report,9,1,1,Minor (1-2),0.0,articles.timesofindia.indiatimes.com' 'Heavy downpour in the last 24 hours paralyzed life in Guwahati and a landslide triggered by the rain claimed the life of an elderly person in the city on Sunday. The rain also dampened the spirit of Durga Puja shopping in the city. Kamrup (Metro) additio,http://articles.timesofindia.indiatimes.com/2013-10-07/guwahati/42793381_1_anil-nagar-heavy-rain-nabin-nagar,UGLC,Copernicus_DSM_COG_10_N26_00_E091_00_DEM,Copernicus DEM GLO-30 via Microsoft Planetary Computer,True,103.10369110107422,9.53025770530759,60.51654809605611,0.0076606755081171,27.761667548171207,30.715,False,NASA POWER Daily API / PRECTOTCORR,True,36.99,116.13,174.15999999999997,"{""2013-09-30"": 1.45, ""2013-10-01"": 0.01, ""2013-10-02"": 0.03, ""2013-10-03"": 56.54, ""2013-10-04"": 17.71, ""2013-10-05"": 61.43, ""2013-10-06"": 36.99}",ESA_WorldCover_10m_2021_v200_N24E090,MOD13Q1.A2013273.h25v06.061.2021240225024,2013-10-07T23:59:59.500000+00:00,1.0,10.0,Tree cover,ESA WorldCover 2021 v200,2021,8,,,,,False,NASA MODIS MOD13Q1/MYD13Q1 v6.1 16-day 250m,True,False,,ERA5-Land via Open-Meteo Historical Weather API,era5_land,True,0.498,0.496,0.514,0.509,0.4949999999999999,0.4757142857142857,0.0222857142857142,"{""2013-09-30"": 0.475, ""2013-10-01"": 0.455, ""2013-10-02"": 0.441, ""2013-10-03"": 0.474, ""2013-10-04"": 0.483, ""2013-10-05"": 0.504, ""2013-10-06"": 0.498}",10.084431238169662,1711.9949128711107,residential,,713634860.0,stream,,585148378.0,5000.0,5000.0,True,True,True,OpenStreetMap via Overpass API,2026-09-03T21:14:47Z,local equirectangular point-to-polyline
1057980,Manipur,Manipur,"Tusom, Manipur",25.426,94.6024,Medium (2-25km),5000,2013-10-13,2013,10,Post-monsoon (Oct-Nov),mudslide,rainfall (T),report,9,0,0,No fatalities,0.0,www.indiatvnews.com' 'Heavy rains have been lashing Tusom village of Ukhrul in Manipur for the past three days which resulted in a massive landslide here. Ukhrul district of Manipur lies close to the Indo-Myanmar border. Villagers immediately evacuated the area fearing volcan,http://www.indiatvnews.com/news/india/people-in-manipur-evacuate-due-to-landslides-volcanic-eruption-fear-baseless-29544.html,UGLC,Copernicus_DSM_COG_10_N25_00_E094_00_DEM,Copernicus DEM GLO-30 via Microsoft Planetary Computer,True,1339.6658935546875,11.548881104204971,297.5934726439389,-0.0012176796136613,27.92711294804422,30.715,False,NASA POWER Daily API / PRECTOTCORR,True,0.0,0.03,14.13,"{""2013-10-07"": 8.75, ""2013-10-08"": 5.35, ""2013-10-09"": 0.0, ""2013-10-10"": 0.0, ""2013-10-11"": 0.0, ""2013-10-12"": 0.03, ""2013-10-13"": 0.0}",ESA_WorldCover_10m_2021_v200_N24E093,MYD13Q1.A2013281.h26v06.061.2021243032416,2013-10-15T23:59:59.500000+00:00,2.0,10.0,Tree cover,ESA WorldCover 2021 v200,2021,8,8049.0,0.8049000000000001,0.0,Good data,True,NASA MODIS MOD13Q1/MYD13Q1 v6.1 16-day 250m,True,True,0.8049000000000001,ERA5-Land via Open-Meteo Historical Weather API,era5_land,True,0.37,0.378,0.4,0.393,0.3753333333333333,0.3967142857142857,-0.0267142857142856,"{""2013-10-07"": 0.428, ""2013-10-08"": 0.423, ""2013-10-09"": 0.407, ""2013-10-10"": 0.393, ""2013-10-11"": 0.382, ""2013-10-12"": 0.374, ""2013-10-13"": 0.37}",1685.5189000010791,5626.996168956024,unclassified,,1168261538.0,river,Ther River,329628001.0,5000.0,15000.0,True,True,True,OpenStreetMap via Overpass API,2026-09-03T21:16:51Z,local equirectangular point-to-polyline
1050217,Assam,Assam,"Satgarakul Village, Karimganj, Assam State",24.8669,92.3576,High (<2km),1000,2014-05-09,2014,5,Pre-monsoon (Apr-May),earth slide,rainfall (T),report,7,7,1,Severe (5+),0.0,"Sciency Thoughts' 'Seven members of a single family have been killed by a landslide that struck their home in the village of Satkoragool in the Karimganj District of Assam State, India, overnight between Friday 9 May and Saturday 10 May/2014. Nobody witnessed the incident,",http://sciencythoughts.blogspot.com/2014/05/seven-members-of-one-family-killed-by.html,UGLC,Copernicus_DSM_COG_10_N24_00_E092_00_DEM,Copernicus DEM GLO-30 via Microsoft Planetary Computer,True,18.03086853027344,1.2542390154716585,44.16628727004269,0.0012826392621023,28.05533323231785,30.715,True,NASA POWER Daily API / PRECTOTCORR,True,39.09,114.48,171.8,"{""2014-05-03"": 10.26, ""2014-05-04"": 20.99, ""2014-05-05"": 3.53, ""2014-05-06"": 22.54, ""2014-05-07"": 26.11, ""2014-05-08"": 49.28, ""2014-05-09"": 39.09}",ESA_WorldCover_10m_2021_v200_N24E090,MYD13Q1.A2014121.h25v06.061.2021255151030,2014-05-08T23:59:59.500000+00:00,1.0,50.0,Built-up,ESA WorldCover 2021 v200,2021,7,,,,,False,NASA MODIS MOD13Q1/MYD13Q1 v6.1 16-day 250m,True,False,,ERA5-Land via Open-Meteo Historical Weather API,era5_land,True,0.479,0.498,0.41,0.433,0.4733333333333333,0.4432857142857142,0.0357142857142857,"{""2014-05-03"": 0.376, ""2014-05-04"": 0.463, ""2014-05-05"": 0.439, ""2014-05-06"": 0.405, ""2014-05-07"": 0.458, ""2014-05-08"": 0.483, ""2014-05-09"": 0.479}",18.917083441857812,114.19904136553937,tertiary,,676641265.0,canal,,194605388.0,5000.0,5000.0,True,True,True,OpenStreetMap via Overpass API,2026-09-03T21:17:51Z,local equirectangular point-to-polyline
1050273,Assam,Assam,Karimganj,24.58041329,92.37948378,Medium (2-25km),24155,2014-05-10,2014,5,Pre-monsoon (Apr-May),ND,rainfall (T),event,9,7,1,Severe (5+),,"Seven members of a single family have been killed by a landslide that struck their home in the village of Satkoragool in the Karimganj District of Assam State, India, overnight between Friday 9 May and Saturday 10 May 2014. Nobody witnessed the incident,",http://sciencythoughts.blogspot.co.uk/2014/05/seven-members-of-one-family-killed-by.html,UGLC,Copernicus_DSM_COG_10_N24_00_E092_00_DEM,Copernicus DEM GLO-30 via Microsoft Planetary Computer,True,59.23699188232422,20.620412386790687,358.94486457999045,-0.0020025934135368,28.119999811737927,30.715,False,NASA POWER Daily API / PRECTOTCORR,True,20.66,99.88,167.27,"{""2014-05-04"": 10.66, ""2014-05-05"": 4.4, ""2014-05-06"": 14.21, ""2014-05-07"": 38.12, ""2014-05-08"": 43.58, ""2014-05-09"": 35.64, ""2014-05-10"": 20.66}",ESA_WorldCover_10m_2021_v200_N24E090,MYD13Q1.A2014121.h25v06.061.2021255151030,2014-05-08T23:59:59.500000+00:00,2.0,10.0,Tree cover,ESA WorldCover 2021 v200,2021,7,,,,,False,NASA MODIS MOD13Q1/MYD13Q1 v6.1 16-day 250m,True,False,,ERA5-Land via Open-Meteo Historical Weather API,era5_land,True,0.437,0.449,0.337,0.367,0.4443333333333333,0.4294285714285714,0.0075714285714286,"{""2014-05-04"": 0.424, ""2014-05-05"": 0.42, ""2014-05-06"": 0.386, ""2014-05-07"": 0.443, ""2014-05-08"": 0.446, ""2014-05-09"": 0.45, ""2014-05-10"": 0.437}",1295.624974328822,4412.8986367350735,unclassified,,409869775.0,river,,1342750940.0,5000.0,5000.0,True,True,True,OpenStreetMap via Overpass API,2026-09-03T20:07:44Z,local equirectangular point-to-polyline
938395,Sikkim,Sikkim,North Sikkim,27.74367525,88.52635367,Low (>25km),36744,2014-06-24,2014,6,Monsoon (Jun-Sep),ND,rainfall (T),event,9,3,1,Moderate (3-5),,Three teachers of Tanek Primary School in North Sikkim were crushed to death when the car they were travelling in was caught in a crash of boulders at Dhamala Bhir under Ramthang-Tanek GPU of Kabi-Lungchok constituency on the North Sikkim Highway. The te,http://sikkimnow.blogspot.co.uk/2014/06/3-teachers-from-tanek-school-killed-in.html,UGLC,Copernicus_DSM_COG_10_N27_00_E088_00_DEM,Copernicus DEM GLO-30 via Microsoft Planetary Computer,True,4007.63134765625,50.68192489089456,113.70086054503838,-0.0011157865863768,27.36737356695137,30.715,False,NASA POWER Daily API / PRECTOTCORR,True,7.62,31.44,55.08,"{""2014-06-18"": 7.59, ""2014-06-19"": 2.35, ""2014-06-20"": 5.73, ""2014-06-21"": 7.97, ""2014-06-22"": 17.75, ""2014-06-23"": 6.07, ""2014-06-24"": 7.62}",ESA_WorldCover_10m_2021_v200_N27E087,MYD13Q1.A2014169.h25v06.061.2021258114450,2014-06-25T23:59:59.500000+00:00,1.0,30.0,Grassland,ESA WorldCover 2021 v200,2021,7,552.0,0.0552,3.0,Cloudy,False,NASA MODIS MOD13Q1/MYD13Q1 v6.1 16-day 250m,True,True,,ERA5-Land via Open-Meteo Historical Weather API,era5_land,True,0.432,0.433,0.42,0.424,0.4326666666666667,0.432,0.0,"{""2014-06-18"": 0.43, ""2014-06-19"": 0.432, ""2014-06-20"": 0.432, ""2014-06-21"": 0.432, ""2014-06-22"": 0.433, ""2014-06-23"": 0.433, ""2014-06-24"": 0.432}",1747.6345148491016,1791.7788077531698,tertiary,North Sikkim Highway,461631719.0,river,Zemu Chu,134410518.0,5000.0,5000.0,True,True,True,OpenStreetMap via Overpass API,2026-09-03T18:39:36Z,local equirectangular point-to-polyline
1048416,Assam,Assam,Narakasur,26.1407,91.7645,Medium (2-25km),5000,2014-06-26,2014,6,Monsoon (Jun-Sep),earth slide,rainfall (T),report,9,3,1,Moderate (3-5),0.0,"Two Circles' 'At least eight people, including three members of a family, were killed here due to landslides and flash floods triggered by incessant rain since Thursday night, officials said Friday. Four persons were killed due to landslides in two places while anothe",http://twocircles.net/2014jun27/8_killed_assam_landslides_electrocution.html#.U70ydPldU1L,UGLC,Copernicus_DSM_COG_10_N26_00_E091_00_DEM,Copernicus DEM GLO-30 via Microsoft Planetary Computer,True,59.912357330322266,2.295649183370608,68.96744369925534,-0.0002327563890042,27.75933773955947,30.715,False,NASA POWER Daily API / PRECTOTCORR,True,14.95,21.51,166.66,"{""2014-06-20"": 24.45, ""2014-06-21"": 58.34, ""2014-06-22"": 45.31, ""2014-06-23"": 17.05, ""2014-06-24"": 4.62, ""2014-06-25"": 1.94, ""2014-06-26"": 14.95}",ESA_WorldCover_10m_2021_v200_N24E090,MYD13Q1.A2014169.h25v06.061.2021258114450,2014-06-25T23:59:59.500000+00:00,1.0,50.0,Built-up,ESA WorldCover 2021 v200,2021,7,,,,,False,NASA MODIS MOD13Q1/MYD13Q1 v6.1 16-day 250m,True,False,,ERA5-Land via Open-Meteo Historical Weather API,era5_land,True,0.486,0.485,0.502,0.497,0.4829999999999999,0.4838571428571428,0.0021428571428571,"{""2014-06-20"": 0.489, ""2014-06-21"": 0.469, ""2014-06-22"": 0.493, ""2014-06-23"": 0.487, ""2014-06-24"": 0.479, ""2014-06-25"": 0.484, ""2014-06-26"": 0.486}",17.463976823861085,1210.4139680139563,residential,Bhagaduttapur Road,497513010.0,stream,Bashistha,497502708.0,5000.0,5000.0,True,True,True,OpenStreetMap via Overpass API,2026-09-03T21:17:51Z,local equirectangular point-to-polyline
1048421,Assam,Assam,Bhangagarh,26.16343122,91.76898556,High (<2km),424,2014-06-26,2014,6,Monsoon (Jun-Sep),ND,rainfall (T),event,5,4,1,Moderate (3-5),,"The other casualties were three members of a family, including two women, who were killed in a landslide which hit their tin-roofed house in Bhangagarh area, the sources said.",http://www.dnaindia.com/india/report-six-die-of-electrocution-and-landslide-after-rains-in-guwahati-1998172,UGLC,Copernicus_DSM_COG_10_N26_00_E091_00_DEM,Copernicus DEM GLO-30 via Microsoft Planetary Computer,True,53.35237121582031,2.074764579366058,118.86831217440324,0.0008350027288797,27.75393059358252,30.715,True,NASA POWER Daily API / PRECTOTCORR,True,14.95,21.51,166.66,"{""2014-06-20"": 24.45, ""2014-06-21"": 58.34, ""2014-06-22"": 45.31, ""2014-06-23"": 17.05, ""2014-06-24"": 4.62, ""2014-06-25"": 1.94, ""2014-06-26"": 14.95}",ESA_WorldCover_10m_2021_v200_N24E090,MYD13Q1.A2014169.h25v06.061.2021258114450,2014-06-25T23:59:59.500000+00:00,1.0,50.0,Built-up,ESA WorldCover 2021 v200,2021,7,,,,,False,NASA MODIS MOD13Q1/MYD13Q1 v6.1 16-day 250m,True,False,,ERA5-Land via Open-Meteo Historical Weather API,era5_land,True,0.479,0.491,0.504,0.5,0.4803333333333333,0.4788571428571428,0.0001428571428571,"{""2014-06-20"": 0.476, ""2014-06-21"": 0.479, ""2014-06-22"": 0.489, ""2014-06-23"": 0.467, ""2014-06-24"": 0.477, ""2014-06-25"": 0.485, ""2014-06-26"": 0.479}",29.165034007472638,390.2804528831807,service,,734704788.0,stream,Bharalu River,497520977.0,5000.0,5000.0,True,True,True,OpenStreetMap via Overpass API,2026-09-03T21:18:51Z,local equirectangular point-to-polyline
1048440,Assam,Assam,Bamunimaidam,26.1844,91.7896,Medium (2-25km),5000,2014-06-26,2014,6,Monsoon (Jun-Sep),earth slide,rainfall (T),report,9,1,1,Minor (1-2),0.0,"Two Circles' 'At least eight people, including three members of a family, were killed here due to landslides and flash floods triggered by incessant rain since Thursday night, officials said Friday. Four persons were killed due to landslides in two places while anothe",http://twocircles.net/2014jun27/8_killed_assam_landslides_electrocution.html#.U70ydPldU1L,UGLC,Copernicus_DSM_COG_10_N26_00_E091_00_DEM,Copernicus DEM GLO-30 via Microsoft Planetary Computer,True,63.86541366577149,6.065299644891162,166.29967746751538,-0.002115560567013,27.748938811166177,30.715,False,NASA POWER Daily API / PRECTOTCORR,True,14.95,21.51,166.66,"{""2014-06-20"": 24.45, ""2014-06-21"": 58.34, ""2014-06-22"": 45.31, ""2014-06-23"": 17.05, ""2014-06-24"": 4.62, ""2014-06-25"": 1.94, ""2014-06-26"": 14.95}",ESA_WorldCover_10m_2021_v200_N24E090,MYD13Q1.A2014169.h25v06.061.2021258114450,2014-06-25T23:59:59.500000+00:00,1.0,50.0,Built-up,ESA WorldCover 2021 v200,2021,7,,,,,False,NASA MODIS MOD13Q1/MYD13Q1 v6.1 16-day 250m,True,False,,ERA5-Land via Open-Meteo Historical Weather API,era5_land,True,0.479,0.491,0.504,0.5,0.4803333333333333,0.4788571428571428,0.0001428571428571,"{""2014-06-20"": 0.476, ""2014-06-21"": 0.479, ""2014-06-22"": 0.489, ""2014-06-23"": 0.467, ""2014-06-24"": 0.477, ""2014-06-25"": 0.485, ""2014-06-26"": 0.479}",11.827540205480293,2083.291976502363,primary,Maniram Dewan Road,51188438.0,stream,,585129873.0,5000.0,5000.0,True,True,True,OpenStreetMap via Overpass API,2026-07-24T11:04:51Z,local equirectangular point-to-polyline
1048422,Assam,Assam,"Bhangagarh, Assam",26.1619,91.7697,High (<2km),0,2014-06-27,2014,6,Monsoon (Jun-Sep),earth slide,rainfall (T),report,1,3,1,Moderate (3-5),0.0,"Assam Times' 'Over 50 people had a narrow escape in Guwahati when 13 houses collapsed in landslide on Saturday. The incident took place in the morning at Kharghuli hilltop where 13 houses were damaged in landslide. The people inside the houses, who were remaining aler",http://www.assamtimes.org/node/11181,UGLC,Copernicus_DSM_COG_10_N26_00_E091_00_DEM,Copernicus DEM GLO-30 via Microsoft Planetary Computer,True,55.81050491333008,5.964378465171135,96.7796352525396,-0.0021664367252633,27.754294966875943,30.715,True,NASA POWER Daily API / PRECTOTCORR,True,9.37,26.26,151.58,"{""2014-06-21"": 58.34, ""2014-06-22"": 45.31, ""2014-06-23"": 17.05, ""2014-06-24"": 4.62, ""2014-06-25"": 1.94, ""2014-06-26"": 14.95, ""2014-06-27"": 9.37}",ESA_WorldCover_10m_2021_v200_N24E090,MYD13Q1.A2014169.h25v06.061.2021258114450,2014-06-25T23:59:59.500000+00:00,2.0,50.0,Built-up,ESA WorldCover 2021 v200,2021,7,,,,,False,NASA MODIS MOD13Q1/MYD13Q1 v6.1 16-day 250m,True,False,,ERA5-Land via Open-Meteo Historical Weather API,era5_land,True,0.475,0.484,0.512,0.503,0.4796666666666667,0.4787142857142857,-0.0037142857142857,"{""2014-06-21"": 0.479, ""2014-06-22"": 0.489, ""2014-06-23"": 0.467, ""2014-06-24"": 0.477, ""2014-06-25"": 0.485, ""2014-06-26"": 0.479, ""2014-06-27"": 0.475}",17.93151858353893,536.0242022000587,residential,,508671985.0,stream,Bharalu River,497520977.0,5000.0,5000.0,True,True,True,OpenStreetMap via Overpass API,2026-09-03T21:20:50Z,local equirectangular point-to-polyline
1048417,Assam,Assam,"Kharghuli Hills, Assam",26.1964,91.7652,High (<2km),0,2014-06-28,2014,6,Monsoon (Jun-Sep),earth slide,rainfall (T),report,1,0,0,No fatalities,0.0,"Assam Times' 'Over 50 people had a narrow escape in Guwahati when 13 houses collapsed in landslide on Saturday. The incident took place in the morning at Kharghuli hilltop where 13 houses were damaged in landslide. The people inside the houses, who were remaining aler",http://www.assamtimes.org/node/11181,UGLC,Copernicus_DSM_COG_10_N26_00_E091_00_DEM,Copernicus DEM GLO-30 via Microsoft Planetary Computer,True,87.89129638671875,24.25785941856072,33.33561395779378,-0.0101709477297859,27.7460804450034,30.715,True,NASA POWER Daily API / PRECTOTCORR,True,6.66,30.98,99.9,"{""2014-06-22"": 45.31, ""2014-06-23"": 17.05, ""2014-06-24"": 4.62, ""2014-06-25"": 1.94, ""2014-06-26"": 14.95, ""2014-06-27"": 9.37, ""2014-06-28"": 6.66}",ESA_WorldCover_10m_2021_v200_N24E090,MYD13Q1.A2014169.h25v06.061.2021258114450,2014-06-25T23:59:59.500000+00:00,3.0,10.0,Tree cover,ESA WorldCover 2021 v200,2021,7,,,,,False,NASA MODIS MOD13Q1/MYD13Q1 v6.1 16-day 250m,True,False,,ERA5-Land via Open-Meteo Historical Weather API,era5_land,True,0.465,0.451,0.509,0.494,0.473,0.4767142857142857,-0.0117142857142856,"{""2014-06-22"": 0.489, ""2014-06-23"": 0.467, ""2014-06-24"": 0.477, ""2014-06-25"": 0.485, ""2014-06-26"": 0.479, ""2014-06-27"": 0.475, ""2014-06-28"": 0.465}",0.8724955078168495,1375.2888139678848,residential,,508399312.0,river,Brahmaputra,367136354.0,5000.0,5000.0,True,True,True,OpenStreetMap via Overpass API,2026-09-04T06:12:26Z,local equirectangular point-to-polyline
1050601,Mizoram,Mizoram,AIZAWL,23.73719685,92.72342008,Medium (2-25km),7696,2014-07-14,2014,7,Monsoon (Jun-Sep),ND,rainfall (T),event,9,1,1,Minor (1-2),,"The State Disaster Response Force and volunteers from Falkland locality and other places continued their operation to search the body of a 30-year-old woman, swept away by a massive landslide last evening near Aizawl, despite inclement weather.\n\nSix pers",http://www.business-standard.com/article/pti-stories/rescue-operations-for-woman-swept-away-by-landslide-continue-114071500831_1.html,UGLC,Copernicus_DSM_COG_10_N23_00_E092_00_DEM,Copernicus DEM GLO-30 via Microsoft Planetary Computer,True,838.7420043945312,33.57176295185052,168.75806444995828,0.0106274302325318,28.30624714858693,30.715,False,NASA POWER Daily API / PRECTOTCORR,True,5.08,14.849999999999998,37.14000000000001,"{""2014-07-08"": 1.81, ""2014-07-09"": 0.59, ""2014-07-10"": 15.38, ""2014-07-11"": 4.51, ""2014-07-12"": 6.22, ""2014-07-13"": 3.55, ""2014-07-14"": 5.08}",ESA_WorldCover_10m_2021_v200_N21E090,MYD13Q1.A2014185.h26v06.061.2021259050028,2014-07-11T23:59:59.500000+00:00,3.0,10.0,Tree cover,ESA WorldCover 2021 v200,2021,7,4388.0,0.4388,3.0,Cloudy,False,NASA MODIS MOD13Q1/MYD13Q1 v6.1 16-day 250m,True,True,,ERA5-Land via Open-Meteo Historical Weather API,era5_land,True,0.424,0.425,0.415,0.418,0.4243333333333333,0.402,0.0219999999999999,"{""2014-07-08"": 0.377, ""2014-07-09"": 0.367, ""2014-07-10"": 0.384, ""2014-07-11"": 0.413, ""2014-07-12"": 0.424, ""2014-07-13"": 0.425, ""2014-07-14"": 0.424}",22.099089735444032,1456.6109102649107,residential,,1074462475.0,stream,Tuikual River,641629866.0,5000.0,5000.0,True,True,True,OpenStreetMap via Overpass API,2026-09-03T19:13:51Z,local equirectangular point-to-polyline
1050612,Mizoram,Mizoram,"Zembabawk, Aizawl",23.7327,92.7463,Medium (2-25km),5000,2014-07-14,2014,7,Monsoon (Jun-Sep),earth slide,rainfall (T),report,9,1,1,Minor (1-2),2.0,"Business Standard' 'The State Disaster Response Force and volunteers from Falkland locality and other places continued their operation to search the body of a 30-year-old woman, swept away by a massive landslide last evening near Aizawl, despite inclement weather. Six perso",http://www.business-standard.com/article/pti-stories/rescue-operations-for-woman-swept-away-by-landslide-continue-114071500831_1.html,UGLC,Copernicus_DSM_COG_10_N23_00_E092_00_DEM,Copernicus DEM GLO-30 via Microsoft Planetary Computer,True,854.8024291992188,31.81867852529337,162.01044310619102,-0.0101174302435605,28.30722400125253,30.715,False,NASA POWER Daily API / PRECTOTCORR,True,5.08,14.849999999999998,37.14000000000001,"{""2014-07-08"": 1.81, ""2014-07-09"": 0.59, ""2014-07-10"": 15.38, ""2014-07-11"": 4.51, ""2014-07-12"": 6.22, ""2014-07-13"": 3.55, ""2014-07-14"": 5.08}",ESA_WorldCover_10m_2021_v200_N21E090,MYD13Q1.A2014185.h26v06.061.2021259050028,2014-07-11T23:59:59.500000+00:00,3.0,50.0,Built-up,ESA WorldCover 2021 v200,2021,7,6680.0,0.668,3.0,Cloudy,False,NASA MODIS MOD13Q1/MYD13Q1 v6.1 16-day 250m,True,True,,ERA5-Land via Open-Meteo Historical Weather API,era5_land,True,0.424,0.425,0.415,0.418,0.4243333333333333,0.402,0.0219999999999999,"{""2014-07-08"": 0.377, ""2014-07-09"": 0.367, ""2014-07-10"": 0.384, ""2014-07-11"": 0.413, ""2014-07-12"": 0.424, ""2014-07-13"": 0.425, ""2014-07-14"": 0.424}",17.25967654451146,3382.0067998221243,residential,,1070953057.0,stream,Tuikual River,641629866.0,5000.0,5000.0,True,True,True,OpenStreetMap via Overpass API,2026-09-04T06:12:26Z,local equirectangular point-to-polyline
1050649,Assam,Assam,Cachar,24.81395989,92.85687296,Low (>25km),34718,2014-07-27,2014,7,Monsoon (Jun-Sep),ND,rainfall (T),event,9,5,1,Moderate (3-5),,"""""GFLD"", locality: 'Cachar',"" description: """"""""A heavy landslide killed five workers in the remote Kangpung village of Assam's Cachar district. Though the incident occurred on Monday"","" police said three bodies were found on Wednesday.\n\n Sources said the workers had been engaged in cutting trees along""""""""""""",http://timesofindia.indiatimes.com/City/Guwahati/Landslide-kills-5-in-Cachar/articleshow/39350464.cms,UGLC,Copernicus_DSM_COG_10_N24_00_E092_00_DEM,Copernicus DEM GLO-30 via Microsoft Planetary Computer,True,19.78896713256836,2.497008873575436,356.95273631434605,0.0024361401967556,28.06733590204245,30.715,False,NASA POWER Daily API / PRECTOTCORR,True,7.49,8.770000000000001,27.15,"{""2014-07-21"": 4.54, ""2014-07-22"": 6.08, ""2014-07-23"": 5.32, ""2014-07-24"": 2.44, ""2014-07-25"": 0.49, ""2014-07-26"": 0.79, ""2014-07-27"": 7.49}",ESA_WorldCover_10m_2021_v200_N24E090,MYD13Q1.A2014201.h26v06.061.2021259171401,2014-07-27T23:59:59.500000+00:00,0.0,40.0,Cropland,ESA WorldCover 2021 v200,2021,7,5994.0,0.5994,0.0,Good data,True,NASA MODIS MOD13Q1/MYD13Q1 v6.1 16-day 250m,True,True,0.5994,ERA5-Land via Open-Meteo Historical Weather API,era5_land,True,0.488,0.499,0.479,0.484,0.485,0.4802857142857143,0.0077142857142856,"{""2014-07-21"": 0.46, ""2014-07-22"": 0.501, ""2014-07-23"": 0.468, ""2014-07-24"": 0.478, ""2014-07-25"": 0.485, ""2014-07-26"": 0.482, ""2014-07-27"": 0.488}",155.97015757992702,719.0672982221522,tertiary,,1320810066.0,river,,668833462.0,5000.0,5000.0,True,True,True,OpenStreetMap via Overpass API,2026-09-03T19:14:51Z,local equirectangular point-to-polyline
1048384,Tripura,Tripura,Sabroom,23.0137,91.7174,Medium (2-25km),5000,2014-08-14,2014,8,Monsoon (Jun-Sep),mudslide,rainfall (T),report,9,3,1,Moderate (3-5),0.0,"New Indian Express' 'A woman and her two children were killed when a landslide buried their house in Tripura, police said here Friday.",http://www.newindianexpress.com/nation/Landslide-Kills-Three-in-Tripura/2014/08/15/article2381042.ece,UGLC,Copernicus_DSM_COG_10_N23_00_E091_00_DEM,Copernicus DEM GLO-30 via Microsoft Planetary Computer,True,28.031164169311523,6.779420697766552,284.6082979861957,0.0033246568321512,28.46116582739831,30.715,False,NASA POWER Daily API / PRECTOTCORR,True,92.29,193.44000000000003,223.30000000000004,"{""2014-08-08"": 1.36, ""2014-08-09"": 3.46, ""2014-08-10"": 7.5, ""2014-08-11"": 17.54, ""2014-08-12"": 40.77, ""2014-08-13"": 60.38, ""2014-08-14"": 92.29}",ESA_WorldCover_10m_2021_v200_N21E090,MYD13Q1.A2014217.h25v06.061.2021260131913,2014-08-12T23:59:59.500000+00:00,2.0,50.0,Built-up,ESA WorldCover 2021 v200,2021,7,,,,,False,NASA MODIS MOD13Q1/MYD13Q1 v6.1 16-day 250m,True,False,,ERA5-Land via Open-Meteo Historical Weather API,era5_land,True,0.468,0.475,0.511,0.501,0.4733333333333333,0.4747142857142856,-0.0067142857142856,"{""2014-08-08"": 0.484, ""2014-08-09"": 0.473, ""2014-08-10"": 0.474, ""2014-08-11"": 0.472, ""2014-08-12"": 0.464, ""2014-08-13"": 0.488, ""2014-08-14"": 0.468}",15.021608449893332,1877.2460276679226,track,,978599613.0,river,ফেনী নদী,729019670.0,5000.0,5000.0,True,True,True,OpenStreetMap via Overpass API,2026-09-04T06:14:36Z,local equirectangular point-to-polyline
1048357,Tripura,Tripura,South Tripura,23.19818874,91.58174838,Medium (2-25km),22029,2014-08-14,2014,8,Monsoon (Jun-Sep),ND,rainfall (T),event,9,3,1,Moderate (3-5),,"The Tripura victims, a 32-year-old tribal woman and her two minor children, were sleeping when their house was buried in a landslide following heavy rains in South Tripura. Police said the incident occurred in a remote hamlet called Shankartilla, under M",http://timesofindia.indiatimes.com/City/Guwahati/Landslides-kill-4-in-Tripura-Arunachal/articleshow/40287315.cms,UGLC,Copernicus_DSM_COG_10_N23_00_E091_00_DEM,Copernicus DEM GLO-30 via Microsoft Planetary Computer,True,49.47390365600586,9.48484835785933,288.4771761058663,-0.0037159352210013,28.422092287487136,30.715,False,NASA POWER Daily API / PRECTOTCORR,True,92.29,193.44000000000003,223.30000000000004,"{""2014-08-08"": 1.36, ""2014-08-09"": 3.46, ""2014-08-10"": 7.5, ""2014-08-11"": 17.54, ""2014-08-12"": 40.77, ""2014-08-13"": 60.38, ""2014-08-14"": 92.29}",ESA_WorldCover_10m_2021_v200_N21E090,MYD13Q1.A2014217.h25v06.061.2021260131913,2014-08-12T23:59:59.500000+00:00,2.0,10.0,Tree cover,ESA WorldCover 2021 v200,2021,7,,,,,False,NASA MODIS MOD13Q1/MYD13Q1 v6.1 16-day 250m,True,False,,ERA5-Land via Open-Meteo Historical Weather API,era5_land,True,0.459,0.479,0.513,0.502,0.4696666666666667,0.4727142857142857,-0.0137142857142857,"{""2014-08-08"": 0.482, ""2014-08-09"": 0.481, ""2014-08-10"": 0.49, ""2014-08-11"": 0.447, ""2014-08-12"": 0.46, ""2014-08-13"": 0.49, ""2014-08-14"": 0.459}",888.4833058244568,1629.0742584358854,unclassified,,1374662417.0,river,Muhuri River,163209243.0,5000.0,5000.0,True,True,True,OpenStreetMap via Overpass API,2026-09-04T06:14:36Z,local equirectangular point-to-polyline
1048376,Assam,Assam,Garchuk,26.1044,91.7082,Medium (2-25km),5000,2014-09-22,2014,9,Monsoon (Jun-Sep),earth slide,rainfall (T),report,9,0,0,No fatalities,0.0,Assam Tribune' 'another road in Garchuk was also blocked due to landslide.,http://www.assamtribune.com/scripts/detailsnew.asp?id=sep2414/at051,UGLC,Copernicus_DSM_COG_10_N26_00_E091_00_DEM,Copernicus DEM GLO-30 via Microsoft Planetary Computer,True,52.3416633605957,1.2607887138388243,196.90590771410336,0.0029211162143649,27.76796347319671,30.715,False,NASA POWER Daily API / PRECTOTCORR,True,160.51,250.74,293.9599999999999,"{""2014-09-16"": 1.28, ""2014-09-17"": 0.0, ""2014-09-18"": 22.03, ""2014-09-19"": 19.91, ""2014-09-20"": 18.45, ""2014-09-21"": 71.78, ""2014-09-22"": 160.51}",ESA_WorldCover_10m_2021_v200_N24E090,MOD13Q1.A2014257.h25v06.061.2021263052525,2014-09-21T23:59:59.500000+00:00,1.0,10.0,Tree cover,ESA WorldCover 2021 v200,2021,7,,,,,False,NASA MODIS MOD13Q1/MYD13Q1 v6.1 16-day 250m,True,False,,ERA5-Land via Open-Meteo Historical Weather API,era5_land,True,0.475,0.491,0.476,0.479,0.4736666666666667,0.4788571428571428,-0.0038571428571428,"{""2014-09-16"": 0.497, ""2014-09-17"": 0.475, ""2014-09-18"": 0.475, ""2014-09-19"": 0.484, ""2014-09-20"": 0.48, ""2014-09-21"": 0.466, ""2014-09-22"": 0.475}",10.58895257695493,103.97292381714666,residential,,1190378715.0,stream,,517474925.0,5000.0,5000.0,True,True,True,OpenStreetMap via Overpass API,2026-09-04T06:14:36Z,local equirectangular point-to-polyline
1048375,Assam,Assam,Dhirenpara,26.1295,91.7056,Medium (2-25km),5000,2014-09-22,2014,9,Monsoon (Jun-Sep),earth slide,rainfall (T),report,9,0,0,No fatalities,0.0,"Assam Tribune' 'On the other hand, several incidents of landslides were reported from Dhirenpara, Koinadhara, Gorhchuk, Noonmati and Pamohi.",http://www.assamtribune.com/scripts/detailsnew.asp?id=sep2414/at051,UGLC,Copernicus_DSM_COG_10_N26_00_E091_00_DEM,Copernicus DEM GLO-30 via Microsoft Planetary Computer,True,149.2345733642578,6.346773990714612,299.799279111221,-0.0111454979427182,27.76200031167404,30.715,False,NASA POWER Daily API / PRECTOTCORR,True,160.51,250.74,293.9599999999999,"{""2014-09-16"": 1.28, ""2014-09-17"": 0.0, ""2014-09-18"": 22.03, ""2014-09-19"": 19.91, ""2014-09-20"": 18.45, ""2014-09-21"": 71.78, ""2014-09-22"": 160.51}",ESA_WorldCover_10m_2021_v200_N24E090,MOD13Q1.A2014257.h25v06.061.2021263052525,2014-09-21T23:59:59.500000+00:00,1.0,10.0,Tree cover,ESA WorldCover 2021 v200,2021,7,,,,,False,NASA MODIS MOD13Q1/MYD13Q1 v6.1 16-day 250m,True,False,,ERA5-Land via Open-Meteo Historical Weather API,era5_land,True,0.475,0.491,0.476,0.479,0.4736666666666667,0.4788571428571428,-0.0038571428571428,"{""2014-09-16"": 0.497, ""2014-09-17"": 0.475, ""2014-09-18"": 0.475, ""2014-09-19"": 0.484, ""2014-09-20"": 0.48, ""2014-09-21"": 0.466, ""2014-09-22"": 0.475}",21.39897909492575,1729.8685944458996,unclassified,,585156838.0,stream,,585162104.0,5000.0,5000.0,True,True,True,OpenStreetMap via Overpass API,2026-09-04T06:14:36Z,local equirectangular point-to-polyline
1048444,Assam,Assam,Lichubagan,26.15146273,91.79753177,High (<2km),405,2014-09-22,2014,9,Monsoon (Jun-Sep),ND,rainfall (T),event,5,1,1,Minor (1-2),,"Incessant rainfall and landslides claimed two lives in Guwahati and brought public life to a grinding halt today. A 71-year-old woman died due to landslide in Hengerabari-Lichubagan area,",http://www.assamtribune.com/scripts/detailsnew.asp?id=sep2314/at050,UGLC,Copernicus_DSM_COG_10_N26_00_E091_00_DEM,Copernicus DEM GLO-30 via Microsoft Planetary Computer,True,62.31438446044922,3.7272541528479786,288.1379273617004,0.0005293335780845,27.75677812008155,30.715,True,NASA POWER Daily API / PRECTOTCORR,True,160.51,250.74,293.9599999999999,"{""2014-09-16"": 1.28, ""2014-09-17"": 0.0, ""2014-09-18"": 22.03, ""2014-09-19"": 19.91, ""2014-09-20"": 18.45, ""2014-09-21"": 71.78, ""2014-09-22"": 160.51}",ESA_WorldCover_10m_2021_v200_N24E090,MOD13Q1.A2014257.h25v06.061.2021263052525,2014-09-21T23:59:59.500000+00:00,1.0,50.0,Built-up,ESA WorldCover 2021 v200,2021,7,,,,,False,NASA MODIS MOD13Q1/MYD13Q1 v6.1 16-day 250m,True,False,,ERA5-Land via Open-Meteo Historical Weather API,era5_land,True,0.478,0.496,0.479,0.483,0.4833333333333333,0.4734285714285714,0.0045714285714285,"{""2014-09-16"": 0.47, ""2014-09-17"": 0.445, ""2014-09-18"": 0.464, ""2014-09-19"": 0.485, ""2014-09-20"": 0.49, ""2014-09-21"": 0.482, ""2014-09-22"": 0.478}",27.21790306349441,810.9501042019498,residential,,1266459112.0,stream,,497520998.0,5000.0,5000.0,True,True,True,OpenStreetMap via Overpass API,2026-09-04T06:15:33Z,local equirectangular point-to-polyline
1048409,Assam,Assam,Dakhingaon,26.1314,91.7548,High (<2km),1000,2014-09-22,2014,9,Monsoon (Jun-Sep),earth slide,rainfall (T),report,7,0,0,No fatalities,0.0,"Assam Tribune' 'Flash flood and landslides continued to cause devastation in Guwahati for the second day today with the death toll due to landslip rising to four. Two persons died in two separate incidents of landslides in Lalmati and Dakhingaon, whereas a woman was inj",http://www.assamtribune.com/scripts/detailsnew.asp?id=sep2414/at051,UGLC,Copernicus_DSM_COG_10_N26_00_E091_00_DEM,Copernicus DEM GLO-30 via Microsoft Planetary Computer,True,72.1116714477539,6.468014201461779,284.2137563683252,0.0045527141051364,27.76154870004612,30.715,True,NASA POWER Daily API / PRECTOTCORR,True,160.51,250.74,293.9599999999999,"{""2014-09-16"": 1.28, ""2014-09-17"": 0.0, ""2014-09-18"": 22.03, ""2014-09-19"": 19.91, ""2014-09-20"": 18.45, ""2014-09-21"": 71.78, ""2014-09-22"": 160.51}",ESA_WorldCover_10m_2021_v200_N24E090,MOD13Q1.A2014257.h25v06.061.2021263052525,2014-09-21T23:59:59.500000+00:00,1.0,40.0,Cropland,ESA WorldCover 2021 v200,2021,7,,,,,False,NASA MODIS MOD13Q1/MYD13Q1 v6.1 16-day 250m,True,False,,ERA5-Land via Open-Meteo Historical Weather API,era5_land,True,0.477,0.495,0.478,0.482,0.4826666666666666,0.4821428571428571,-0.0051428571428571,"{""2014-09-16"": 0.494, ""2014-09-17"": 0.471, ""2014-09-18"": 0.473, ""2014-09-19"": 0.489, ""2014-09-20"": 0.492, ""2014-09-21"": 0.479, ""2014-09-22"": 0.477}",119.02361097832363,570.0949047120331,unclassified,,585167219.0,stream,Bashistha,497502708.0,5000.0,5000.0,True,True,True,OpenStreetMap via Overpass API,2026-09-04T06:16:36Z,local equirectangular point-to-polyline
1048448,Assam,Assam,Noonmati,26.1985,91.7998,Medium (2-25km),5000,2014-09-22,2014,9,Monsoon (Jun-Sep),earth slide,rainfall (T),report,9,0,0,No fatalities,0.0,"Assam Tribune' 'On the other hand, several incidents of landslides were reported from Dhirenpara, Koinadhara, Gorhchuk, Noonmati and Pamohi.",http://www.assamtribune.com/scripts/detailsnew.asp?id=sep2414/at051,UGLC,Copernicus_DSM_COG_10_N26_00_E091_00_DEM,Copernicus DEM GLO-30 via Microsoft Planetary Computer,True,80.32571411132812,17.044399382509756,202.07220081254945,0.0045400680437034,27.745580105790403,30.715,False,NASA POWER Daily API / PRECTOTCORR,True,160.51,250.74,293.9599999999999,"{""2014-09-16"": 1.28, ""2014-09-17"": 0.0, ""2014-09-18"": 22.03, ""2014-09-19"": 19.91, ""2014-09-20"": 18.45, ""2014-09-21"": 71.78, ""2014-09-22"": 160.51}",ESA_WorldCover_10m_2021_v200_N24E090,MOD13Q1.A2014257.h25v06.061.2021263052525,2014-09-21T23:59:59.500000+00:00,1.0,50.0,Built-up,ESA WorldCover 2021 v200,2021,7,,,,,False,NASA MODIS MOD13Q1/MYD13Q1 v6.1 16-day 250m,True,False,,ERA5-Land via Open-Meteo Historical Weather API,era5_land,True,0.478,0.496,0.479,0.483,0.4833333333333333,0.4734285714285714,0.0045714285714285,"{""2014-09-16"": 0.47, ""2014-09-17"": 0.445, ""2014-09-18"": 0.464, ""2014-09-19"": 0.485, ""2014-09-20"": 0.49, ""2014-09-21"": 0.482, ""2014-09-22"": 0.478}",3.4051736742112957,684.2104247162779,residential,,1266769288.0,stream,,585129873.0,5000.0,5000.0,True,True,True,OpenStreetMap via Overpass API,2026-05-31T22:37:44Z,local equirectangular point-to-polyline
1048491,Assam,Assam,Batahghuli,26.1324,91.8342,Medium (2-25km),5000,2014-09-22,2014,9,Monsoon (Jun-Sep),earth slide,rainfall (T),report,9,0,0,No fatalities,1.0,"Assam Tribune' 'Flash flood and landslides continued to cause devastation in Guwahati for the second day today with the death toll due to landslip rising to four. Two persons died in two separate incidents of landslides in Lalmati and Dakhingaon, whereas a woman was inj",http://www.assamtribune.com/scripts/detailsnew.asp?id=sep2414/at051,UGLC,Copernicus_DSM_COG_10_N26_00_E091_00_DEM,Copernicus DEM GLO-30 via Microsoft Planetary Computer,True,68.7442398071289,4.969786532546652,308.88392072912814,0.0027601030271894,27.76131099745345,30.715,False,NASA POWER Daily API / PRECTOTCORR,True,160.51,250.74,293.9599999999999,"{""2014-09-16"": 1.28, ""2014-09-17"": 0.0, ""2014-09-18"": 22.03, ""2014-09-19"": 19.91, ""2014-09-20"": 18.45, ""2014-09-21"": 71.78, ""2014-09-22"": 160.51}",ESA_WorldCover_10m_2021_v200_N24E090,MOD13Q1.A2014257.h25v06.061.2021263052525,2014-09-21T23:59:59.500000+00:00,1.0,50.0,Built-up,ESA WorldCover 2021 v200,2021,7,,,,,False,NASA MODIS MOD13Q1/MYD13Q1 v6.1 16-day 250m,True,False,,ERA5-Land via Open-Meteo Historical Weather API,era5_land,True,0.477,0.495,0.478,0.482,0.4826666666666666,0.4821428571428571,-0.0051428571428571,"{""2014-09-16"": 0.494, ""2014-09-17"": 0.471, ""2014-09-18"": 0.473, ""2014-09-19"": 0.489, ""2014-09-20"": 0.492, ""2014-09-21"": 0.479, ""2014-09-22"": 0.477}",2.06775824386737,1451.5576018035329,residential,,508144909.0,stream,,585148378.0,5000.0,5000.0,True,True,True,OpenStreetMap via Overpass API,2026-09-04T06:20:43Z,local equirectangular point-to-polyline
1048479,Assam,Assam,VIP Road,26.159,91.8178,Medium (2-25km),5000,2014-09-22,2014,9,Monsoon (Jun-Sep),earth slide,rainfall (T),report,9,0,0,No fatalities,0.0,Assam Tribune' 'A portion of VIP Road was blocked due to landslide,http://www.assamtribune.com/scripts/detailsnew.asp?id=sep2414/at051,UGLC,Copernicus_DSM_COG_10_N26_00_E091_00_DEM,Copernicus DEM GLO-30 via Microsoft Planetary Computer,True,63.110050201416016,5.500972172076419,136.38787993915736,-0.0007761802556062,27.754985004474445,30.715,False,NASA POWER Daily API / PRECTOTCORR,True,160.51,250.74,293.9599999999999,"{""2014-09-16"": 1.28, ""2014-09-17"": 0.0, ""2014-09-18"": 22.03, ""2014-09-19"": 19.91, ""2014-09-20"": 18.45, ""2014-09-21"": 71.78, ""2014-09-22"": 160.51}",ESA_WorldCover_10m_2021_v200_N24E090,MOD13Q1.A2014257.h25v06.061.2021263052525,2014-09-21T23:59:59.500000+00:00,1.0,50.0,Built-up,ESA WorldCover 2021 v200,2021,7,,,,,False,NASA MODIS MOD13Q1/MYD13Q1 v6.1 16-day 250m,True,False,,ERA5-Land via Open-Meteo Historical Weather API,era5_land,True,0.478,0.496,0.479,0.483,0.4833333333333333,0.4734285714285714,0.0045714285714285,"{""2014-09-16"": 0.47, ""2014-09-17"": 0.445, ""2014-09-18"": 0.464, ""2014-09-19"": 0.485, ""2014-09-20"": 0.49, ""2014-09-21"": 0.482, ""2014-09-22"": 0.478}",6.383285784592619,492.8445508237841,residential,,508095887.0,river,,585140463.0,5000.0,5000.0,True,True,True,OpenStreetMap via Overpass API,2026-09-04T06:21:43Z,local equirectangular point-to-polyline
1048431,Assam,Assam,Lalmati,26.1097,91.7747,Medium (2-25km),5000,2014-09-22,2014,9,Monsoon (Jun-Sep),earth slide,rainfall (T),report,9,1,1,Minor (1-2),0.0,"Assam Tribune' 'Flash flood and landslides continued to cause devastation in Guwahati for the second day today with the death toll due to landslip rising to four. Two persons died in two separate incidents of landslides in Lalmati and Dakhingaon, whereas a woman was inj",http://www.assamtribune.com/scripts/detailsnew.asp?id=sep2414/at051,UGLC,Copernicus_DSM_COG_10_N26_00_E091_00_DEM,Copernicus DEM GLO-30 via Microsoft Planetary Computer,True,59.162689208984375,1.1808591785918774,95.57025530883004,6.885764166184835e-05,27.76670476335297,30.715,False,NASA POWER Daily API / PRECTOTCORR,True,160.51,250.74,293.9599999999999,"{""2014-09-16"": 1.28, ""2014-09-17"": 0.0, ""2014-09-18"": 22.03, ""2014-09-19"": 19.91, ""2014-09-20"": 18.45, ""2014-09-21"": 71.78, ""2014-09-22"": 160.51}",ESA_WorldCover_10m_2021_v200_N24E090,MOD13Q1.A2014257.h25v06.061.2021263052525,2014-09-21T23:59:59.500000+00:00,1.0,10.0,Tree cover,ESA WorldCover 2021 v200,2021,7,,,,,False,NASA MODIS MOD13Q1/MYD13Q1 v6.1 16-day 250m,True,False,,ERA5-Land via Open-Meteo Historical Weather API,era5_land,True,0.477,0.495,0.478,0.482,0.4826666666666666,0.4821428571428571,-0.0051428571428571,"{""2014-09-16"": 0.494, ""2014-09-17"": 0.471, ""2014-09-18"": 0.473, ""2014-09-19"": 0.489, ""2014-09-20"": 0.492, ""2014-09-21"": 0.479, ""2014-09-22"": 0.477}",34.85169693625904,1337.5133184797915,residential,,508414078.0,stream,,541319133.0,5000.0,5000.0,True,True,True,OpenStreetMap via Overpass API,2026-06-01T08:52:28Z,local equirectangular point-to-polyline
1048367,Assam,Assam,Pamohi,26.1001,91.6849,Medium (2-25km),5000,2014-09-22,2014,9,Monsoon (Jun-Sep),earth slide,rainfall (T),report,9,0,0,No fatalities,0.0,"Assam Tribune' 'On the other hand, several incidents of landslides were reported from Dhirenpara, Koinadhara, Gorhchuk, Noonmati and Pamohi.",http://www.assamtribune.com/scripts/detailsnew.asp?id=sep2414/at051,UGLC,Copernicus_DSM_COG_10_N26_00_E091_00_DEM,Copernicus DEM GLO-30 via Microsoft Planetary Computer,True,72.82743835449219,23.146098964817703,28.02144695133853,0.013444492126486,27.76898451603198,30.715,False,NASA POWER Daily API / PRECTOTCORR,True,160.51,250.74,293.9599999999999,"{""2014-09-16"": 1.28, ""2014-09-17"": 0.0, ""2014-09-18"": 22.03, ""2014-09-19"": 19.91, ""2014-09-20"": 18.45, ""2014-09-21"": 71.78, ""2014-09-22"": 160.51}",ESA_WorldCover_10m_2021_v200_N24E090,MOD13Q1.A2014257.h25v06.061.2021263052525,2014-09-21T23:59:59.500000+00:00,1.0,30.0,Grassland,ESA WorldCover 2021 v200,2021,7,,,,,False,NASA MODIS MOD13Q1/MYD13Q1 v6.1 16-day 250m,True,False,,ERA5-Land via Open-Meteo Historical Weather API,era5_land,True,0.475,0.491,0.476,0.479,0.4736666666666667,0.4788571428571428,-0.0038571428571428,"{""2014-09-16"": 0.497, ""2014-09-17"": 0.475, ""2014-09-18"": 0.475, ""2014-09-19"": 0.484, ""2014-09-20"": 0.48, ""2014-09-21"": 0.466, ""2014-09-22"": 0.475}",215.20980983238414,533.0259251855599,service,,1144579680.0,river,,44638717.0,5000.0,5000.0,True,True,True,OpenStreetMap via Overpass API,2026-09-04T06:23:50Z,local equirectangular point-to-polyline
1048429,Assam,Assam,Lalmati,26.11117064,91.77318437,High (<2km),830,2014-09-23,2014,9,Monsoon (Jun-Sep),ND,rainfall (T),event,7,1,1,Minor (1-2),,"Flash flood and landslides continued to cause devastation in Guwahati for the second day today with the death toll due to landslip rising to four. Two persons died in two separate incidents of landslides in Lalmati and Dakhingaon, whereas a woman was inj",http://www.assamtribune.com/scripts/detailsnew.asp?id=sep2414/at051,UGLC,Copernicus_DSM_COG_10_N26_00_E091_00_DEM,Copernicus DEM GLO-30 via Microsoft Planetary Computer,True,58.99467468261719,2.6293670929751234,324.4635356334557,-0.0004649915843224,27.76635545538505,30.715,True,NASA POWER Daily API / PRECTOTCORR,True,16.05,248.34,308.73,"{""2014-09-17"": 0.0, ""2014-09-18"": 22.03, ""2014-09-19"": 19.91, ""2014-09-20"": 18.45, ""2014-09-21"": 71.78, ""2014-09-22"": 160.51, ""2014-09-23"": 16.05}",ESA_WorldCover_10m_2021_v200_N24E090,MOD13Q1.A2014257.h25v06.061.2021263052525,2014-09-21T23:59:59.500000+00:00,2.0,50.0,Built-up,ESA WorldCover 2021 v200,2021,7,,,,,False,NASA MODIS MOD13Q1/MYD13Q1 v6.1 16-day 250m,True,False,,ERA5-Land via Open-Meteo Historical Weather API,era5_land,True,0.469,0.494,0.492,0.491,0.4749999999999999,0.4785714285714285,-0.0095714285714285,"{""2014-09-17"": 0.471, ""2014-09-18"": 0.473, ""2014-09-19"": 0.489, ""2014-09-20"": 0.492, ""2014-09-21"": 0.479, ""2014-09-22"": 0.477, ""2014-09-23"": 0.469}",6.231113312136405,1141.2689669984595,trunk,Flyover,1303632311.0,stream,,541319133.0,5000.0,5000.0,True,True,True,OpenStreetMap via Overpass API,2026-09-04T06:24:51Z,local equirectangular point-to-polyline
1048411,Assam,Assam,DakhinGaon,26.13146397,91.75782228,High (<2km),561,2014-09-23,2014,9,Monsoon (Jun-Sep),ND,rainfall (T),event,7,1,1,Minor (1-2),,"Flash flood and landslides continued to cause devastation in Guwahati for the second day today with the death toll due to landslip rising to four. Two persons died in two separate incidents of landslides in Lalmati and Dakhingaon, whereas a woman was inj",http://www.assamtribune.com/scripts/detailsnew.asp?id=sep2414/at051,UGLC,Copernicus_DSM_COG_10_N26_00_E091_00_DEM,Copernicus DEM GLO-30 via Microsoft Planetary Computer,True,75.24107360839844,8.642085752201675,191.01383214679265,0.0013851609174757,27.761533494464445,30.715,True,NASA POWER Daily API / PRECTOTCORR,True,16.05,248.34,308.73,"{""2014-09-17"": 0.0, ""2014-09-18"": 22.03, ""2014-09-19"": 19.91, ""2014-09-20"": 18.45, ""2014-09-21"": 71.78, ""2014-09-22"": 160.51, ""2014-09-23"": 16.05}",ESA_WorldCover_10m_2021_v200_N24E090,MOD13Q1.A2014257.h25v06.061.2021263052525,2014-09-21T23:59:59.500000+00:00,2.0,50.0,Built-up,ESA WorldCover 2021 v200,2021,7,,,,,False,NASA MODIS MOD13Q1/MYD13Q1 v6.1 16-day 250m,True,False,,ERA5-Land via Open-Meteo Historical Weather API,era5_land,True,0.469,0.494,0.492,0.491,0.4749999999999999,0.4785714285714285,-0.0095714285714285,"{""2014-09-17"": 0.471, ""2014-09-18"": 0.473, ""2014-09-19"": 0.489, ""2014-09-20"": 0.492, ""2014-09-21"": 0.479, ""2014-09-22"": 0.477, ""2014-09-23"": 0.469}",16.553304812741874,510.9177917691258,residential,,508668515.0,stream,Bashistha,497502708.0,5000.0,5000.0,True,True,True,OpenStreetMap via Overpass API,2026-09-04T06:24:51Z,local equirectangular point-to-polyline
1050362,Assam,Assam,Ratacherra,25.0318,92.4584,Medium (2-25km),5000,2015-03-19,2015,3,Dry season (Dec-Mar),earth slide,rainfall (T),report,9,0,0,No fatalities,0.0,"International Business Times' 'Minor landslides were also reported in Tongseng, Ratacherra and Dona areas.",http://www.ibtimes.co.in/meghalaya-massive-landslide-east-jaintia-hills-flash-floods-shillong-hit-normal-life-643439,UGLC,Copernicus_DSM_COG_10_N25_00_E092_00_DEM,Copernicus DEM GLO-30 via Microsoft Planetary Computer,True,76.43043518066406,11.975191149318505,191.2416200477764,0.0003961875989105,28.01779338010996,30.715,False,NASA POWER Daily API / PRECTOTCORR,True,0.0,0.01,0.01,"{""2015-03-13"": 0.0, ""2015-03-14"": 0.0, ""2015-03-15"": 0.0, ""2015-03-16"": 0.0, ""2015-03-17"": 0.0, ""2015-03-18"": 0.01, ""2015-03-19"": 0.0}",ESA_WorldCover_10m_2021_v200_N24E090,MYD13Q1.A2015073.h26v06.061.2021322223605,2015-03-21T23:59:59.500000+00:00,2.0,10.0,Tree cover,ESA WorldCover 2021 v200,2021,6,4746.0,0.4746,0.0,Good data,True,NASA MODIS MOD13Q1/MYD13Q1 v6.1 16-day 250m,True,True,0.4746,ERA5-Land via Open-Meteo Historical Weather API,era5_land,True,0.256,0.279,0.299,0.292,0.2566666666666666,0.2592857142857143,-0.0032857142857142,"{""2015-03-13"": 0.265, ""2015-03-14"": 0.262, ""2015-03-15"": 0.26, ""2015-03-16"": 0.258, ""2015-03-17"": 0.257, ""2015-03-18"": 0.257, ""2015-03-19"": 0.256}",24.85557852170386,245.6717831219858,trunk,,566110583.0,river,Bali Chara Nadi,666960678.0,5000.0,5000.0,True,True,True,OpenStreetMap via Overpass API,2026-09-04T06:25:51Z,local equirectangular point-to-polyline
1050609,Mizoram,Mizoram,"Muanna locality, Mizoram",23.7131,92.7362,Low (>25km),50000,2015-06-19,2015,6,Monsoon (Jun-Sep),earth slide,rainfall (T),report,9,0,0,No fatalities,0.0,The Statesmen' 'At least 27 graves of a cemetery were damaged in rain-triggered landslide,http://www.thestatesman.com/news/northeast/27-graves-damaged-in-mizoram-landslide/70263.html,UGLC,Copernicus_DSM_COG_10_N23_00_E092_00_DEM,Copernicus DEM GLO-30 via Microsoft Planetary Computer,True,879.7958984375,9.74243837112588,327.3335584292957,0.0024180870931806,28.311479681345904,30.715,False,NASA POWER Daily API / PRECTOTCORR,True,11.57,14.36,52.94,"{""2015-06-13"": 14.72, ""2015-06-14"": 10.26, ""2015-06-15"": 6.4, ""2015-06-16"": 7.2, ""2015-06-17"": 1.86, ""2015-06-18"": 0.93, ""2015-06-19"": 11.57}",ESA_WorldCover_10m_2021_v200_N21E090,MOD13Q1.A2015161.h26v06.061.2021326135027,2015-06-17T23:59:59.500000+00:00,2.0,10.0,Tree cover,ESA WorldCover 2021 v200,2021,6,5862.0,0.5862,3.0,Cloudy,False,NASA MODIS MOD13Q1/MYD13Q1 v6.1 16-day 250m,True,True,,ERA5-Land via Open-Meteo Historical Weather API,era5_land,True,0.401,0.378,0.267,0.3,0.3943333333333333,0.3957142857142858,0.0052857142857142,"{""2015-06-13"": 0.398, ""2015-06-14"": 0.39, ""2015-06-15"": 0.394, ""2015-06-16"": 0.405, ""2015-06-17"": 0.395, ""2015-06-18"": 0.387, ""2015-06-19"": 0.401}",84.40662217368576,2745.5804423552395,track,,1067092245.0,stream,Tuikual River,641629866.0,5000.0,5000.0,True,True,True,OpenStreetMap via Overpass API,2026-09-04T06:25:51Z,local equirectangular point-to-polyline
1051726,Manipur,Manipur,"amei to Kangpokpi via Imphal road, 0.5 km from Tamei, Tamenglang District",25.16,93.686,High (<2km),1000,2015-06-19,2015,6,Monsoon (Jun-Sep),earth slide,rainfall (T),report,7,0,0,No fatalities,0.0,E-Pao' 'Tamei to Kangpokpi via Imphal road remained cut off for the last few days due to huge landslides near a diesel oil pump located some half a kilometer from Tamei Headquarters.  Contractor engaged under NEC road construction at Tamei has been clearing the,http://e-pao.net/GP.asp?src=34..200615.jun15,UGLC,Copernicus_DSM_COG_10_N25_00_E093_00_DEM,Copernicus DEM GLO-30 via Microsoft Planetary Computer,True,1014.7932739257812,42.34664662634928,159.3077394158213,0.0009482741370601,27.98844800111389,30.715,True,NASA POWER Daily API / PRECTOTCORR,True,1.13,4.79,26.85,"{""2015-06-13"": 6.51, ""2015-06-14"": 7.55, ""2015-06-15"": 3.96, ""2015-06-16"": 4.04, ""2015-06-17"": 0.95, ""2015-06-18"": 2.71, ""2015-06-19"": 1.13}",ESA_WorldCover_10m_2021_v200_N24E093,MOD13Q1.A2015161.h26v06.061.2021326135027,2015-06-17T23:59:59.500000+00:00,2.0,10.0,Tree cover,ESA WorldCover 2021 v200,2021,6,7502.0,0.7502000000000001,3.0,Cloudy,False,NASA MODIS MOD13Q1/MYD13Q1 v6.1 16-day 250m,True,True,,ERA5-Land via Open-Meteo Historical Weather API,era5_land,True,0.4,0.403,0.405,0.404,0.4059999999999999,0.4127142857142857,-0.0127142857142856,"{""2015-06-13"": 0.423, ""2015-06-14"": 0.417, ""2015-06-15"": 0.418, ""2015-06-16"": 0.413, ""2015-06-17"": 0.411, ""2015-06-18"": 0.407, ""2015-06-19"": 0.4}",2.327374352147571,1893.870798138234,primary,,385553863.0,stream,,391262666.0,5000.0,5000.0,True,True,True,OpenStreetMap via Overpass API,2026-09-04T06:26:51Z,local equirectangular point-to-polyline
1050650,Assam,Assam,Silchar,24.81395989,92.85687296,Low (>25km),34718,2015-07-21,2015,7,Monsoon (Jun-Sep),ND,rainfall (T),event,9,5,1,Moderate (3-5),,"Four children and their mother have been killed in a landslide at Lakhipur area of Silchar in southern Assam.\n\nIncessant rain triggered the landslide in the area last night, with mud, rock and debris rolling off and burying the house of the victims. A w",http://news.webindia123.com/news/Articles/India/20150722/2647396.html,UGLC,Copernicus_DSM_COG_10_N24_00_E092_00_DEM,Copernicus DEM GLO-30 via Microsoft Planetary Computer,True,19.78896713256836,2.497008873575436,356.95273631434605,0.0024361401967556,28.06733590204245,30.715,False,NASA POWER Daily API / PRECTOTCORR,True,13.44,57.45,152.71,"{""2015-07-15"": 20.5, ""2015-07-16"": 18.11, ""2015-07-17"": 33.84, ""2015-07-18"": 22.81, ""2015-07-19"": 25.67, ""2015-07-20"": 18.34, ""2015-07-21"": 13.44}",ESA_WorldCover_10m_2021_v200_N24E090,MOD13Q1.A2015193.h26v06.061.2021329032810,2015-07-19T23:59:59.500000+00:00,2.0,40.0,Cropland,ESA WorldCover 2021 v200,2021,6,6053.0,0.6053000000000001,1.0,Marginal data,True,NASA MODIS MOD13Q1/MYD13Q1 v6.1 16-day 250m,True,True,0.6053000000000001,ERA5-Land via Open-Meteo Historical Weather API,era5_land,True,0.459,0.492,0.486,0.485,0.4713333333333333,0.4768571428571428,-0.0178571428571428,"{""2015-07-15"": 0.48, ""2015-07-16"": 0.487, ""2015-07-17"": 0.473, ""2015-07-18"": 0.484, ""2015-07-19"": 0.48, ""2015-07-20"": 0.475, ""2015-07-21"": 0.459}",155.97015757992702,719.0672982221522,tertiary,,1320810066.0,river,,668833462.0,5000.0,5000.0,True,True,True,OpenStreetMap via Overpass API,2026-09-03T19:14:51Z,local equirectangular point-to-polyline
1057821,Manipur,Manipur,NH-2 between Senapati and Mao,25.3908,94.0926,Medium (2-25km),10000,2015-07-22,2015,7,Monsoon (Jun-Sep),earth slide,rainfall (T),report,9,0,0,No fatalities,0.0,"The Sangai Express' 'Reports from other locations also say that minor landslides, potholes, water-logging have been spotted along the NH-2 stretch between Senapati and Mao.",http://www.thesangaiexpress.com/page/items/54212/massive-landslide-along-maram-peren-road-downpour-creates-havoc-in-different-parts,UGLC,Copernicus_DSM_COG_10_N25_00_E094_00_DEM,Copernicus DEM GLO-30 via Microsoft Planetary Computer,True,1316.237060546875,10.48248589559226,106.56441835630592,-0.0082672086797076,27.93526405152064,30.715,False,NASA POWER Daily API / PRECTOTCORR,True,19.18,45.25,128.35000000000002,"{""2015-07-16"": 17.64, ""2015-07-17"": 29.6, ""2015-07-18"": 12.3, ""2015-07-19"": 23.56, ""2015-07-20"": 16.15, ""2015-07-21"": 9.92, ""2015-07-22"": 19.18}",ESA_WorldCover_10m_2021_v200_N24E093,MOD13Q1.A2015193.h26v06.061.2021329032810,2015-07-19T23:59:59.500000+00:00,3.0,10.0,Tree cover,ESA WorldCover 2021 v200,2021,6,7843.0,0.7843,0.0,Good data,True,NASA MODIS MOD13Q1/MYD13Q1 v6.1 16-day 250m,True,True,0.7843,ERA5-Land via Open-Meteo Historical Weather API,era5_land,True,0.483,0.494,0.472,0.477,0.4826666666666666,0.4864285714285715,-0.0034285714285715,"{""2015-07-16"": 0.494, ""2015-07-17"": 0.488, ""2015-07-18"": 0.49, ""2015-07-19"": 0.485, ""2015-07-20"": 0.481, ""2015-07-21"": 0.484, ""2015-07-22"": 0.483}",74.07928833752491,1329.9174369850743,trunk,,44886109.0,river,Sangu Lok,385527534.0,5000.0,5000.0,True,True,True,OpenStreetMap via Overpass API,2026-09-04T06:27:51Z,local equirectangular point-to-polyline
1057376,Manipur,Manipur,22 kms to 30 kms between Sangkungmai and Willong,25.4538,93.9827,Medium (2-25km),5000,2015-07-22,2015,7,Monsoon (Jun-Sep),earth slide,rainfall (T),report,9,0,0,No fatalities,0.0,"The Sangai Express' 'Torrential rain in the last many days has created havoc in many places of Senapati district. According to sources, vehicular and human movements have been completely halted. Removal of trees and loose soil are expected to take many weeks before normal mo",http://www.thesangaiexpress.com/page/items/54212/massive-landslide-along-maram-peren-road-downpour-creates-havoc-in-different-parts,UGLC,Copernicus_DSM_COG_10_N25_00_E093_00_DEM,Copernicus DEM GLO-30 via Microsoft Planetary Computer,True,1777.0677490234375,28.625548762106096,255.27715171347364,0.01378441655229,27.920667979014684,30.715,False,NASA POWER Daily API / PRECTOTCORR,True,11.42,36.7,111.6,"{""2015-07-16"": 8.27, ""2015-07-17"": 35.06, ""2015-07-18"": 7.88, ""2015-07-19"": 23.69, ""2015-07-20"": 14.48, ""2015-07-21"": 10.8, ""2015-07-22"": 11.42}",ESA_WorldCover_10m_2021_v200_N24E093,MOD13Q1.A2015193.h26v06.061.2021329032810,2015-07-19T23:59:59.500000+00:00,3.0,30.0,Grassland,ESA WorldCover 2021 v200,2021,6,6734.0,0.6734,1.0,Marginal data,True,NASA MODIS MOD13Q1/MYD13Q1 v6.1 16-day 250m,True,True,0.6734,ERA5-Land via Open-Meteo Historical Weather API,era5_land,True,0.44,0.441,0.445,0.444,0.4393333333333333,0.4401428571428571,-0.0001428571428571,"{""2015-07-16"": 0.441, ""2015-07-17"": 0.44, ""2015-07-18"": 0.438, ""2015-07-19"": 0.444, ""2015-07-20"": 0.436, ""2015-07-21"": 0.442, ""2015-07-22"": 0.44}",66.56360967880667,2667.440658387462,trunk,,198349474.0,river,Barāk River,1388626685.0,5000.0,5000.0,True,True,True,OpenStreetMap via Overpass API,2026-09-04T06:27:51Z,local equirectangular point-to-polyline
1050671,Assam,Assam,Lakhipur,24.7979,92.9974,Medium (2-25km),5000,2015-07-22,2015,7,Monsoon (Jun-Sep),earth slide,rainfall (T),report,9,5,1,Moderate (3-5),0.0,Assam Times' 'Five persons of a family were buried alive when a huge hillock collapsed on their house in Cachar district on Wednesday. The incident took place in the wee hours at Lakhipur are when a huge hillock slipped into the house where Zubeda Khatun along with he,http://www.assamtimes.org/node/14309,UGLC,Copernicus_DSM_COG_10_N24_00_E092_00_DEM,Copernicus DEM GLO-30 via Microsoft Planetary Computer,True,24.804288864135746,0.3350642119859213,308.47422277555427,-0.0002084761448848,28.070972290309747,30.715,False,NASA POWER Daily API / PRECTOTCORR,True,13.52,45.3,145.73000000000002,"{""2015-07-16"": 18.11, ""2015-07-17"": 33.84, ""2015-07-18"": 22.81, ""2015-07-19"": 25.67, ""2015-07-20"": 18.34, ""2015-07-21"": 13.44, ""2015-07-22"": 13.52}",ESA_WorldCover_10m_2021_v200_N24E090,MOD13Q1.A2015193.h26v06.061.2021329032810,2015-07-19T23:59:59.500000+00:00,3.0,40.0,Cropland,ESA WorldCover 2021 v200,2021,6,4662.0,0.4662,3.0,Cloudy,False,NASA MODIS MOD13Q1/MYD13Q1 v6.1 16-day 250m,True,True,,ERA5-Land via Open-Meteo Historical Weather API,era5_land,True,0.457,0.488,0.495,0.491,0.465,0.4742857142857142,-0.0172857142857142,"{""2015-07-16"": 0.479, ""2015-07-17"": 0.472, ""2015-07-18"": 0.485, ""2015-07-19"": 0.489, ""2015-07-20"": 0.469, ""2015-07-21"": 0.469, ""2015-07-22"": 0.457}",251.7513136386812,625.8951589377551,residential,,1058054429.0,river,Chiri,149124287.0,5000.0,5000.0,True,True,True,OpenStreetMap via Overpass API,2026-09-04T06:28:51Z,local equirectangular point-to-polyline
1057795,Manipur,Manipur,"15 kms from Maram, National Highway-102/A (Maram Peren road)",25.4477,94.0489,High (<2km),1000,2015-07-22,2015,7,Monsoon (Jun-Sep),earth slide,rainfall (T),report,7,0,0,No fatalities,0.0,The Sangai Express' 'Reports collected from different areas of the district said that massive landslide along the newly christened National Highway-102/A (Maram Peren road) has totally cut off villages in Willong and Yangkhullen circle. Sources specified of major landslides,http://www.thesangaiexpress.com/page/items/54212/massive-landslide-along-maram-peren-road-downpour-creates-havoc-in-different-parts,UGLC,Copernicus_DSM_COG_10_N25_00_E094_00_DEM,Copernicus DEM GLO-30 via Microsoft Planetary Computer,True,1316.801025390625,27.450097311579,299.49201919796525,0.0096307776551213,27.922082725830805,30.715,True,NASA POWER Daily API / PRECTOTCORR,True,11.42,36.7,111.6,"{""2015-07-16"": 8.27, ""2015-07-17"": 35.06, ""2015-07-18"": 7.88, ""2015-07-19"": 23.69, ""2015-07-20"": 14.48, ""2015-07-21"": 10.8, ""2015-07-22"": 11.42}",ESA_WorldCover_10m_2021_v200_N24E093,MOD13Q1.A2015193.h26v06.061.2021329032810,2015-07-19T23:59:59.500000+00:00,3.0,10.0,Tree cover,ESA WorldCover 2021 v200,2021,6,8091.0,0.8091,3.0,Cloudy,False,NASA MODIS MOD13Q1/MYD13Q1 v6.1 16-day 250m,True,True,,ERA5-Land via Open-Meteo Historical Weather API,era5_land,True,0.429,0.429,0.429,0.429,0.428,0.4279999999999999,0.001,"{""2015-07-16"": 0.429, ""2015-07-17"": 0.428, ""2015-07-18"": 0.427, ""2015-07-19"": 0.428, ""2015-07-20"": 0.428, ""2015-07-21"": 0.427, ""2015-07-22"": 0.429}",87.673198022868,3294.659090955975,trunk,,1098020752.0,river,Barāk River,385534480.0,5000.0,5000.0,True,True,True,OpenStreetMap via Overpass API,2026-09-04T06:28:51Z,local equirectangular point-to-polyline
1057403,Manipur,Manipur,Willong-Yangkhullen stretch,25.5007,93.9854,Medium (2-25km),5000,2015-07-22,2015,7,Monsoon (Jun-Sep),earth slide,rainfall (T),report,9,0,0,No fatalities,0.0,The Sangai Express' 'Torrential rain in the last many days has created havoc in many places of Senapati district.  Reports collected from different areas of the district said that massive landslide along the newly christened National Highway-102/A (Maram Peren road) has tota,http://www.thesangaiexpress.com/page/items/54212/massive-landslide-along-maram-peren-road-downpour-creates-havoc-in-different-parts,UGLC,Copernicus_DSM_COG_10_N25_00_E093_00_DEM,Copernicus DEM GLO-30 via Microsoft Planetary Computer,True,1424.757080078125,21.84341351985416,154.04964586269807,0.0130064180919232,27.90978009393421,30.715,False,NASA POWER Daily API / PRECTOTCORR,True,11.42,36.7,111.6,"{""2015-07-16"": 8.27, ""2015-07-17"": 35.06, ""2015-07-18"": 7.88, ""2015-07-19"": 23.69, ""2015-07-20"": 14.48, ""2015-07-21"": 10.8, ""2015-07-22"": 11.42}",ESA_WorldCover_10m_2021_v200_N24E093,MOD13Q1.A2015193.h26v06.061.2021329032810,2015-07-19T23:59:59.500000+00:00,3.0,30.0,Grassland,ESA WorldCover 2021 v200,2021,6,6958.0,0.6958000000000001,3.0,Cloudy,False,NASA MODIS MOD13Q1/MYD13Q1 v6.1 16-day 250m,True,True,,ERA5-Land via Open-Meteo Historical Weather API,era5_land,True,0.44,0.441,0.445,0.444,0.4393333333333333,0.4401428571428571,-0.0001428571428571,"{""2015-07-16"": 0.441, ""2015-07-17"": 0.44, ""2015-07-18"": 0.438, ""2015-07-19"": 0.444, ""2015-07-20"": 0.436, ""2015-07-21"": 0.442, ""2015-07-22"": 0.44}",16.009831320518565,540.8915608509823,trunk,,383749535.0,stream,,627605599.0,5000.0,5000.0,True,True,True,OpenStreetMap via Overpass API,2026-09-04T06:29:51Z,local equirectangular point-to-polyline
1055274,Manipur,Manipur,Yangkhullen-Tamphung road till Nagaland border,25.5098,93.8794,Medium (2-25km),10000,2015-07-22,2015,7,Monsoon (Jun-Sep),earth slide,rainfall (T),report,9,0,0,No fatalities,0.0,"The Sangai Express' 'Torrential rain in the last many days has created havoc in many places of Senapati district. Sources specified of major landslides in different locations including 15 kms from Maram, 22 kms to 30 kms between Sangkhumai and Willong, Willong-Yangkhullen st",http://www.thesangaiexpress.com/page/items/54212/massive-landslide-along-maram-peren-road-downpour-creates-havoc-in-different-parts,UGLC,Copernicus_DSM_COG_10_N25_00_E093_00_DEM,Copernicus DEM GLO-30 via Microsoft Planetary Computer,True,1652.687744140625,21.283552836569225,289.5637760426277,-0.0019130620681616,27.90766535273001,30.715,False,NASA POWER Daily API / PRECTOTCORR,True,11.42,36.7,111.6,"{""2015-07-16"": 8.27, ""2015-07-17"": 35.06, ""2015-07-18"": 7.88, ""2015-07-19"": 23.69, ""2015-07-20"": 14.48, ""2015-07-21"": 10.8, ""2015-07-22"": 11.42}",ESA_WorldCover_10m_2021_v200_N24E093,MOD13Q1.A2015193.h26v06.061.2021329032810,2015-07-19T23:59:59.500000+00:00,3.0,10.0,Tree cover,ESA WorldCover 2021 v200,2021,6,8254.0,0.8254,1.0,Marginal data,True,NASA MODIS MOD13Q1/MYD13Q1 v6.1 16-day 250m,True,True,0.8254,ERA5-Land via Open-Meteo Historical Weather API,era5_land,True,0.431,0.432,0.431,0.431,0.4306666666666667,0.4304285714285714,0.0005714285714285,"{""2015-07-16"": 0.432, ""2015-07-17"": 0.43, ""2015-07-18"": 0.429, ""2015-07-19"": 0.43, ""2015-07-20"": 0.43, ""2015-07-21"": 0.431, ""2015-07-22"": 0.431}",0.7546099624837675,2662.5780906737305,trunk,,387803077.0,river,Barāk River,1388626685.0,5000.0,5000.0,True,True,True,OpenStreetMap via Overpass API,2026-09-04T06:29:51Z,local equirectangular point-to-polyline
1050805,Manipur,Manipur,Tamenglong Ward No-IV,24.9818,93.5142,Low (>25km),50000,2015-07-24,2015,7,Monsoon (Jun-Sep),mudslide,rainfall (T),report,9,0,0,No fatalities,0.0,"E-PAO' 'Due to incessant rainfalls in the last few days, a huge mudslide occurred on Friday which destroyed a garage along with a Bolero jeep and other belongings of one Namthiurai Daimei of Tamenglong Ward No-IV.",http://e-pao.net/GP.asp?src=Snipp16..250715.jul15,UGLC,Copernicus_DSM_COG_10_N24_00_E093_00_DEM,Copernicus DEM GLO-30 via Microsoft Planetary Computer,True,1240.7520751953125,10.38870033649493,331.4205520679072,0.0166185227953587,28.02920052169086,30.715,False,NASA POWER Daily API / PRECTOTCORR,True,9.2,40.21,108.66,"{""2015-07-18"": 12.82, ""2015-07-19"": 27.27, ""2015-07-20"": 17.98, ""2015-07-21"": 10.38, ""2015-07-22"": 12.3, ""2015-07-23"": 18.71, ""2015-07-24"": 9.2}",ESA_WorldCover_10m_2021_v200_N24E093,MYD13Q1.A2015201.h26v06.061.2021329125214,2015-07-27T23:59:59.500000+00:00,3.0,10.0,Tree cover,ESA WorldCover 2021 v200,2021,6,7744.0,0.7744000000000001,1.0,Marginal data,True,NASA MODIS MOD13Q1/MYD13Q1 v6.1 16-day 250m,True,True,0.7744000000000001,ERA5-Land via Open-Meteo Historical Weather API,era5_land,True,0.426,0.427,0.429,0.428,0.426,0.4261428571428571,-0.0001428571428571,"{""2015-07-18"": 0.425, ""2015-07-19"": 0.426, ""2015-07-20"": 0.428, ""2015-07-21"": 0.426, ""2015-07-22"": 0.425, ""2015-07-23"": 0.427, ""2015-07-24"": 0.426}",196.94682747366565,1359.2810986436696,residential,,615701546.0,stream,Tuipa Nadi,1389196266.0,5000.0,5000.0,True,True,True,OpenStreetMap via Overpass API,2026-09-04T06:30:53Z,local equirectangular point-to-polyline
1048518,Assam,Assam,ND,26.1062,91.8717,Medium (2-25km),5000,2015-07-25,2015,7,Monsoon (Jun-Sep),earth slide,rainfall (T),report,9,2,1,Minor (1-2),0.0,"ASSAM Talks' 'According to report, a huge hillock slipped into the house after heavy rain where Dinesh Bodo along with his wife and daughter lived in. This incident occurred at Tamulkuchi village of Jorabat.  Bodo’s wife Bharati Bodo and his daughter were died and o",http://www.assamtalks.com/2-killed-in-jorabat-landslide.html,UGLC,Copernicus_DSM_COG_10_N26_00_E091_00_DEM,Copernicus DEM GLO-30 via Microsoft Planetary Computer,True,257.5062866210937,10.556899214820632,315.5653648697381,-0.0115523884909952,27.76753601347875,30.715,False,NASA POWER Daily API / PRECTOTCORR,True,3.42,43.940000000000005,108.84,"{""2015-07-19"": 37.02, ""2015-07-20"": 11.97, ""2015-07-21"": 10.13, ""2015-07-22"": 5.78, ""2015-07-23"": 6.88, ""2015-07-24"": 33.64, ""2015-07-25"": 3.42}",ESA_WorldCover_10m_2021_v200_N24E090,MYD13Q1.A2015201.h25v06.061.2021329123010,2015-07-27T23:59:59.500000+00:00,2.0,10.0,Tree cover,ESA WorldCover 2021 v200,2021,6,,,,,False,NASA MODIS MOD13Q1/MYD13Q1 v6.1 16-day 250m,True,False,,ERA5-Land via Open-Meteo Historical Weather API,era5_land,True,0.477,0.483,0.486,0.485,0.4749999999999999,0.4798571428571428,-0.0028571428571428,"{""2015-07-19"": 0.475, ""2015-07-20"": 0.491, ""2015-07-21"": 0.476, ""2015-07-22"": 0.492, ""2015-07-23"": 0.471, ""2015-07-24"": 0.477, ""2015-07-25"": 0.477}",527.9069523290048,4830.194575970451,service,,1144697656.0,river,Digaru,1010353846.0,5000.0,5000.0,True,True,True,OpenStreetMap via Overpass API,2026-09-04T06:30:53Z,local equirectangular point-to-polyline
1057918,Manipur,Manipur,Phungyar road,24.819,94.3551,Medium (2-25km),10000,2015-07-31,2015,7,Monsoon (Jun-Sep),earth slide,rainfall (T),report,9,0,0,No fatalities,0.0,E-PAO' 'Massive landslide along the Phungyar road under Ukhrul District cut off Phungya Sub-Division from the rest the state on Friday.,http://e-pao.net/GP.asp?src=22..010815.aug15,UGLC,Copernicus_DSM_COG_10_N24_00_E094_00_DEM,Copernicus DEM GLO-30 via Microsoft Planetary Computer,True,1608.85986328125,27.7622475346159,253.2343533627636,-8.209937810101087e-05,28.066194231817363,30.715,False,NASA POWER Daily API / PRECTOTCORR,True,69.82,105.95,121.75,"{""2015-07-25"": 1.24, ""2015-07-26"": 3.62, ""2015-07-27"": 6.58, ""2015-07-28"": 4.36, ""2015-07-29"": 5.28, ""2015-07-30"": 30.85, ""2015-07-31"": 69.82}",ESA_WorldCover_10m_2021_v200_N24E093,MOD13Q1.A2015209.h26v06.061.2021329191329,2015-08-04T23:59:59.500000+00:00,4.0,10.0,Tree cover,ESA WorldCover 2021 v200,2021,6,5431.0,0.5431,3.0,Cloudy,False,NASA MODIS MOD13Q1/MYD13Q1 v6.1 16-day 250m,True,True,,ERA5-Land via Open-Meteo Historical Weather API,era5_land,True,0.429,0.429,0.429,0.429,0.4286666666666667,0.4258571428571428,0.0031428571428571,"{""2015-07-25"": 0.42, ""2015-07-26"": 0.421, ""2015-07-27"": 0.427, ""2015-07-28"": 0.427, ""2015-07-29"": 0.428, ""2015-07-30"": 0.429, ""2015-07-31"": 0.429}",0.5896993035556175,6172.826762643728,trunk,,385471476.0,river,Maklang (Khong) River,1203304489.0,5000.0,15000.0,True,True,True,OpenStreetMap via Overpass API,2026-09-04T06:31:56Z,local equirectangular point-to-polyline
1057912,Manipur,Manipur,Naga Gate along the Ukhrul-Imphal route,25.0634,94.3415,Medium (2-25km),10000,2015-07-31,2015,7,Monsoon (Jun-Sep),mudslide,rainfall (T),report,9,0,0,No fatalities,0.0,"E-PAO' 'Reports reaching here have said that massive landslides that occurred last night at several points like New Haven, Finch Corner, Nungshang Kong and Naga Gate along the Ukhrul-Imphal route have brought vehicular movements to a standstill since early morni",http://e-pao.net/GP.asp?src=22..020815.aug15,UGLC,Copernicus_DSM_COG_10_N25_00_E094_00_DEM,Copernicus DEM GLO-30 via Microsoft Planetary Computer,True,1765.1737060546875,26.774903524257883,278.07073460826825,0.0087339884046549,28.010573062453066,30.715,False,NASA POWER Daily API / PRECTOTCORR,True,69.82,105.95,121.75,"{""2015-07-25"": 1.24, ""2015-07-26"": 3.62, ""2015-07-27"": 6.58, ""2015-07-28"": 4.36, ""2015-07-29"": 5.28, ""2015-07-30"": 30.85, ""2015-07-31"": 69.82}",ESA_WorldCover_10m_2021_v200_N24E093,MOD13Q1.A2015209.h26v06.061.2021329191329,2015-08-04T23:59:59.500000+00:00,4.0,10.0,Tree cover,ESA WorldCover 2021 v200,2021,6,2336.0,0.2336,3.0,Cloudy,False,NASA MODIS MOD13Q1/MYD13Q1 v6.1 16-day 250m,True,True,,ERA5-Land via Open-Meteo Historical Weather API,era5_land,True,0.453,0.461,0.455,0.456,0.4563333333333333,0.4517142857142857,0.0012857142857143,"{""2015-07-25"": 0.449, ""2015-07-26"": 0.445, ""2015-07-27"": 0.454, ""2015-07-28"": 0.445, ""2015-07-29"": 0.457, ""2015-07-30"": 0.459, ""2015-07-31"": 0.453}",19.68708062282111,2095.593806772332,trunk,,238040416.0,stream,,252401279.0,5000.0,5000.0,True,True,True,OpenStreetMap via Overpass API,2026-09-04T06:32:58Z,local equirectangular point-to-polyline
1057368,Manipur,Manipur,"Holenjang, Chandel district",24.004,93.9815,Medium (2-25km),10000,2015-08-01,2015,8,Monsoon (Jun-Sep),earth slide,rainfall (T),report,9,0,0,No fatalities,0.0,"India Today' 'Another village Holenjang, which is 15km away from Joumol is also hit by landslide but due to non-motorable road rescue teams were yet to reach this area till late Saturday evening.",http://indiatoday.intoday.in/story/landslide-in-manipur-near-myanmar-border-kills-21/1/455645.html,UGLC,Copernicus_DSM_COG_10_N24_00_E093_00_DEM,Copernicus DEM GLO-30 via Microsoft Planetary Computer,True,1457.45703125,34.24843097090825,109.24298142630288,-0.0013235144758988,28.24797752822318,30.715,False,NASA POWER Daily API / PRECTOTCORR,True,2.01,81.19,98.79999999999998,"{""2015-07-26"": 5.43, ""2015-07-27"": 5.97, ""2015-07-28"": 3.3, ""2015-07-29"": 2.91, ""2015-07-30"": 24.46, ""2015-07-31"": 54.72, ""2015-08-01"": 2.01}",ESA_WorldCover_10m_2021_v200_N24E093,MOD13Q1.A2015209.h26v06.061.2021329191329,2015-08-04T23:59:59.500000+00:00,3.0,10.0,Tree cover,ESA WorldCover 2021 v200,2021,6,3165.0,0.3165,3.0,Cloudy,False,NASA MODIS MOD13Q1/MYD13Q1 v6.1 16-day 250m,True,True,,ERA5-Land via Open-Meteo Historical Weather API,era5_land,True,0.43,0.433,0.431,0.432,0.4326666666666667,0.4334285714285714,-0.0034285714285713,"{""2015-07-26"": 0.433, ""2015-07-27"": 0.434, ""2015-07-28"": 0.435, ""2015-07-29"": 0.434, ""2015-07-30"": 0.434, ""2015-07-31"": 0.434, ""2015-08-01"": 0.43}",7293.844798490404,1480.1357680661679,secondary,,1394449959.0,river,Tiwan Lam River,1216059223.0,15000.0,5000.0,True,True,True,OpenStreetMap via Overpass API,2026-09-04T06:33:59Z,local equirectangular point-to-polyline
1057951,Manipur,Manipur,between Maku village and Kamjong sub division,24.9111,94.4759,Medium (2-25km),10000,2015-08-01,2015,8,Monsoon (Jun-Sep),earth slide,rainfall (T),report,9,0,0,No fatalities,0.0,"E-PAO' 'Meanwhile, Kamjong- Ukhrul BRTF road connecting 30 villages under Kamjong block has remained cut off for the past three days following heavy landslides at various locations in between Maku village and Kamjong sub division spanning a stretch of abour 9 ki",http://e-pao.net/GP.asp?src=22..020815.aug15,UGLC,Copernicus_DSM_COG_10_N24_00_E094_00_DEM,Copernicus DEM GLO-30 via Microsoft Planetary Computer,True,1836.1510009765625,27.180927652403,45.61489364216834,-0.0080771120627722,28.04529378759731,30.715,False,NASA POWER Daily API / PRECTOTCORR,True,0.91,101.57999999999998,121.42,"{""2015-07-26"": 3.62, ""2015-07-27"": 6.58, ""2015-07-28"": 4.36, ""2015-07-29"": 5.28, ""2015-07-30"": 30.85, ""2015-07-31"": 69.82, ""2015-08-01"": 0.91}",ESA_WorldCover_10m_2021_v200_N24E093,MOD13Q1.A2015209.h26v06.061.2021329191329,2015-08-04T23:59:59.500000+00:00,3.0,10.0,Tree cover,ESA WorldCover 2021 v200,2021,6,4347.0,0.4347,3.0,Cloudy,False,NASA MODIS MOD13Q1/MYD13Q1 v6.1 16-day 250m,True,True,,ERA5-Land via Open-Meteo Historical Weather API,era5_land,True,0.42,0.423,0.425,0.424,0.4253333333333333,0.4251428571428571,-0.0051428571428571,"{""2015-07-26"": 0.417, ""2015-07-27"": 0.427, ""2015-07-28"": 0.428, ""2015-07-29"": 0.428, ""2015-07-30"": 0.428, ""2015-07-31"": 0.428, ""2015-08-01"": 0.42}",37.33000376674053,8828.607341404495,primary,,385572777.0,river,Maklang (Khong) River,1203304489.0,5000.0,15000.0,True,True,True,OpenStreetMap via Overpass API,2026-09-04T06:35:01Z,local equirectangular point-to-polyline
1057769,Manipur,Manipur,Joumol of Chandel district,24.1077,94.0396,Medium (2-25km),25000,2015-08-01,2015,8,Monsoon (Jun-Sep),earth slide,rainfall (T),report,9,21,1,Severe (5+),0.0,"Sangai Express' 'Joumol is a small hamlet in the remotest corner of Chandel district of Manipur. On Aug 1, the tranquillity of the village was shattered by a thunderous roar. A massive landslide during the early morning hours swept away the entire village resulting in nu",http://www.thesangaiexpress.com/page/items/55203/healing-touch-to-flood-landslide-affected-victims,UGLC,Copernicus_DSM_COG_10_N24_00_E094_00_DEM,Copernicus DEM GLO-30 via Microsoft Planetary Computer,True,1237.6878662109375,14.47912731936699,117.73082859303685,0.002546275489353,28.225164147744778,30.715,False,NASA POWER Daily API / PRECTOTCORR,True,2.01,81.19,98.79999999999998,"{""2015-07-26"": 5.43, ""2015-07-27"": 5.97, ""2015-07-28"": 3.3, ""2015-07-29"": 2.91, ""2015-07-30"": 24.46, ""2015-07-31"": 54.72, ""2015-08-01"": 2.01}",ESA_WorldCover_10m_2021_v200_N24E093,MOD13Q1.A2015209.h26v06.061.2021329191329,2015-08-04T23:59:59.500000+00:00,3.0,30.0,Grassland,ESA WorldCover 2021 v200,2021,6,2996.0,0.2996,3.0,Cloudy,False,NASA MODIS MOD13Q1/MYD13Q1 v6.1 16-day 250m,True,True,,ERA5-Land via Open-Meteo Historical Weather API,era5_land,True,0.447,0.445,0.439,0.441,0.4486666666666667,0.4465714285714286,0.0004285714285713,"{""2015-07-26"": 0.442, ""2015-07-27"": 0.444, ""2015-07-28"": 0.448, ""2015-07-29"": 0.446, ""2015-07-30"": 0.45, ""2015-07-31"": 0.449, ""2015-08-01"": 0.447}",7.256877899009558,8620.740685644772,secondary,,198322600.0,river,Tiwan Lam River,1216059223.0,5000.0,15000.0,True,True,True,OpenStreetMap via Overpass API,2026-09-04T06:36:05Z,local equirectangular point-to-polyline
1057839,Manipur,Manipur,between Moltuk to New Songjang village,24.1419,94.1078,Medium (2-25km),5000,2015-08-01,2015,8,Monsoon (Jun-Sep),earth slide,rainfall (T),report,9,0,0,No fatalities,0.0,E-PAO' 'one landslide between Moltuk to New Songjang village,http://e-pao.net/GP.asp?src=21..020815.aug15,UGLC,Copernicus_DSM_COG_10_N24_00_E094_00_DEM,Copernicus DEM GLO-30 via Microsoft Planetary Computer,True,1175.7197265625,38.69041904139814,217.95772315797527,-0.0038125640037793,28.21762007383041,30.715,False,NASA POWER Daily API / PRECTOTCORR,True,0.77,68.62,84.89000000000001,"{""2015-07-26"": 3.05, ""2015-07-27"": 5.23, ""2015-07-28"": 3.34, ""2015-07-29"": 4.65, ""2015-07-30"": 24.28, ""2015-07-31"": 43.57, ""2015-08-01"": 0.77}",ESA_WorldCover_10m_2021_v200_N24E093,MOD13Q1.A2015209.h26v06.061.2021329191329,2015-08-04T23:59:59.500000+00:00,3.0,10.0,Tree cover,ESA WorldCover 2021 v200,2021,6,2151.0,0.2151,3.0,Cloudy,False,NASA MODIS MOD13Q1/MYD13Q1 v6.1 16-day 250m,True,True,,ERA5-Land via Open-Meteo Historical Weather API,era5_land,True,0.479,0.478,0.462,0.466,0.4806666666666666,0.475,0.0039999999999999,"{""2015-07-26"": 0.474, ""2015-07-27"": 0.47, ""2015-07-28"": 0.464, ""2015-07-29"": 0.475, ""2015-07-30"": 0.482, ""2015-07-31"": 0.481, ""2015-08-01"": 0.479}",202.4879705230551,4148.595820624489,tertiary,,198322645.0,river,Tuiyang River,1077737269.0,5000.0,5000.0,True,True,True,OpenStreetMap via Overpass API,2026-09-04T06:37:06Z,local equirectangular point-to-polyline
1057829,Manipur,Manipur,between Chalong and Paraolon,24.1988,94.1016,Medium (2-25km),10000,2015-08-01,2015,8,Monsoon (Jun-Sep),earth slide,rainfall (T),report,9,0,0,No fatalities,0.0,E-PAO' 'Two landslides between Chalong to Paraolon,http://e-pao.net/GP.asp?src=21..020815.aug15,UGLC,Copernicus_DSM_COG_10_N24_00_E094_00_DEM,Copernicus DEM GLO-30 via Microsoft Planetary Computer,True,1395.210693359375,24.212656388433786,320.5526846832806,-0.0020838646962695,28.20504639934448,30.715,False,NASA POWER Daily API / PRECTOTCORR,True,0.77,68.62,84.89000000000001,"{""2015-07-26"": 3.05, ""2015-07-27"": 5.23, ""2015-07-28"": 3.34, ""2015-07-29"": 4.65, ""2015-07-30"": 24.28, ""2015-07-31"": 43.57, ""2015-08-01"": 0.77}",ESA_WorldCover_10m_2021_v200_N24E093,MOD13Q1.A2015209.h26v06.061.2021329191329,2015-08-04T23:59:59.500000+00:00,3.0,10.0,Tree cover,ESA WorldCover 2021 v200,2021,6,3429.0,0.3429,3.0,Cloudy,False,NASA MODIS MOD13Q1/MYD13Q1 v6.1 16-day 250m,True,True,,ERA5-Land via Open-Meteo Historical Weather API,era5_land,True,0.427,0.429,0.43,0.43,0.4353333333333333,0.4365714285714285,-0.0095714285714285,"{""2015-07-26"": 0.439, ""2015-07-27"": 0.436, ""2015-07-28"": 0.437, ""2015-07-29"": 0.438, ""2015-07-30"": 0.44, ""2015-07-31"": 0.439, ""2015-08-01"": 0.427}",77.45506013382256,4282.091652673253,secondary,,198322600.0,river,Tuta Lok,169977260.0,5000.0,5000.0,True,True,True,OpenStreetMap via Overpass API,2026-09-04T06:37:06Z,local equirectangular point-to-polyline
1057940,Manipur,Manipur,Ukhrul NH 201-Jessami road,25.1941,94.4481,Medium (2-25km),25000,2015-08-01,2015,8,Monsoon (Jun-Sep),earth slide,rainfall (T),report,9,0,0,No fatalities,0.0,"E-PAO' 'The landslides occurred at three places between Ukhrul to Nungbi Village, following which a team of RKL inspected the sites today.",http://e-pao.net/GP.asp?src=22..020815.aug15,UGLC,Copernicus_DSM_COG_10_N25_00_E094_00_DEM,Copernicus DEM GLO-30 via Microsoft Planetary Computer,True,1720.2197265625,9.202235794939668,276.1435940775676,0.0062025903905964,27.980618806290533,30.715,False,NASA POWER Daily API / PRECTOTCORR,True,0.91,101.57999999999998,121.42,"{""2015-07-26"": 3.62, ""2015-07-27"": 6.58, ""2015-07-28"": 4.36, ""2015-07-29"": 5.28, ""2015-07-30"": 30.85, ""2015-07-31"": 69.82, ""2015-08-01"": 0.91}",ESA_WorldCover_10m_2021_v200_N24E093,MOD13Q1.A2015209.h26v06.061.2021329191329,2015-08-04T23:59:59.500000+00:00,3.0,10.0,Tree cover,ESA WorldCover 2021 v200,2021,6,6797.0,0.6797000000000001,3.0,Cloudy,False,NASA MODIS MOD13Q1/MYD13Q1 v6.1 16-day 250m,True,True,,ERA5-Land via Open-Meteo Historical Weather API,era5_land,True,0.436,0.466,0.477,0.472,0.457,0.4654285714285714,-0.0294285714285714,"{""2015-07-26"": 0.467, ""2015-07-27"": 0.473, ""2015-07-28"": 0.479, ""2015-07-29"": 0.468, ""2015-07-30"": 0.475, ""2015-07-31"": 0.46, ""2015-08-01"": 0.436}",3.724281276816412,3478.444128991649,trunk,,238040453.0,river,Langdang,155282652.0,5000.0,5000.0,True,True,True,OpenStreetMap via Overpass API,2026-09-04T06:38:06Z,local equirectangular point-to-polyline
1057825,Manipur,Manipur,Senam,24.416,94.0984,Medium (2-25km),5000,2015-08-01,2015,8,Monsoon (Jun-Sep),earth slide,rainfall (T),report,9,0,0,No fatalities,0.0,"E-PAO' 'At Senam and Tengnoupal, Some people of the two villages vacated their respective houses and shifted their belongings to a safer place as crack has been developed due to landslide in the village.",http://e-pao.net/GP.asp?src=1..020815.aug15,UGLC,Copernicus_DSM_COG_10_N24_00_E094_00_DEM,Copernicus DEM GLO-30 via Microsoft Planetary Computer,True,1374.5826416015625,25.35334382961345,320.8774068970288,-0.0088179429110351,28.15679423202744,30.715,False,NASA POWER Daily API / PRECTOTCORR,True,1.12,97.64,117.65,"{""2015-07-26"": 3.57, ""2015-07-27"": 6.77, ""2015-07-28"": 4.65, ""2015-07-29"": 5.02, ""2015-07-30"": 30.43, ""2015-07-31"": 66.09, ""2015-08-01"": 1.12}",ESA_WorldCover_10m_2021_v200_N24E093,MOD13Q1.A2015209.h26v06.061.2021329191329,2015-08-04T23:59:59.500000+00:00,3.0,10.0,Tree cover,ESA WorldCover 2021 v200,2021,6,5101.0,0.5101,3.0,Cloudy,False,NASA MODIS MOD13Q1/MYD13Q1 v6.1 16-day 250m,True,True,,ERA5-Land via Open-Meteo Historical Weather API,era5_land,True,0.437,0.442,0.448,0.446,0.443,0.4434285714285714,-0.0064285714285714,"{""2015-07-26"": 0.447, ""2015-07-27"": 0.446, ""2015-07-28"": 0.437, ""2015-07-29"": 0.445, ""2015-07-30"": 0.445, ""2015-07-31"": 0.447, ""2015-08-01"": 0.437}",320.1759053127156,1547.2526360399463,tertiary,,542126312.0,stream,,1237491038.0,5000.0,5000.0,True,True,True,OpenStreetMap via Overpass API,2026-09-04T06:38:06Z,local equirectangular point-to-polyline
1057865,Manipur,Manipur,"Tuitung village, Khengjoi",23.899,94.1434,Medium (2-25km),5000,2015-08-01,2015,8,Monsoon (Jun-Sep),earth slide,rainfall (T),report,9,0,0,No fatalities,0.0,"Hindustan Times' 'Several houses of Hollenjang, Wayang and Tuitung village under Khengjoi were also swept away by the landslide. The total number of casualties from these areas, if any, are not known so far.",http://www.hindustantimes.com/india/20-dead-several-houses-swept-away-in-manipur-landslide/story-KoP6OouFBWhqxSdcnLrXJN.html,UGLC,Copernicus_DSM_COG_10_N23_00_E094_00_DEM,Copernicus DEM GLO-30 via Microsoft Planetary Computer,True,258.37811279296875,25.21434054088507,165.05353497276474,0.0025378337875135,28.270982619716104,30.715,False,NASA POWER Daily API / PRECTOTCORR,True,0.77,68.62,84.89000000000001,"{""2015-07-26"": 3.05, ""2015-07-27"": 5.23, ""2015-07-28"": 3.34, ""2015-07-29"": 4.65, ""2015-07-30"": 24.28, ""2015-07-31"": 43.57, ""2015-08-01"": 0.77}",ESA_WorldCover_10m_2021_v200_N21E093,MOD13Q1.A2015209.h26v06.061.2021329191329,2015-08-04T23:59:59.500000+00:00,3.0,10.0,Tree cover,ESA WorldCover 2021 v200,2021,6,5653.0,0.5653,3.0,Cloudy,False,NASA MODIS MOD13Q1/MYD13Q1 v6.1 16-day 250m,True,True,,ERA5-Land via Open-Meteo Historical Weather API,era5_land,True,0.487,0.498,0.491,0.492,0.493,0.4878571428571429,-0.0008571428571428,"{""2015-07-26"": 0.482, ""2015-07-27"": 0.485, ""2015-07-28"": 0.483, ""2015-07-29"": 0.486, ""2015-07-30"": 0.499, ""2015-07-31"": 0.493, ""2015-08-01"": 0.487}",2448.4775054688494,1890.16672908356,unclassified,,917406598.0,stream,Aivom Dung,1222112800.0,5000.0,5000.0,True,True,True,OpenStreetMap via Overpass API,2026-09-04T06:39:06Z,local equirectangular point-to-polyline
1057888,Manipur,Manipur,between Tengnoupal-Sita junction and Tengnoupal Power Sub-Station,24.4265,94.1913,Medium (2-25km),25000,2015-08-01,2015,8,Monsoon (Jun-Sep),earth slide,rainfall (T),report,9,0,0,No fatalities,0.0,E-PAO' 'In between Tengnoupal-Sita junction and Tengnoupal Power Sub-Station landslide occurred at four locations and blocked the Tengnoupal-Sangshak road,http://e-pao.net/GP.asp?src=1..020815.aug15,UGLC,Copernicus_DSM_COG_10_N24_00_E094_00_DEM,Copernicus DEM GLO-30 via Microsoft Planetary Computer,True,1317.843994140625,8.921305432626855,317.4645022496123,-0.0080307756905187,28.15445134082401,30.715,False,NASA POWER Daily API / PRECTOTCORR,True,1.12,97.64,117.65,"{""2015-07-26"": 3.57, ""2015-07-27"": 6.77, ""2015-07-28"": 4.65, ""2015-07-29"": 5.02, ""2015-07-30"": 30.43, ""2015-07-31"": 66.09, ""2015-08-01"": 1.12}",ESA_WorldCover_10m_2021_v200_N24E093,MOD13Q1.A2015209.h26v06.061.2021329191329,2015-08-04T23:59:59.500000+00:00,3.0,10.0,Tree cover,ESA WorldCover 2021 v200,2021,6,3201.0,0.3201,3.0,Cloudy,False,NASA MODIS MOD13Q1/MYD13Q1 v6.1 16-day 250m,True,True,,ERA5-Land via Open-Meteo Historical Weather API,era5_land,True,0.423,0.425,0.424,0.424,0.427,0.4277142857142856,-0.0047142857142856,"{""2015-07-26"": 0.428, ""2015-07-27"": 0.429, ""2015-07-28"": 0.428, ""2015-07-29"": 0.428, ""2015-07-30"": 0.429, ""2015-07-31"": 0.429, ""2015-08-01"": 0.423}",61.849769534529976,5805.928720409315,trunk,,385693564.0,stream,,1070668442.0,5000.0,15000.0,True,True,True,OpenStreetMap via Overpass API,2026-09-04T06:40:05Z,local equirectangular point-to-polyline
1057893,Manipur,Manipur,Imphal-Ukhrul road,24.954,94.2156,Low (>25km),50000,2015-08-01,2015,8,Monsoon (Jun-Sep),earth slide,rainfall (T),report,9,0,0,No fatalities,0.0,E-PAO' 'ND,http://e-pao.net/GP.asp?src=1..020815.aug15,UGLC,Copernicus_DSM_COG_10_N24_00_E094_00_DEM,Copernicus DEM GLO-30 via Microsoft Planetary Computer,True,934.0267944335938,20.373789811365377,301.64704429008486,-0.0044721301282286,28.03553365960433,30.715,False,NASA POWER Daily API / PRECTOTCORR,True,0.91,101.57999999999998,121.42,"{""2015-07-26"": 3.62, ""2015-07-27"": 6.58, ""2015-07-28"": 4.36, ""2015-07-29"": 5.28, ""2015-07-30"": 30.85, ""2015-07-31"": 69.82, ""2015-08-01"": 0.91}",ESA_WorldCover_10m_2021_v200_N24E093,MOD13Q1.A2015209.h26v06.061.2021329191329,2015-08-04T23:59:59.500000+00:00,3.0,50.0,Built-up,ESA WorldCover 2021 v200,2021,6,6073.0,0.6073000000000001,3.0,Cloudy,False,NASA MODIS MOD13Q1/MYD13Q1 v6.1 16-day 250m,True,True,,ERA5-Land via Open-Meteo Historical Weather API,era5_land,True,0.469,0.468,0.481,0.478,0.4646666666666667,0.467,0.0019999999999999,"{""2015-07-26"": 0.46, ""2015-07-27"": 0.471, ""2015-07-28"": 0.471, ""2015-07-29"": 0.473, ""2015-07-30"": 0.463, ""2015-07-31"": 0.462, ""2015-08-01"": 0.469}",7.17636212920009,68.77184013618128,trunk,,238033861.0,river,Thoubal,636101957.0,5000.0,5000.0,True,True,True,OpenStreetMap via Overpass API,2026-09-04T06:41:06Z,local equirectangular point-to-polyline
1057815,Manipur,Manipur,between Bongyang and Lokchao along the Imphal-Moreh highway,24.4072,94.0644,Medium (2-25km),5000,2015-08-01,2015,8,Monsoon (Jun-Sep),earth slide,rainfall (T),report,9,0,0,No fatalities,0.0,"E-PAO' 'Meanwhile, landslides also wreaked havoc in between Bongyang and Lokchao along the Imphal-Moreh highway and Tengnoupal-Sangshak road in Chandel district.",http://e-pao.net/GP.asp?src=1..020815.aug15,UGLC,Copernicus_DSM_COG_10_N24_00_E094_00_DEM,Copernicus DEM GLO-30 via Microsoft Planetary Computer,True,1175.2703857421875,29.96387989091406,355.5801914571644,-0.0113295935988096,28.158757069628585,30.715,False,NASA POWER Daily API / PRECTOTCORR,True,1.12,97.64,117.65,"{""2015-07-26"": 3.57, ""2015-07-27"": 6.77, ""2015-07-28"": 4.65, ""2015-07-29"": 5.02, ""2015-07-30"": 30.43, ""2015-07-31"": 66.09, ""2015-08-01"": 1.12}",ESA_WorldCover_10m_2021_v200_N24E093,MOD13Q1.A2015209.h26v06.061.2021329191329,2015-08-04T23:59:59.500000+00:00,3.0,10.0,Tree cover,ESA WorldCover 2021 v200,2021,6,8466.0,0.8466,1.0,Marginal data,True,NASA MODIS MOD13Q1/MYD13Q1 v6.1 16-day 250m,True,True,0.8466,ERA5-Land via Open-Meteo Historical Weather API,era5_land,True,0.437,0.442,0.448,0.446,0.443,0.4434285714285714,-0.0064285714285714,"{""2015-07-26"": 0.447, ""2015-07-27"": 0.446, ""2015-07-28"": 0.437, ""2015-07-29"": 0.445, ""2015-07-30"": 0.445, ""2015-07-31"": 0.447, ""2015-08-01"": 0.437}",7.493675977482596,1306.4954929906198,trunk,,237999913.0,stream,,1237491038.0,5000.0,5000.0,True,True,True,OpenStreetMap via Overpass API,2026-09-04T06:41:06Z,local equirectangular point-to-polyline
1057810,Manipur,Manipur,near S Lamphei Lamkhai and Sehlon village,23.9939,94.0573,Low (>25km),50000,2015-08-01,2015,8,Monsoon (Jun-Sep),earth slide,rainfall (T),report,9,0,0,No fatalities,0.0,E-PAO' 'landslide near S Lamphei Lamkhai and Sehlon village had taken place,http://e-pao.net/GP.asp?src=21..020815.aug15,UGLC,Copernicus_DSM_COG_10_N23_00_E094_00_DEM,Copernicus DEM GLO-30 via Microsoft Planetary Computer,True,984.0938110351562,10.329396062841996,77.61983684937155,-0.0157586918372944,28.25019452397696,30.715,False,NASA POWER Daily API / PRECTOTCORR,True,2.01,81.19,98.79999999999998,"{""2015-07-26"": 5.43, ""2015-07-27"": 5.97, ""2015-07-28"": 3.3, ""2015-07-29"": 2.91, ""2015-07-30"": 24.46, ""2015-07-31"": 54.72, ""2015-08-01"": 2.01}",ESA_WorldCover_10m_2021_v200_N21E093,MOD13Q1.A2015209.h26v06.061.2021329191329,2015-08-04T23:59:59.500000+00:00,3.0,10.0,Tree cover,ESA WorldCover 2021 v200,2021,6,5668.0,0.5668000000000001,3.0,Cloudy,False,NASA MODIS MOD13Q1/MYD13Q1 v6.1 16-day 250m,True,True,,ERA5-Land via Open-Meteo Historical Weather API,era5_land,True,0.462,0.489,0.494,0.491,0.4836666666666667,0.482,-0.02,"{""2015-07-26"": 0.484, ""2015-07-27"": 0.484, ""2015-07-28"": 0.471, ""2015-07-29"": 0.484, ""2015-07-30"": 0.5, ""2015-07-31"": 0.489, ""2015-08-01"": 0.462}",5831.391586774583,1834.6455036357622,secondary,,198322648.0,river,Tiwan Lam River,1216059223.0,15000.0,5000.0,True,True,True,OpenStreetMap via Overpass API,2026-09-04T06:42:11Z,local equirectangular point-to-polyline
1057780,Manipur,Manipur,Chandel,24.30097079,94.04356075,Medium (2-25km),13621,2015-08-01,2015,8,Monsoon (Jun-Sep),ND,rainfall (T),event,9,9,1,Severe (5+),,"Twenty people were killed in a landslide triggered by heavy incessant rain at Zoumoal village in Manipur’s Chandel district today, police said. Superintendent of Police of Chandel district Herojit Singh said 20 people were killed in the landslide at th",http://indianexpress.com/article/india/india-others/floods-in-mizoram-manipur-render-several-families-homeless/,UGLC,Copernicus_DSM_COG_10_N24_00_E094_00_DEM,Copernicus DEM GLO-30 via Microsoft Planetary Computer,True,990.4180297851562,24.23338345965897,92.33000927915248,-0.0041952475271902,28.18239904537385,30.715,False,NASA POWER Daily API / PRECTOTCORR,True,2.49,108.85,127.86,"{""2015-07-26"": 3.53, ""2015-07-27"": 8.14, ""2015-07-28"": 3.97, ""2015-07-29"": 3.37, ""2015-07-30"": 26.97, ""2015-07-31"": 79.39, ""2015-08-01"": 2.49}",ESA_WorldCover_10m_2021_v200_N24E093,MOD13Q1.A2015209.h26v06.061.2021329191329,2015-08-04T23:59:59.500000+00:00,3.0,10.0,Tree cover,ESA WorldCover 2021 v200,2021,6,8650.0,0.865,1.0,Marginal data,True,NASA MODIS MOD13Q1/MYD13Q1 v6.1 16-day 250m,True,True,0.865,ERA5-Land via Open-Meteo Historical Weather API,era5_land,True,0.481,0.487,0.502,0.498,0.4873333333333333,0.4827142857142857,-0.0017142857142857,"{""2015-07-26"": 0.477, ""2015-07-27"": 0.483, ""2015-07-28"": 0.485, ""2015-07-29"": 0.472, ""2015-07-30"": 0.492, ""2015-07-31"": 0.489, ""2015-08-01"": 0.481}",750.610124117599,1351.193384361257,tertiary,,455280315.0,river,Chakpi River,385485444.0,5000.0,5000.0,True,True,True,OpenStreetMap via Overpass API,2026-09-04T06:43:14Z,local equirectangular point-to-polyline
1057923,Manipur,Manipur,Ukhrul town Circular road from Rayotang to Viewland Zone II,25.1122,94.3591,Medium (2-25km),10000,2015-08-01,2015,8,Monsoon (Jun-Sep),earth slide,rainfall (T),report,9,0,0,No fatalities,0.0,"E-PAO' 'In separate similar incidents, due to sinking of Ukhrul town Circular road from Rayotang to Viewland Zone II, a newly constructed Meitei Baptist Church building, including pastor quarter and kitchen have been destroyed, while heavy downpour that lashed t",http://e-pao.net/GP.asp?src=22..020815.aug15,UGLC,Copernicus_DSM_COG_10_N25_00_E094_00_DEM,Copernicus DEM GLO-30 via Microsoft Planetary Computer,True,1854.3697509765625,15.7251620136025,263.46577769536003,-0.0138659299286769,27.999405960526826,30.715,False,NASA POWER Daily API / PRECTOTCORR,True,0.91,101.57999999999998,121.42,"{""2015-07-26"": 3.62, ""2015-07-27"": 6.58, ""2015-07-28"": 4.36, ""2015-07-29"": 5.28, ""2015-07-30"": 30.85, ""2015-07-31"": 69.82, ""2015-08-01"": 0.91}",ESA_WorldCover_10m_2021_v200_N24E093,MOD13Q1.A2015209.h26v06.061.2021329191329,2015-08-04T23:59:59.500000+00:00,3.0,50.0,Built-up,ESA WorldCover 2021 v200,2021,6,4588.0,0.4588,3.0,Cloudy,False,NASA MODIS MOD13Q1/MYD13Q1 v6.1 16-day 250m,True,True,,ERA5-Land via Open-Meteo Historical Weather API,era5_land,True,0.42,0.423,0.426,0.425,0.4253333333333333,0.4247142857142857,-0.0047142857142857,"{""2015-07-26"": 0.415, ""2015-07-27"": 0.428, ""2015-07-28"": 0.426, ""2015-07-29"": 0.428, ""2015-07-30"": 0.428, ""2015-07-31"": 0.428, ""2015-08-01"": 0.42}",9.65929201849837,992.4136899959252,residential,,1507298937.0,stream,,252401278.0,5000.0,5000.0,True,True,True,OpenStreetMap via Overpass API,2026-09-04T06:44:19Z,local equirectangular point-to-polyline
1057820,Manipur,Manipur,"Wayang, Khengjoi",23.9278,94.0906,Medium (2-25km),5000,2015-08-01,2015,8,Monsoon (Jun-Sep),earth slide,rainfall (T),report,9,0,0,No fatalities,0.0,"Hindustan Times' 'Several houses of Hollenjang, Wayang and Tuitung village under Khengjoi were also swept away by the landslide. The total number of casualties from these areas, if any, are not known so far.",http://www.hindustantimes.com/india/20-dead-several-houses-swept-away-in-manipur-landslide/story-KoP6OouFBWhqxSdcnLrXJN.html,UGLC,Copernicus_DSM_COG_10_N23_00_E094_00_DEM,Copernicus DEM GLO-30 via Microsoft Planetary Computer,True,941.6574096679688,8.499595410682492,27.83780308190921,-0.0089973874287075,28.26468209809371,30.715,False,NASA POWER Daily API / PRECTOTCORR,True,0.77,68.62,84.89000000000001,"{""2015-07-26"": 3.05, ""2015-07-27"": 5.23, ""2015-07-28"": 3.34, ""2015-07-29"": 4.65, ""2015-07-30"": 24.28, ""2015-07-31"": 43.57, ""2015-08-01"": 0.77}",ESA_WorldCover_10m_2021_v200_N21E093,MOD13Q1.A2015209.h26v06.061.2021329191329,2015-08-04T23:59:59.500000+00:00,3.0,10.0,Tree cover,ESA WorldCover 2021 v200,2021,6,2493.0,0.2493,3.0,Cloudy,False,NASA MODIS MOD13Q1/MYD13Q1 v6.1 16-day 250m,True,True,,ERA5-Land via Open-Meteo Historical Weather API,era5_land,True,0.487,0.498,0.491,0.492,0.493,0.4878571428571429,-0.0008571428571428,"{""2015-07-26"": 0.482, ""2015-07-27"": 0.485, ""2015-07-28"": 0.483, ""2015-07-29"": 0.486, ""2015-07-30"": 0.499, ""2015-07-31"": 0.493, ""2015-08-01"": 0.487}",6419.540783810203,1301.5975170685113,unclassified,,1249248971.0,stream,Tuito Dung,1222112782.0,15000.0,5000.0,True,True,True,OpenStreetMap via Overpass API,2026-09-04T06:45:21Z,local equirectangular point-to-polyline
1050841,Manipur,Manipur,Khoupum,24.7016,93.5291,Medium (2-25km),5000,2015-08-11,2015,8,Monsoon (Jun-Sep),earth slide,rainfall (T),report,9,0,0,No fatalities,0.0,"E-PAO' 'In a press statement, ZB-AMN General Secretary Dr Gairiangmei Maringmei said due to recent incessant rain, several areas of the Zeliangrong region have experienced landslides.",http://e-pao.net/GP.asp?src=26..120815.aug15,UGLC,Copernicus_DSM_COG_10_N24_00_E093_00_DEM,Copernicus DEM GLO-30 via Microsoft Planetary Computer,True,664.662841796875,14.523324184320652,67.13301753109135,-0.0042300135877726,28.09273091227529,30.715,False,NASA POWER Daily API / PRECTOTCORR,True,1.78,24.43,71.95,"{""2015-08-05"": 3.3, ""2015-08-06"": 3.42, ""2015-08-07"": 1.77, ""2015-08-08"": 39.03, ""2015-08-09"": 19.36, ""2015-08-10"": 3.29, ""2015-08-11"": 1.78}",ESA_WorldCover_10m_2021_v200_N24E093,MYD13Q1.A2015217.h26v06.061.2021331134632,2015-08-12T23:59:59.500000+00:00,1.0,10.0,Tree cover,ESA WorldCover 2021 v200,2021,6,4338.0,0.4338,3.0,Cloudy,False,NASA MODIS MOD13Q1/MYD13Q1 v6.1 16-day 250m,True,True,,ERA5-Land via Open-Meteo Historical Weather API,era5_land,True,0.415,0.417,0.424,0.422,0.4196666666666666,0.4198571428571429,-0.0048571428571428,"{""2015-08-05"": 0.414, ""2015-08-06"": 0.412, ""2015-08-07"": 0.428, ""2015-08-08"": 0.426, ""2015-08-09"": 0.421, ""2015-08-10"": 0.423, ""2015-08-11"": 0.415}",106.9026944809529,2649.53378589392,secondary,Old Cachar Road,666193763.0,river,Irang River,666155546.0,5000.0,5000.0,True,True,True,OpenStreetMap via Overpass API,2026-09-04T06:45:21Z,local equirectangular point-to-polyline
1050762,Manipur,Manipur,Tousem,25.1019,93.3729,Medium (2-25km),5000,2015-08-11,2015,8,Monsoon (Jun-Sep),earth slide,rainfall (T),report,9,0,0,No fatalities,0.0,"E-PAO' 'In a press statement, ZB-AMN General Secretary Dr Gairiangmei Maringmei said due to recent incessant rain, several areas of the Zeliangrong region have experienced landslides.",http://e-pao.net/GP.asp?src=26..120815.aug15,UGLC,Copernicus_DSM_COG_10_N25_00_E093_00_DEM,Copernicus DEM GLO-30 via Microsoft Planetary Computer,True,1140.5501708984375,12.40823167828151,246.6230337126053,-0.0039674937489541,28.001764642683288,30.715,False,NASA POWER Daily API / PRECTOTCORR,True,8.77,35.93,85.22999999999999,"{""2015-08-05"": 1.6, ""2015-08-06"": 7.32, ""2015-08-07"": 4.27, ""2015-08-08"": 36.11, ""2015-08-09"": 18.73, ""2015-08-10"": 8.43, ""2015-08-11"": 8.77}",ESA_WorldCover_10m_2021_v200_N24E093,MYD13Q1.A2015217.h26v06.061.2021331134632,2015-08-12T23:59:59.500000+00:00,1.0,50.0,Built-up,ESA WorldCover 2021 v200,2021,6,1847.0,0.1847,3.0,Cloudy,False,NASA MODIS MOD13Q1/MYD13Q1 v6.1 16-day 250m,True,True,,ERA5-Land via Open-Meteo Historical Weather API,era5_land,True,0.455,0.491,0.503,0.497,0.476,0.4882857142857142,-0.0332857142857142,"{""2015-08-05"": 0.496, ""2015-08-06"": 0.489, ""2015-08-07"": 0.497, ""2015-08-08"": 0.508, ""2015-08-09"": 0.479, ""2015-08-10"": 0.494, ""2015-08-11"": 0.455}",61.35605205325287,2807.4650824997148,tertiary,,613795655.0,river,Makru River,385547939.0,5000.0,5000.0,True,True,True,OpenStreetMap via Overpass API,2026-09-04T06:46:21Z,local equirectangular point-to-polyline
1050771,Manipur,Manipur,Nungba,24.7459,93.4251,Medium (2-25km),10000,2015-08-11,2015,8,Monsoon (Jun-Sep),earth slide,rainfall (T),report,9,0,0,No fatalities,0.0,"E-PAO' 'In a press statement, ZB-AMN General Secretary Dr Gairiangmei Maringmei said due to recent incessant rain, several areas of the Zeliangrong region have experienced landslides.",http://e-pao.net/GP.asp?src=26..120815.aug15,UGLC,Copernicus_DSM_COG_10_N24_00_E093_00_DEM,Copernicus DEM GLO-30 via Microsoft Planetary Computer,True,763.7816162109375,8.5661750290278,359.6755198303302,0.0062825710934718,28.08273134713526,30.715,False,NASA POWER Daily API / PRECTOTCORR,True,7.18,36.89,80.47999999999999,"{""2015-08-05"": 2.25, ""2015-08-06"": 4.72, ""2015-08-07"": 5.47, ""2015-08-08"": 31.15, ""2015-08-09"": 18.08, ""2015-08-10"": 11.63, ""2015-08-11"": 7.18}",ESA_WorldCover_10m_2021_v200_N24E093,MYD13Q1.A2015217.h26v06.061.2021331134632,2015-08-12T23:59:59.500000+00:00,1.0,50.0,Built-up,ESA WorldCover 2021 v200,2021,6,7712.0,0.7712,3.0,Cloudy,False,NASA MODIS MOD13Q1/MYD13Q1 v6.1 16-day 250m,True,True,,ERA5-Land via Open-Meteo Historical Weather API,era5_land,True,0.417,0.418,0.424,0.422,0.4203333333333333,0.42,-0.003,"{""2015-08-05"": 0.414, ""2015-08-06"": 0.412, ""2015-08-07"": 0.428, ""2015-08-08"": 0.425, ""2015-08-09"": 0.42, ""2015-08-10"": 0.424, ""2015-08-11"": 0.417}",3.6989799429059804,3717.183072084108,trunk,,242395883.0,river,Irang River,666155546.0,5000.0,5000.0,True,True,True,OpenStreetMap via Overpass API,2026-09-04T06:46:21Z,local equirectangular point-to-polyline
1048527,Assam,Assam,Natonal Highway in Jorabat area,26.1028,91.8806,Medium (2-25km),5000,2015-08-22,2015,8,Monsoon (Jun-Sep),earth slide,rainfall (T),report,9,0,0,No fatalities,0.0,Assam Times' 'Hundreds of vehicles have been remaining stranded on the Natonal Highway in Jorabat area where a huge hillock slipped on road the in the wee hours. It took several hours to clear the road. - See more at: http://www.assamtimes.org/node/14643#sthash.6wgmNZ,http://www.assamtimes.org/node/14643,UGLC,Copernicus_DSM_COG_10_N26_00_E091_00_DEM,Copernicus DEM GLO-30 via Microsoft Planetary Computer,True,125.79842376708984,30.021685763949296,120.20307739581484,0.0038416131042033,27.76834341438305,30.715,False,NASA POWER Daily API / PRECTOTCORR,True,5.79,63.86,154.29,"{""2015-08-16"": 3.65, ""2015-08-17"": 23.2, ""2015-08-18"": 28.81, ""2015-08-19"": 34.77, ""2015-08-20"": 48.78, ""2015-08-21"": 9.29, ""2015-08-22"": 5.79}",ESA_WorldCover_10m_2021_v200_N24E090,MOD13Q1.A2015225.h25v06.061.2021331161616,2015-08-20T23:59:59.500000+00:00,2.0,30.0,Grassland,ESA WorldCover 2021 v200,2021,6,,,,,False,NASA MODIS MOD13Q1/MYD13Q1 v6.1 16-day 250m,True,False,,ERA5-Land via Open-Meteo Historical Weather API,era5_land,True,0.48,0.493,0.502,0.499,0.4813333333333333,0.4778571428571428,0.0021428571428571,"{""2015-08-16"": 0.467, ""2015-08-17"": 0.474, ""2015-08-18"": 0.473, ""2015-08-19"": 0.487, ""2015-08-20"": 0.477, ""2015-08-21"": 0.487, ""2015-08-22"": 0.48}",20.380268756540538,4011.951994938439,trunk,NH37,386390140.0,river,Digaru,1010353846.0,5000.0,5000.0,True,True,True,OpenStreetMap via Overpass API,2026-09-04T06:47:21Z,local equirectangular point-to-polyline
1050683,Mizoram,Mizoram,Phullen’s main road,23.8447,93.0514,Medium (2-25km),10000,2015-08-26,2015,8,Monsoon (Jun-Sep),mudslide,rainfall (T),report,9,0,0,No fatalities,0.0,"Indian Express' 'At least three houses have been swept away by a mudslide and several others vacated in a north-eastern Mizoram town, an official said Wednesday, the latest in several weather-related incidents that have damaged property and caused hardship in the remote",http://indianexpress.com/article/india/india-others/several-houses-swept-away-in-mudslide-in-the-mizoram-town-of-phullen/,UGLC,Copernicus_DSM_COG_10_N23_00_E093_00_DEM,Copernicus DEM GLO-30 via Microsoft Planetary Computer,True,1082.572021484375,33.69790144855811,243.93056542195964,0.0018526094228497,28.28284229719753,30.715,False,NASA POWER Daily API / PRECTOTCORR,True,6.27,10.77,42.6,"{""2015-08-20"": 9.46, ""2015-08-21"": 6.02, ""2015-08-22"": 11.97, ""2015-08-23"": 4.38, ""2015-08-24"": 3.64, ""2015-08-25"": 0.86, ""2015-08-26"": 6.27}",ESA_WorldCover_10m_2021_v200_N21E093,MYD13Q1.A2015233.h26v06.061.2021331175724,2015-08-28T23:59:59.500000+00:00,2.0,10.0,Tree cover,ESA WorldCover 2021 v200,2021,6,2409.0,0.2409,3.0,Cloudy,False,NASA MODIS MOD13Q1/MYD13Q1 v6.1 16-day 250m,True,True,,ERA5-Land via Open-Meteo Historical Weather API,era5_land,True,0.423,0.423,0.422,0.422,0.421,0.423,-5.551115123125783e-17,"{""2015-08-20"": 0.426, ""2015-08-21"": 0.422, ""2015-08-22"": 0.426, ""2015-08-23"": 0.424, ""2015-08-24"": 0.422, ""2015-08-25"": 0.418, ""2015-08-26"": 0.423}",17.721752373439813,2290.426250022775,primary,,661020061.0,stream,,661550635.0,5000.0,5000.0,True,True,True,OpenStreetMap via Overpass API,2026-09-04T06:47:21Z,local equirectangular point-to-polyline
1050618,Mizoram,Mizoram,Sailam village,23.3572,92.7878,Medium (2-25km),5000,2015-08-26,2015,8,Monsoon (Jun-Sep),earth slide,rainfall (T),report,9,1,1,Minor (1-2),0.0,"Indian Express' 'A few casualties have been reported, including a driver in his 20s who later died in a hospital after the vehicle he was driving was buried by a landslide near Sailam village, about 75 kms south of Aizawl, this past weekend.",http://indianexpress.com/article/india/india-others/several-houses-swept-away-in-mudslide-in-the-mizoram-town-of-phullen/,UGLC,Copernicus_DSM_COG_10_N23_00_E092_00_DEM,Copernicus DEM GLO-30 via Microsoft Planetary Computer,True,1370.5128173828125,10.024641318849223,192.16028169703824,-0.0053503305587645,28.38817825283537,30.715,False,NASA POWER Daily API / PRECTOTCORR,True,3.42,4.91,47.66,"{""2015-08-20"": 23.62, ""2015-08-21"": 5.63, ""2015-08-22"": 12.69, ""2015-08-23"": 0.81, ""2015-08-24"": 1.2, ""2015-08-25"": 0.29, ""2015-08-26"": 3.42}",ESA_WorldCover_10m_2021_v200_N21E090,MYD13Q1.A2015233.h26v06.061.2021331175724,2015-08-28T23:59:59.500000+00:00,2.0,30.0,Grassland,ESA WorldCover 2021 v200,2021,6,1763.0,0.1763,3.0,Cloudy,False,NASA MODIS MOD13Q1/MYD13Q1 v6.1 16-day 250m,True,True,,ERA5-Land via Open-Meteo Historical Weather API,era5_land,True,0.416,0.416,0.411,0.413,0.415,0.4187142857142856,-0.0027142857142856,"{""2015-08-20"": 0.427, ""2015-08-21"": 0.421, ""2015-08-22"": 0.421, ""2015-08-23"": 0.417, ""2015-08-24"": 0.416, ""2015-08-25"": 0.413, ""2015-08-26"": 0.416}",25.00731333258213,3013.706056494942,unclassified,,1067471604.0,stream,,1369157160.0,5000.0,5000.0,True,True,True,OpenStreetMap via Overpass API,2026-09-04T06:48:20Z,local equirectangular point-to-polyline
1050578,Mizoram,Mizoram,"National Highway 54, at Kawnpui town",24.042,92.6724,Medium (2-25km),10000,2015-08-27,2015,8,Monsoon (Jun-Sep),earth slide,rainfall (T),report,9,0,0,No fatalities,0.0,"Indian Express' 'National Highway 54, the state’s lifeline, has also been blocked in several places, including at Kawnpui town",http://indianexpress.com/article/india/india-others/mizoram-aizawl-houses-swept-away-graves-damaged-by-rain-and-landslide/,UGLC,Copernicus_DSM_COG_10_N24_00_E092_00_DEM,Copernicus DEM GLO-30 via Microsoft Planetary Computer,True,804.6470336914062,6.917436113227346,125.9897624293652,0.0019008299450849,28.23962849269841,30.715,False,NASA POWER Daily API / PRECTOTCORR,True,5.15,9.820000000000002,31.83,"{""2015-08-21"": 6.87, ""2015-08-22"": 10.08, ""2015-08-23"": 3.15, ""2015-08-24"": 1.91, ""2015-08-25"": 0.31, ""2015-08-26"": 4.36, ""2015-08-27"": 5.15}",ESA_WorldCover_10m_2021_v200_N24E090,MYD13Q1.A2015233.h26v06.061.2021331175724,2015-08-28T23:59:59.500000+00:00,1.0,50.0,Built-up,ESA WorldCover 2021 v200,2021,6,2122.0,0.2122,3.0,Cloudy,False,NASA MODIS MOD13Q1/MYD13Q1 v6.1 16-day 250m,True,True,,ERA5-Land via Open-Meteo Historical Weather API,era5_land,True,0.416,0.418,0.419,0.419,0.4173333333333333,0.4181428571428571,-0.0021428571428571,"{""2015-08-21"": 0.423, ""2015-08-22"": 0.424, ""2015-08-23"": 0.414, ""2015-08-24"": 0.414, ""2015-08-25"": 0.417, ""2015-08-26"": 0.419, ""2015-08-27"": 0.416}",3.774429798468402,3745.420013430212,trunk,,241573044.0,river,Tlawng,226207290.0,5000.0,5000.0,True,True,True,OpenStreetMap via Overpass API,2026-09-04T06:49:21Z,local equirectangular point-to-polyline
1050677,Mizoram,Mizoram,the state highway which links the rest of the state to eastern Champhai district,23.6866,93.017,Low (>25km),50000,2015-08-27,2015,8,Monsoon (Jun-Sep),earth slide,rainfall (T),report,9,0,0,No fatalities,0.0,"Indian Express' 'Landslides have also blocked the state highway which links the rest of the state to eastern Champhai district, which hosts the main route to Myanmar, in several places.",http://indianexpress.com/article/india/india-others/mizoram-aizawl-houses-swept-away-graves-damaged-by-rain-and-landslide/,UGLC,Copernicus_DSM_COG_10_N23_00_E093_00_DEM,Copernicus DEM GLO-30 via Microsoft Planetary Computer,True,627.6786499023438,29.12617498942786,304.2248252507581,-0.0059088926968985,28.317228266582,30.715,False,NASA POWER Daily API / PRECTOTCORR,True,3.85,8.08,27.23,"{""2015-08-21"": 3.36, ""2015-08-22"": 12.47, ""2015-08-23"": 1.75, ""2015-08-24"": 1.57, ""2015-08-25"": 0.62, ""2015-08-26"": 3.61, ""2015-08-27"": 3.85}",ESA_WorldCover_10m_2021_v200_N21E093,MYD13Q1.A2015233.h26v06.061.2021331175724,2015-08-28T23:59:59.500000+00:00,1.0,10.0,Tree cover,ESA WorldCover 2021 v200,2021,6,8230.0,0.8230000000000001,3.0,Cloudy,False,NASA MODIS MOD13Q1/MYD13Q1 v6.1 16-day 250m,True,True,,ERA5-Land via Open-Meteo Historical Weather API,era5_land,True,0.422,0.424,0.421,0.422,0.4216666666666666,0.4215714285714285,0.0004285714285714,"{""2015-08-21"": 0.421, ""2015-08-22"": 0.425, ""2015-08-23"": 0.419, ""2015-08-24"": 0.421, ""2015-08-25"": 0.42, ""2015-08-26"": 0.423, ""2015-08-27"": 0.422}",6.947733492509443,737.2494853471246,trunk,,242679585.0,river,Tuivawl,198312358.0,5000.0,5000.0,True,True,True,OpenStreetMap via Overpass API,2026-09-04T06:50:21Z,local equirectangular point-to-polyline
1050606,Mizoram,Mizoram,three graveyards within Aizawl,23.7269,92.7265,Medium (2-25km),5000,2015-08-27,2015,8,Monsoon (Jun-Sep),earth slide,rainfall (T),report,9,0,0,No fatalities,0.0,"Indian Express' 'The landslides also damaged as many houses and dislodged, and in some cases swept away, about 160 graves in three graveyards within the city.",http://indianexpress.com/article/india/india-others/mizoram-aizawl-houses-swept-away-graves-damaged-by-rain-and-landslide/,UGLC,Copernicus_DSM_COG_10_N23_00_E092_00_DEM,Copernicus DEM GLO-30 via Microsoft Planetary Computer,True,875.623046875,36.85576719801488,142.7097559257752,-0.020476246309084,28.308483680267525,30.715,False,NASA POWER Daily API / PRECTOTCORR,True,3.19,6.9,27.23,"{""2015-08-21"": 5.63, ""2015-08-22"": 12.69, ""2015-08-23"": 0.81, ""2015-08-24"": 1.2, ""2015-08-25"": 0.29, ""2015-08-26"": 3.42, ""2015-08-27"": 3.19}",ESA_WorldCover_10m_2021_v200_N21E090,MYD13Q1.A2015233.h26v06.061.2021331175724,2015-08-28T23:59:59.500000+00:00,1.0,10.0,Tree cover,ESA WorldCover 2021 v200,2021,6,5441.0,0.5441,3.0,Cloudy,False,NASA MODIS MOD13Q1/MYD13Q1 v6.1 16-day 250m,True,True,,ERA5-Land via Open-Meteo Historical Weather API,era5_land,True,0.414,0.416,0.418,0.418,0.417,0.4172857142857142,-0.0032857142857142,"{""2015-08-21"": 0.42, ""2015-08-22"": 0.421, ""2015-08-23"": 0.414, ""2015-08-24"": 0.415, ""2015-08-25"": 0.418, ""2015-08-26"": 0.419, ""2015-08-27"": 0.414}",16.79726072763399,1300.9120754084604,residential,,1070487588.0,stream,Tuikual River,641629866.0,5000.0,5000.0,True,True,True,OpenStreetMap via Overpass API,2026-09-04T06:51:21Z,local equirectangular point-to-polyline
1050624,Mizoram,Mizoram,"Mizoram, India",23.4495,92.8112,Medium (2-25km),25000,2015-08-28,2015,8,Monsoon (Jun-Sep),earth slide,rainfall (T),report,9,0,0,No fatalities,0.0,"The Indian Express' 'A downpour was drenching the old building at 1.45am on August 28 when what seemed to be a tremor struck. Several glass panes on windows lining the western wall cracked and broke, as did parts of the concrete wall of the control room of the 132KV power su",http://indianexpress.com/article/india/india-others/mizorams-power-lifeline-on-shaky-ground-after-landslip/,UGLC,Copernicus_DSM_COG_10_N23_00_E092_00_DEM,Copernicus DEM GLO-30 via Microsoft Planetary Computer,True,864.9563598632812,35.83998097624885,67.38412149027516,0.0006573178998803,28.36839213219137,30.715,False,NASA POWER Daily API / PRECTOTCORR,True,13.55,20.160000000000004,35.15,"{""2015-08-22"": 12.69, ""2015-08-23"": 0.81, ""2015-08-24"": 1.2, ""2015-08-25"": 0.29, ""2015-08-26"": 3.42, ""2015-08-27"": 3.19, ""2015-08-28"": 13.55}",ESA_WorldCover_10m_2021_v200_N21E090,MYD13Q1.A2015233.h26v06.061.2021331175724,2015-08-28T23:59:59.500000+00:00,0.0,10.0,Tree cover,ESA WorldCover 2021 v200,2021,6,4528.0,0.4528,3.0,Cloudy,False,NASA MODIS MOD13Q1/MYD13Q1 v6.1 16-day 250m,True,True,,ERA5-Land via Open-Meteo Historical Weather API,era5_land,True,0.404,0.408,0.408,0.408,0.411,0.4142857142857142,-0.0102857142857141,"{""2015-08-22"": 0.421, ""2015-08-23"": 0.417, ""2015-08-24"": 0.416, ""2015-08-25"": 0.413, ""2015-08-26"": 0.416, ""2015-08-27"": 0.413, ""2015-08-28"": 0.404}",822.456072326384,2337.8139625349727,tertiary,,22826786.0,river,,661234418.0,5000.0,5000.0,True,True,True,OpenStreetMap via Overpass API,2026-09-04T06:51:21Z,local equirectangular point-to-polyline
1048364,Assam,Assam,Maligaon,26.1868,91.6739,High (<2km),1000,2015-09-01,2015,9,Monsoon (Jun-Sep),rock fall,rainfall (T),report,7,2,1,Minor (1-2),0.0,"Assam Times' 'The incessant rains that lashed Guwahati and its adjoining areas are likely to result in landslide soon. Local residents in Amingaon, Thirteenth Mile, Nineth Mile, Maligaon areas fear the tragic rerun of landslide incidents in near future. The district a",http://www.assamtimes.org/node/14780,UGLC,Copernicus_DSM_COG_10_N26_00_E091_00_DEM,Copernicus DEM GLO-30 via Microsoft Planetary Computer,True,48.756778717041016,2.8027349794426915,334.9828331228633,0.0019180994843855,27.748367235305984,30.715,True,NASA POWER Daily API / PRECTOTCORR,True,11.12,78.97,166.57,"{""2015-08-26"": 0.92, ""2015-08-27"": 48.49, ""2015-08-28"": 4.09, ""2015-08-29"": 34.1, ""2015-08-30"": 36.51, ""2015-08-31"": 31.34, ""2015-09-01"": 11.12}",ESA_WorldCover_10m_2021_v200_N24E090,MOD13Q1.A2015241.h25v06.061.2021331192307,2015-09-05T23:59:59.500000+00:00,4.0,10.0,Tree cover,ESA WorldCover 2021 v200,2021,6,,,,,False,NASA MODIS MOD13Q1/MYD13Q1 v6.1 16-day 250m,True,False,,ERA5-Land via Open-Meteo Historical Weather API,era5_land,True,0.477,0.498,0.494,0.494,0.485,0.4805714285714285,-0.0035714285714285,"{""2015-08-26"": 0.471, ""2015-08-27"": 0.469, ""2015-08-28"": 0.483, ""2015-08-29"": 0.486, ""2015-08-30"": 0.495, ""2015-08-31"": 0.483, ""2015-09-01"": 0.477}",60.120817064722004,1135.8703442108117,residential,,510351041.0,river,Brahmaputra,367136354.0,5000.0,5000.0,True,True,True,OpenStreetMap via Overpass API,2026-09-04T06:52:21Z,local equirectangular point-to-polyline
1048385,Assam,Assam,Amingaon,26.49349035,91.72137514,Medium (2-25km),10000,2015-09-01,2015,9,Monsoon (Jun-Sep),earth slide,rainfall (T),report,9,2,1,Minor (1-2),0.0,"The New Indian Express' 'A mother and her child were killed in a landslide at Amingaon area of Kamrup (Rural) district of Assam this morning, police said.  NDRF personnel from the nearby Changsari camp rushed to the spot and recovered their bodies from under a stone.  The woman",http://www.newindianexpress.com/nation/Woman-Child-Killed-in-Assam-Landslide/2015/09/01/article3005012.ece,UGLC,Copernicus_DSM_COG_10_N26_00_E091_00_DEM,Copernicus DEM GLO-30 via Microsoft Planetary Computer,True,60.91794204711914,1.86776535866744,214.8894077744945,-0.0028652699979553,27.67492661751757,30.715,False,NASA POWER Daily API / PRECTOTCORR,True,11.02,64.66999999999999,152.29,"{""2015-08-26"": 0.77, ""2015-08-27"": 44.22, ""2015-08-28"": 8.71, ""2015-08-29"": 33.92, ""2015-08-30"": 31.29, ""2015-08-31"": 22.36, ""2015-09-01"": 11.02}",ESA_WorldCover_10m_2021_v200_N24E090,MOD13Q1.A2015241.h25v06.061.2021331192307,2015-09-05T23:59:59.500000+00:00,4.0,10.0,Tree cover,ESA WorldCover 2021 v200,2021,6,,,,,False,NASA MODIS MOD13Q1/MYD13Q1 v6.1 16-day 250m,True,False,,ERA5-Land via Open-Meteo Historical Weather API,era5_land,True,0.488,0.47,0.46,0.464,0.4789999999999999,0.4802857142857143,0.0077142857142856,"{""2015-08-26"": 0.49, ""2015-08-27"": 0.48, ""2015-08-28"": 0.475, ""2015-08-29"": 0.48, ""2015-08-30"": 0.474, ""2015-08-31"": 0.475, ""2015-09-01"": 0.488}",895.3005547876752,1118.1874573348318,secondary,,170002966.0,canal,,424882195.0,5000.0,5000.0,True,True,True,OpenStreetMap via Overpass API,2026-09-04T06:52:21Z,local equirectangular point-to-polyline
1048363,Assam,Assam,Amingaon,26.18654344,91.67187135,High (<2km),1745,2015-09-01,2015,9,Monsoon (Jun-Sep),ND,rainfall (T),event,9,2,1,Minor (1-2),,"A mother and her child were killed in a landslide at Amingaon area of Kamrup (Rural) district of Assam this morning, police said.\n\nNDRF personnel from the nearby Changsari camp rushed to the spot and recovered their bodies from under a stone.\n\nThe woman",http://www.business-standard.com/article/pti-stories/woman-child-killed-in-assam-landslide-115090100379_1.html,UGLC,Copernicus_DSM_COG_10_N26_00_E091_00_DEM,Copernicus DEM GLO-30 via Microsoft Planetary Computer,True,58.18775177001953,3.4559386237299576,303.32190060885455,-0.0052556852026711,27.7484283390896,30.715,True,NASA POWER Daily API / PRECTOTCORR,True,11.12,78.97,166.57,"{""2015-08-26"": 0.92, ""2015-08-27"": 48.49, ""2015-08-28"": 4.09, ""2015-08-29"": 34.1, ""2015-08-30"": 36.51, ""2015-08-31"": 31.34, ""2015-09-01"": 11.12}",ESA_WorldCover_10m_2021_v200_N24E090,MOD13Q1.A2015241.h25v06.061.2021331192307,2015-09-05T23:59:59.500000+00:00,4.0,10.0,Tree cover,ESA WorldCover 2021 v200,2021,6,,,,,False,NASA MODIS MOD13Q1/MYD13Q1 v6.1 16-day 250m,True,False,,ERA5-Land via Open-Meteo Historical Weather API,era5_land,True,0.477,0.498,0.494,0.494,0.485,0.4805714285714285,-0.0035714285714285,"{""2015-08-26"": 0.471, ""2015-08-27"": 0.469, ""2015-08-28"": 0.483, ""2015-08-29"": 0.486, ""2015-08-30"": 0.495, ""2015-08-31"": 0.483, ""2015-09-01"": 0.477}",30.607816236756708,1122.6770277651951,residential,,510355596.0,river,Brahmaputra,367136354.0,5000.0,5000.0,True,True,True,OpenStreetMap via Overpass API,2026-09-04T06:53:21Z,local equirectangular point-to-polyline
1050597,Mizoram,Mizoram,"Aizawl, Mizoram, India",23.7348,92.7187,Medium (2-25km),5000,2015-09-14,2015,9,Monsoon (Jun-Sep),earth slide,rainfall (T),report,9,0,0,No fatalities,0.0,"The Northeast Today' 'Landslides triggered by heavy downpour on Monday night have swept away two houses and damaged 39 graves in Aizawl. In Zemabawk neighbourhood in the eastern periphery of the city, two houses were carried away by landslide which also blocked the national h",http://thenortheasttoday.com/landslides-damage-houses-graves-in-aizawl/,UGLC,Copernicus_DSM_COG_10_N23_00_E092_00_DEM,Copernicus DEM GLO-30 via Microsoft Planetary Computer,True,1045.3372802734375,18.16760824632331,7.569098641878384,-0.0004445048547846,28.30676783904727,30.715,False,NASA POWER Daily API / PRECTOTCORR,True,5.11,42.93,80.25,"{""2015-09-08"": 2.62, ""2015-09-09"": 15.55, ""2015-09-10"": 6.46, ""2015-09-11"": 12.69, ""2015-09-12"": 18.63, ""2015-09-13"": 19.19, ""2015-09-14"": 5.11}",ESA_WorldCover_10m_2021_v200_N21E090,MYD13Q1.A2015249.h26v06.061.2021332092034,2015-09-13T23:59:59.500000+00:00,1.0,50.0,Built-up,ESA WorldCover 2021 v200,2021,6,1016.0,0.1016,3.0,Cloudy,False,NASA MODIS MOD13Q1/MYD13Q1 v6.1 16-day 250m,True,True,,ERA5-Land via Open-Meteo Historical Weather API,era5_land,True,0.423,0.423,0.406,0.411,0.4166666666666667,0.4082857142857143,0.0147142857142856,"{""2015-09-08"": 0.394, ""2015-09-09"": 0.393, ""2015-09-10"": 0.408, ""2015-09-11"": 0.413, ""2015-09-12"": 0.409, ""2015-09-13"": 0.418, ""2015-09-14"": 0.423}",48.46567490774208,928.3148512459202,residential,Bazar Road,1536785883.0,stream,Tuikual River,641629866.0,5000.0,5000.0,True,True,True,OpenStreetMap via Overpass API,2026-09-04T06:53:21Z,local equirectangular point-to-polyline
1050596,Mizoram,Mizoram,"Aizawl, Mizoram, India",23.7313,92.7187,Medium (2-25km),5000,2015-09-14,2015,9,Monsoon (Jun-Sep),earth slide,rainfall (T),report,9,0,0,No fatalities,0.0,"The Northeast Today' 'Earlier around 1:30am, landslide damaged 39 graves at Republic Veng locality in the heart of the city. The landslide also blocked internal road of the locality. With this, landslides have damaged a total of 311 graves in four localities in Aizawl.",http://thenortheasttoday.com/landslides-damage-houses-graves-in-aizawl/,UGLC,Copernicus_DSM_COG_10_N23_00_E092_00_DEM,Copernicus DEM GLO-30 via Microsoft Planetary Computer,True,1028.000732421875,16.797427449979985,102.78467887003984,0.0032078571365152,28.307528088263364,30.715,False,NASA POWER Daily API / PRECTOTCORR,True,5.11,42.93,80.25,"{""2015-09-08"": 2.62, ""2015-09-09"": 15.55, ""2015-09-10"": 6.46, ""2015-09-11"": 12.69, ""2015-09-12"": 18.63, ""2015-09-13"": 19.19, ""2015-09-14"": 5.11}",ESA_WorldCover_10m_2021_v200_N21E090,MYD13Q1.A2015249.h26v06.061.2021332092034,2015-09-13T23:59:59.500000+00:00,1.0,50.0,Built-up,ESA WorldCover 2021 v200,2021,6,4089.0,0.4089,3.0,Cloudy,False,NASA MODIS MOD13Q1/MYD13Q1 v6.1 16-day 250m,True,True,,ERA5-Land via Open-Meteo Historical Weather API,era5_land,True,0.423,0.423,0.406,0.411,0.4166666666666667,0.4082857142857143,0.0147142857142856,"{""2015-09-08"": 0.394, ""2015-09-09"": 0.393, ""2015-09-10"": 0.408, ""2015-09-11"": 0.413, ""2015-09-12"": 0.409, ""2015-09-13"": 0.418, ""2015-09-14"": 0.423}",15.154207731710324,686.1708773643117,residential,,1075082263.0,stream,Tuikual River,641629866.0,5000.0,5000.0,True,True,True,OpenStreetMap via Overpass API,2026-09-04T06:54:26Z,local equirectangular point-to-polyline
1048373,Assam,Assam,Kamakhya Temple,26.1666,91.7042,High (<2km),1000,2015-09-23,2015,9,Monsoon (Jun-Sep),earth slide,rainfall (T),report,7,0,0,No fatalities,0.0,Assam Times' 'Surface communication remains heavily disrupted atop the Nilachal Hill when a huge rock collapsed on the road leading to the historic Kamakhya temple on Wednesday.It took several hours for PWD and forest officials to clear the road after the rock along w,http://www.assamtimes.org/node/15150,UGLC,Copernicus_DSM_COG_10_N26_00_E091_00_DEM,Copernicus DEM GLO-30 via Microsoft Planetary Computer,True,231.46397399902344,17.627809655221178,249.6399584247347,-0.0011271021061773,27.753176479082818,30.715,True,NASA POWER Daily API / PRECTOTCORR,True,26.58,115.38,127.44,"{""2015-09-17"": 0.0, ""2015-09-18"": 0.33, ""2015-09-19"": 2.72, ""2015-09-20"": 9.01, ""2015-09-21"": 29.11, ""2015-09-22"": 59.69, ""2015-09-23"": 26.58}",ESA_WorldCover_10m_2021_v200_N24E090,MOD13Q1.A2015257.h25v06.061.2021332140648,2015-09-21T23:59:59.500000+00:00,2.0,50.0,Built-up,ESA WorldCover 2021 v200,2021,6,,,,,False,NASA MODIS MOD13Q1/MYD13Q1 v6.1 16-day 250m,True,False,,ERA5-Land via Open-Meteo Historical Weather API,era5_land,True,0.466,0.49,0.486,0.486,0.4803333333333333,0.4725714285714286,-0.0065714285714285,"{""2015-09-17"": 0.463, ""2015-09-18"": 0.45, ""2015-09-19"": 0.467, ""2015-09-20"": 0.487, ""2015-09-21"": 0.491, ""2015-09-22"": 0.484, ""2015-09-23"": 0.466}",7.107436781732756,1215.2536196815283,living_street,,157586078.0,drain,,517989003.0,5000.0,5000.0,True,True,True,OpenStreetMap via Overpass API,2026-09-04T09:50:15Z,local equirectangular point-to-polyline
1050120,Assam,Assam,Sonakhira,24.59448017,92.29672017,High (<2km),847,2016-05-18,2016,5,Pre-monsoon (Apr-May),ND,rainfall (T),event,7,5,1,Moderate (3-5),,"Five members of a family were killed in a landslide at Sonachirra in Karimganj district in the wee hours, a police official said.\n\nThe landslip, triggered by incessant rains, buried a house on the edge of a hill killing the five people. Among the victims",http://indianexpress.com/article/india/india-news-india/at-least-10-killed-in-landslides-in-assam-rescue-operations-underway-2806810/,UGLC,Copernicus_DSM_COG_10_N24_00_E092_00_DEM,Copernicus DEM GLO-30 via Microsoft Planetary Computer,True,20.274532318115234,0.4311004130110048,1.509051135754646,-0.000291659914902,28.116840995746053,30.715,True,NASA POWER Daily API / PRECTOTCORR,True,60.18,193.69,287.3,"{""2016-05-12"": 5.74, ""2016-05-13"": 32.66, ""2016-05-14"": 31.75, ""2016-05-15"": 23.46, ""2016-05-16"": 37.64, ""2016-05-17"": 95.87, ""2016-05-18"": 60.18}",ESA_WorldCover_10m_2021_v200_N24E090,MOD13Q1.A2016129.h25v06.061.2021350052121,2016-05-15T23:59:59.500000+00:00,3.0,40.0,Cropland,ESA WorldCover 2021 v200,2021,5,,,,,False,NASA MODIS MOD13Q1/MYD13Q1 v6.1 16-day 250m,True,False,,ERA5-Land via Open-Meteo Historical Weather API,era5_land,True,0.45,0.459,0.459,0.458,0.445,0.4284285714285714,0.0215714285714285,"{""2016-05-12"": 0.34, ""2016-05-13"": 0.443, ""2016-05-14"": 0.44, ""2016-05-15"": 0.441, ""2016-05-16"": 0.436, ""2016-05-17"": 0.449, ""2016-05-18"": 0.45}",231.35948531834288,138.3154141195349,unclassified,Bilbari Road,974533133.0,river,Longai River,964887595.0,5000.0,5000.0,True,True,True,OpenStreetMap via Overpass API,2026-09-04T09:51:20Z,local equirectangular point-to-polyline
1050474,Assam,Assam,"Sonachirra, Karimganj district, Assam, India",24.4638,92.4943,Medium (2-25km),10000,2016-05-18,2016,5,Pre-monsoon (Apr-May),earth slide,rainfall (T),report,9,5,1,Moderate (3-5),0.0,Indian Express' 'Estimated location. Ten people were killed in landslides in Karimganj and Hailakandi districts in Barak Valley in Assam on Wednesday following incessant rains. Five members of a family were killed in a landslide at Sonachirra in Karimganj district in the,http://indianexpress.com/article/india/india-news-india/at-least-10-killed-in-landslides-in-assam-rescue-operations-underway-2806810/,UGLC,Copernicus_DSM_COG_10_N24_00_E092_00_DEM,Copernicus DEM GLO-30 via Microsoft Planetary Computer,True,95.37692260742188,18.171243563393865,296.5782602497085,-0.0061603896449844,28.14612085373457,30.715,False,NASA POWER Daily API / PRECTOTCORR,True,60.18,193.69,287.3,"{""2016-05-12"": 5.74, ""2016-05-13"": 32.66, ""2016-05-14"": 31.75, ""2016-05-15"": 23.46, ""2016-05-16"": 37.64, ""2016-05-17"": 95.87, ""2016-05-18"": 60.18}",ESA_WorldCover_10m_2021_v200_N24E090,MOD13Q1.A2016129.h26v06.061.2021350044750,2016-05-15T23:59:59.500000+00:00,3.0,10.0,Tree cover,ESA WorldCover 2021 v200,2021,5,7740.0,0.774,1.0,Marginal data,True,NASA MODIS MOD13Q1/MYD13Q1 v6.1 16-day 250m,True,True,0.774,ERA5-Land via Open-Meteo Historical Weather API,era5_land,True,0.425,0.429,0.434,0.432,0.4206666666666667,0.4049999999999999,0.02,"{""2016-05-12"": 0.329, ""2016-05-13"": 0.411, ""2016-05-14"": 0.419, ""2016-05-15"": 0.414, ""2016-05-16"": 0.412, ""2016-05-17"": 0.425, ""2016-05-18"": 0.425}",524.1130507127159,5881.888119627201,secondary,,1344646422.0,river,Tlawng,297310753.0,5000.0,15000.0,True,True,True,OpenStreetMap via Overpass API,2026-09-04T09:54:19Z,local equirectangular point-to-polyline
1050501,Assam,Assam,"Ramchandi , Hailakandi District, Assam, India",24.5308,92.5121,High (<2km),1000,2016-05-18,2016,5,Pre-monsoon (Apr-May),earth slide,rainfall (T),report,7,1,1,Minor (1-2),0.0,"Indian Express' 'Ten people were killed in landslides in Karimganj and Hailakandi districts in Barak Valley in Assam on Wednesday following incessant rains. In neighbouring Hailakandi district, two incidents of landslide killed four persons at Bilaipur and a six-year old",http://indianexpress.com/article/india/india-news-india/at-least-10-killed-in-landslides-in-assam-rescue-operations-underway-2806810/,UGLC,Copernicus_DSM_COG_10_N24_00_E092_00_DEM,Copernicus DEM GLO-30 via Microsoft Planetary Computer,True,57.18500900268555,12.14573530979972,345.85601261726123,0.0111507479405341,28.13112728929352,30.715,True,NASA POWER Daily API / PRECTOTCORR,True,60.18,193.69,287.3,"{""2016-05-12"": 5.74, ""2016-05-13"": 32.66, ""2016-05-14"": 31.75, ""2016-05-15"": 23.46, ""2016-05-16"": 37.64, ""2016-05-17"": 95.87, ""2016-05-18"": 60.18}",ESA_WorldCover_10m_2021_v200_N24E090,MOD13Q1.A2016129.h26v06.061.2021350044750,2016-05-15T23:59:59.500000+00:00,3.0,10.0,Tree cover,ESA WorldCover 2021 v200,2021,5,7778.0,0.7778,1.0,Marginal data,True,NASA MODIS MOD13Q1/MYD13Q1 v6.1 16-day 250m,True,True,0.7778,ERA5-Land via Open-Meteo Historical Weather API,era5_land,True,0.425,0.429,0.434,0.432,0.4206666666666667,0.4049999999999999,0.02,"{""2016-05-12"": 0.329, ""2016-05-13"": 0.411, ""2016-05-14"": 0.419, ""2016-05-15"": 0.414, ""2016-05-16"": 0.412, ""2016-05-17"": 0.425, ""2016-05-18"": 0.425}",379.6346561488333,6116.940590319882,residential,,1131096920.0,river,,1312959548.0,5000.0,15000.0,True,True,True,OpenStreetMap via Overpass API,2026-09-04T09:54:19Z,local equirectangular point-to-polyline
1050604,Assam,Assam,"Bilaipur, Hailakandi district, Assam, India",24.5202,92.7239,High (<2km),1000,2016-05-18,2016,5,Pre-monsoon (Apr-May),earth slide,rainfall (T),report,7,2,1,Minor (1-2),0.0,"Indian Express' 'One of two landslides in Bilaipur triggered by the same rainfall event. Ten people were killed in landslides in Karimganj and Hailakandi districts in Barak Valley in Assam on Wednesday following incessant rains. In neighbouring Hailakandi district, two i",http://indianexpress.com/article/india/india-news-india/at-least-10-killed-in-landslides-in-assam-rescue-operations-underway-2806810/,UGLC,Copernicus_DSM_COG_10_N24_00_E092_00_DEM,Copernicus DEM GLO-30 via Microsoft Planetary Computer,True,40.17083740234375,5.001640076823083,307.2306844592392,0.0004097160012778,28.133501967500887,30.715,True,NASA POWER Daily API / PRECTOTCORR,True,60.18,193.69,287.3,"{""2016-05-12"": 5.74, ""2016-05-13"": 32.66, ""2016-05-14"": 31.75, ""2016-05-15"": 23.46, ""2016-05-16"": 37.64, ""2016-05-17"": 95.87, ""2016-05-18"": 60.18}",ESA_WorldCover_10m_2021_v200_N24E090,MOD13Q1.A2016129.h26v06.061.2021350044750,2016-05-15T23:59:59.500000+00:00,3.0,10.0,Tree cover,ESA WorldCover 2021 v200,2021,5,6388.0,0.6388,1.0,Marginal data,True,NASA MODIS MOD13Q1/MYD13Q1 v6.1 16-day 250m,True,True,0.6388,ERA5-Land via Open-Meteo Historical Weather API,era5_land,True,0.419,0.43,0.426,0.426,0.415,0.4019999999999999,0.017,"{""2016-05-12"": 0.328, ""2016-05-13"": 0.416, ""2016-05-14"": 0.416, ""2016-05-15"": 0.409, ""2016-05-16"": 0.407, ""2016-05-17"": 0.419, ""2016-05-18"": 0.419}",46.13144880534381,3219.2224892493628,secondary,,668630667.0,river,Dalai River,668424885.0,5000.0,5000.0,True,True,True,OpenStreetMap via Overpass API,2026-09-04T09:55:21Z,local equirectangular point-to-polyline
1050605,Assam,Assam,"Bilaipur, Hailakandi district, Assam, India",24.5204,92.7264,High (<2km),1000,2016-05-18,2016,5,Pre-monsoon (Apr-May),earth slide,rainfall (T),report,7,2,1,Minor (1-2),0.0,"Indian Express' 'One of two landslides in Bilaipur triggered by the same rainfall event. Ten people were killed in landslides in Karimganj and Hailakandi districts in Barak Valley in Assam on Wednesday following incessant rains. In neighbouring Hailakandi district, two i",http://indianexpress.com/article/india/india-news-india/at-least-10-killed-in-landslides-in-assam-rescue-operations-underway-2806810/,UGLC,Copernicus_DSM_COG_10_N24_00_E092_00_DEM,Copernicus DEM GLO-30 via Microsoft Planetary Computer,True,37.21739196777344,2.39908390172767,318.4368995845235,0.0019687381363585,28.133457171164192,30.715,True,NASA POWER Daily API / PRECTOTCORR,True,60.18,193.69,287.3,"{""2016-05-12"": 5.74, ""2016-05-13"": 32.66, ""2016-05-14"": 31.75, ""2016-05-15"": 23.46, ""2016-05-16"": 37.64, ""2016-05-17"": 95.87, ""2016-05-18"": 60.18}",ESA_WorldCover_10m_2021_v200_N24E090,MOD13Q1.A2016129.h26v06.061.2021350044750,2016-05-15T23:59:59.500000+00:00,3.0,10.0,Tree cover,ESA WorldCover 2021 v200,2021,5,6786.0,0.6786,3.0,Cloudy,False,NASA MODIS MOD13Q1/MYD13Q1 v6.1 16-day 250m,True,True,,ERA5-Land via Open-Meteo Historical Weather API,era5_land,True,0.419,0.43,0.426,0.426,0.415,0.4019999999999999,0.017,"{""2016-05-12"": 0.328, ""2016-05-13"": 0.416, ""2016-05-14"": 0.416, ""2016-05-15"": 0.409, ""2016-05-16"": 0.407, ""2016-05-17"": 0.419, ""2016-05-18"": 0.419}",24.004905200620573,3014.8450542243268,secondary,,668630667.0,river,Dalai River,668424885.0,5000.0,5000.0,True,True,True,OpenStreetMap via Overpass API,2026-09-04T09:55:21Z,local equirectangular point-to-polyline
1050608,Assam,Assam,Bilaipur,24.52029991,92.72826503,High (<2km),412,2016-05-18,2016,5,Pre-monsoon (Apr-May),ND,rainfall (T),event,5,4,1,Moderate (3-5),,"In neighbouring Hailakandi district, two incidents of landslide killed four persons at Bilaipur and a six-year old boy at Ramchandi area, police officials said.\n\nThe debris fell on two houses where the victims were sleeping early in the morning, they sai",http://indianexpress.com/article/india/india-news-india/at-least-10-killed-in-landslides-in-assam-rescue-operations-underway-2806810/,UGLC,Copernicus_DSM_COG_10_N24_00_E092_00_DEM,Copernicus DEM GLO-30 via Microsoft Planetary Computer,True,39.580299377441406,3.1845814343130456,286.5248977117101,0.0016822201783693,28.13347958953374,30.715,True,NASA POWER Daily API / PRECTOTCORR,True,60.18,193.69,287.3,"{""2016-05-12"": 5.74, ""2016-05-13"": 32.66, ""2016-05-14"": 31.75, ""2016-05-15"": 23.46, ""2016-05-16"": 37.64, ""2016-05-17"": 95.87, ""2016-05-18"": 60.18}",ESA_WorldCover_10m_2021_v200_N24E090,MOD13Q1.A2016129.h26v06.061.2021350044750,2016-05-15T23:59:59.500000+00:00,3.0,10.0,Tree cover,ESA WorldCover 2021 v200,2021,5,6786.0,0.6786,3.0,Cloudy,False,NASA MODIS MOD13Q1/MYD13Q1 v6.1 16-day 250m,True,True,,ERA5-Land via Open-Meteo Historical Weather API,era5_land,True,0.419,0.43,0.426,0.426,0.415,0.4019999999999999,0.017,"{""2016-05-12"": 0.328, ""2016-05-13"": 0.416, ""2016-05-14"": 0.416, ""2016-05-15"": 0.409, ""2016-05-16"": 0.407, ""2016-05-17"": 0.419, ""2016-05-18"": 0.419}",18.354778737793847,2851.7611154531496,secondary,,668441111.0,river,Dalai River,668424885.0,5000.0,5000.0,True,True,True,OpenStreetMap via Overpass API,2026-09-03T18:53:36Z,local equirectangular point-to-polyline
1050541,Assam,Assam,Ramchandi,24.52848466,92.54040606,High (<2km),1577,2016-05-18,2016,5,Pre-monsoon (Apr-May),ND,rainfall (T),event,9,1,1,Minor (1-2),,"In neighbouring Hailakandi district, two incidents of landslide killed four persons at Bilaipur and a six-year old boy at Ramchandi area, police officials said.\n\nThe debris fell on two houses where the victims were sleeping early in the morning, they sai",http://indianexpress.com/article/india/india-news-india/at-least-10-killed-in-landslides-in-assam-rescue-operations-underway-2806810/,UGLC,Copernicus_DSM_COG_10_N24_00_E092_00_DEM,Copernicus DEM GLO-30 via Microsoft Planetary Computer,True,28.941280364990234,17.929672015913653,44.67349523689495,0.0106754240486857,28.13164606841136,30.715,True,NASA POWER Daily API / PRECTOTCORR,True,60.18,193.69,287.3,"{""2016-05-12"": 5.74, ""2016-05-13"": 32.66, ""2016-05-14"": 31.75, ""2016-05-15"": 23.46, ""2016-05-16"": 37.64, ""2016-05-17"": 95.87, ""2016-05-18"": 60.18}",ESA_WorldCover_10m_2021_v200_N24E090,MOD13Q1.A2016129.h26v06.061.2021350044750,2016-05-15T23:59:59.500000+00:00,3.0,10.0,Tree cover,ESA WorldCover 2021 v200,2021,5,6554.0,0.6554,1.0,Marginal data,True,NASA MODIS MOD13Q1/MYD13Q1 v6.1 16-day 250m,True,True,0.6554,ERA5-Land via Open-Meteo Historical Weather API,era5_land,True,0.425,0.429,0.434,0.432,0.4206666666666667,0.4049999999999999,0.02,"{""2016-05-12"": 0.329, ""2016-05-13"": 0.411, ""2016-05-14"": 0.419, ""2016-05-15"": 0.414, ""2016-05-16"": 0.412, ""2016-05-17"": 0.425, ""2016-05-18"": 0.425}",20.60552921026967,3312.811316923858,unclassified,,1131119256.0,river,,1312959548.0,5000.0,5000.0,True,True,True,OpenStreetMap via Overpass API,2026-09-04T09:56:19Z,local equirectangular point-to-polyline
1050561,Assam,Assam,Hailakandi,24.49649775,92.58903387,Medium (2-25km),20603,2016-05-19,2016,5,Pre-monsoon (Apr-May),ND,rainfall (T),event,9,1,1,Minor (1-2),,"At least 11 people were killed in landslides in Karimganj and Hailakandi districts of Barak Valley in Assam, following intermittent rains today. Five members of a family were killed in a landslide at Sonachirra in Karimganj district in the wee hours, a p",http://theindianawaaz.com/eleven-killed-in-asam-landslide/,UGLC,Copernicus_DSM_COG_10_N24_00_E092_00_DEM,Copernicus DEM GLO-30 via Microsoft Planetary Computer,True,25.628353118896484,0.9455230208483508,220.5949004508526,-0.0006204702901486,28.138808409608345,30.715,False,NASA POWER Daily API / PRECTOTCORR,True,42.3,198.35,323.86,"{""2016-05-13"": 32.66, ""2016-05-14"": 31.75, ""2016-05-15"": 23.46, ""2016-05-16"": 37.64, ""2016-05-17"": 95.87, ""2016-05-18"": 60.18, ""2016-05-19"": 42.3}",ESA_WorldCover_10m_2021_v200_N24E090,MOD13Q1.A2016129.h26v06.061.2021350044750,2016-05-15T23:59:59.500000+00:00,4.0,40.0,Cropland,ESA WorldCover 2021 v200,2021,5,2989.0,0.2989,1.0,Marginal data,True,NASA MODIS MOD13Q1/MYD13Q1 v6.1 16-day 250m,True,True,0.2989,ERA5-Land via Open-Meteo Historical Weather API,era5_land,True,0.42,0.42,0.43,0.427,0.42,0.416,0.004,"{""2016-05-13"": 0.413, ""2016-05-14"": 0.415, ""2016-05-15"": 0.414, ""2016-05-16"": 0.41, ""2016-05-17"": 0.42, ""2016-05-18"": 0.42, ""2016-05-19"": 0.42}",254.87904531773384,747.3678269814734,trunk,,676867606.0,river,Tlawng,297310753.0,5000.0,5000.0,True,True,True,OpenStreetMap via Overpass API,2026-09-04T09:56:19Z,local equirectangular point-to-polyline
1050602,Mizoram,Mizoram,AIZAWL,23.73719685,92.72342008,Medium (2-25km),7696,2016-05-21,2016,5,Pre-monsoon (Apr-May),ND,rainfall (T),event,9,3,1,Moderate (3-5),,"Three persons have died after the landslide swept away their house at Zonuam in Aizawl, a senior police officer said today even as heavy downpour triggered fresh mudslides in some parts of Mizoram.\n\nWhile a 82-year-old woman succumbed to her injuries in",http://www.outlookindia.com/newswire/story/mizoram-three-die-in-landslide-fresh-mudslides-in-some-areas/940981,UGLC,Copernicus_DSM_COG_10_N23_00_E092_00_DEM,Copernicus DEM GLO-30 via Microsoft Planetary Computer,True,838.7420043945312,33.57176295185052,168.75806444995828,0.0106274302325318,28.30624714858693,30.715,False,NASA POWER Daily API / PRECTOTCORR,True,85.95,157.44,220.78,"{""2016-05-15"": 5.42, ""2016-05-16"": 1.82, ""2016-05-17"": 16.15, ""2016-05-18"": 39.95, ""2016-05-19"": 21.87, ""2016-05-20"": 49.62, ""2016-05-21"": 85.95}",ESA_WorldCover_10m_2021_v200_N21E090,MYD13Q1.A2016137.h26v06.061.2021350230031,2016-05-23T23:59:59.500000+00:00,2.0,10.0,Tree cover,ESA WorldCover 2021 v200,2021,5,4913.0,0.4913,1.0,Marginal data,True,NASA MODIS MOD13Q1/MYD13Q1 v6.1 16-day 250m,True,True,0.4913,ERA5-Land via Open-Meteo Historical Weather API,era5_land,True,0.427,0.424,0.343,0.366,0.4193333333333333,0.3748571428571429,0.0521428571428571,"{""2016-05-15"": 0.337, ""2016-05-16"": 0.323, ""2016-05-17"": 0.317, ""2016-05-18"": 0.389, ""2016-05-19"": 0.407, ""2016-05-20"": 0.424, ""2016-05-21"": 0.427}",22.099089735444032,1456.6109102649107,residential,,1074462475.0,stream,Tuikual River,641629866.0,5000.0,5000.0,True,True,True,OpenStreetMap via Overpass API,2026-09-03T19:13:51Z,local equirectangular point-to-polyline
1048435,Assam,Assam,"Piyali Phukan Nagar, Guwahati, India",26.1961,91.7825,Medium (2-25km),5000,2016-06-22,2016,6,Monsoon (Jun-Sep),mudslide,rainfall (T),report,9,1,1,Minor (1-2),0.0,"""""COOLR_R"", locality: 'Piyali Phukan Nagar, Guwahati, India',"" description: 'NYOOOZ' 'A woman was buried alive in Piyali Phukan Nagar in the city when the guard wall of her house collapsed after a landslide. No one else from her family was injured.The rescue official said Rukia\'s house was located just on the edge of a hill. """"""""After almost'""""",http://www.nyoooz.com/guwahati/515423/woman-killed-in-wall-collapse-after-landslide-in-guwahati,UGLC,Copernicus_DSM_COG_10_N26_00_E091_00_DEM,Copernicus DEM GLO-30 via Microsoft Planetary Computer,True,122.10775756835938,18.644095819189733,152.9078657016821,0.0066893974607466,27.746151918991146,30.715,False,NASA POWER Daily API / PRECTOTCORR,True,11.55,45.16,152.28,"{""2016-06-16"": 40.81, ""2016-06-17"": 36.7, ""2016-06-18"": 22.51, ""2016-06-19"": 7.1, ""2016-06-20"": 16.34, ""2016-06-21"": 17.27, ""2016-06-22"": 11.55}",ESA_WorldCover_10m_2021_v200_N24E090,MYD13Q1.A2016169.h25v06.061.2021353054103,2016-06-24T23:59:59.500000+00:00,2.0,10.0,Tree cover,ESA WorldCover 2021 v200,2021,5,,,,,False,NASA MODIS MOD13Q1/MYD13Q1 v6.1 16-day 250m,True,False,,ERA5-Land via Open-Meteo Historical Weather API,era5_land,True,0.474,0.488,0.463,0.469,0.475,0.469,0.005,"{""2016-06-16"": 0.452, ""2016-06-17"": 0.483, ""2016-06-18"": 0.472, ""2016-06-19"": 0.451, ""2016-06-20"": 0.463, ""2016-06-21"": 0.488, ""2016-06-22"": 0.474}",27.2537185909476,754.7910531852649,residential,,509093342.0,stream,,585129873.0,5000.0,5000.0,True,True,True,OpenStreetMap via Overpass API,2026-09-04T09:57:21Z,local equirectangular point-to-polyline
1048437,Assam,Assam,Piyoli Phukan Nagar,26.19531698,91.7837856,High (<2km),287,2016-06-22,2016,6,Monsoon (Jun-Sep),ND,rainfall (T),event,5,1,1,Minor (1-2),,Rukija Begum (65) died following a landslide at Piyoli Phukan Nagar (hillside) in Chandmari this afternoon. An official of the State Disaster Management Authority said that the incident took place around 12. 10 pm when Begum was bathing at her residence.,http://www.assamtribune.com/scripts/detailsnew.asp?id=jun2316/city054,UGLC,Copernicus_DSM_COG_10_N26_00_E091_00_DEM,Copernicus DEM GLO-30 via Microsoft Planetary Computer,True,106.83396911621094,12.251554624472684,343.9057225400682,0.0092559960719128,27.746338467280346,30.715,True,NASA POWER Daily API / PRECTOTCORR,True,11.55,45.16,152.28,"{""2016-06-16"": 40.81, ""2016-06-17"": 36.7, ""2016-06-18"": 22.51, ""2016-06-19"": 7.1, ""2016-06-20"": 16.34, ""2016-06-21"": 17.27, ""2016-06-22"": 11.55}",ESA_WorldCover_10m_2021_v200_N24E090,MYD13Q1.A2016169.h25v06.061.2021353054103,2016-06-24T23:59:59.500000+00:00,2.0,50.0,Built-up,ESA WorldCover 2021 v200,2021,5,,,,,False,NASA MODIS MOD13Q1/MYD13Q1 v6.1 16-day 250m,True,False,,ERA5-Land via Open-Meteo Historical Weather API,era5_land,True,0.474,0.488,0.463,0.469,0.475,0.469,0.005,"{""2016-06-16"": 0.452, ""2016-06-17"": 0.483, ""2016-06-18"": 0.472, ""2016-06-19"": 0.451, ""2016-06-20"": 0.463, ""2016-06-21"": 0.488, ""2016-06-22"": 0.474}",12.54323386892684,817.66684902734,residential,,508535871.0,stream,,585129873.0,5000.0,5000.0,True,True,True,OpenStreetMap via Overpass API,2026-09-04T09:58:21Z,local equirectangular point-to-polyline
1048340,Assam,Assam,"Kamrup district, Assam, India",25.9611,91.3681,Low (>25km),50000,2016-07-07,2016,7,Monsoon (Jun-Sep),earth slide,rainfall (T),report,9,2,1,Minor (1-2),2.0,Hindustan Times' 'Two persons including a minor were killed and two others injured on Thursday due to a landslide in Assam’s Kamrup district.           Police said the incident took place at 11 Mile Area under Sonapur police station in the district. “A guard wall cave,http://www.hindustantimes.com/india-news/two-killed-due-to-landslide-in-assam/story-iWPiQmWinCDc8gZotcTmFM.html,UGLC,Copernicus_DSM_COG_10_N25_00_E091_00_DEM,Copernicus DEM GLO-30 via Microsoft Planetary Computer,True,178.22958374023438,4.770572719599332,309.043872462385,0.0056963416920072,27.801906041700107,30.715,False,NASA POWER Daily API / PRECTOTCORR,True,12.69,45.77,150.28,"{""2016-07-01"": 30.65, ""2016-07-02"": 26.77, ""2016-07-03"": 22.24, ""2016-07-04"": 24.85, ""2016-07-05"": 17.79, ""2016-07-06"": 15.29, ""2016-07-07"": 12.69}",ESA_WorldCover_10m_2021_v200_N24E090,MYD13Q1.A2016185.h25v06.061.2021354110745,2016-07-10T23:59:59.500000+00:00,3.0,10.0,Tree cover,ESA WorldCover 2021 v200,2021,5,,,,,False,NASA MODIS MOD13Q1/MYD13Q1 v6.1 16-day 250m,True,False,,ERA5-Land via Open-Meteo Historical Weather API,era5_land,True,0.473,0.485,0.49,0.488,0.475,0.4798571428571428,-0.0068571428571428,"{""2016-07-01"": 0.489, ""2016-07-02"": 0.484, ""2016-07-03"": 0.482, ""2016-07-04"": 0.479, ""2016-07-05"": 0.486, ""2016-07-06"": 0.466, ""2016-07-07"": 0.473}",1177.697249363126,2557.6521411277363,residential,,589566653.0,river,,764441986.0,5000.0,5000.0,True,True,True,OpenStreetMap via Overpass API,2026-09-04T09:58:21Z,local equirectangular point-to-polyline
1048473,Assam,Assam,border Assam to Meghalaya in Ganeshguri,26.10993404,91.81498746,Medium (2-25km),2718,2016-07-07,2016,7,Monsoon (Jun-Sep),ND,rainfall (T),event,9,2,1,Minor (1-2),,Two teen-aged siblings were killed in sleep when a landslide triggered by incessant early morning heavy rain on Thursday fell on their house located at a foothills area at the 11th mile in the outskirt of the along Assam-Meghalaya boundary.\nThe mother of,http://www.theshillongtimes.com/2016/07/08/two-siblings-killed-in-guwahati-landslide/,UGLC,Copernicus_DSM_COG_10_N26_00_E091_00_DEM,Copernicus DEM GLO-30 via Microsoft Planetary Computer,True,69.57282257080078,5.324955031847432,25.888868870595275,-0.0022090433189438,27.766649175148643,30.715,False,NASA POWER Daily API / PRECTOTCORR,True,13.01,43.98,140.51000000000002,"{""2016-07-01"": 28.4, ""2016-07-02"": 24.93, ""2016-07-03"": 21.56, ""2016-07-04"": 21.64, ""2016-07-05"": 15.76, ""2016-07-06"": 15.21, ""2016-07-07"": 13.01}",ESA_WorldCover_10m_2021_v200_N24E090,MYD13Q1.A2016185.h25v06.061.2021354110745,2016-07-10T23:59:59.500000+00:00,3.0,50.0,Built-up,ESA WorldCover 2021 v200,2021,5,,,,,False,NASA MODIS MOD13Q1/MYD13Q1 v6.1 16-day 250m,True,False,,ERA5-Land via Open-Meteo Historical Weather API,era5_land,True,0.487,0.495,0.498,0.496,0.481,0.4817142857142857,0.0052857142857142,"{""2016-07-01"": 0.493, ""2016-07-02"": 0.476, ""2016-07-03"": 0.467, ""2016-07-04"": 0.493, ""2016-07-05"": 0.468, ""2016-07-06"": 0.488, ""2016-07-07"": 0.487}",5.416032498902144,1420.6601567807645,residential,,508350720.0,stream,,585148378.0,5000.0,5000.0,True,True,True,OpenStreetMap via Overpass API,2026-09-04T10:01:26Z,local equirectangular point-to-polyline
1057911,Manipur,Manipur,"Imphal-Ukhrul sector of National Highway 102, Manipur, India",25.0118,94.3136,Medium (2-25km),25000,2016-07-07,2016,7,Monsoon (Jun-Sep),earth slide,rainfall (T),report,9,0,0,No fatalities,0.0,Eastern Mirror' 'Estimated Date. Heavy landslide along the busy Imphal-Ukhrul sector of the National Highway 102 hampered vehicular traffic along the route forcing passenger buses to stop normal services since the last four days.  However smaller-sized vehicles such as c,http://www.easternmirrornagaland.com/landslide-hampers-nh-102-traffic-restored/,UGLC,Copernicus_DSM_COG_10_N25_00_E094_00_DEM,Copernicus DEM GLO-30 via Microsoft Planetary Computer,True,1398.61669921875,1.1882645508982914,257.7429273893957,-0.0049737914323765,28.02235879764137,30.715,False,NASA POWER Daily API / PRECTOTCORR,True,11.88,24.23,92.02,"{""2016-07-01"": 25.29, ""2016-07-02"": 17.57, ""2016-07-03"": 14.49, ""2016-07-04"": 10.44, ""2016-07-05"": 7.05, ""2016-07-06"": 5.3, ""2016-07-07"": 11.88}",ESA_WorldCover_10m_2021_v200_N24E093,MYD13Q1.A2016185.h26v06.061.2021354105745,2016-07-10T23:59:59.500000+00:00,3.0,10.0,Tree cover,ESA WorldCover 2021 v200,2021,5,3057.0,0.3057,3.0,Cloudy,False,NASA MODIS MOD13Q1/MYD13Q1 v6.1 16-day 250m,True,True,,ERA5-Land via Open-Meteo Historical Weather API,era5_land,True,0.415,0.416,0.418,0.418,0.419,0.4231428571428571,-0.0081428571428571,"{""2016-07-01"": 0.422, ""2016-07-02"": 0.429, ""2016-07-03"": 0.428, ""2016-07-04"": 0.426, ""2016-07-05"": 0.424, ""2016-07-06"": 0.418, ""2016-07-07"": 0.415}",67.60023715851,268.9557377987999,trunk,,385693566.0,stream,,1535970863.0,5000.0,5000.0,True,True,True,OpenStreetMap via Overpass API,2026-09-04T10:01:26Z,local equirectangular point-to-polyline
938407,Sikkim,Sikkim,Gangtok to Siliguri road,27.26265369,88.56249089,Medium (2-25km),5539,2016-07-09,2016,7,Monsoon (Jun-Sep),ND,rainfall (T),event,9,2,1,Minor (1-2),,"Some minutes before , boulder crashed on WB Maruti Van at 18 Mile Setijhora under Rambi Police Station.\nTwo Spot Dead , Driver and Front seated Passenger.\nOne lady on second seat was uninjured and fine.\n\nMore details Awaited...\n\nPics and News Shyam Prad",https://www.facebook.com/thevoiceofsikkim/posts/1090995387659956,UGLC,Copernicus_DSM_COG_10_N27_00_E088_00_DEM,Copernicus DEM GLO-30 via Microsoft Planetary Computer,True,669.7255249023438,45.87552479462561,244.3337325821425,0.0017531874524988,27.48725805841313,30.715,False,NASA POWER Daily API / PRECTOTCORR,True,15.42,25.53,78.75,"{""2016-07-03"": 11.44, ""2016-07-04"": 11.77, ""2016-07-05"": 21.92, ""2016-07-06"": 8.09, ""2016-07-07"": 2.53, ""2016-07-08"": 7.58, ""2016-07-09"": 15.42}",ESA_WorldCover_10m_2021_v200_N27E087,MYD13Q1.A2016185.h25v06.061.2021354110745,2016-07-10T23:59:59.500000+00:00,1.0,10.0,Tree cover,ESA WorldCover 2021 v200,2021,5,1064.0,0.1064,3.0,Cloudy,False,NASA MODIS MOD13Q1/MYD13Q1 v6.1 16-day 250m,True,True,,ERA5-Land via Open-Meteo Historical Weather API,era5_land,True,0.424,0.43,0.421,0.423,0.4256666666666666,0.4267142857142856,-0.0027142857142856,"{""2016-07-03"": 0.425, ""2016-07-04"": 0.427, ""2016-07-05"": 0.429, ""2016-07-06"": 0.429, ""2016-07-07"": 0.428, ""2016-07-08"": 0.425, ""2016-07-09"": 0.424}",29.605642368010596,89.99080758073815,trunk,,213887655.0,river,Rongni Chhu,129735607.0,5000.0,5000.0,True,True,True,OpenStreetMap via Overpass API,2026-09-04T15:41:50Z,local equirectangular point-to-polyline
1048423,Assam,Assam,"Pub Sarania hill, South Sarania, Guwahati, Assam, India",26.1768,91.7702,High (<2km),1000,2016-07-14,2016,7,Monsoon (Jun-Sep),earth slide,rainfall (T),report,7,1,1,Minor (1-2),0.0,"Indian Express' 'Trigger is likely monsoon rains because the incident occurred during monsoon season.  Two persons, including a girl, were killed in landslides in Assam on Thursday. An octogenarian was killed when a sudden landslide buried his house at Pub Sarania hill,",http://indianexpress.com/article/india/india-news-india/separate-landslides-kill-two-in-assam-2913748/,UGLC,Copernicus_DSM_COG_10_N26_00_E091_00_DEM,Copernicus DEM GLO-30 via Microsoft Planetary Computer,True,85.85330963134766,34.824748816857664,120.05684380407206,0.0059506366106907,27.75074848017857,30.715,True,NASA POWER Daily API / PRECTOTCORR,True,6.46,18.15,49.64999999999999,"{""2016-07-08"": 5.69, ""2016-07-09"": 5.26, ""2016-07-10"": 11.35, ""2016-07-11"": 9.2, ""2016-07-12"": 4.5, ""2016-07-13"": 7.19, ""2016-07-14"": 6.46}",ESA_WorldCover_10m_2021_v200_N24E090,MOD13Q1.A2016193.h25v06.061.2021354121610,2016-07-18T23:59:59.500000+00:00,4.0,10.0,Tree cover,ESA WorldCover 2021 v200,2021,5,,,,,False,NASA MODIS MOD13Q1/MYD13Q1 v6.1 16-day 250m,True,False,,ERA5-Land via Open-Meteo Historical Weather API,era5_land,True,0.487,0.493,0.501,0.498,0.476,0.4762857142857143,0.0107142857142856,"{""2016-07-08"": 0.483, ""2016-07-09"": 0.467, ""2016-07-10"": 0.471, ""2016-07-11"": 0.485, ""2016-07-12"": 0.477, ""2016-07-13"": 0.464, ""2016-07-14"": 0.487}",42.65122637786707,914.8844213953538,residential,,508672990.0,drain,,859799873.0,5000.0,5000.0,True,True,True,OpenStreetMap via Overpass API,2026-09-04T15:41:50Z,local equirectangular point-to-polyline
1048467,Assam,Assam,"Noonmati Nijarapar area of the city, Guwahati, Assam, India",26.1963,91.8074,Medium (2-25km),5000,2016-07-14,2016,7,Monsoon (Jun-Sep),earth slide,rainfall (T),report,9,1,1,Minor (1-2),0.0,"Indian Express' 'Trigger is most likely monsoon since this incident occurred during monsoon season.Two persons, including a girl, were killed in landslides in Assam on Thursday. In Noonmati Nijarapar area of the city, a class IV girl student was buried in another landsli",http://indianexpress.com/article/india/india-news-india/separate-landslides-kill-two-in-assam-2913748/,UGLC,Copernicus_DSM_COG_10_N26_00_E091_00_DEM,Copernicus DEM GLO-30 via Microsoft Planetary Computer,True,172.277099609375,21.56088951577215,84.21506954214016,0.0045705316112221,27.7461042697505,30.715,False,NASA POWER Daily API / PRECTOTCORR,True,6.46,18.15,49.64999999999999,"{""2016-07-08"": 5.69, ""2016-07-09"": 5.26, ""2016-07-10"": 11.35, ""2016-07-11"": 9.2, ""2016-07-12"": 4.5, ""2016-07-13"": 7.19, ""2016-07-14"": 6.46}",ESA_WorldCover_10m_2021_v200_N24E090,MOD13Q1.A2016193.h25v06.061.2021354121610,2016-07-18T23:59:59.500000+00:00,4.0,10.0,Tree cover,ESA WorldCover 2021 v200,2021,5,,,,,False,NASA MODIS MOD13Q1/MYD13Q1 v6.1 16-day 250m,True,False,,ERA5-Land via Open-Meteo Historical Weather API,era5_land,True,0.487,0.493,0.501,0.498,0.476,0.4762857142857143,0.0107142857142856,"{""2016-07-08"": 0.483, ""2016-07-09"": 0.467, ""2016-07-10"": 0.471, ""2016-07-11"": 0.485, ""2016-07-12"": 0.477, ""2016-07-13"": 0.464, ""2016-07-14"": 0.487}",107.31153199181783,1365.0147571223079,residential,,509093244.0,stream,,585129873.0,5000.0,5000.0,True,True,True,OpenStreetMap via Overpass API,2026-06-01T08:52:28Z,local equirectangular point-to-polyline
1048557,Assam,Assam,Guwahati,26.13140438,91.93086808,Medium (2-25km),15925,2016-07-14,2016,7,Monsoon (Jun-Sep),ND,rainfall (T),event,9,1,1,Minor (1-2),,"In Noonmati Nijarapar area of the city, a class IV girl student was buried in another landslide which came crashing on her house.",http://indianexpress.com/article/india/india-news-india/separate-landslides-kill-two-in-assam-2913748/,UGLC,Copernicus_DSM_COG_10_N26_00_E091_00_DEM,Copernicus DEM GLO-30 via Microsoft Planetary Computer,True,123.35052490234376,11.829864954977326,243.66726921612684,-0.0043176456475084,27.7615476589272,30.715,False,NASA POWER Daily API / PRECTOTCORR,True,6.46,18.15,49.64999999999999,"{""2016-07-08"": 5.69, ""2016-07-09"": 5.26, ""2016-07-10"": 11.35, ""2016-07-11"": 9.2, ""2016-07-12"": 4.5, ""2016-07-13"": 7.19, ""2016-07-14"": 6.46}",ESA_WorldCover_10m_2021_v200_N24E090,MOD13Q1.A2016193.h25v06.061.2021354121610,2016-07-18T23:59:59.500000+00:00,4.0,10.0,Tree cover,ESA WorldCover 2021 v200,2021,5,,,,,False,NASA MODIS MOD13Q1/MYD13Q1 v6.1 16-day 250m,True,False,,ERA5-Land via Open-Meteo Historical Weather API,era5_land,True,0.476,0.489,0.454,0.463,0.4733333333333333,0.4738571428571428,0.0021428571428571,"{""2016-07-08"": 0.471, ""2016-07-09"": 0.472, ""2016-07-10"": 0.464, ""2016-07-11"": 0.49, ""2016-07-12"": 0.465, ""2016-07-13"": 0.479, ""2016-07-14"": 0.476}",163.3712012231149,4621.513730450542,residential,,1137205462.0,river,Digaru River,120376272.0,5000.0,5000.0,True,True,True,OpenStreetMap via Overpass API,2026-09-03T18:25:21Z,local equirectangular point-to-polyline
1048458,Assam,Assam,"Noonmati, Guwahati, Assam, India",26.1966,91.802,Medium (2-25km),5000,2016-07-20,2016,7,Monsoon (Jun-Sep),earth slide,rainfall (T),report,9,0,0,No fatalities,0.0,Times of India' 'This was not the only incident of landslide in the city on Wednesday as a similar episode was also reported from the Noonmati locality. Two houses were completely buried under debris. No one suffered any injury.,http://timesofindia.indiatimes.com/city/guwahati/Landslide-toll-touches-6-as-woman-buried-alive-in-Guwahati/articleshow/53314082.cms,UGLC,Copernicus_DSM_COG_10_N26_00_E091_00_DEM,Copernicus DEM GLO-30 via Microsoft Planetary Computer,True,115.71945190429688,19.05268591563569,353.8396771745564,-0.014864675834071,27.74603279525564,30.715,False,NASA POWER Daily API / PRECTOTCORR,True,19.88,97.33,235.84,"{""2016-07-14"": 6.46, ""2016-07-15"": 16.31, ""2016-07-16"": 70.17, ""2016-07-17"": 45.57, ""2016-07-18"": 47.67, ""2016-07-19"": 29.78, ""2016-07-20"": 19.88}",ESA_WorldCover_10m_2021_v200_N24E090,MOD13Q1.A2016193.h25v06.061.2021354121610,2016-07-18T23:59:59.500000+00:00,2.0,10.0,Tree cover,ESA WorldCover 2021 v200,2021,5,,,,,False,NASA MODIS MOD13Q1/MYD13Q1 v6.1 16-day 250m,True,False,,ERA5-Land via Open-Meteo Historical Weather API,era5_land,True,0.477,0.486,0.495,0.492,0.4706666666666666,0.4738571428571428,0.0031428571428571,"{""2016-07-14"": 0.487, ""2016-07-15"": 0.466, ""2016-07-16"": 0.481, ""2016-07-17"": 0.471, ""2016-07-18"": 0.457, ""2016-07-19"": 0.478, ""2016-07-20"": 0.477}",52.696995829915,982.6341865533518,residential,,1190530928.0,stream,,585129873.0,5000.0,5000.0,True,True,True,OpenStreetMap via Overpass API,2026-09-04T15:44:51Z,local equirectangular point-to-polyline
1048430,Assam,Assam,Chandmari,26.19043105,91.77439654,High (<2km),763,2016-07-20,2016,7,Monsoon (Jun-Sep),ND,rainfall (T),event,7,1,1,Minor (1-2),,"""""GFLD"", locality: 'Chandmari', description: 'Malati Das was busy doing household chores on Wednesday when a rain-triggered landslide came crashing down on her hillside residence in the city here,"" burying her alive. She was the sixth person to die in a landslide in the city in less than a month.\n\n""""""""S'""""",http://timesofindia.indiatimes.com/city/guwahati/Landslide-toll-touches-6-as-woman-buried-alive-in-Guwahati/articleshow/53314082.cms,UGLC,Copernicus_DSM_COG_10_N26_00_E091_00_DEM,Copernicus DEM GLO-30 via Microsoft Planetary Computer,True,87.59046173095703,13.01375725151068,228.1103283060203,0.005079071014872,27.747502384201,30.715,True,NASA POWER Daily API / PRECTOTCORR,True,19.88,97.33,235.84,"{""2016-07-14"": 6.46, ""2016-07-15"": 16.31, ""2016-07-16"": 70.17, ""2016-07-17"": 45.57, ""2016-07-18"": 47.67, ""2016-07-19"": 29.78, ""2016-07-20"": 19.88}",ESA_WorldCover_10m_2021_v200_N24E090,MOD13Q1.A2016193.h25v06.061.2021354121610,2016-07-18T23:59:59.500000+00:00,2.0,10.0,Tree cover,ESA WorldCover 2021 v200,2021,5,,,,,False,NASA MODIS MOD13Q1/MYD13Q1 v6.1 16-day 250m,True,False,,ERA5-Land via Open-Meteo Historical Weather API,era5_land,True,0.477,0.486,0.495,0.492,0.4706666666666666,0.4738571428571428,0.0031428571428571,"{""2016-07-14"": 0.487, ""2016-07-15"": 0.466, ""2016-07-16"": 0.481, ""2016-07-17"": 0.471, ""2016-07-18"": 0.457, ""2016-07-19"": 0.478, ""2016-07-20"": 0.477}",51.68852248019286,1685.9773460284919,residential,,508535885.0,stream,,585129873.0,5000.0,5000.0,True,True,True,OpenStreetMap via Overpass API,2026-09-04T15:44:51Z,local equirectangular point-to-polyline
1057863,Manipur,Manipur,"Imphal-Dimapur road  in Tadubi, Senapati district, Manipur, India",25.48,94.1383,High (<2km),1000,2016-07-25,2016,7,Monsoon (Jun-Sep),earth slide,rainfall (T),report,7,0,0,No fatalities,1.0,"E-Pao' 'Continuous downpour in the past three days led to a massive mudslide along Imphal-Dimapur road (NH-2) and destroyed 6 stalls constructed at the heart of Tadubi town at around 12.30pm today, reports NNN.  An 81 year old woman identified as S Koshuni, who",http://www.e-pao.net/GP.asp?src=Snipp1..260716.jul16,UGLC,Copernicus_DSM_COG_10_N25_00_E094_00_DEM,Copernicus DEM GLO-30 via Microsoft Planetary Computer,True,1701.351318359375,15.5913993024669,136.51831493795677,0.0016510827706582,27.914587926904744,30.715,True,NASA POWER Daily API / PRECTOTCORR,True,14.09,30.86,49.19,"{""2016-07-19"": 1.02, ""2016-07-20"": 2.36, ""2016-07-21"": 5.79, ""2016-07-22"": 9.16, ""2016-07-23"": 7.42, ""2016-07-24"": 9.35, ""2016-07-25"": 14.09}",ESA_WorldCover_10m_2021_v200_N24E093,MYD13Q1.A2016201.h26v06.061.2021354133858,2016-07-26T23:59:59.500000+00:00,1.0,50.0,Built-up,ESA WorldCover 2021 v200,2021,5,4683.0,0.4683,3.0,Cloudy,False,NASA MODIS MOD13Q1/MYD13Q1 v6.1 16-day 250m,True,True,,ERA5-Land via Open-Meteo Historical Weather API,era5_land,True,0.484,0.501,0.502,0.5,0.494,0.4894285714285714,-0.0054285714285714,"{""2016-07-19"": 0.486, ""2016-07-20"": 0.498, ""2016-07-21"": 0.462, ""2016-07-22"": 0.498, ""2016-07-23"": 0.502, ""2016-07-24"": 0.496, ""2016-07-25"": 0.484}",26.97854965256265,2591.8306234813763,trunk,,44886111.0,river,,625813045.0,5000.0,5000.0,True,True,True,OpenStreetMap via Overpass API,2026-09-04T15:45:51Z,local equirectangular point-to-polyline
1050761,Mizoram,Mizoram,NGUR,23.55290361,93.37126263,Medium (2-25km),5012,2016-07-28,2016,7,Monsoon (Jun-Sep),ND,rainfall (T),event,9,2,1,Minor (1-2),,"A woman and her three-year-old daughter were killed and six others injured when a house was hit by a massive landslide at Ngur village at Mizoram-Myanmar border, police said today.\n\nBodies of Dawnsianmuangi (42) and her daughter were taken out from the m",http://www.outlookindia.com/newswire/story/two-killed-in-mizoram-landslide/948387,UGLC,Copernicus_DSM_COG_10_N23_00_E093_00_DEM,Copernicus DEM GLO-30 via Microsoft Planetary Computer,True,1735.1856689453125,3.5419986015387512,107.30374816633685,0.0166647081182619,28.34613832410633,30.715,False,NASA POWER Daily API / PRECTOTCORR,True,9.14,21.19,54.7,"{""2016-07-22"": 7.62, ""2016-07-23"": 4.74, ""2016-07-24"": 6.46, ""2016-07-25"": 14.69, ""2016-07-26"": 6.15, ""2016-07-27"": 5.9, ""2016-07-28"": 9.14}",ESA_WorldCover_10m_2021_v200_N21E093,MYD13Q1.A2016201.h26v06.061.2021354133858,2016-07-26T23:59:59.500000+00:00,2.0,10.0,Tree cover,ESA WorldCover 2021 v200,2021,5,3773.0,0.3773,3.0,Cloudy,False,NASA MODIS MOD13Q1/MYD13Q1 v6.1 16-day 250m,True,True,,ERA5-Land via Open-Meteo Historical Weather API,era5_land,True,0.414,0.415,0.423,0.421,0.4186666666666667,0.4161428571428572,-0.0021428571428572,"{""2016-07-22"": 0.404, ""2016-07-23"": 0.405, ""2016-07-24"": 0.422, ""2016-07-25"": 0.426, ""2016-07-26"": 0.422, ""2016-07-27"": 0.42, ""2016-07-28"": 0.414}",888.6471404498737,2049.287272516113,unclassified,,662910347.0,stream,,1363810213.0,5000.0,5000.0,True,True,True,OpenStreetMap via Overpass API,2026-07-15T15:22:01Z,local equirectangular point-to-polyline
1050763,Mizoram,Mizoram,"Ngur, near Mizoram-Myanmar border, India",23.5397,93.3783,High (<2km),1000,2016-07-28,2016,7,Monsoon (Jun-Sep),earth slide,rainfall (T),report,7,2,1,Minor (1-2),6.0,"Business Standard' 'A woman and her three-year-old daughter were killed and six others injured when a house was hit by a massive landslide at Ngur village at Mizoram-Myanmar border, police said today.   Bodies of Dawnsianmuangi (42) and her daughter were taken out from the",http://www.business-standard.com/article/pti-stories/two-killed-in-mizoram-landslide-116072900324_1.html,UGLC,Copernicus_DSM_COG_10_N23_00_E093_00_DEM,Copernicus DEM GLO-30 via Microsoft Planetary Computer,True,1567.85009765625,16.331867610595374,221.68845656267425,0.0025606632138962,28.34898505686552,30.715,True,NASA POWER Daily API / PRECTOTCORR,True,9.14,21.19,54.7,"{""2016-07-22"": 7.62, ""2016-07-23"": 4.74, ""2016-07-24"": 6.46, ""2016-07-25"": 14.69, ""2016-07-26"": 6.15, ""2016-07-27"": 5.9, ""2016-07-28"": 9.14}",ESA_WorldCover_10m_2021_v200_N21E093,MYD13Q1.A2016201.h26v06.061.2021354133858,2016-07-26T23:59:59.500000+00:00,2.0,30.0,Grassland,ESA WorldCover 2021 v200,2021,5,6262.0,0.6262,3.0,Cloudy,False,NASA MODIS MOD13Q1/MYD13Q1 v6.1 16-day 250m,True,True,,ERA5-Land via Open-Meteo Historical Weather API,era5_land,True,0.411,0.414,0.421,0.419,0.417,0.4148571428571428,-0.0038571428571428,"{""2016-07-22"": 0.403, ""2016-07-23"": 0.403, ""2016-07-24"": 0.421, ""2016-07-25"": 0.426, ""2016-07-26"": 0.421, ""2016-07-27"": 0.419, ""2016-07-28"": 0.411}",16.112607661095463,1835.237324496587,residential,,1368835411.0,stream,,1363810213.0,5000.0,5000.0,True,True,True,OpenStreetMap via Overpass API,2026-09-04T15:46:56Z,local equirectangular point-to-polyline
938250,Sikkim,Sikkim,SINGLITAM,27.34883031,88.18678352,High (<2km),962,2016-07-30,2016,7,Monsoon (Jun-Sep),ND,rainfall (T),event,7,1,1,Minor (1-2),,"A 18-year old villager was killed when he was crushed by a boulder brought by a slide that crashed into his house. The deceased was in his bed when the slide broke out Saturday morning. The incident happened at Singlitam village, Yuksom-Tashiding constit",https://www.facebook.com/sikkimexpress/posts/945922052220474,UGLC,Copernicus_DSM_COG_10_N27_00_E088_00_DEM,Copernicus DEM GLO-30 via Microsoft Planetary Computer,True,1791.6461181640625,2.6898720015880664,103.55409046509168,-0.0004210758412013,27.46592256107392,30.715,True,NASA POWER Daily API / PRECTOTCORR,True,5.95,18.58,111.64,"{""2016-07-24"": 26.05, ""2016-07-25"": 33.31, ""2016-07-26"": 22.58, ""2016-07-27"": 11.12, ""2016-07-28"": 5.33, ""2016-07-29"": 7.3, ""2016-07-30"": 5.95}",ESA_WorldCover_10m_2021_v200_N27E087,MOD13Q1.A2016209.h25v06.061.2021356183224,2016-08-03T23:59:59.500000+00:00,4.0,10.0,Tree cover,ESA WorldCover 2021 v200,2021,5,824.0,0.0824,3.0,Cloudy,False,NASA MODIS MOD13Q1/MYD13Q1 v6.1 16-day 250m,True,True,,ERA5-Land via Open-Meteo Historical Weather API,era5_land,True,0.424,0.429,0.428,0.428,0.425,0.4265714285714285,-0.0025714285714285,"{""2016-07-24"": 0.431, ""2016-07-25"": 0.432, ""2016-07-26"": 0.428, ""2016-07-27"": 0.42, ""2016-07-28"": 0.426, ""2016-07-29"": 0.425, ""2016-07-30"": 0.424}",484.49057894851376,1341.9999797415717,tertiary,,83688773.0,stream,,366221526.0,5000.0,5000.0,True,True,True,OpenStreetMap via Overpass API,2026-09-04T15:47:58Z,local equirectangular point-to-polyline
938383,Sikkim,Sikkim,"Dzongu, Sikkim, India",27.593,88.492,High (<2km),0,2016-08-16,2016,8,Monsoon (Jun-Sep),earth slide,rainfall (T),report,1,0,0,No fatalities,0.0,"AGU Blog' 'A major valley-blocking landslide at Dzongu in Sikkim, northern India. The landslide, which is large, has blocked the Kanaka River completely, and a lake has started to build behind it.",http://blogs.agu.org/landslideblog/2016/08/13/dzongu-1/,UGLC,Copernicus_DSM_COG_10_N27_00_E088_00_DEM,Copernicus DEM GLO-30 via Microsoft Planetary Computer,True,3251.943359375,43.60099213927609,211.08745045040249,-0.0102680551795177,27.405134075142502,30.715,True,NASA POWER Daily API / PRECTOTCORR,True,10.27,21.86,45.43000000000001,"{""2016-08-10"": 3.16, ""2016-08-11"": 14.03, ""2016-08-12"": 4.08, ""2016-08-13"": 2.3, ""2016-08-14"": 4.68, ""2016-08-15"": 6.91, ""2016-08-16"": 10.27}",ESA_WorldCover_10m_2021_v200_N27E087,MOD13Q1.A2016225.h25v06.061.2021357013549,2016-08-19T23:59:59.500000+00:00,3.0,10.0,Tree cover,ESA WorldCover 2021 v200,2021,5,6083.0,0.6083000000000001,3.0,Cloudy,False,NASA MODIS MOD13Q1/MYD13Q1 v6.1 16-day 250m,True,True,,ERA5-Land via Open-Meteo Historical Weather API,era5_land,True,0.42,0.42,0.416,0.417,0.421,0.4198571428571429,0.0001428571428571,"{""2016-08-10"": 0.418, ""2016-08-11"": 0.422, ""2016-08-12"": 0.416, ""2016-08-13"": 0.42, ""2016-08-14"": 0.423, ""2016-08-15"": 0.42, ""2016-08-16"": 0.42}",4192.083870841273,139.32348785414374,unclassified,,1215147047.0,stream,,599770443.0,5000.0,5000.0,True,True,True,OpenStreetMap via Overpass API,2026-09-04T15:52:06Z,local equirectangular point-to-polyline
1050651,Assam,Assam,Silchar,24.81395989,92.85687296,Low (>25km),34718,2016-08-31,2016,8,Monsoon (Jun-Sep),ND,rainfall (T),event,9,4,1,Moderate (3-5),,"""""GFLD"", locality: 'Silchar',"" description: """"""""Bodies of two women were found while as many members of the same family were still missing after being washed away in landslide and floods in Assam's Cachar district"", police said on Thursday.\n\nFour members of the family of Dipesh Lemrong - his wife,"" a da""""""""""""",http://www.thestatesman.com/news/northeast/2-bodies-found-2-others-missing-after-landslide-flood/162876.html,UGLC,Copernicus_DSM_COG_10_N24_00_E092_00_DEM,Copernicus DEM GLO-30 via Microsoft Planetary Computer,True,19.78896713256836,2.497008873575436,356.95273631434605,0.0024361401967556,28.06733590204245,30.715,False,NASA POWER Daily API / PRECTOTCORR,True,19.43,58.95,81.64,"{""2016-08-25"": 9.01, ""2016-08-26"": 8.83, ""2016-08-27"": 2.37, ""2016-08-28"": 2.48, ""2016-08-29"": 10.46, ""2016-08-30"": 29.06, ""2016-08-31"": 19.43}",ESA_WorldCover_10m_2021_v200_N24E090,MOD13Q1.A2016241.h26v06.061.2021357064013,2016-09-04T23:59:59.500000+00:00,4.0,40.0,Cropland,ESA WorldCover 2021 v200,2021,5,4825.0,0.4825,1.0,Marginal data,True,NASA MODIS MOD13Q1/MYD13Q1 v6.1 16-day 250m,True,True,0.4825,ERA5-Land via Open-Meteo Historical Weather API,era5_land,True,0.487,0.487,0.465,0.471,0.4873333333333333,0.4784285714285713,0.0085714285714286,"{""2016-08-25"": 0.446, ""2016-08-26"": 0.47, ""2016-08-27"": 0.48, ""2016-08-28"": 0.491, ""2016-08-29"": 0.496, ""2016-08-30"": 0.479, ""2016-08-31"": 0.487}",155.97015757992702,719.0672982221522,tertiary,,1320810066.0,river,,668833462.0,5000.0,5000.0,True,True,True,OpenStreetMap via Overpass API,2026-09-03T19:14:51Z,local equirectangular point-to-polyline
1050626,Assam,Assam,"Silchar, Assam, India",24.768609,92.821182,Low (>25km),50000,2016-09-01,2016,9,Monsoon (Jun-Sep),earth slide,rainfall (T),report,9,4,1,Moderate (3-5),0.0,"""""COOLR_R"", locality: 'Silchar, Assam, India',"" description: 'EENADU India' """"""""Bodies of two women were found while as many members of the same family were still missing after being washed away in landslide and floods in Assam's Cachar district"", police said on Thursday. Four members of the family of Dipesh Lemrong - his wife,"" a dau""""""""""""",http://www.eenaduindia.com/states/east/assam/2016/09/01164302/2-bodies-found-2-others-missing-after-landslide-flood.vpf,UGLC,Copernicus_DSM_COG_10_N24_00_E092_00_DEM,Copernicus DEM GLO-30 via Microsoft Planetary Computer,True,20.659385681152344,0.2952153965906627,238.0918688227968,0.0009080156202202,28.07759887585972,30.715,False,NASA POWER Daily API / PRECTOTCORR,True,10.59,59.08,83.22,"{""2016-08-26"": 8.83, ""2016-08-27"": 2.37, ""2016-08-28"": 2.48, ""2016-08-29"": 10.46, ""2016-08-30"": 29.06, ""2016-08-31"": 19.43, ""2016-09-01"": 10.59}",ESA_WorldCover_10m_2021_v200_N24E090,MOD13Q1.A2016241.h26v06.061.2021357064013,2016-09-04T23:59:59.500000+00:00,3.0,50.0,Built-up,ESA WorldCover 2021 v200,2021,5,8485.0,0.8485,1.0,Marginal data,True,NASA MODIS MOD13Q1/MYD13Q1 v6.1 16-day 250m,True,True,0.8485,ERA5-Land via Open-Meteo Historical Weather API,era5_land,True,0.474,0.491,0.504,0.499,0.4803333333333333,0.4801428571428571,-0.0061428571428571,"{""2016-08-26"": 0.46, ""2016-08-27"": 0.478, ""2016-08-28"": 0.49, ""2016-08-29"": 0.492, ""2016-08-30"": 0.474, ""2016-08-31"": 0.493, ""2016-09-01"": 0.474}",1.6418592819182514,1016.748002470555,trunk,Sonai Road,44769326.0,river,Barāk River,168289364.0,5000.0,5000.0,True,True,True,OpenStreetMap via Overpass API,2026-09-04T15:57:06Z,local equirectangular point-to-polyline
1050633,Mizoram,Mizoram,TLUNGVEL,23.61045606,92.83182797,Medium (2-25km),4007,2016-09-17,2016,9,Monsoon (Jun-Sep),ND,rainfall (T),event,9,5,1,Moderate (3-5),,"Five persons from two families, including a minor girl, were killed in a massive landslide triggered by extremely heavy rainfall today at Tlungvel village in Mizoram’s Aizawl district.\n\nHeavy rainfall between 1 AM and 2 AM swept away three houses of th",http://indianexpress.com/article/india/india-news-india/massive-landslide-in-mizoram-kills-five/,UGLC,Copernicus_DSM_COG_10_N23_00_E092_00_DEM,Copernicus DEM GLO-30 via Microsoft Planetary Computer,True,563.8510131835938,36.28766289942392,4.497432524438807,0.0024892961030102,28.333712286630245,30.715,False,NASA POWER Daily API / PRECTOTCORR,True,13.62,33.33,94.19,"{""2016-09-11"": 4.32, ""2016-09-12"": 27.43, ""2016-09-13"": 19.72, ""2016-09-14"": 9.39, ""2016-09-15"": 1.93, ""2016-09-16"": 17.78, ""2016-09-17"": 13.62}",ESA_WorldCover_10m_2021_v200_N21E090,MOD13Q1.A2016257.h26v06.061.2021358012039,2016-09-20T23:59:59.500000+00:00,3.0,10.0,Tree cover,ESA WorldCover 2021 v200,2021,5,9624.0,0.9624,3.0,Cloudy,False,NASA MODIS MOD13Q1/MYD13Q1 v6.1 16-day 250m,True,True,,ERA5-Land via Open-Meteo Historical Weather API,era5_land,True,0.424,0.426,0.427,0.427,0.422,0.4204285714285714,0.0035714285714286,"{""2016-09-11"": 0.413, ""2016-09-12"": 0.423, ""2016-09-13"": 0.421, ""2016-09-14"": 0.42, ""2016-09-15"": 0.416, ""2016-09-16"": 0.426, ""2016-09-17"": 0.424}",1091.1918058265785,1108.419725937549,track,,1451319618.0,stream,,1451319619.0,5000.0,5000.0,True,True,True,OpenStreetMap via Overpass API,2026-05-06T03:25:00Z,local equirectangular point-to-polyline
938303,Sikkim,Sikkim,Legship,27.2676,88.2891,Medium (2-25km),10000,2016-10-12,2016,10,Post-monsoon (Oct-Nov),earth slide,rainfall (T),report,9,0,0,No fatalities,0.0,"Indian Express' 'Another landslip occurred at Legship, near the tourist spot of Pelling, in Sikkim severely affecting road traffic movement between Darjeeling and Legship, officials said.",http://indianexpress.com/article/india/india-news-india/west-bengal-rains-landslips-affect-life-in-north-of-state-3079833/,UGLC,Copernicus_DSM_COG_10_N27_00_E088_00_DEM,Copernicus DEM GLO-30 via Microsoft Planetary Computer,True,603.6053466796875,48.96606763094384,51.95730598260855,-0.0057291088312247,27.48603513896565,30.715,False,NASA POWER Daily API / PRECTOTCORR,True,14.2,34.89,54.95,"{""2016-10-06"": 1.83, ""2016-10-07"": 10.83, ""2016-10-08"": 2.3, ""2016-10-09"": 5.1, ""2016-10-10"": 2.34, ""2016-10-11"": 18.35, ""2016-10-12"": 14.2}",ESA_WorldCover_10m_2021_v200_N27E087,MYD13Q1.A2016281.h25v06.061.2021360015154,2016-10-14T23:59:59.500000+00:00,2.0,10.0,Tree cover,ESA WorldCover 2021 v200,2021,5,8494.0,0.8494,0.0,Good data,True,NASA MODIS MOD13Q1/MYD13Q1 v6.1 16-day 250m,True,True,0.8494,ERA5-Land via Open-Meteo Historical Weather API,era5_land,True,0.426,0.43,0.432,0.431,0.425,0.4162857142857143,0.0097142857142856,"{""2016-10-06"": 0.386, ""2016-10-07"": 0.407, ""2016-10-08"": 0.421, ""2016-10-09"": 0.425, ""2016-10-10"": 0.427, ""2016-10-11"": 0.422, ""2016-10-12"": 0.426}",16.10577986359231,57.068640293407405,primary,,44848730.0,river,Rangit,575695606.0,5000.0,5000.0,True,True,True,OpenStreetMap via Overpass API,2026-07-24T11:04:51Z,local equirectangular point-to-polyline
938327,Sikkim,Sikkim,Namchi,27.1695,88.3664,Medium (2-25km),5000,2016-10-15,2016,10,Post-monsoon (Oct-Nov),earth slide,rainfall (T),report,9,0,0,No fatalities,0.0,"Hindu' 'The road on way to Peiling in Sikkim remained cut off due to landslides at Namchi and Rangpo but the Lava-Lolegaon route in Darjeeling was still working, though only for cars and the small vehicles took long detour through the second route, the officials",http://www.thehindu.com/news/national/other-states/life-remains-hit-in-darjeeling-hills/article9222389.ece,UGLC,Copernicus_DSM_COG_10_N27_00_E088_00_DEM,Copernicus DEM GLO-30 via Microsoft Planetary Computer,True,1588.7635498046875,27.164657768295907,179.82857665096185,-0.0030739589788187,27.51025099089846,30.715,False,NASA POWER Daily API / PRECTOTCORR,True,0.32,13.41,65.11,"{""2016-10-09"": 6.91, ""2016-10-10"": 4.18, ""2016-10-11"": 19.05, ""2016-10-12"": 21.56, ""2016-10-13"": 11.14, ""2016-10-14"": 1.95, ""2016-10-15"": 0.32}",ESA_WorldCover_10m_2021_v200_N27E087,MYD13Q1.A2016281.h25v06.061.2021360015154,2016-10-14T23:59:59.500000+00:00,1.0,10.0,Tree cover,ESA WorldCover 2021 v200,2021,5,8427.0,0.8427,0.0,Good data,True,NASA MODIS MOD13Q1/MYD13Q1 v6.1 16-day 250m,True,True,0.8427,ERA5-Land via Open-Meteo Historical Weather API,era5_land,True,0.411,0.412,0.418,0.416,0.4193333333333333,0.4234285714285714,-0.0124285714285714,"{""2016-10-09"": 0.428, ""2016-10-10"": 0.427, ""2016-10-11"": 0.426, ""2016-10-12"": 0.425, ""2016-10-13"": 0.428, ""2016-10-14"": 0.419, ""2016-10-15"": 0.411}",43.035286346947366,941.8907178753931,unclassified,,606048457.0,canal,,1266786970.0,5000.0,5000.0,True,True,True,OpenStreetMap via Overpass API,2026-09-04T16:08:21Z,local equirectangular point-to-polyline
938398,Sikkim,Sikkim,Rangpo,27.172,88.5292,Medium (2-25km),5000,2016-10-15,2016,10,Post-monsoon (Oct-Nov),earth slide,rainfall (T),report,9,0,0,No fatalities,0.0,"Hindu' 'The road on way to Peiling in Sikkim remained cut off due to landslides at Namchi and Rangpo but the Lava-Lolegaon route in Darjeeling was still working, though only for cars and the small vehicles took long detour through the second route, the officials",http://www.thehindu.com/news/national/other-states/life-remains-hit-in-darjeeling-hills/article9222389.ece,UGLC,Copernicus_DSM_COG_10_N27_00_E088_00_DEM,Copernicus DEM GLO-30 via Microsoft Planetary Computer,True,335.4233703613281,38.68427108852697,15.105143788290263,-0.0082076940247829,27.509634870410647,30.715,False,NASA POWER Daily API / PRECTOTCORR,True,0.19,17.96,84.97,"{""2016-10-09"": 7.72, ""2016-10-10"": 4.59, ""2016-10-11"": 30.04, ""2016-10-12"": 24.66, ""2016-10-13"": 17.01, ""2016-10-14"": 0.76, ""2016-10-15"": 0.19}",ESA_WorldCover_10m_2021_v200_N27E087,MYD13Q1.A2016281.h25v06.061.2021360015154,2016-10-14T23:59:59.500000+00:00,1.0,10.0,Tree cover,ESA WorldCover 2021 v200,2021,5,3630.0,0.363,0.0,Good data,True,NASA MODIS MOD13Q1/MYD13Q1 v6.1 16-day 250m,True,True,0.363,ERA5-Land via Open-Meteo Historical Weather API,era5_land,True,0.388,0.391,0.427,0.417,0.4063333333333334,0.4171428571428571,-0.0291428571428571,"{""2016-10-09"": 0.429, ""2016-10-10"": 0.422, ""2016-10-11"": 0.421, ""2016-10-12"": 0.429, ""2016-10-13"": 0.423, ""2016-10-14"": 0.408, ""2016-10-15"": 0.388}",11.42170656909976,67.10047075839984,secondary,,1088849421.0,river,Rangpo Chu,38936959.0,5000.0,5000.0,True,True,True,OpenStreetMap via Overpass API,2026-09-04T16:13:21Z,local equirectangular point-to-polyline
1052234,Manipur,Manipur,"NH-37, between T. Laijang and K. Sinam villages, Tamenglong district, Manipur, 795008",24.79591421,93.72386429,Medium (2-25km),10000,2017-03-30,2017,3,Dry season (Dec-Mar),earth slide,rainfall (T),report,9,0,0,No fatalities,0.0,"Nagaland Post' 'Heavy overnight rainfall and hailstone caused a landslide on NH-37 in the Tamenglong district, between T. Laijang and K.Sinam villages. It blocked heavy vehicles on the road, but light vehicles could drive around the affected area.",http://www.nagalandpost.com/ChannelNews/Regional/RegionalNews.aspx?news=TkVXUzEwMDExMjEyMg%3D%3D,UGLC,Copernicus_DSM_COG_10_N24_00_E093_00_DEM,Copernicus DEM GLO-30 via Microsoft Planetary Computer,True,1012.2909545898438,33.59127655294481,58.04416768864223,-0.0099964758537223,28.07142177302758,30.715,False,NASA POWER Daily API / PRECTOTCORR,True,65.58,99.03,101.01,"{""2017-03-24"": 0.37, ""2017-03-25"": 1.04, ""2017-03-26"": 0.32, ""2017-03-27"": 0.25, ""2017-03-28"": 0.19, ""2017-03-29"": 33.26, ""2017-03-30"": 65.58}",ESA_WorldCover_10m_2021_v200_N24E093,MOD13Q1.A2017081.h26v06.061.2021270102238,2017-03-29T23:59:59.500000+00:00,1.0,50.0,Built-up,ESA WorldCover 2021 v200,2021,4,4708.0,0.4708,1.0,Marginal data,True,NASA MODIS MOD13Q1/MYD13Q1 v6.1 16-day 250m,True,True,0.4708,ERA5-Land via Open-Meteo Historical Weather API,era5_land,True,0.473,0.472,0.356,0.388,0.4383333333333333,0.4182857142857142,0.0547142857142857,"{""2017-03-24"": 0.382, ""2017-03-25"": 0.4, ""2017-03-26"": 0.412, ""2017-03-27"": 0.419, ""2017-03-28"": 0.412, ""2017-03-29"": 0.43, ""2017-03-30"": 0.473}",3.2769092031969262,321.5157007502669,trunk,,44884968.0,stream,Kharam Lok,389627343.0,5000.0,5000.0,True,True,True,OpenStreetMap via Overpass API,2026-09-04T16:18:26Z,local equirectangular point-to-polyline
1050744,Assam,Assam,"Phaiding, Assam, India",25.195355,93.172758,High (<2km),1000,2017-04-04,2017,4,Pre-monsoon (Apr-May),earth slide,rainfall (T),report,7,0,0,No fatalities,0.0,"DNA' 'The rains also caused landslide and landslip in several places in Dima Hasao district headquarters of Haflong and many other places like Harangajao, N Leikul, Mahur and Phaiding for the past couple of days, according to Dima Hasao district administration",http://www.dnaindia.com/india/report-all-schools-in-dima-haso-district-closed-due-to-bad-weather-2381478,UGLC,Copernicus_DSM_COG_10_N25_00_E093_00_DEM,Copernicus DEM GLO-30 via Microsoft Planetary Computer,True,663.4248046875,16.798863028106044,307.065434819356,-0.0040304025308946,27.98033047525911,30.715,True,NASA POWER Daily API / PRECTOTCORR,True,20.26,110.72,315.83000000000004,"{""2017-03-29"": 51.05, ""2017-03-30"": 74.29, ""2017-03-31"": 46.62, ""2017-04-01"": 33.15, ""2017-04-02"": 44.87, ""2017-04-03"": 45.59, ""2017-04-04"": 20.26}",ESA_WorldCover_10m_2021_v200_N24E093,MYD13Q1.A2017089.h26v06.061.2021270220737,2017-04-06T23:59:59.500000+00:00,2.0,10.0,Tree cover,ESA WorldCover 2021 v200,2021,4,5776.0,0.5776,1.0,Marginal data,True,NASA MODIS MOD13Q1/MYD13Q1 v6.1 16-day 250m,True,True,0.5776,ERA5-Land via Open-Meteo Historical Weather API,era5_land,True,0.501,0.479,0.498,0.494,0.485,0.4787142857142857,0.0222857142857142,"{""2017-03-29"": 0.463, ""2017-03-30"": 0.493, ""2017-03-31"": 0.472, ""2017-04-01"": 0.468, ""2017-04-02"": 0.476, ""2017-04-03"": 0.478, ""2017-04-04"": 0.501}",1195.2563010952929,1241.8957239023575,secondary,,667234633.0,river,Mahur River,335174113.0,5000.0,5000.0,True,True,True,OpenStreetMap via Overpass API,2026-09-04T16:22:36Z,local equirectangular point-to-polyline
1050718,Assam,Assam,ND,25.481623,93.141692,Low (>25km),50000,2017-04-04,2017,4,Pre-monsoon (Apr-May),earth slide,rainfall (T),report,9,0,0,No fatalities,0.0,DNA' 'The National Highway 54 connecting Haflong and Lumding in the district with Silchar in Cachar district was closed in many places today due to landslides.,http://www.dnaindia.com/india/report-all-schools-in-dima-haso-district-closed-due-to-bad-weather-2381478,UGLC,Copernicus_DSM_COG_10_N25_00_E093_00_DEM,Copernicus DEM GLO-30 via Microsoft Planetary Computer,True,159.34725952148438,0.8507767539664315,141.42695096467787,0.0013537201154949,27.914211096559207,30.715,False,NASA POWER Daily API / PRECTOTCORR,True,15.2,81.03,221.51,"{""2017-03-29"": 38.91, ""2017-03-30"": 41.79, ""2017-03-31"": 33.69, ""2017-04-01"": 26.09, ""2017-04-02"": 33.17, ""2017-04-03"": 32.66, ""2017-04-04"": 15.2}",ESA_WorldCover_10m_2021_v200_N24E093,MYD13Q1.A2017089.h26v06.061.2021270220737,2017-04-06T23:59:59.500000+00:00,2.0,40.0,Cropland,ESA WorldCover 2021 v200,2021,4,5775.0,0.5775,1.0,Marginal data,True,NASA MODIS MOD13Q1/MYD13Q1 v6.1 16-day 250m,True,True,0.5775,ERA5-Land via Open-Meteo Historical Weather API,era5_land,True,0.482,0.485,0.499,0.495,0.4823333333333333,0.4727142857142857,0.0092857142857142,"{""2017-03-29"": 0.458, ""2017-03-30"": 0.47, ""2017-03-31"": 0.464, ""2017-04-01"": 0.47, ""2017-04-02"": 0.486, ""2017-04-03"": 0.479, ""2017-04-04"": 0.482}",7.865124699519308,352.0996377611035,trunk,,843628173.0,river,Langting River,197997794.0,5000.0,5000.0,True,True,True,OpenStreetMap via Overpass API,2026-09-04T16:28:36Z,local equirectangular point-to-polyline
1050682,Assam,Assam,"N. Leikul, Assam, India",25.132228,93.04681,High (<2km),1000,2017-04-04,2017,4,Pre-monsoon (Apr-May),earth slide,rainfall (T),report,7,0,0,No fatalities,0.0,"DNA' 'The rains also caused landslide and landslip in several places in Dima Hasao district headquarters of Haflong and many other places like Harangajao, N Leikul, Mahur and Phaiding for the past couple of days, according to Dima Hasao district administration",http://www.dnaindia.com/india/report-all-schools-in-dima-haso-district-closed-due-to-bad-weather-2381478,UGLC,Copernicus_DSM_COG_10_N25_00_E093_00_DEM,Copernicus DEM GLO-30 via Microsoft Planetary Computer,True,718.9356689453125,6.091081338507707,309.1523424703669,0.0048319735818178,27.99481699296281,30.715,True,NASA POWER Daily API / PRECTOTCORR,True,20.26,110.72,315.83000000000004,"{""2017-03-29"": 51.05, ""2017-03-30"": 74.29, ""2017-03-31"": 46.62, ""2017-04-01"": 33.15, ""2017-04-02"": 44.87, ""2017-04-03"": 45.59, ""2017-04-04"": 20.26}",ESA_WorldCover_10m_2021_v200_N24E093,MYD13Q1.A2017089.h26v06.061.2021270220737,2017-04-06T23:59:59.500000+00:00,2.0,40.0,Cropland,ESA WorldCover 2021 v200,2021,4,6061.0,0.6061000000000001,1.0,Marginal data,True,NASA MODIS MOD13Q1/MYD13Q1 v6.1 16-day 250m,True,True,0.6061000000000001,ERA5-Land via Open-Meteo Historical Weather API,era5_land,True,0.461,0.457,0.459,0.459,0.452,0.452,0.009,"{""2017-03-29"": 0.44, ""2017-03-30"": 0.466, ""2017-03-31"": 0.448, ""2017-04-01"": 0.454, ""2017-04-02"": 0.447, ""2017-04-03"": 0.448, ""2017-04-04"": 0.461}",333.1933089376458,584.2708784771011,trunk,,1379309755.0,stream,,1379309796.0,5000.0,5000.0,True,True,True,OpenStreetMap via Overpass API,2026-09-04T16:33:36Z,local equirectangular point-to-polyline
1050642,Assam,Assam,"Harangajao, Assam, India",25.118398,92.853913,High (<2km),1000,2017-04-04,2017,4,Pre-monsoon (Apr-May),earth slide,rainfall (T),report,7,0,0,No fatalities,0.0,"DNA' 'The rains also caused landslide and landslip in several places in Dima Hasao district headquarters of Haflong and many other places like Harangajao, N Leikul, Mahur and Phaiding for the past couple of days, according to Dima Hasao district administration",http://www.dnaindia.com/india/report-all-schools-in-dima-haso-district-closed-due-to-bad-weather-2381478,UGLC,Copernicus_DSM_COG_10_N25_00_E092_00_DEM,Copernicus DEM GLO-30 via Microsoft Planetary Computer,True,149.83029174804688,17.540266746439098,105.32739036935504,0.0092474705313644,27.997986193189035,30.715,True,NASA POWER Daily API / PRECTOTCORR,True,20.26,110.72,315.83000000000004,"{""2017-03-29"": 51.05, ""2017-03-30"": 74.29, ""2017-03-31"": 46.62, ""2017-04-01"": 33.15, ""2017-04-02"": 44.87, ""2017-04-03"": 45.59, ""2017-04-04"": 20.26}",ESA_WorldCover_10m_2021_v200_N24E090,MYD13Q1.A2017089.h26v06.061.2021270220737,2017-04-06T23:59:59.500000+00:00,2.0,10.0,Tree cover,ESA WorldCover 2021 v200,2021,4,4812.0,0.4812,1.0,Marginal data,True,NASA MODIS MOD13Q1/MYD13Q1 v6.1 16-day 250m,True,True,0.4812,ERA5-Land via Open-Meteo Historical Weather API,era5_land,True,0.482,0.473,0.491,0.486,0.471,0.4711428571428571,0.0108571428571428,"{""2017-03-29"": 0.474, ""2017-03-30"": 0.482, ""2017-03-31"": 0.489, ""2017-04-01"": 0.44, ""2017-04-02"": 0.46, ""2017-04-03"": 0.471, ""2017-04-04"": 0.482}",51.67595196750184,286.70360362268815,residential,,1316816997.0,river,Jātinga Nadi,197997796.0,5000.0,5000.0,True,True,True,OpenStreetMap via Overpass API,2026-05-06T03:25:00Z,local equirectangular point-to-polyline
1050702,Assam,Assam,"Mahur, Assam, India",25.181453,93.118105,High (<2km),1000,2017-04-04,2017,4,Pre-monsoon (Apr-May),earth slide,rainfall (T),report,7,0,0,No fatalities,0.0,"DNA' 'The rains also caused landslide and landslip in several places in Dima Hasao district headquarters of Haflong and many other places like Harangajao, N Leikul, Mahur and Phaiding for the past couple of days, according to Dima Hasao district administration",http://www.dnaindia.com/india/report-all-schools-in-dima-haso-district-closed-due-to-bad-weather-2381478,UGLC,Copernicus_DSM_COG_10_N25_00_E093_00_DEM,Copernicus DEM GLO-30 via Microsoft Planetary Computer,True,579.5592651367188,14.689422650264031,83.8019536973942,0.0017290015375424,27.983523652643346,30.715,True,NASA POWER Daily API / PRECTOTCORR,True,20.26,110.72,315.83000000000004,"{""2017-03-29"": 51.05, ""2017-03-30"": 74.29, ""2017-03-31"": 46.62, ""2017-04-01"": 33.15, ""2017-04-02"": 44.87, ""2017-04-03"": 45.59, ""2017-04-04"": 20.26}",ESA_WorldCover_10m_2021_v200_N24E093,MYD13Q1.A2017089.h26v06.061.2021270220737,2017-04-06T23:59:59.500000+00:00,2.0,50.0,Built-up,ESA WorldCover 2021 v200,2021,4,5208.0,0.5208,1.0,Marginal data,True,NASA MODIS MOD13Q1/MYD13Q1 v6.1 16-day 250m,True,True,0.5208,ERA5-Land via Open-Meteo Historical Weather API,era5_land,True,0.495,0.495,0.502,0.5,0.4896666666666666,0.4874285714285714,0.0075714285714286,"{""2017-03-29"": 0.477, ""2017-03-30"": 0.494, ""2017-03-31"": 0.484, ""2017-04-01"": 0.488, ""2017-04-02"": 0.488, ""2017-04-03"": 0.486, ""2017-04-04"": 0.495}",5.516744312357555,448.6641439687366,primary,,850114326.0,river,Diyung River,1317721209.0,5000.0,5000.0,True,True,True,OpenStreetMap via Overpass API,2026-09-04T16:42:51Z,local equirectangular point-to-polyline
1048497,Assam,Assam,"Bonda, Guwahati, Assam, India",26.16066111,91.85294885,Medium (2-25km),5000,2017-04-05,2017,4,Pre-monsoon (Apr-May),earth slide,rainfall (T),report,9,2,1,Minor (1-2),0.0,The Echo of India' 'Two killed in Bonda neighborhood of Guwahati by landslide triggered by incessant rainfall. Article: The landslide triggered by heavy rainfall since one week here caused a huge chunk of earth to come down the hill and fall on the two labourers engaged by,http://echoofindia.com/guwahati-landslide-kills-2-labourers-guwahati-3-die-lightning-strikes-across-assam-125768,UGLC,Copernicus_DSM_COG_10_N26_00_E091_00_DEM,Copernicus DEM GLO-30 via Microsoft Planetary Computer,True,115.0551300048828,23.599661062780253,329.9202670166665,-0.00548068398252,27.754589762016906,30.715,False,NASA POWER Daily API / PRECTOTCORR,True,4.08,66.65,206.29,"{""2017-03-30"": 24.93, ""2017-03-31"": 29.89, ""2017-04-01"": 39.44, ""2017-04-02"": 45.38, ""2017-04-03"": 44.28, ""2017-04-04"": 18.29, ""2017-04-05"": 4.08}",ESA_WorldCover_10m_2021_v200_N24E090,MYD13Q1.A2017089.h25v06.061.2021270220553,2017-04-06T23:59:59.500000+00:00,1.0,10.0,Tree cover,ESA WorldCover 2021 v200,2021,4,,,,,False,NASA MODIS MOD13Q1/MYD13Q1 v6.1 16-day 250m,True,False,,ERA5-Land via Open-Meteo Historical Weather API,era5_land,True,0.458,0.473,0.417,0.432,0.4709999999999999,0.4755714285714285,-0.0175714285714285,"{""2017-03-30"": 0.48, ""2017-03-31"": 0.481, ""2017-04-01"": 0.497, ""2017-04-02"": 0.458, ""2017-04-03"": 0.481, ""2017-04-04"": 0.474, ""2017-04-05"": 0.458}",88.24018088155256,2351.487105146133,residential,,1190528348.0,river,,585140463.0,5000.0,5000.0,True,True,True,OpenStreetMap via Overpass API,2026-09-04T16:46:51Z,local equirectangular point-to-polyline
1050579,Mizoram,Mizoram,"NH-54, North Thingdawl, Kolasib, Mizoram, 796075",24.0135808,92.67420963,Low (>25km),50000,2017-04-25,2017,4,Pre-monsoon (Apr-May),earth slide,rainfall (T),report,9,0,0,No fatalities,0.0,"""""COOLR_R"", locality: 'NH-54, North Thingdawl, Kolasib, Mizoram, 796075',"" description: 'Outlook India' 'Article: """"""""Mizoram has been cut off from the rest of the country as landslide"", triggered by heavy and incessant pre-monsoon rains, blocked the National Highway 54,"" official sources said today."""""""" Sparse on details.'""""",https://www.outlookindia.com/newsscroll/landslides-after-heavy-premonsoon-rain-in-mizoram/1035823,UGLC,Copernicus_DSM_COG_10_N24_00_E092_00_DEM,Copernicus DEM GLO-30 via Microsoft Planetary Computer,True,667.2000732421875,33.2370601828097,42.74280959795726,-0.0082117854179053,28.245873687966768,30.715,False,NASA POWER Daily API / PRECTOTCORR,True,21.13,94.56,348.4,"{""2017-04-19"": 46.51, ""2017-04-20"": 65.34, ""2017-04-21"": 87.35, ""2017-04-22"": 54.64, ""2017-04-23"": 38.29, ""2017-04-24"": 35.14, ""2017-04-25"": 21.13}",ESA_WorldCover_10m_2021_v200_N24E090,MYD13Q1.A2017105.h26v06.061.2021271232420,2017-04-22T23:59:59.500000+00:00,3.0,10.0,Tree cover,ESA WorldCover 2021 v200,2021,4,7597.0,0.7597,1.0,Marginal data,True,NASA MODIS MOD13Q1/MYD13Q1 v6.1 16-day 250m,True,True,0.7597,ERA5-Land via Open-Meteo Historical Weather API,era5_land,True,0.39,0.384,0.266,0.299,0.4103333333333332,0.3298571428571428,0.0601428571428572,"{""2017-04-19"": 0.173, ""2017-04-20"": 0.239, ""2017-04-21"": 0.327, ""2017-04-22"": 0.339, ""2017-04-23"": 0.426, ""2017-04-24"": 0.415, ""2017-04-25"": 0.39}",21.392846964394053,4363.553340126731,trunk,,241573044.0,river,Tlawng,226207290.0,5000.0,5000.0,True,True,True,OpenStreetMap via Overpass API,2026-09-04T16:47:51Z,local equirectangular point-to-polyline
1050588,Assam,Assam,"Makhim (??), West Karbi Anglong, Assam",25.61919207,92.7094701,Medium (2-25km),25000,2017-04-29,2017,4,Pre-monsoon (Apr-May),earth slide,rainfall (T),report,9,3,1,Moderate (3-5),0.0,India Blooms' 'Landslide following continuous rain kills 3 children who were working in hills,http://www.indiablooms.com/ibns_new/news-details/N/30787/assam-three-children-die-in-landslide-in-west-karbi-anglong.html,UGLC,Copernicus_DSM_COG_10_N25_00_E092_00_DEM,Copernicus DEM GLO-30 via Microsoft Planetary Computer,True,583.6115112304688,11.168753819560145,71.63083590601946,0.0057572155856087,27.88218874223353,30.715,False,NASA POWER Daily API / PRECTOTCORR,True,25.86,59.35,145.95999999999998,"{""2017-04-23"": 7.37, ""2017-04-24"": 8.12, ""2017-04-25"": 28.64, ""2017-04-26"": 42.48, ""2017-04-27"": 20.45, ""2017-04-28"": 13.04, ""2017-04-29"": 25.86}",ESA_WorldCover_10m_2021_v200_N24E090,MOD13Q1.A2017113.h26v06.061.2021271171158,2017-04-30T23:59:59.500000+00:00,1.0,30.0,Grassland,ESA WorldCover 2021 v200,2021,4,6618.0,0.6618,1.0,Marginal data,True,NASA MODIS MOD13Q1/MYD13Q1 v6.1 16-day 250m,True,True,0.6618,ERA5-Land via Open-Meteo Historical Weather API,era5_land,True,0.445,0.448,0.47,0.464,0.448,0.4614285714285714,-0.0164285714285714,"{""2017-04-23"": 0.464, ""2017-04-24"": 0.472, ""2017-04-25"": 0.479, ""2017-04-26"": 0.471, ""2017-04-27"": 0.456, ""2017-04-28"": 0.443, ""2017-04-29"": 0.445}",3806.359369532592,2190.796687382552,tertiary,,667884613.0,river,Kopili,44722287.0,5000.0,5000.0,True,True,True,OpenStreetMap via Overpass API,2026-09-04T16:47:51Z,local equirectangular point-to-polyline
1050720,Assam,Assam,Karbi Anglong,26.06838073,93.14761961,Low (>25km),57610,2017-04-29,2017,4,Pre-monsoon (Apr-May),ND,rainfall (T),event,9,3,1,Moderate (3-5),,"""""GFLD"", locality: 'Karbi Anglong',"" description: """"""""Guwahati"", Apr 30 (IBNS): Three children died in a massive landslide in Assam’s West Karbi Anglong district on Sunday.\n\nAccording to the reports,"" the incident took place at Makhim village under Jirikinding police station in the hill's district on Saturd""""""""""""",http://www.indiablooms.com/ibns_new/news-details/N/30787/assam-three-children-die-in-landslide-in-west-karbi-anglong.html,UGLC,Copernicus_DSM_COG_10_N26_00_E093_00_DEM,Copernicus DEM GLO-30 via Microsoft Planetary Computer,True,90.53353118896484,1.0970359575438215,23.502594986196925,0.0005586654399876,27.776511481936502,30.715,False,NASA POWER Daily API / PRECTOTCORR,True,3.79,17.27,52.66,"{""2017-04-23"": 4.05, ""2017-04-24"": 7.05, ""2017-04-25"": 17.47, ""2017-04-26"": 6.82, ""2017-04-27"": 5.45, ""2017-04-28"": 8.03, ""2017-04-29"": 3.79}",ESA_WorldCover_10m_2021_v200_N24E093,MOD13Q1.A2017113.h26v06.061.2021271171158,2017-04-30T23:59:59.500000+00:00,1.0,40.0,Cropland,ESA WorldCover 2021 v200,2021,4,4777.0,0.4777,1.0,Marginal data,True,NASA MODIS MOD13Q1/MYD13Q1 v6.1 16-day 250m,True,True,0.4777,ERA5-Land via Open-Meteo Historical Weather API,era5_land,True,0.452,0.444,0.458,0.455,0.4503333333333333,0.4581428571428571,-0.0061428571428571,"{""2017-04-23"": 0.441, ""2017-04-24"": 0.464, ""2017-04-25"": 0.472, ""2017-04-26"": 0.479, ""2017-04-27"": 0.454, ""2017-04-28"": 0.445, ""2017-04-29"": 0.452}",1550.0372927374704,490.17576597783597,trunk,,1354869549.0,river,Jamuna River,329683835.0,5000.0,5000.0,True,True,True,OpenStreetMap via Overpass API,2026-09-04T16:52:06Z,local equirectangular point-to-polyline
938411,Sikkim,Sikkim,"Toong-Sankalang road between Saffo and Ship-Gyer, North Sikkim",27.54295099,88.59676956,Medium (2-25km),5000,2017-05-26,2017,5,Pre-monsoon (Apr-May),earth slide,rainfall (T),report,9,0,0,No fatalities,0.0,Assam Tribune' 'Large rockslide blocks rural road,http://www.assamtribune.com/scripts/detailsnew.asp?id=may2717/oth053,UGLC,Copernicus_DSM_COG_10_N27_00_E088_00_DEM,Copernicus DEM GLO-30 via Microsoft Planetary Computer,True,1677.452392578125,52.99269625343474,152.9015724422825,-6.749140970765911e-05,27.417634865946468,30.715,False,NASA POWER Daily API / PRECTOTCORR,True,7.02,14.56,46.71,"{""2017-05-20"": 17.03, ""2017-05-21"": 6.18, ""2017-05-22"": 0.23, ""2017-05-23"": 8.71, ""2017-05-24"": 5.1, ""2017-05-25"": 2.44, ""2017-05-26"": 7.02}",ESA_WorldCover_10m_2021_v200_N27E087,MYD13Q1.A2017137.h25v06.061.2021273174652,2017-05-24T23:59:59.500000+00:00,2.0,10.0,Tree cover,ESA WorldCover 2021 v200,2021,4,2697.0,0.2697,3.0,Cloudy,False,NASA MODIS MOD13Q1/MYD13Q1 v6.1 16-day 250m,True,True,,ERA5-Land via Open-Meteo Historical Weather API,era5_land,True,0.42,0.417,0.41,0.412,0.415,0.4177142857142857,0.0022857142857142,"{""2017-05-20"": 0.419, ""2017-05-21"": 0.419, ""2017-05-22"": 0.418, ""2017-05-23"": 0.423, ""2017-05-24"": 0.413, ""2017-05-25"": 0.412, ""2017-05-26"": 0.42}",58.678447817179816,708.4285623406564,unclassified,,1215108068.0,river,Teesta,126757759.0,5000.0,5000.0,True,True,True,OpenStreetMap via Overpass API,2026-09-04T16:57:06Z,local equirectangular point-to-polyline
1050593,Mizoram,Mizoram,"Hunthar Area, NH 54, off of Aizawl",23.73941422,92.71505961,Medium (2-25km),5000,2017-06-01,2017,6,Monsoon (Jun-Sep),earth slide,rainfall (T),report,9,0,0,No fatalities,0.0,Morung Express' 'NH 54 was blocked by rain-triggered landslides from Cyclone Mora,http://morungexpress.com/landslides-mizoram-aizawl-cut-off/,UGLC,Copernicus_DSM_COG_10_N23_00_E092_00_DEM,Copernicus DEM GLO-30 via Microsoft Planetary Computer,True,1104.1173095703125,38.97211950409995,304.4592997521471,-0.024504894193674,28.30576540415874,30.715,False,NASA POWER Daily API / PRECTOTCORR,True,87.46,191.98,223.86000000000004,"{""2017-05-26"": 1.0, ""2017-05-27"": 7.24, ""2017-05-28"": 7.22, ""2017-05-29"": 16.42, ""2017-05-30"": 56.99, ""2017-05-31"": 47.53, ""2017-06-01"": 87.46}",ESA_WorldCover_10m_2021_v200_N21E090,MOD13Q1.A2017145.h26v06.061.2021275080150,2017-06-01T23:59:59.500000+00:00,0.0,50.0,Built-up,ESA WorldCover 2021 v200,2021,4,3941.0,0.3941,1.0,Marginal data,True,NASA MODIS MOD13Q1/MYD13Q1 v6.1 16-day 250m,True,True,0.3941,ERA5-Land via Open-Meteo Historical Weather API,era5_land,True,0.412,0.405,0.327,0.349,0.4173333333333333,0.3889999999999999,0.023,"{""2017-05-26"": 0.336, ""2017-05-27"": 0.34, ""2017-05-28"": 0.38, ""2017-05-29"": 0.415, ""2017-05-30"": 0.427, ""2017-05-31"": 0.413, ""2017-06-01"": 0.412}",60.41861412099637,1187.8246811251202,residential,,192503150.0,stream,,641629866.0,5000.0,5000.0,True,True,True,OpenStreetMap via Overpass API,2026-06-01T08:52:28Z,local equirectangular point-to-polyline
1050197,Assam,Assam,Nilambazar,24.74751503,92.34889194,High (<2km),732,2017-06-02,2017,6,Monsoon (Jun-Sep),ND,rainfall (T),event,7,1,1,Minor (1-2),,"Natural calamities have wrecked havoc in various parts of Northeast India and Assam is no exception to it. In what may be termed as an unfortunate incident, a man lost his life in a land slide caused by heavy rainfall at Karimganj’s Nilambazar. The vic",https://thenortheasttoday.com/assam-one-dead-guwahati-silchar-trains-cancelled-due-to-landslides/,UGLC,Copernicus_DSM_COG_10_N24_00_E092_00_DEM,Copernicus DEM GLO-30 via Microsoft Planetary Computer,True,20.973617553710938,1.3371207247088903,272.2080627133841,-0.0035136403320381,28.08236647918565,30.715,True,NASA POWER Daily API / PRECTOTCORR,True,58.66,162.56,225.52000000000004,"{""2017-05-27"": 2.31, ""2017-05-28"": 1.36, ""2017-05-29"": 4.58, ""2017-05-30"": 54.71, ""2017-05-31"": 64.84, ""2017-06-01"": 39.06, ""2017-06-02"": 58.66}",ESA_WorldCover_10m_2021_v200_N24E090,MOD13Q1.A2017145.h25v06.061.2021275080201,2017-06-01T23:59:59.500000+00:00,1.0,10.0,Tree cover,ESA WorldCover 2021 v200,2021,4,,,,,False,NASA MODIS MOD13Q1/MYD13Q1 v6.1 16-day 250m,True,False,,ERA5-Land via Open-Meteo Historical Weather API,era5_land,True,0.475,0.488,0.471,0.475,0.4846666666666666,0.4661428571428571,0.0088571428571428,"{""2017-05-27"": 0.44, ""2017-05-28"": 0.435, ""2017-05-29"": 0.45, ""2017-05-30"": 0.484, ""2017-05-31"": 0.487, ""2017-06-01"": 0.492, ""2017-06-02"": 0.475}",,,,,,,,,,,False,False,False,OpenStreetMap via Overpass API,,local equirectangular point-to-polyline
1048532,Tripura,Tripura,Vidyamohan Chowdhury Para (???) of remote Dhalai district,23.86469956,91.8949662,Low (>25km),50000,2017-06-03,2017,6,Monsoon (Jun-Sep),earth slide,rainfall (T),report,9,3,1,Moderate (3-5),1.0,Signs of the Times' 'Incessant rain causes landslide in remote Tripura village,https://www.sott.net/article/353005-Landslide-kills-at-least-3-in-Tripura-India,UGLC,Copernicus_DSM_COG_10_N23_00_E091_00_DEM,Copernicus DEM GLO-30 via Microsoft Planetary Computer,True,127.80779266357422,5.591518018527992,19.61971702891219,-0.0040789787373035,28.27847714247031,30.715,False,NASA POWER Daily API / PRECTOTCORR,True,50.43,146.8,270.52,"{""2017-05-28"": 1.39, ""2017-05-29"": 4.61, ""2017-05-30"": 46.87, ""2017-05-31"": 70.85, ""2017-06-01"": 72.56, ""2017-06-02"": 23.81, ""2017-06-03"": 50.43}",ESA_WorldCover_10m_2021_v200_N21E090,MOD13Q1.A2017145.h25v06.061.2021275080201,2017-06-01T23:59:59.500000+00:00,2.0,10.0,Tree cover,ESA WorldCover 2021 v200,2021,4,,,,,False,NASA MODIS MOD13Q1/MYD13Q1 v6.1 16-day 250m,True,False,,ERA5-Land via Open-Meteo Historical Weather API,era5_land,True,0.422,0.423,0.421,0.422,0.4236666666666666,0.4131428571428572,0.0088571428571427,"{""2017-05-28"": 0.385, ""2017-05-29"": 0.39, ""2017-05-30"": 0.426, ""2017-05-31"": 0.42, ""2017-06-01"": 0.426, ""2017-06-02"": 0.423, ""2017-06-03"": 0.422}",1635.8526279326884,1121.51008663811,secondary,,666500805.0,river,River Dhalai,385122248.0,5000.0,5000.0,True,True,True,OpenStreetMap via Overpass API,2026-05-06T03:25:00Z,local equirectangular point-to-polyline
1048504,Tripura,Tripura,Kamalpur,23.82994813,91.85896802,Medium (2-25km),20668,2017-06-03,2017,6,Monsoon (Jun-Sep),ND,rainfall (T),event,9,3,1,Moderate (3-5),,"A woman and her two children were killed when a landslide buried their house in Tripura, the police said here on Sunday.\n\n“Kajal Kanya Debbarma,47, and her two minor children died on the spot when their tin-roofed house was buried in a huge mudslide a",https://thenortheasttoday.com/tripura-landslide-buries-house-killing-woman-and-2-children/,UGLC,Copernicus_DSM_COG_10_N23_00_E091_00_DEM,Copernicus DEM GLO-30 via Microsoft Planetary Computer,True,132.4398193359375,5.841251886812303,198.00194533546485,0.0038507735188699,28.286059869467625,30.715,False,NASA POWER Daily API / PRECTOTCORR,True,50.43,146.8,270.52,"{""2017-05-28"": 1.39, ""2017-05-29"": 4.61, ""2017-05-30"": 46.87, ""2017-05-31"": 70.85, ""2017-06-01"": 72.56, ""2017-06-02"": 23.81, ""2017-06-03"": 50.43}",ESA_WorldCover_10m_2021_v200_N21E090,MOD13Q1.A2017145.h25v06.061.2021275080201,2017-06-01T23:59:59.500000+00:00,2.0,10.0,Tree cover,ESA WorldCover 2021 v200,2021,4,,,,,False,NASA MODIS MOD13Q1/MYD13Q1 v6.1 16-day 250m,True,False,,ERA5-Land via Open-Meteo Historical Weather API,era5_land,True,0.422,0.422,0.415,0.417,0.4236666666666666,0.4077142857142856,0.0142857142857143,"{""2017-05-28"": 0.367, ""2017-05-29"": 0.375, ""2017-05-30"": 0.423, ""2017-05-31"": 0.418, ""2017-06-01"": 0.426, ""2017-06-02"": 0.423, ""2017-06-03"": 0.422}",1978.7658180824424,3381.109092556325,secondary,,666500784.0,river,River Dhalai,385122248.0,5000.0,5000.0,True,True,True,OpenStreetMap via Overpass API,2026-07-24T11:04:51Z,local equirectangular point-to-polyline
1048488,Tripura,Tripura,Kamalpur,24.19467451,91.82931979,Medium (2-25km),10000,2017-06-03,2017,6,Monsoon (Jun-Sep),earth slide,rainfall (T),report,9,3,1,Moderate (3-5),1.0,Times of India' 'Landslide in Kamalpur in northern Tripura buries houses and kills 3,http://timesofindia.indiatimes.com/city/agartala/women-2-kids-killed-in-landslide/articleshow/58994998.cms,UGLC,Copernicus_DSM_COG_10_N24_00_E091_00_DEM,Copernicus DEM GLO-30 via Microsoft Planetary Computer,True,32.46570587158203,1.1394961841752729,287.5242887864765,0.0006694699209637,28.20595897922949,30.715,False,NASA POWER Daily API / PRECTOTCORR,True,50.43,146.8,270.52,"{""2017-05-28"": 1.39, ""2017-05-29"": 4.61, ""2017-05-30"": 46.87, ""2017-05-31"": 70.85, ""2017-06-01"": 72.56, ""2017-06-02"": 23.81, ""2017-06-03"": 50.43}",ESA_WorldCover_10m_2021_v200_N24E090,MOD13Q1.A2017145.h25v06.061.2021275080201,2017-06-01T23:59:59.500000+00:00,2.0,30.0,Grassland,ESA WorldCover 2021 v200,2021,4,,,,,False,NASA MODIS MOD13Q1/MYD13Q1 v6.1 16-day 250m,True,False,,ERA5-Land via Open-Meteo Historical Weather API,era5_land,True,0.424,0.424,0.427,0.426,0.4253333333333333,0.4168571428571428,0.0071428571428571,"{""2017-05-28"": 0.398, ""2017-05-29"": 0.396, ""2017-05-30"": 0.427, ""2017-05-31"": 0.421, ""2017-06-01"": 0.427, ""2017-06-02"": 0.425, ""2017-06-03"": 0.424}",128.183037117769,322.8522385572092,primary,,1123275987.0,river,,133808254.0,5000.0,5000.0,True,True,True,OpenStreetMap via Overpass API,2026-05-06T03:25:00Z,local equirectangular point-to-polyline
1050666,Assam,Assam,Dima Hasao district,25.15246863,92.94670614,Low (>25km),50000,2017-06-04,2017,6,Monsoon (Jun-Sep),earth slide,rainfall (T),report,9,0,0,No fatalities,0.0,NELive' 'Large amounts of rain cause landslide in Barak Valley region,http://www.nelive.in/assam/news/assam-flood-landslide-disrupts-rail-connectivity-barak-valley-over-13000-affected-due,UGLC,Copernicus_DSM_COG_10_N25_00_E092_00_DEM,Copernicus DEM GLO-30 via Microsoft Planetary Computer,True,977.5549926757812,3.108316406050428,313.99780084410145,-0.0008085579268886,27.99017583069173,30.715,False,NASA POWER Daily API / PRECTOTCORR,True,10.84,88.30000000000001,220.35,"{""2017-05-29"": 13.37, ""2017-05-30"": 69.92, ""2017-05-31"": 26.61, ""2017-06-01"": 22.15, ""2017-06-02"": 43.26, ""2017-06-03"": 34.2, ""2017-06-04"": 10.84}",ESA_WorldCover_10m_2021_v200_N24E090,MOD13Q1.A2017145.h26v06.061.2021275080150,2017-06-01T23:59:59.500000+00:00,3.0,10.0,Tree cover,ESA WorldCover 2021 v200,2021,4,8249.0,0.8249000000000001,1.0,Marginal data,True,NASA MODIS MOD13Q1/MYD13Q1 v6.1 16-day 250m,True,True,0.8249000000000001,ERA5-Land via Open-Meteo Historical Weather API,era5_land,True,0.472,0.496,0.505,0.501,0.4773333333333333,0.4774285714285714,-0.0054285714285714,"{""2017-05-29"": 0.479, ""2017-05-30"": 0.477, ""2017-05-31"": 0.483, ""2017-06-01"": 0.471, ""2017-06-02"": 0.474, ""2017-06-03"": 0.486, ""2017-06-04"": 0.472}",1437.9775028166493,894.6607514987934,residential,,1379316858.0,stream,Dlhamlal Nadi,666910981.0,5000.0,5000.0,True,True,True,OpenStreetMap via Overpass API,2026-09-04T17:17:21Z,local equirectangular point-to-polyline
1057261,Manipur,Manipur,"SL Veng Road, Kangpokpi, Sadar Hills West, Senapati, Manipur, 795129",25.14429782,93.97198129,Medium (2-25km),5000,2017-06-05,2017,6,Monsoon (Jun-Sep),mudslide,rainfall (T),report,9,0,0,No fatalities,0.0,The Assam Tribune' '11 houses were destroyed at Kalikhola in Kangpokpi district on June 5. Mudslide due to flooding from continuous intense rainfall.,http://www.assamtribune.com/scripts/detailsnew.asp?id=jan0118/oth051,UGLC,Copernicus_DSM_COG_10_N25_00_E093_00_DEM,Copernicus DEM GLO-30 via Microsoft Planetary Computer,True,1054.197021484375,33.48430525578221,264.5300275894349,0.0053680945930438,27.992049812162417,30.715,False,NASA POWER Daily API / PRECTOTCORR,True,0.17,28.92,128.1,"{""2017-05-30"": 56.47, ""2017-05-31"": 14.24, ""2017-06-01"": 10.92, ""2017-06-02"": 17.55, ""2017-06-03"": 22.2, ""2017-06-04"": 6.55, ""2017-06-05"": 0.17}",ESA_WorldCover_10m_2021_v200_N24E093,MOD13Q1.A2017145.h26v06.061.2021275080150,2017-06-01T23:59:59.500000+00:00,4.0,30.0,Grassland,ESA WorldCover 2021 v200,2021,4,4947.0,0.4947,3.0,Cloudy,False,NASA MODIS MOD13Q1/MYD13Q1 v6.1 16-day 250m,True,True,,ERA5-Land via Open-Meteo Historical Weather API,era5_land,True,0.443,0.449,0.504,0.488,0.4626666666666666,0.4738571428571428,-0.0308571428571428,"{""2017-05-30"": 0.482, ""2017-05-31"": 0.497, ""2017-06-01"": 0.47, ""2017-06-02"": 0.48, ""2017-06-03"": 0.494, ""2017-06-04"": 0.451, ""2017-06-05"": 0.443}",85.34386735115822,64.86811091166142,residential,,1382224708.0,river,Imphal River,385541095.0,5000.0,5000.0,True,True,True,OpenStreetMap via Overpass API,2026-05-31T22:37:44Z,local equirectangular point-to-polyline
1050403,Mizoram,Mizoram,"Tlabung, Lungsen, Lunglei, Mizoram",22.90813548,92.47207294,Low (>25km),100000,2017-06-09,2017,6,Monsoon (Jun-Sep),earth slide,rainfall (T),report,9,10,1,Severe (5+),0.0,"Hindustan Times' 'Landslides + flash floods after heavy rain hit throughout Lunglei District, Tlabung town hard hit. Death toll is 10, article does not specify specific landslide deaths. Article: Altogether 165 buildings were destroyed and 299 houses damaged by landslide,",http://www.hindustantimes.com/india-news/12-dead-in-mizoram-landslides-flood-in-9-days/story-kgRi9Vr3dRit9uVIAOGMQK.html,UGLC,Copernicus_DSM_COG_10_N22_00_E092_00_DEM,Copernicus DEM GLO-30 via Microsoft Planetary Computer,True,174.42027282714844,25.52515436473191,206.50660466541748,-0.0090544432871507,28.48339101500548,30.715,False,NASA POWER Daily API / PRECTOTCORR,True,7.32,82.64999999999999,169.34999999999997,"{""2017-06-03"": 50.97, ""2017-06-04"": 31.69, ""2017-06-05"": 2.27, ""2017-06-06"": 1.77, ""2017-06-07"": 13.55, ""2017-06-08"": 61.78, ""2017-06-09"": 7.32}",ESA_WorldCover_10m_2021_v200_N21E090,MYD13Q1.A2017153.h26v06.061.2021277004433,2017-06-09T23:59:59.500000+00:00,0.0,10.0,Tree cover,ESA WorldCover 2021 v200,2021,4,8300.0,0.8300000000000001,1.0,Marginal data,True,NASA MODIS MOD13Q1/MYD13Q1 v6.1 16-day 250m,True,True,0.8300000000000001,ERA5-Land via Open-Meteo Historical Weather API,era5_land,True,0.41,0.401,0.343,0.36,0.401,0.3941428571428572,0.0158571428571427,"{""2017-06-03"": 0.402, ""2017-06-04"": 0.403, ""2017-06-05"": 0.381, ""2017-06-06"": 0.37, ""2017-06-07"": 0.387, ""2017-06-08"": 0.406, ""2017-06-09"": 0.41}",129.10707913112,535.828576187818,primary,,661006251.0,river,Khawthlangtuipui,530306794.0,5000.0,5000.0,True,True,True,OpenStreetMap via Overpass API,2026-06-01T08:52:28Z,local equirectangular point-to-polyline
1050613,Mizoram,Mizoram,ND,23.73354779,92.74744512,High (<2km),1000,2017-06-10,2017,6,Monsoon (Jun-Sep),earth slide,rainfall (T),report,7,2,1,Minor (1-2),0.0,"Zoram Observer' 'Rain triggered landslides in Indian city of Aizawl, Mizoram",https://www.zoramobserver.com/mizoram/2-killed-in-landslide-triggered-by-heavy-rains/,UGLC,Copernicus_DSM_COG_10_N23_00_E092_00_DEM,Copernicus DEM GLO-30 via Microsoft Planetary Computer,True,896.2521362304688,14.88498976190758,224.3018335064521,-0.0067020622076365,28.3070398488029,30.715,True,NASA POWER Daily API / PRECTOTCORR,True,25.72,72.19,125.62,"{""2017-06-04"": 34.04, ""2017-06-05"": 4.7, ""2017-06-06"": 4.9, ""2017-06-07"": 9.79, ""2017-06-08"": 34.34, ""2017-06-09"": 12.13, ""2017-06-10"": 25.72}",ESA_WorldCover_10m_2021_v200_N21E090,MYD13Q1.A2017153.h26v06.061.2021277004433,2017-06-09T23:59:59.500000+00:00,1.0,30.0,Grassland,ESA WorldCover 2021 v200,2021,4,5614.0,0.5614,3.0,Cloudy,False,NASA MODIS MOD13Q1/MYD13Q1 v6.1 16-day 250m,True,True,,ERA5-Land via Open-Meteo Historical Weather API,era5_land,True,0.423,0.421,0.375,0.388,0.418,0.4027142857142857,0.0202857142857142,"{""2017-06-04"": 0.405, ""2017-06-05"": 0.387, ""2017-06-06"": 0.384, ""2017-06-07"": 0.389, ""2017-06-08"": 0.408, ""2017-06-09"": 0.423, ""2017-06-10"": 0.423}",3.578823638955422,3415.99200160474,unclassified,,1066291092.0,stream,,310435000.0,5000.0,5000.0,True,True,True,OpenStreetMap via Overpass API,2026-06-01T08:52:28Z,local equirectangular point-to-polyline
1050629,Mizoram,Mizoram,Khumtung,23.5705445,92.82885714,Medium (2-25km),7541,2017-06-10,2017,6,Monsoon (Jun-Sep),ND,rainfall (T),event,9,1,1,Minor (1-2),,"In another incident, a young man was killed in a landslide near Khumtung village in central eastern Mizoram’s Serchhip district on Saturday. The victim was identified as Maruata of Dawrpui Vengthar locality in Aizawl.\nSources said that the victim and h",http://morungexpress.com/two-killed-landslides-mizoram/,UGLC,Copernicus_DSM_COG_10_N23_00_E092_00_DEM,Copernicus DEM GLO-30 via Microsoft Planetary Computer,True,816.6519775390625,4.124435592462113,83.63572827838647,0.000780444328137,28.34233255304732,30.715,False,NASA POWER Daily API / PRECTOTCORR,True,22.03,57.87,82.1,"{""2017-06-04"": 13.19, ""2017-06-05"": 1.46, ""2017-06-06"": 1.92, ""2017-06-07"": 7.66, ""2017-06-08"": 21.22, ""2017-06-09"": 14.62, ""2017-06-10"": 22.03}",ESA_WorldCover_10m_2021_v200_N21E090,MYD13Q1.A2017153.h26v06.061.2021277004433,2017-06-09T23:59:59.500000+00:00,1.0,30.0,Grassland,ESA WorldCover 2021 v200,2021,4,7614.0,0.7614000000000001,3.0,Cloudy,False,NASA MODIS MOD13Q1/MYD13Q1 v6.1 16-day 250m,True,True,,ERA5-Land via Open-Meteo Historical Weather API,era5_land,True,0.423,0.422,0.392,0.401,0.419,0.4065714285714285,0.0164285714285714,"{""2017-06-04"": 0.409, ""2017-06-05"": 0.394, ""2017-06-06"": 0.392, ""2017-06-07"": 0.394, ""2017-06-08"": 0.41, ""2017-06-09"": 0.424, ""2017-06-10"": 0.423}",231.23648602311292,2226.193867485999,unclassified,,1063813799.0,stream,,1451319619.0,5000.0,5000.0,True,True,True,OpenStreetMap via Overpass API,2026-09-04T17:29:41Z,local equirectangular point-to-polyline
1050603,Mizoram,Mizoram,AIZAWL,23.73719685,92.72342008,Medium (2-25km),7696,2017-06-10,2017,6,Monsoon (Jun-Sep),ND,rainfall (T),event,9,1,1,Minor (1-2),,"In a tragic incident, at least two persons were killed in landslides triggered by heavy rains at two separate locations in Mizoram on Saturday.\nSources said that a 29-year-old woman was killed when a house was swept away by massive landslide at Zemabawk",http://morungexpress.com/two-killed-landslides-mizoram/,UGLC,Copernicus_DSM_COG_10_N23_00_E092_00_DEM,Copernicus DEM GLO-30 via Microsoft Planetary Computer,True,838.7420043945312,33.57176295185052,168.75806444995828,0.0106274302325318,28.30624714858693,30.715,False,NASA POWER Daily API / PRECTOTCORR,True,25.72,72.19,125.62,"{""2017-06-04"": 34.04, ""2017-06-05"": 4.7, ""2017-06-06"": 4.9, ""2017-06-07"": 9.79, ""2017-06-08"": 34.34, ""2017-06-09"": 12.13, ""2017-06-10"": 25.72}",ESA_WorldCover_10m_2021_v200_N21E090,MYD13Q1.A2017153.h26v06.061.2021277004433,2017-06-09T23:59:59.500000+00:00,1.0,10.0,Tree cover,ESA WorldCover 2021 v200,2021,4,3123.0,0.3123,3.0,Cloudy,False,NASA MODIS MOD13Q1/MYD13Q1 v6.1 16-day 250m,True,True,,ERA5-Land via Open-Meteo Historical Weather API,era5_land,True,0.423,0.421,0.375,0.388,0.418,0.4027142857142857,0.0202857142857142,"{""2017-06-04"": 0.405, ""2017-06-05"": 0.387, ""2017-06-06"": 0.384, ""2017-06-07"": 0.389, ""2017-06-08"": 0.408, ""2017-06-09"": 0.423, ""2017-06-10"": 0.423}",22.099089735444032,1456.6109102649107,residential,,1074462475.0,stream,Tuikual River,641629866.0,5000.0,5000.0,True,True,True,OpenStreetMap via Overpass API,2026-09-03T19:13:51Z,local equirectangular point-to-polyline
1050643,Mizoram,Mizoram,"Serchhip District, Mizoram, 796230",23.33501164,92.85410625,Medium (2-25km),10000,2017-06-12,2017,6,Monsoon (Jun-Sep),earth slide,rainfall (T),report,9,1,1,Minor (1-2),0.0,"Imphal Free Press' 'Landslide following rains throughout Mizoram State kills one, damages 8 houses",http://www.ifp.co.in/item/1220-mizoram-calamity-12-dead-877-houses-damaged,UGLC,Copernicus_DSM_COG_10_N23_00_E092_00_DEM,Copernicus DEM GLO-30 via Microsoft Planetary Computer,True,938.7423706054688,23.686131340771222,255.33096659983835,-0.0137445279907731,28.3929237344256,30.715,False,NASA POWER Daily API / PRECTOTCORR,True,91.37,147.7,193.12,"{""2017-06-06"": 1.92, ""2017-06-07"": 7.66, ""2017-06-08"": 21.22, ""2017-06-09"": 14.62, ""2017-06-10"": 22.03, ""2017-06-11"": 34.3, ""2017-06-12"": 91.37}",ESA_WorldCover_10m_2021_v200_N21E090,MYD13Q1.A2017153.h26v06.061.2021277004433,2017-06-09T23:59:59.500000+00:00,3.0,30.0,Grassland,ESA WorldCover 2021 v200,2021,4,8157.0,0.8157000000000001,1.0,Marginal data,True,NASA MODIS MOD13Q1/MYD13Q1 v6.1 16-day 250m,True,True,0.8157000000000001,ERA5-Land via Open-Meteo Historical Weather API,era5_land,True,0.429,0.43,0.424,0.426,0.4256666666666666,0.4141428571428571,0.0148571428571428,"{""2017-06-06"": 0.395, ""2017-06-07"": 0.394, ""2017-06-08"": 0.409, ""2017-06-09"": 0.424, ""2017-06-10"": 0.423, ""2017-06-11"": 0.425, ""2017-06-12"": 0.429}",101.78865961037214,248.48291786112028,trunk,Trunk roada,237592160.0,stream,,1450324937.0,5000.0,5000.0,True,True,True,OpenStreetMap via Overpass API,2026-09-04T17:33:51Z,local equirectangular point-to-polyline
1057926,Manipur,Manipur,"Khaivarentang village (??) in Ukhrul, Manipur",25.11956675,94.36416626,Low (>25km),50000,2017-06-12,2017,6,Monsoon (Jun-Sep),mudslide,rainfall (T),report,9,0,0,No fatalities,0.0,Eastern Mirror' 'Houses were washed away due to mudslides due to torrential rain,http://www.easternmirrornagaland.com/landslide-hits-khaivarentang-homesteads-sunken/,UGLC,Copernicus_DSM_COG_10_N25_00_E094_00_DEM,Copernicus DEM GLO-30 via Microsoft Planetary Computer,True,1846.5589599609373,19.67425180650566,113.18525673159098,-0.0054705214168107,27.997718432517587,30.715,False,NASA POWER Daily API / PRECTOTCORR,True,14.65,35.63,51.000000000000014,"{""2017-06-06"": 0.02, ""2017-06-07"": 0.52, ""2017-06-08"": 6.81, ""2017-06-09"": 8.02, ""2017-06-10"": 5.64, ""2017-06-11"": 15.34, ""2017-06-12"": 14.65}",ESA_WorldCover_10m_2021_v200_N24E093,MYD13Q1.A2017153.h26v06.061.2021277004433,2017-06-09T23:59:59.500000+00:00,3.0,50.0,Built-up,ESA WorldCover 2021 v200,2021,4,4245.0,0.4245,3.0,Cloudy,False,NASA MODIS MOD13Q1/MYD13Q1 v6.1 16-day 250m,True,True,,ERA5-Land via Open-Meteo Historical Weather API,era5_land,True,0.429,0.429,0.423,0.424,0.4176666666666667,0.4067142857142857,0.0222857142857142,"{""2017-06-06"": 0.4, ""2017-06-07"": 0.399, ""2017-06-08"": 0.396, ""2017-06-09"": 0.399, ""2017-06-10"": 0.401, ""2017-06-11"": 0.423, ""2017-06-12"": 0.429}",19.618527697083685,1725.3043161502524,trunk,,1506412574.0,stream,,252401278.0,5000.0,5000.0,True,True,True,OpenStreetMap via Overpass API,2026-09-03T21:32:06Z,local equirectangular point-to-polyline
1050599,Mizoram,Mizoram,Lunglei,22.97431823,92.72197716,Low (>25km),38070,2017-06-14,2017,6,Monsoon (Jun-Sep),ND,rainfall (T),event,9,10,1,Severe (5+),,Ten people died when a building caved in due to landslide in Lunglei district in Mizoram yesterday.,https://www.nyoooz.com/news/guwahati/839160/13-killed-in-northeast-deluge-assam-issues-flood-alert/,UGLC,Copernicus_DSM_COG_10_N22_00_E092_00_DEM,Copernicus DEM GLO-30 via Microsoft Planetary Computer,True,376.5203247070313,22.448861649764225,336.63554827275124,0.0119870410371439,28.4694684310084,30.715,False,NASA POWER Daily API / PRECTOTCORR,True,19.29,257.87,428.0,"{""2017-06-08"": 61.78, ""2017-06-09"": 7.32, ""2017-06-10"": 36.94, ""2017-06-11"": 64.09, ""2017-06-12"": 210.08, ""2017-06-13"": 28.5, ""2017-06-14"": 19.29}",ESA_WorldCover_10m_2021_v200_N21E090,MOD13Q1.A2017161.h26v06.061.2021275121347,2017-06-17T23:59:59.500000+00:00,3.0,10.0,Tree cover,ESA WorldCover 2021 v200,2021,4,6001.0,0.6001000000000001,3.0,Cloudy,False,NASA MODIS MOD13Q1/MYD13Q1 v6.1 16-day 250m,True,True,,ERA5-Land via Open-Meteo Historical Weather API,era5_land,True,0.425,0.427,0.424,0.424,0.4276666666666666,0.4207142857142856,0.0042857142857143,"{""2017-06-08"": 0.397, ""2017-06-09"": 0.417, ""2017-06-10"": 0.424, ""2017-06-11"": 0.424, ""2017-06-12"": 0.43, ""2017-06-13"": 0.428, ""2017-06-14"": 0.425}",327.7945903182591,2494.3977102609624,primary,,660985930.0,river,Tlawng,385159692.0,5000.0,5000.0,True,True,True,OpenStreetMap via Overpass API,2026-09-03T21:33:05Z,local equirectangular point-to-polyline
1050678,Mizoram,Mizoram,"Aizawl-Champhai road, Champhai, Mizoram State, India",23.65637182,93.02746602,Medium (2-25km),5000,2017-06-17,2017,6,Monsoon (Jun-Sep),earth slide,rainfall (T),report,9,0,0,No fatalities,0.0,Zoram Observer' 'Road between Kawlkulh and Keifang cut off after landslide triggered by incessant rains (lasting weeks),https://www.zoramobserver.com/mizoram/landslides-cut-off-various-parts-of-mizoram-as-rain-continues/,UGLC,Copernicus_DSM_COG_10_N23_00_E093_00_DEM,Copernicus DEM GLO-30 via Microsoft Planetary Computer,True,517.4992065429688,31.24936446687656,163.08398473093155,-0.0128357073219184,28.32377820160735,30.715,False,NASA POWER Daily API / PRECTOTCORR,True,13.5,46.65,205.0,"{""2017-06-11"": 34.3, ""2017-06-12"": 91.37, ""2017-06-13"": 23.9, ""2017-06-14"": 8.78, ""2017-06-15"": 24.11, ""2017-06-16"": 9.04, ""2017-06-17"": 13.5}",ESA_WorldCover_10m_2021_v200_N21E093,MOD13Q1.A2017161.h26v06.061.2021275121347,2017-06-17T23:59:59.500000+00:00,0.0,10.0,Tree cover,ESA WorldCover 2021 v200,2021,4,8248.0,0.8248000000000001,0.0,Good data,True,NASA MODIS MOD13Q1/MYD13Q1 v6.1 16-day 250m,True,True,0.8248000000000001,ERA5-Land via Open-Meteo Historical Weather API,era5_land,True,0.422,0.424,0.421,0.422,0.423,0.4241428571428571,-0.0021428571428571,"{""2017-06-11"": 0.424, ""2017-06-12"": 0.429, ""2017-06-13"": 0.424, ""2017-06-14"": 0.423, ""2017-06-15"": 0.421, ""2017-06-16"": 0.426, ""2017-06-17"": 0.422}",73.67626445345557,162.84550533447992,trunk,,242679585.0,river,Tuivawl,198312358.0,5000.0,5000.0,True,True,True,OpenStreetMap via Overpass API,2026-09-03T21:33:05Z,local equirectangular point-to-polyline
1050617,Assam,Assam,"Bhalukpong, Assam",26.96437841,92.78260587,Medium (2-25km),10000,2017-06-18,2017,6,Monsoon (Jun-Sep),earth slide,rainfall (T),report,9,0,0,No fatalities,0.0,Eastern Mirror' 'Two landslides during monsoon rains trap 70 cars and 200 people along road from Bhaulkpong 7 km towards Sessa. Army rescues commuters.,http://www.easternmirrornagaland.com/army-rescues-200-people-from-landslide-site-in-arunachal-pradesh/,UGLC,Copernicus_DSM_COG_10_N26_00_E092_00_DEM,Copernicus DEM GLO-30 via Microsoft Planetary Computer,True,172.5687255859375,12.910558836665489,351.3677899567524,-0.0081693722080422,27.560624284253844,30.715,False,NASA POWER Daily API / PRECTOTCORR,True,9.7,66.83,149.04,"{""2017-06-12"": 15.96, ""2017-06-13"": 56.37, ""2017-06-14"": 7.24, ""2017-06-15"": 2.64, ""2017-06-16"": 24.64, ""2017-06-17"": 32.49, ""2017-06-18"": 9.7}",ESA_WorldCover_10m_2021_v200_N24E090,MOD13Q1.A2017161.h26v06.061.2021275121347,2017-06-17T23:59:59.500000+00:00,1.0,10.0,Tree cover,ESA WorldCover 2021 v200,2021,4,4233.0,0.4233,3.0,Cloudy,False,NASA MODIS MOD13Q1/MYD13Q1 v6.1 16-day 250m,True,True,,ERA5-Land via Open-Meteo Historical Weather API,era5_land,True,0.427,0.428,0.408,0.413,0.426,0.4247142857142857,0.0022857142857142,"{""2017-06-12"": 0.425, ""2017-06-13"": 0.431, ""2017-06-14"": 0.42, ""2017-06-15"": 0.419, ""2017-06-16"": 0.425, ""2017-06-17"": 0.426, ""2017-06-18"": 0.427}",113.1930771537709,1472.891288550684,primary,,44734389.0,river,Kameng River,67601790.0,5000.0,5000.0,True,True,True,OpenStreetMap via Overpass API,2026-09-03T21:33:05Z,local equirectangular point-to-polyline
1050724,Manipur,Manipur,"NH 2, Manipur State, India",24.32420539,93.15020652,Medium (2-25km),5000,2017-06-26,2017,6,Monsoon (Jun-Sep),earth slide,rainfall (T),report,9,0,0,No fatalities,0.0,Zoram Observer' 'Landslide between villages of Damdiei and Taithu destroys road and cuts of 8 villages from the rest of Manipur state. Landslide happened during night of heavy rain.,https://www.zoramobserver.com/manipur/landslide-cuts-off-8-manipur-villages-in-pherzawl-district-for-5-days-now/,UGLC,Copernicus_DSM_COG_10_N24_00_E093_00_DEM,Copernicus DEM GLO-30 via Microsoft Planetary Computer,True,591.105224609375,34.193260962112014,305.61505835543795,0.0122781925528361,28.177236314145706,30.715,False,NASA POWER Daily API / PRECTOTCORR,True,11.82,61.16,140.11,"{""2017-06-20"": 4.55, ""2017-06-21"": 10.39, ""2017-06-22"": 28.39, ""2017-06-23"": 35.62, ""2017-06-24"": 23.34, ""2017-06-25"": 26.0, ""2017-06-26"": 11.82}",ESA_WorldCover_10m_2021_v200_N24E093,MYD13Q1.A2017169.h26v06.061.2021276074053,2017-06-25T23:59:59.500000+00:00,1.0,10.0,Tree cover,ESA WorldCover 2021 v200,2021,4,7344.0,0.7344,3.0,Cloudy,False,NASA MODIS MOD13Q1/MYD13Q1 v6.1 16-day 250m,True,True,,ERA5-Land via Open-Meteo Historical Weather API,era5_land,True,0.424,0.426,0.423,0.424,0.4246666666666667,0.4235714285714285,0.0004285714285714,"{""2017-06-20"": 0.427, ""2017-06-21"": 0.423, ""2017-06-22"": 0.421, ""2017-06-23"": 0.42, ""2017-06-24"": 0.426, ""2017-06-25"": 0.424, ""2017-06-26"": 0.424}",128.20500458149365,487.1582313469746,trunk,,237677778.0,stream,,1538515561.0,5000.0,5000.0,True,True,True,OpenStreetMap via Overpass API,2026-09-03T21:34:06Z,local equirectangular point-to-polyline
1050751,Manipur,Manipur,"NH-2, Pherzawl District, Manipur State, India",24.21988831,93.20266204,Medium (2-25km),10000,2017-06-26,2017,6,Monsoon (Jun-Sep),earth slide,rainfall (T),report,9,0,0,No fatalities,0.0,"Zoram Observer' 'Road blocked by landslide after heavy rain, maiden journel of Pherzawl Express bus service interrupted",https://www.zoramobserver.com/manipur/landslide-cuts-off-8-manipur-villages-in-pherzawl-district-for-5-days-now/,UGLC,Copernicus_DSM_COG_10_N24_00_E093_00_DEM,Copernicus DEM GLO-30 via Microsoft Planetary Computer,True,789.623291015625,31.337912499336326,57.410937175942536,0.0043179102652517,28.200379271200426,30.715,False,NASA POWER Daily API / PRECTOTCORR,True,11.17,55.95,122.66,"{""2017-06-20"": 6.91, ""2017-06-21"": 8.5, ""2017-06-22"": 25.39, ""2017-06-23"": 25.91, ""2017-06-24"": 27.01, ""2017-06-25"": 17.77, ""2017-06-26"": 11.17}",ESA_WorldCover_10m_2021_v200_N24E093,MYD13Q1.A2017169.h26v06.061.2021276074053,2017-06-25T23:59:59.500000+00:00,1.0,10.0,Tree cover,ESA WorldCover 2021 v200,2021,4,7746.0,0.7746000000000001,3.0,Cloudy,False,NASA MODIS MOD13Q1/MYD13Q1 v6.1 16-day 250m,True,True,,ERA5-Land via Open-Meteo Historical Weather API,era5_land,True,0.425,0.427,0.425,0.425,0.4256666666666666,0.4242857142857142,0.0007142857142857,"{""2017-06-20"": 0.427, ""2017-06-21"": 0.424, ""2017-06-22"": 0.42, ""2017-06-23"": 0.422, ""2017-06-24"": 0.426, ""2017-06-25"": 0.426, ""2017-06-26"": 0.425}",56.49453316467572,1193.712242927602,trunk,,237677734.0,stream,,1193794328.0,5000.0,5000.0,True,True,True,OpenStreetMap via Overpass API,2026-06-01T08:52:28Z,local equirectangular point-to-polyline
1050748,Manipur,Manipur,"NH 2, Manipur State, India",24.30415689,93.18182448,Medium (2-25km),5000,2017-06-27,2017,6,Monsoon (Jun-Sep),earth slide,rainfall (T),report,9,0,0,No fatalities,0.0,Zoram Observer' 'Landslide blocks another section of NH 2 between Damdiei and Pherzawl after heavy rains,https://www.zoramobserver.com/manipur/landslide-cuts-off-8-manipur-villages-in-pherzawl-district-for-5-days-now/,UGLC,Copernicus_DSM_COG_10_N24_00_E093_00_DEM,Copernicus DEM GLO-30 via Microsoft Planetary Computer,True,850.6115112304688,39.83632925844003,209.91551329015687,0.0065105631962421,28.18169136769379,30.715,False,NASA POWER Daily API / PRECTOTCORR,True,5.54,43.36,141.09999999999997,"{""2017-06-21"": 10.39, ""2017-06-22"": 28.39, ""2017-06-23"": 35.62, ""2017-06-24"": 23.34, ""2017-06-25"": 26.0, ""2017-06-26"": 11.82, ""2017-06-27"": 5.54}",ESA_WorldCover_10m_2021_v200_N24E093,MYD13Q1.A2017169.h26v06.061.2021276074053,2017-06-25T23:59:59.500000+00:00,2.0,30.0,Grassland,ESA WorldCover 2021 v200,2021,4,6068.0,0.6068,3.0,Cloudy,False,NASA MODIS MOD13Q1/MYD13Q1 v6.1 16-day 250m,True,True,,ERA5-Land via Open-Meteo Historical Weather API,era5_land,True,0.427,0.428,0.425,0.426,0.425,0.4235714285714285,0.0034285714285714,"{""2017-06-21"": 0.423, ""2017-06-22"": 0.421, ""2017-06-23"": 0.42, ""2017-06-24"": 0.426, ""2017-06-25"": 0.424, ""2017-06-26"": 0.424, ""2017-06-27"": 0.427}",29.298273161276963,1104.8959361178347,trunk,,237677778.0,stream,Tuibum,1445760773.0,5000.0,5000.0,True,True,True,OpenStreetMap via Overpass API,2026-09-03T21:36:06Z,local equirectangular point-to-polyline
1056702,Manipur,Manipur,Torrential downpour causes road-blocking lansdlide along NH-2 near Bimparao village,25.06657276,93.9310888,High (<2km),1000,2017-06-30,2017,6,Monsoon (Jun-Sep),earth slide,rainfall (T),report,7,0,0,No fatalities,0.0,E-Pao' 'http://e-pao.net/GP.asp?src=2..020717.jul17,http://e-pao.net/GP.asp?src=2..020717.jul17,UGLC,Copernicus_DSM_COG_10_N25_00_E093_00_DEM,Copernicus DEM GLO-30 via Microsoft Planetary Computer,True,982.6168823242188,3.515704156779107,112.3904210598996,0.0016773827270621,28.00984764442784,30.715,True,NASA POWER Daily API / PRECTOTCORR,True,29.14,52.94,85.37,"{""2017-06-24"": 9.04, ""2017-06-25"": 15.48, ""2017-06-26"": 6.18, ""2017-06-27"": 1.73, ""2017-06-28"": 10.23, ""2017-06-29"": 13.57, ""2017-06-30"": 29.14}",ESA_WorldCover_10m_2021_v200_N24E093,MOD13Q1.A2017177.h26v06.061.2021277070931,2017-07-03T23:59:59.500000+00:00,3.0,10.0,Tree cover,ESA WorldCover 2021 v200,2021,4,4317.0,0.4317,3.0,Cloudy,False,NASA MODIS MOD13Q1/MYD13Q1 v6.1 16-day 250m,True,True,,ERA5-Land via Open-Meteo Historical Weather API,era5_land,True,0.508,0.505,0.484,0.49,0.502,0.4924285714285715,0.0155714285714285,"{""2017-06-24"": 0.491, ""2017-06-25"": 0.498, ""2017-06-26"": 0.497, ""2017-06-27"": 0.455, ""2017-06-28"": 0.496, ""2017-06-29"": 0.502, ""2017-06-30"": 0.508}",169.19936635777358,241.16038406675975,trunk,,389967191.0,river,Imphal River,385541095.0,5000.0,5000.0,True,True,True,OpenStreetMap via Overpass API,2026-09-03T21:36:06Z,local equirectangular point-to-polyline
1057890,Manipur,Manipur,"NH-150, Ukhrul Central, Ukhrul, Manipur, 795142",24.95178179,94.20340026,High (<2km),1000,2017-07-01,2017,7,Monsoon (Jun-Sep),earth slide,rainfall (T),report,7,0,0,No fatalities,0.0,"The Northeast Today' 'Landslide affects 200m of Ukhrul-Imphal road near Litan police station, road sinks 6 meters. From the attached picture it appears a bus/truck was damaged.",https://thenortheasttoday.com/manipur-ukhrul-district-affected-by-landslide-along-imphal-ukhrul-highway-namthilog/,UGLC,Copernicus_DSM_COG_10_N24_00_E094_00_DEM,Copernicus DEM GLO-30 via Microsoft Planetary Computer,True,921.9927368164062,2.986557796587072,358.7232044188531,-0.0045797805110966,28.03603870730415,30.715,True,NASA POWER Daily API / PRECTOTCORR,True,13.14,60.60000000000001,89.56000000000002,"{""2017-06-25"": 11.27, ""2017-06-26"": 1.42, ""2017-06-27"": 3.68, ""2017-06-28"": 12.59, ""2017-06-29"": 16.23, ""2017-06-30"": 31.23, ""2017-07-01"": 13.14}",ESA_WorldCover_10m_2021_v200_N24E093,MOD13Q1.A2017177.h26v06.061.2021277070931,2017-07-03T23:59:59.500000+00:00,2.0,10.0,Tree cover,ESA WorldCover 2021 v200,2021,4,5771.0,0.5771000000000001,3.0,Cloudy,False,NASA MODIS MOD13Q1/MYD13Q1 v6.1 16-day 250m,True,True,,ERA5-Land via Open-Meteo Historical Weather API,era5_land,True,0.482,0.48,0.47,0.473,0.4776666666666666,0.4629999999999999,0.019,"{""2017-06-25"": 0.468, ""2017-06-26"": 0.437, ""2017-06-27"": 0.451, ""2017-06-28"": 0.452, ""2017-06-29"": 0.473, ""2017-06-30"": 0.478, ""2017-07-01"": 0.482}",24.04389453494798,155.5495033005861,trunk,,238033861.0,river,Thoubal,636101957.0,5000.0,5000.0,True,True,True,OpenStreetMap via Overpass API,2026-06-01T08:52:28Z,local equirectangular point-to-polyline
1048525,Assam,Assam,Panikhati,26.20023757,91.87974492,High (<2km),1441,2017-07-03,2017,7,Monsoon (Jun-Sep),ND,rainfall (T),event,9,1,1,Minor (1-2),,"A  7-year-old school girl, Dipika Barman, was buried alive on her way to school on Monday morning because of a landslide that occurred near the railway line at Panikhati area in the outskirt of the city. The landslide also damaged three houses in the are",http://www.theshillongtimes.com/2017/07/03/7-year-old-girl-killed-by-landslide-at-guwahati/,UGLC,Copernicus_DSM_COG_10_N26_00_E091_00_DEM,Copernicus DEM GLO-30 via Microsoft Planetary Computer,True,276.4673767089844,5.928913445212511,59.05192394337115,-0.011231175936747,27.745166089799383,30.715,True,NASA POWER Daily API / PRECTOTCORR,True,28.78,73.66,110.77,"{""2017-06-27"": 6.91, ""2017-06-28"": 5.95, ""2017-06-29"": 3.47, ""2017-06-30"": 20.78, ""2017-07-01"": 23.1, ""2017-07-02"": 21.78, ""2017-07-03"": 28.78}",ESA_WorldCover_10m_2021_v200_N24E090,MOD13Q1.A2017177.h25v06.061.2021277070054,2017-07-03T23:59:59.500000+00:00,0.0,10.0,Tree cover,ESA WorldCover 2021 v200,2021,4,,,,,False,NASA MODIS MOD13Q1/MYD13Q1 v6.1 16-day 250m,True,False,,ERA5-Land via Open-Meteo Historical Weather API,era5_land,True,0.484,0.498,0.494,0.494,0.482,0.4787142857142857,0.0052857142857142,"{""2017-06-27"": 0.467, ""2017-06-28"": 0.475, ""2017-06-29"": 0.468, ""2017-06-30"": 0.495, ""2017-07-01"": 0.484, ""2017-07-02"": 0.478, ""2017-07-03"": 0.484}",968.5715134050353,2500.5553801464075,residential,,1138563568.0,river,,585137028.0,5000.0,5000.0,True,True,True,OpenStreetMap via Overpass API,2026-09-03T21:37:11Z,local equirectangular point-to-polyline
1048541,Assam,Assam,"Chandrapur, Kamrup Metropolitan, Assam",26.22247247,91.92053028,Medium (2-25km),10000,2017-07-03,2017,7,Monsoon (Jun-Sep),earth slide,rainfall (T),report,9,1,1,Minor (1-2),0.0,"Hindustan Times' 'Landslide kills one man in Chandrapur, Assam State during incessant rains that caused, floods, and landslides throughout the state.",http://www.hindustantimes.com/india-news/two-more-killed-in-assam-floods-more-than-3-5-lakh-people-affected/story-MmZHSSifUM78Jhd7l8lEzJ.html,UGLC,Copernicus_DSM_COG_10_N26_00_E091_00_DEM,Copernicus DEM GLO-30 via Microsoft Planetary Computer,True,96.7799835205078,28.13907616822744,295.71268382137123,-0.0033986701709338,27.73986586145608,30.715,False,NASA POWER Daily API / PRECTOTCORR,True,28.78,73.66,110.77,"{""2017-06-27"": 6.91, ""2017-06-28"": 5.95, ""2017-06-29"": 3.47, ""2017-06-30"": 20.78, ""2017-07-01"": 23.1, ""2017-07-02"": 21.78, ""2017-07-03"": 28.78}",ESA_WorldCover_10m_2021_v200_N24E090,MOD13Q1.A2017177.h25v06.061.2021277070054,2017-07-03T23:59:59.500000+00:00,0.0,10.0,Tree cover,ESA WorldCover 2021 v200,2021,4,,,,,False,NASA MODIS MOD13Q1/MYD13Q1 v6.1 16-day 250m,True,False,,ERA5-Land via Open-Meteo Historical Weather API,era5_land,True,0.484,0.498,0.494,0.494,0.482,0.4787142857142857,0.0052857142857142,"{""2017-06-27"": 0.467, ""2017-06-28"": 0.475, ""2017-06-29"": 0.468, ""2017-06-30"": 0.495, ""2017-07-01"": 0.484, ""2017-07-02"": 0.478, ""2017-07-03"": 0.484}",103.4434478749975,895.4873365422998,unclassified,,760640165.0,stream,,760252814.0,5000.0,5000.0,True,True,True,OpenStreetMap via Overpass API,2026-09-03T21:37:11Z,local equirectangular point-to-polyline
1048506,Assam,Assam,"Sonapur, Kamrup Metropolitan, Assam",26.10430759,91.86227824,Medium (2-25km),5000,2017-07-03,2017,7,Monsoon (Jun-Sep),earth slide,rainfall (T),report,9,0,0,No fatalities,0.0,"The Assam Tribune' 'Article very sparse on details. One of two landslides besides the one at the police station to hit Jorabat on about 7/3, following heavy rain on Sunday 7/2.",http://www.assamtribune.com/scripts/detailsnew.asp?id=jul0417/city055,UGLC,Copernicus_DSM_COG_10_N26_00_E091_00_DEM,Copernicus DEM GLO-30 via Microsoft Planetary Computer,True,167.59933471679688,32.538157554314715,344.7294895204234,-0.0153263573280048,27.767985417764063,30.715,False,NASA POWER Daily API / PRECTOTCORR,True,28.78,73.66,110.77,"{""2017-06-27"": 6.91, ""2017-06-28"": 5.95, ""2017-06-29"": 3.47, ""2017-06-30"": 20.78, ""2017-07-01"": 23.1, ""2017-07-02"": 21.78, ""2017-07-03"": 28.78}",ESA_WorldCover_10m_2021_v200_N24E090,MOD13Q1.A2017177.h25v06.061.2021277070054,2017-07-03T23:59:59.500000+00:00,0.0,10.0,Tree cover,ESA WorldCover 2021 v200,2021,4,,,,,False,NASA MODIS MOD13Q1/MYD13Q1 v6.1 16-day 250m,True,False,,ERA5-Land via Open-Meteo Historical Weather API,era5_land,True,0.482,0.501,0.495,0.496,0.4836666666666667,0.4768571428571428,0.0051428571428571,"{""2017-06-27"": 0.465, ""2017-06-28"": 0.47, ""2017-06-29"": 0.47, ""2017-06-30"": 0.482, ""2017-07-01"": 0.498, ""2017-07-02"": 0.471, ""2017-07-03"": 0.482}",68.60832336978724,4166.882608557534,service,,1144657888.0,stream,,585148378.0,5000.0,5000.0,True,True,True,OpenStreetMap via Overpass API,2026-09-03T21:38:12Z,local equirectangular point-to-polyline
1048519,Assam,Assam,"Panikhaiti, Kamrup Metropolitan, Assam State, India",26.20450454,91.87202793,High (<2km),1000,2017-07-03,2017,7,Monsoon (Jun-Sep),earth slide,rainfall (T),report,7,1,1,Minor (1-2),0.0,"The Tribune' 'Incessant rainfall triggers landslide in Panikhaiti, landslide kills girl walking to school. Also damages three houses.",http://www.tribuneindia.com/news/nation/7-year-old-girl-killed-by-landslide-at-guwahati/431122.html,UGLC,Copernicus_DSM_COG_10_N26_00_E091_00_DEM,Copernicus DEM GLO-30 via Microsoft Planetary Computer,True,146.62693786621094,19.308718481633168,45.17975726135023,-0.0138026737932626,27.744149277849388,30.715,True,NASA POWER Daily API / PRECTOTCORR,True,28.78,73.66,110.77,"{""2017-06-27"": 6.91, ""2017-06-28"": 5.95, ""2017-06-29"": 3.47, ""2017-06-30"": 20.78, ""2017-07-01"": 23.1, ""2017-07-02"": 21.78, ""2017-07-03"": 28.78}",ESA_WorldCover_10m_2021_v200_N24E090,MOD13Q1.A2017177.h25v06.061.2021277070054,2017-07-03T23:59:59.500000+00:00,0.0,10.0,Tree cover,ESA WorldCover 2021 v200,2021,4,,,,,False,NASA MODIS MOD13Q1/MYD13Q1 v6.1 16-day 250m,True,False,,ERA5-Land via Open-Meteo Historical Weather API,era5_land,True,0.484,0.498,0.494,0.494,0.482,0.4787142857142857,0.0052857142857142,"{""2017-06-27"": 0.467, ""2017-06-28"": 0.475, ""2017-06-29"": 0.468, ""2017-06-30"": 0.495, ""2017-07-01"": 0.484, ""2017-07-02"": 0.478, ""2017-07-03"": 0.484}",143.97696314212092,1656.812918678609,residential,,1138563568.0,river,,585137028.0,5000.0,5000.0,True,True,True,OpenStreetMap via Overpass API,2026-09-03T21:39:11Z,local equirectangular point-to-polyline
1048545,Assam,Assam,Chandrapur,26.22817592,91.92448438,Medium (2-25km),2732,2017-07-03,2017,7,Monsoon (Jun-Sep),ND,rainfall (T),event,9,1,1,Minor (1-2),,"According to a report by the Assam State Disaster Management Authority (ASDMA), another person died at Chandrapur in the state capital due to landslide.",http://www.hindustantimes.com/india-news/two-more-killed-in-assam-floods-more-than-3-5-lakh-people-affected/story-MmZHSSifUM78Jhd7l8lEzJ.html,UGLC,Copernicus_DSM_COG_10_N26_00_E091_00_DEM,Copernicus DEM GLO-30 via Microsoft Planetary Computer,True,49.15164566040039,1.3356320082262216,284.20188400301896,-0.0003686803199246,27.738505632384022,30.715,False,NASA POWER Daily API / PRECTOTCORR,True,28.78,73.66,110.77,"{""2017-06-27"": 6.91, ""2017-06-28"": 5.95, ""2017-06-29"": 3.47, ""2017-06-30"": 20.78, ""2017-07-01"": 23.1, ""2017-07-02"": 21.78, ""2017-07-03"": 28.78}",ESA_WorldCover_10m_2021_v200_N24E090,MOD13Q1.A2017177.h25v06.061.2021277070054,2017-07-03T23:59:59.500000+00:00,0.0,40.0,Cropland,ESA WorldCover 2021 v200,2021,4,,,,,False,NASA MODIS MOD13Q1/MYD13Q1 v6.1 16-day 250m,True,False,,ERA5-Land via Open-Meteo Historical Weather API,era5_land,True,0.484,0.498,0.494,0.494,0.482,0.4787142857142857,0.0052857142857142,"{""2017-06-27"": 0.467, ""2017-06-28"": 0.475, ""2017-06-29"": 0.468, ""2017-06-30"": 0.495, ""2017-07-01"": 0.484, ""2017-07-02"": 0.478, ""2017-07-03"": 0.484}",111.76122061651895,760.7214440121443,unclassified,,1138578736.0,stream,,760252814.0,5000.0,5000.0,True,True,True,OpenStreetMap via Overpass API,2026-09-03T21:40:16Z,local equirectangular point-to-polyline
1057856,Manipur,Manipur,"AH1, Mao-Maram, Senapati, Manipur, 795150",25.4976444,94.12901274,High (<2km),1000,2017-07-04,2017,7,Monsoon (Jun-Sep),earth slide,rainfall (T),report,7,0,0,No fatalities,0.0,"Imphal Free Press' 'NH-2 blocked around .5 km towards Imphal from Mao gate. Traffic movement initially restricted, then banned by district until 14:00 on 7/5. Following heavy rains.",http://www.ifp.co.in/item/1610-landslide-at-mao-gate,UGLC,Copernicus_DSM_COG_10_N25_00_E094_00_DEM,Copernicus DEM GLO-30 via Microsoft Planetary Computer,True,1735.611572265625,36.24313902918976,135.97490185784886,-0.0030572878906364,27.9104900243134,30.715,True,NASA POWER Daily API / PRECTOTCORR,True,17.28,51.010000000000005,125.72,"{""2017-06-28"": 18.5, ""2017-06-29"": 16.35, ""2017-06-30"": 29.17, ""2017-07-01"": 10.69, ""2017-07-02"": 8.06, ""2017-07-03"": 25.67, ""2017-07-04"": 17.28}",ESA_WorldCover_10m_2021_v200_N24E093,MOD13Q1.A2017177.h26v06.061.2021277070931,2017-07-03T23:59:59.500000+00:00,1.0,10.0,Tree cover,ESA WorldCover 2021 v200,2021,4,868.0,0.0868,3.0,Cloudy,False,NASA MODIS MOD13Q1/MYD13Q1 v6.1 16-day 250m,True,True,,ERA5-Land via Open-Meteo Historical Weather API,era5_land,True,0.48,0.497,0.508,0.503,0.4786666666666666,0.481,-0.001,"{""2017-06-28"": 0.484, ""2017-06-29"": 0.464, ""2017-06-30"": 0.475, ""2017-07-01"": 0.508, ""2017-07-02"": 0.472, ""2017-07-03"": 0.484, ""2017-07-04"": 0.48}",51.28457718131884,2842.214588869656,trunk,,44886099.0,river,,625813045.0,5000.0,5000.0,True,True,True,OpenStreetMap via Overpass API,2026-09-03T21:40:16Z,local equirectangular point-to-polyline
1048460,Assam,Assam,"Beltola, Assam State-Meghalaya State border, India",26.10973183,91.80317334,Medium (2-25km),10000,2017-07-06,2017,7,Monsoon (Jun-Sep),earth slide,rainfall (T),report,9,0,0,No fatalities,0.0,"DY365' 'Landslide following persistent heavy rainfall crushes house, family escapes unhurt",http://dy365.in/news_details.php?aID=6427&subC=2,UGLC,Copernicus_DSM_COG_10_N26_00_E091_00_DEM,Copernicus DEM GLO-30 via Microsoft Planetary Computer,True,63.14004135131836,0.2600369703794395,183.17640051976448,0.000428719456794,27.7666972032514,30.715,False,NASA POWER Daily API / PRECTOTCORR,True,5.42,77.06,171.5,"{""2017-06-30"": 20.78, ""2017-07-01"": 23.1, ""2017-07-02"": 21.78, ""2017-07-03"": 28.78, ""2017-07-04"": 18.09, ""2017-07-05"": 53.55, ""2017-07-06"": 5.42}",ESA_WorldCover_10m_2021_v200_N24E090,MOD13Q1.A2017177.h25v06.061.2021277070054,2017-07-03T23:59:59.500000+00:00,3.0,50.0,Built-up,ESA WorldCover 2021 v200,2021,4,,,,,False,NASA MODIS MOD13Q1/MYD13Q1 v6.1 16-day 250m,True,False,,ERA5-Land via Open-Meteo Historical Weather API,era5_land,True,0.486,0.5,0.478,0.483,0.4826666666666666,0.4858571428571428,0.0001428571428571,"{""2017-06-30"": 0.493, ""2017-07-01"": 0.496, ""2017-07-02"": 0.49, ""2017-07-03"": 0.474, ""2017-07-04"": 0.484, ""2017-07-05"": 0.478, ""2017-07-06"": 0.486}",0.31881556060987676,560.8420303783267,tertiary,patarkuchi road,44644363.0,stream,Bashistha,120130534.0,5000.0,5000.0,True,True,True,OpenStreetMap via Overpass API,2026-09-03T21:41:21Z,local equirectangular point-to-polyline
1057907,Manipur,Manipur,"Ukhrul Central, Ukhrul, Manipur",25.06466676,94.27420555,Low (>25km),100000,2017-07-08,2017,7,Monsoon (Jun-Sep),earth slide,rainfall (T),report,9,0,0,No fatalities,0.0,"E-Pao' 'Incessant rains cause landslides along river. Article: huge tracts of land covering nine different major paddy field areas Hongchao, Litji, Nitrei, Rashoi, Khaying, Yakrei, Chanwoi, Napik and Mirang measuring about 12 hectares have been destroyed by land",http://e-pao.net/GP.asp?src=4..090717.jul17,UGLC,Copernicus_DSM_COG_10_N25_00_E094_00_DEM,Copernicus DEM GLO-30 via Microsoft Planetary Computer,True,1110.1800537109375,17.65048854758606,181.6650774391425,0.0099392598212232,28.010283441474296,30.715,False,NASA POWER Daily API / PRECTOTCORR,True,21.26,84.41,143.92000000000002,"{""2017-07-02"": 6.09, ""2017-07-03"": 22.35, ""2017-07-04"": 22.34, ""2017-07-05"": 8.73, ""2017-07-06"": 21.67, ""2017-07-07"": 41.48, ""2017-07-08"": 21.26}",ESA_WorldCover_10m_2021_v200_N24E093,MYD13Q1.A2017185.h26v06.061.2021278021612,2017-07-11T23:59:59.500000+00:00,3.0,10.0,Tree cover,ESA WorldCover 2021 v200,2021,4,7899.0,0.7899,3.0,Cloudy,False,NASA MODIS MOD13Q1/MYD13Q1 v6.1 16-day 250m,True,True,,ERA5-Land via Open-Meteo Historical Weather API,era5_land,True,0.465,0.462,0.462,0.462,0.4633333333333334,0.4628571428571428,0.0021428571428572,"{""2017-07-02"": 0.469, ""2017-07-03"": 0.449, ""2017-07-04"": 0.461, ""2017-07-05"": 0.471, ""2017-07-06"": 0.462, ""2017-07-07"": 0.463, ""2017-07-08"": 0.465}",1280.8882368213606,273.86107482680774,tertiary,,1462688870.0,river,Thoubal,1540362559.0,5000.0,5000.0,True,True,True,OpenStreetMap via Overpass API,2026-09-03T21:41:21Z,local equirectangular point-to-polyline
1050713,Assam,Assam,"Burapahar, Nagaon, Assam",26.56636244,93.13195098,Medium (2-25km),5000,2017-07-09,2017,7,Monsoon (Jun-Sep),earth slide,rainfall (T),report,9,0,0,No fatalities,0.0,Daily World' 'Following continuous rain. Article: landslide at National Highway 37 near Burapahar area in Nagaon district of Assam,https://dailyworld.in/nagaon-a-landslide-at-national-highway-37-near-burapahar-area-in/,UGLC,Copernicus_DSM_COG_10_N26_00_E093_00_DEM,Copernicus DEM GLO-30 via Microsoft Planetary Computer,True,73.83108520507812,6.128437570911211,22.09936651528551,0.0071890207017728,27.657359869664155,30.715,False,NASA POWER Daily API / PRECTOTCORR,True,31.88,83.57,128.59,"{""2017-07-03"": 11.47, ""2017-07-04"": 20.33, ""2017-07-05"": 10.44, ""2017-07-06"": 2.78, ""2017-07-07"": 13.08, ""2017-07-08"": 38.61, ""2017-07-09"": 31.88}",ESA_WorldCover_10m_2021_v200_N24E093,MYD13Q1.A2017185.h26v06.061.2021278021612,2017-07-11T23:59:59.500000+00:00,2.0,10.0,Tree cover,ESA WorldCover 2021 v200,2021,4,8419.0,0.8419000000000001,3.0,Cloudy,False,NASA MODIS MOD13Q1/MYD13Q1 v6.1 16-day 250m,True,True,,ERA5-Land via Open-Meteo Historical Weather API,era5_land,True,0.474,0.496,0.512,0.506,0.4716666666666667,0.4787142857142857,-0.0047142857142857,"{""2017-07-03"": 0.496, ""2017-07-04"": 0.488, ""2017-07-05"": 0.481, ""2017-07-06"": 0.471, ""2017-07-07"": 0.465, ""2017-07-08"": 0.476, ""2017-07-09"": 0.474}",221.65110686007174,105.83472937889931,trunk,,44721584.0,stream,,1125239929.0,5000.0,5000.0,True,True,True,OpenStreetMap via Overpass API,2026-09-03T21:42:21Z,local equirectangular point-to-polyline
1050808,Manipur,Manipur,"NH-37, Manipur State, India",24.82767572,93.51825,Medium (2-25km),10000,2017-07-09,2017,7,Monsoon (Jun-Sep),earth slide,rainfall (T),report,9,0,0,No fatalities,0.0,Hindustan Times' 'Continuous heavy rains in Manipur State. Landslide around 35 km from Imphal destroys 60 feet of NH-37.,http://www.hindustantimes.com/india-news/manipur-heavy-rains-trigger-landslides-along-national-highways/story-84kUb5i3oGENZmSEVhJ3eO.html,UGLC,Copernicus_DSM_COG_10_N24_00_E093_00_DEM,Copernicus DEM GLO-30 via Microsoft Planetary Computer,True,502.38909912109375,39.98669726860655,243.0862681286212,-0.0019897563603183,28.064228525725337,30.715,False,NASA POWER Daily API / PRECTOTCORR,True,6.33,56.22,122.48,"{""2017-07-03"": 13.06, ""2017-07-04"": 26.7, ""2017-07-05"": 9.41, ""2017-07-06"": 17.09, ""2017-07-07"": 33.72, ""2017-07-08"": 16.17, ""2017-07-09"": 6.33}",ESA_WorldCover_10m_2021_v200_N24E093,MYD13Q1.A2017185.h26v06.061.2021278021612,2017-07-11T23:59:59.500000+00:00,2.0,10.0,Tree cover,ESA WorldCover 2021 v200,2021,4,9008.0,0.9008,1.0,Marginal data,True,NASA MODIS MOD13Q1/MYD13Q1 v6.1 16-day 250m,True,True,0.9008,ERA5-Land via Open-Meteo Historical Weather API,era5_land,True,0.426,0.426,0.428,0.427,0.4253333333333333,0.4257142857142857,0.0002857142857142,"{""2017-07-03"": 0.426, ""2017-07-04"": 0.428, ""2017-07-05"": 0.425, ""2017-07-06"": 0.425, ""2017-07-07"": 0.424, ""2017-07-08"": 0.426, ""2017-07-09"": 0.426}",110.28902770273574,661.2503926225952,trunk,,417716460.0,river,Iring,128600555.0,5000.0,5000.0,True,True,True,OpenStreetMap via Overpass API,2026-09-03T21:43:21Z,local equirectangular point-to-polyline
1050753,Manipur,Manipur,"Thanlon, Churachandpur, Manipur",24.27173018,93.28039349,High (<2km),1000,2017-07-09,2017,7,Monsoon (Jun-Sep),earth slide,rainfall (T),report,7,0,0,No fatalities,0.0,"Hindustan Times' 'Following continuous rain, landslide impedes vehicular movement along NH-2 near Thanlol",http://www.hindustantimes.com/india-news/manipur-heavy-rains-trigger-landslides-along-national-highways/story-84kUb5i3oGENZmSEVhJ3eO.html,UGLC,Copernicus_DSM_COG_10_N24_00_E093_00_DEM,Copernicus DEM GLO-30 via Microsoft Planetary Computer,True,1081.30322265625,25.33231984707572,82.1557867027658,0.0052328884025526,28.18888972639628,30.715,True,NASA POWER Daily API / PRECTOTCORR,True,7.98,32.64,100.94,"{""2017-07-03"": 11.58, ""2017-07-04"": 26.68, ""2017-07-05"": 13.87, ""2017-07-06"": 16.17, ""2017-07-07"": 15.32, ""2017-07-08"": 9.34, ""2017-07-09"": 7.98}",ESA_WorldCover_10m_2021_v200_N24E093,MYD13Q1.A2017185.h26v06.061.2021278021612,2017-07-11T23:59:59.500000+00:00,2.0,10.0,Tree cover,ESA WorldCover 2021 v200,2021,4,8106.0,0.8106,0.0,Good data,True,NASA MODIS MOD13Q1/MYD13Q1 v6.1 16-day 250m,True,True,0.8106,ERA5-Land via Open-Meteo Historical Weather API,era5_land,True,0.42,0.422,0.423,0.422,0.4223333333333333,0.4229999999999999,-0.0029999999999999,"{""2017-07-03"": 0.424, ""2017-07-04"": 0.425, ""2017-07-05"": 0.423, ""2017-07-06"": 0.422, ""2017-07-07"": 0.423, ""2017-07-08"": 0.424, ""2017-07-09"": 0.42}",166.2031290876511,1710.6526821512653,trunk,,237681437.0,river,Tuipi Lui,667750346.0,5000.0,5000.0,True,True,True,OpenStreetMap via Overpass API,2026-09-03T21:43:21Z,local equirectangular point-to-polyline
1055884,Manipur,Manipur,"Langol Laimanai, Imphal West, Manipur",24.83507319,93.89896294,Medium (2-25km),5000,2017-07-09,2017,7,Monsoon (Jun-Sep),earth slide,rainfall (T),report,9,0,0,No fatalities,0.0,Hindustan Times' 'Landslide following continuous rain damages houses in Langol Laimanai near Imphal,http://www.hindustantimes.com/india-news/manipur-heavy-rains-trigger-landslides-along-national-highways/story-84kUb5i3oGENZmSEVhJ3eO.html,UGLC,Copernicus_DSM_COG_10_N24_00_E093_00_DEM,Copernicus DEM GLO-30 via Microsoft Planetary Computer,True,934.3558959960938,32.222906568481434,89.18646718147284,-0.0013954009105151,28.06255193160408,30.715,False,NASA POWER Daily API / PRECTOTCORR,True,6.33,56.22,122.48,"{""2017-07-03"": 13.06, ""2017-07-04"": 26.7, ""2017-07-05"": 9.41, ""2017-07-06"": 17.09, ""2017-07-07"": 33.72, ""2017-07-08"": 16.17, ""2017-07-09"": 6.33}",ESA_WorldCover_10m_2021_v200_N24E093,MYD13Q1.A2017185.h26v06.061.2021278021612,2017-07-11T23:59:59.500000+00:00,2.0,10.0,Tree cover,ESA WorldCover 2021 v200,2021,4,6007.0,0.6007,3.0,Cloudy,False,NASA MODIS MOD13Q1/MYD13Q1 v6.1 16-day 250m,True,True,,ERA5-Land via Open-Meteo Historical Weather API,era5_land,True,0.505,0.501,0.462,0.473,0.493,0.4898571428571429,0.0151428571428571,"{""2017-07-03"": 0.488, ""2017-07-04"": 0.491, ""2017-07-05"": 0.485, ""2017-07-06"": 0.486, ""2017-07-07"": 0.469, ""2017-07-08"": 0.505, ""2017-07-09"": 0.505}",391.2879200007151,2278.741034222905,residential,,1133055388.0,stream,,336595058.0,5000.0,5000.0,True,True,True,OpenStreetMap via Overpass API,2026-09-03T21:44:21Z,local equirectangular point-to-polyline
1054667,Assam,Assam,Narayanpur,26.93567947,93.84867836,High (<2km),795,2017-07-10,2017,7,Monsoon (Jun-Sep),ND,rainfall (T),event,7,2,1,Minor (1-2),,"In the worst-affected Lakhimpur, three persons were killed in the last 24 hours in drowning and landslide cases. At Nowboicha area, Kanak Gogoi (50) drowned, while a couple Krishna Bahadur Dorji (55) and Sulemaya Dorji (45) were killed in a landslide in",http://www.livemint.com/Politics/yMjBvtPX9DtNrXU73fj49H/Assam-floods-kill-seven-in-a-day-over-1255-lakh-people-aff.html,UGLC,Copernicus_DSM_COG_10_N26_00_E093_00_DEM,Copernicus DEM GLO-30 via Microsoft Planetary Computer,True,81.7990493774414,0.441591500023639,269.0379145505746,-0.0007720113863003,27.56764395096788,30.715,True,NASA POWER Daily API / PRECTOTCORR,True,44.47,201.76,269.66,"{""2017-07-04"": 24.93, ""2017-07-05"": 12.3, ""2017-07-06"": 9.97, ""2017-07-07"": 20.7, ""2017-07-08"": 78.59, ""2017-07-09"": 78.7, ""2017-07-10"": 44.47}",ESA_WorldCover_10m_2021_v200_N24E093,MYD13Q1.A2017185.h26v06.061.2021278021612,2017-07-11T23:59:59.500000+00:00,1.0,40.0,Cropland,ESA WorldCover 2021 v200,2021,4,,,,,False,NASA MODIS MOD13Q1/MYD13Q1 v6.1 16-day 250m,True,False,,ERA5-Land via Open-Meteo Historical Weather API,era5_land,True,0.477,0.492,0.498,0.495,0.4793333333333333,0.4692857142857143,0.0077142857142856,"{""2017-07-04"": 0.483, ""2017-07-05"": 0.449, ""2017-07-06"": 0.448, ""2017-07-07"": 0.467, ""2017-07-08"": 0.481, ""2017-07-09"": 0.48, ""2017-07-10"": 0.477}",200.3400834897387,2251.413583517048,residential,,1126845300.0,stream,,157584908.0,5000.0,5000.0,True,True,True,OpenStreetMap via Overpass API,2026-09-03T21:45:21Z,local equirectangular point-to-polyline
1052013,Manipur,Manipur,"NH-150, Churachandpur, Manipur, 795133",24.37169581,93.70684171,Medium (2-25km),25000,2017-07-10,2017,7,Monsoon (Jun-Sep),earth slide,rainfall (T),report,9,0,0,No fatalities,0.0,Imphal Times' 'Landslide after heavy rains strands state medical team responding to calls in remote villages,http://www.imphaltimes.com/news/item/9009-state-medical-team-rushes-henglep-sub-division-stranded-midway-due-to-landslide,UGLC,Copernicus_DSM_COG_10_N24_00_E093_00_DEM,Copernicus DEM GLO-30 via Microsoft Planetary Computer,True,810.66357421875,5.18628247842947,22.13346191773195,-0.0029523887392575,28.16666952280124,30.715,False,NASA POWER Daily API / PRECTOTCORR,True,17.44,36.42,126.15,"{""2017-07-04"": 29.15, ""2017-07-05"": 9.67, ""2017-07-06"": 20.4, ""2017-07-07"": 30.51, ""2017-07-08"": 13.28, ""2017-07-09"": 5.7, ""2017-07-10"": 17.44}",ESA_WorldCover_10m_2021_v200_N24E093,MYD13Q1.A2017185.h26v06.061.2021278021612,2017-07-11T23:59:59.500000+00:00,1.0,50.0,Built-up,ESA WorldCover 2021 v200,2021,4,3353.0,0.3353,3.0,Cloudy,False,NASA MODIS MOD13Q1/MYD13Q1 v6.1 16-day 250m,True,True,,ERA5-Land via Open-Meteo Historical Weather API,era5_land,True,0.498,0.49,0.482,0.485,0.482,0.4828571428571428,0.0151428571428571,"{""2017-07-04"": 0.482, ""2017-07-05"": 0.495, ""2017-07-06"": 0.471, ""2017-07-07"": 0.486, ""2017-07-08"": 0.466, ""2017-07-09"": 0.482, ""2017-07-10"": 0.498}",21.885097697911597,497.97353050821476,trunk,Tedim Rd,387919867.0,river,Khuga River,385483919.0,5000.0,5000.0,True,True,True,OpenStreetMap via Overpass API,2026-09-03T21:45:21Z,local equirectangular point-to-polyline
1055056,Assam,Assam,"Narayanpur, Lakhimpur, Assam, 784164",26.95147008,93.86686394,Medium (2-25km),25000,2017-07-10,2017,7,Monsoon (Jun-Sep),earth slide,rainfall (T),report,9,2,1,Minor (1-2),0.0,Firstpost' 'Landslide during heavy rains and flooding throughout Assam State kills two,http://www.firstpost.com/india/assam-floods-death-toll-reaches-33-over-12-55-lakh-people-affected-across-20-districts-3798017.html,UGLC,Copernicus_DSM_COG_10_N26_00_E093_00_DEM,Copernicus DEM GLO-30 via Microsoft Planetary Computer,True,91.44554138183594,3.6716312355186567,70.33527109548862,-0.0065217415825861,27.563782475216588,30.715,False,NASA POWER Daily API / PRECTOTCORR,True,44.47,201.76,269.66,"{""2017-07-04"": 24.93, ""2017-07-05"": 12.3, ""2017-07-06"": 9.97, ""2017-07-07"": 20.7, ""2017-07-08"": 78.59, ""2017-07-09"": 78.7, ""2017-07-10"": 44.47}",ESA_WorldCover_10m_2021_v200_N24E093,MYD13Q1.A2017185.h26v06.061.2021278021612,2017-07-11T23:59:59.500000+00:00,1.0,10.0,Tree cover,ESA WorldCover 2021 v200,2021,4,5950.0,0.595,0.0,Good data,True,NASA MODIS MOD13Q1/MYD13Q1 v6.1 16-day 250m,True,True,0.595,ERA5-Land via Open-Meteo Historical Weather API,era5_land,True,0.453,0.456,0.448,0.45,0.451,0.4428571428571429,0.0101428571428571,"{""2017-07-04"": 0.448, ""2017-07-05"": 0.43, ""2017-07-06"": 0.425, ""2017-07-07"": 0.444, ""2017-07-08"": 0.448, ""2017-07-09"": 0.452, ""2017-07-10"": 0.453}",20.236770968299776,2799.7599464295963,unclassified,,1126676371.0,river,,367136357.0,5000.0,5000.0,True,True,True,OpenStreetMap via Overpass API,2026-09-03T21:46:21Z,local equirectangular point-to-polyline
1048428,Assam,Assam,"Chandmari, Guwahati, Kamrup Metropolitan, Assam, 781003",26.19037705,91.77306002,High (<2km),1000,2017-07-10,2017,7,Monsoon (Jun-Sep),earth slide,rainfall (T),report,7,0,0,No fatalities,0.0,"The Assam Tribune' 'Landslide after rains and flooding throughout Assam State damages a few houses in Chandmari, Guwahati city",http://www.assamtribune.com/scripts/detailsnew.asp?id=jul1117/city050,UGLC,Copernicus_DSM_COG_10_N26_00_E091_00_DEM,Copernicus DEM GLO-30 via Microsoft Planetary Computer,True,90.48899841308594,23.6817422912787,136.51133188787276,0.0020258710008376,27.747515246850607,30.715,True,NASA POWER Daily API / PRECTOTCORR,True,27.63,81.82,163.19,"{""2017-07-04"": 18.09, ""2017-07-05"": 53.55, ""2017-07-06"": 5.42, ""2017-07-07"": 4.31, ""2017-07-08"": 18.93, ""2017-07-09"": 35.26, ""2017-07-10"": 27.63}",ESA_WorldCover_10m_2021_v200_N24E090,MYD13Q1.A2017185.h25v06.061.2021278021006,2017-07-11T23:59:59.500000+00:00,1.0,50.0,Built-up,ESA WorldCover 2021 v200,2021,4,,,,,False,NASA MODIS MOD13Q1/MYD13Q1 v6.1 16-day 250m,True,False,,ERA5-Land via Open-Meteo Historical Weather API,era5_land,True,0.484,0.493,0.49,0.491,0.478,0.479,0.005,"{""2017-07-04"": 0.492, ""2017-07-05"": 0.478, ""2017-07-06"": 0.475, ""2017-07-07"": 0.474, ""2017-07-08"": 0.481, ""2017-07-09"": 0.469, ""2017-07-10"": 0.484}",26.26715981837495,1713.866390835472,residential,,508535949.0,drain,,1318071768.0,5000.0,5000.0,True,True,True,OpenStreetMap via Overpass API,2026-09-03T21:47:21Z,local equirectangular point-to-polyline
1048443,Assam,Assam,"Dispur, Kamrup Metropolitan, Assam",26.14547804,91.79364785,High (<2km),1000,2017-07-10,2017,7,Monsoon (Jun-Sep),earth slide,rainfall (T),report,7,0,0,No fatalities,0.0,The Assam Tribune' 'Temporary house near Srimanta Sankar Academy damaged by landslides amid storms and flooding throughout Assam State,http://www.assamtribune.com/scripts/detailsnew.asp?id=jul1117/city050,UGLC,Copernicus_DSM_COG_10_N26_00_E091_00_DEM,Copernicus DEM GLO-30 via Microsoft Planetary Computer,True,83.3604965209961,16.931884893477967,16.796049090560132,-0.0087324948446801,27.75820153498153,30.715,True,NASA POWER Daily API / PRECTOTCORR,True,27.63,81.82,163.19,"{""2017-07-04"": 18.09, ""2017-07-05"": 53.55, ""2017-07-06"": 5.42, ""2017-07-07"": 4.31, ""2017-07-08"": 18.93, ""2017-07-09"": 35.26, ""2017-07-10"": 27.63}",ESA_WorldCover_10m_2021_v200_N24E090,MYD13Q1.A2017185.h25v06.061.2021278021006,2017-07-11T23:59:59.500000+00:00,1.0,10.0,Tree cover,ESA WorldCover 2021 v200,2021,4,,,,,False,NASA MODIS MOD13Q1/MYD13Q1 v6.1 16-day 250m,True,False,,ERA5-Land via Open-Meteo Historical Weather API,era5_land,True,0.488,0.498,0.481,0.485,0.4806666666666666,0.4788571428571427,0.0091428571428572,"{""2017-07-04"": 0.484, ""2017-07-05"": 0.478, ""2017-07-06"": 0.486, ""2017-07-07"": 0.462, ""2017-07-08"": 0.486, ""2017-07-09"": 0.468, ""2017-07-10"": 0.488}",17.621985110655753,195.1228532465353,service,,1040474815.0,stream,,497520998.0,5000.0,5000.0,True,True,True,OpenStreetMap via Overpass API,2026-09-03T21:48:21Z,local equirectangular point-to-polyline
1057775,Manipur,Manipur,Senapati,25.20164854,94.04130978,Low (>25km),33304,2017-07-14,2017,7,Monsoon (Jun-Sep),ND,rainfall (T),event,9,2,1,Minor (1-2),,"""""GFLD"", locality: 'Senapati',"" description: """"""""A woman was killed and another is missing in a landslide in Manipur's Senapati district on Thursday afternoon"", official reports said on Friday. Four others were seriously injured.\n\nWhile officials assume that the missing woman must be dead,"" efforts are o""""""""""""",http://www.thehansindia.com/posts/index/National/2017-07-14/Landslide-kills-1-in-Manipur-injures-4/312363,UGLC,Copernicus_DSM_COG_10_N25_00_E094_00_DEM,Copernicus DEM GLO-30 via Microsoft Planetary Computer,True,1310.2161865234375,37.20094998638943,142.4967410513035,-0.0051473591622526,27.978884358158616,30.715,False,NASA POWER Daily API / PRECTOTCORR,True,1.67,15.55,73.85,"{""2017-07-08"": 16.17, ""2017-07-09"": 6.33, ""2017-07-10"": 22.46, ""2017-07-11"": 13.34, ""2017-07-12"": 4.85, ""2017-07-13"": 9.03, ""2017-07-14"": 1.67}",ESA_WorldCover_10m_2021_v200_N24E093,MYD13Q1.A2017185.h26v06.061.2021278021612,2017-07-11T23:59:59.500000+00:00,3.0,10.0,Tree cover,ESA WorldCover 2021 v200,2021,4,4850.0,0.485,3.0,Cloudy,False,NASA MODIS MOD13Q1/MYD13Q1 v6.1 16-day 250m,True,True,,ERA5-Land via Open-Meteo Historical Weather API,era5_land,True,0.425,0.429,0.434,0.432,0.429,0.4327142857142857,-0.0077142857142857,"{""2017-07-08"": 0.433, ""2017-07-09"": 0.435, ""2017-07-10"": 0.436, ""2017-07-11"": 0.438, ""2017-07-12"": 0.435, ""2017-07-13"": 0.427, ""2017-07-14"": 0.425}",4689.019588644178,4420.925316268587,trunk,,44886092.0,stream,Nukhi Lok,385547937.0,5000.0,5000.0,True,True,True,OpenStreetMap via Overpass API,2026-09-03T21:48:21Z,local equirectangular point-to-polyline
1050573,Mizoram,Mizoram,"Lengpui Village, Aizawl, Mizoram, India",23.83291945,92.63125938,Medium (2-25km),5000,2017-08-26,2017,8,Monsoon (Jun-Sep),earth slide,rainfall (T),report,9,0,0,No fatalities,0.0,"Zee News' 'At least seven buildings, including a church, collapsed in Aizawl and nearby villages due to multiple landslides triggered by heavy rains in Mizoram since Thursday, officials said on Saturday.  Many places of the state were cut off due to road blocks cau",http://zeenews.india.com/news/landslides-in-mizoram-snap-road-links-7-buildings-collapse-2036680.html,UGLC,Copernicus_DSM_COG_10_N23_00_E092_00_DEM,Copernicus DEM GLO-30 via Microsoft Planetary Computer,True,411.9853210449219,11.15542511416343,155.80428755030923,-0.0026543722456834,28.285411937218942,30.715,False,NASA POWER Daily API / PRECTOTCORR,True,10.48,80.17,130.10000000000002,"{""2017-08-20"": 10.13, ""2017-08-21"": 13.34, ""2017-08-22"": 8.23, ""2017-08-23"": 18.23, ""2017-08-24"": 45.09, ""2017-08-25"": 24.6, ""2017-08-26"": 10.48}",ESA_WorldCover_10m_2021_v200_N21E090,MYD13Q1.A2017233.h26v06.061.2021283024010,2017-08-28T23:59:59.500000+00:00,2.0,10.0,Tree cover,ESA WorldCover 2021 v200,2021,4,6072.0,0.6072000000000001,3.0,Cloudy,False,NASA MODIS MOD13Q1/MYD13Q1 v6.1 16-day 250m,True,True,,ERA5-Land via Open-Meteo Historical Weather API,era5_land,True,0.428,0.428,0.429,0.429,0.4243333333333333,0.4241428571428571,0.0038571428571428,"{""2017-08-20"": 0.424, ""2017-08-21"": 0.422, ""2017-08-22"": 0.426, ""2017-08-23"": 0.424, ""2017-08-24"": 0.422, ""2017-08-25"": 0.423, ""2017-08-26"": 0.428}",172.47885560283777,1391.6665987975282,secondary,,260134958.0,river,Tlawng,385088958.0,5000.0,5000.0,True,True,True,OpenStreetMap via Overpass API,2026-09-03T21:49:21Z,local equirectangular point-to-polyline
1057698,Manipur,Manipur,"Senapati, Mao-Maram, Senapati, Manipur",25.26049558,94.01914123,Medium (2-25km),5000,2017-08-26,2017,8,Monsoon (Jun-Sep),mudslide,rainfall (T),report,9,0,0,No fatalities,0.0,The Assam Tribune' 'A massive mudslide at Chakhumei in Senapati district on August 26 last washed away 22 houses. Due to flooding from continuous intense rainfall.,http://www.assamtribune.com/scripts/detailsnew.asp?id=jan0118/oth051,UGLC,Copernicus_DSM_COG_10_N25_00_E094_00_DEM,Copernicus DEM GLO-30 via Microsoft Planetary Computer,True,1071.5877685546875,0.901256061542023,75.71763737676696,0.0033945717905999,27.965346269272256,30.715,False,NASA POWER Daily API / PRECTOTCORR,True,22.07,41.07,53.1,"{""2017-08-20"": 1.31, ""2017-08-21"": 3.26, ""2017-08-22"": 0.86, ""2017-08-23"": 6.6, ""2017-08-24"": 4.22, ""2017-08-25"": 14.78, ""2017-08-26"": 22.07}",ESA_WorldCover_10m_2021_v200_N24E093,MYD13Q1.A2017233.h26v06.061.2021283024010,2017-08-28T23:59:59.500000+00:00,2.0,40.0,Cropland,ESA WorldCover 2021 v200,2021,4,5702.0,0.5702,3.0,Cloudy,False,NASA MODIS MOD13Q1/MYD13Q1 v6.1 16-day 250m,True,True,,ERA5-Land via Open-Meteo Historical Weather API,era5_land,True,0.43,0.429,0.418,0.421,0.4243333333333333,0.4174285714285713,0.0125714285714286,"{""2017-08-20"": 0.399, ""2017-08-21"": 0.417, ""2017-08-22"": 0.421, ""2017-08-23"": 0.412, ""2017-08-24"": 0.419, ""2017-08-25"": 0.424, ""2017-08-26"": 0.43}",236.68691353498696,105.37097448860932,trunk,,44886092.0,river,Nukhi Lok,385528260.0,5000.0,5000.0,True,True,True,OpenStreetMap via Overpass API,2026-09-03T21:50:21Z,local equirectangular point-to-polyline
938258,Sikkim,Sikkim,YANGTHANG,27.28329478,88.23595536,High (<2km),1407,2017-09-20,2017,9,Monsoon (Jun-Sep),ND,rainfall (T),event,9,1,1,Minor (1-2),,In a similar tragedy at Khorlong a boy in his early teens was greviously injured. He was rushed to the Namthang Hospital where he died.,https://news.webindia123.com/news/articles/india/20170920/3189337.html,UGLC,Copernicus_DSM_COG_10_N27_00_E088_00_DEM,Copernicus DEM GLO-30 via Microsoft Planetary Computer,True,1321.8616943359375,33.81816659524392,105.06205460388264,-0.0112011943114858,27.48215342518912,30.715,True,NASA POWER Daily API / PRECTOTCORR,True,30.49,45.1,67.16,"{""2017-09-14"": 1.3, ""2017-09-15"": 0.47, ""2017-09-16"": 1.78, ""2017-09-17"": 18.51, ""2017-09-18"": 3.06, ""2017-09-19"": 11.55, ""2017-09-20"": 30.49}",ESA_WorldCover_10m_2021_v200_N27E087,MOD13Q1.A2017257.h25v06.061.2021285032944,2017-09-21T23:59:59.500000+00:00,1.0,10.0,Tree cover,ESA WorldCover 2021 v200,2021,4,8875.0,0.8875000000000001,0.0,Good data,True,NASA MODIS MOD13Q1/MYD13Q1 v6.1 16-day 250m,True,True,0.8875000000000001,ERA5-Land via Open-Meteo Historical Weather API,era5_land,True,0.427,0.422,0.388,0.398,0.4133333333333333,0.414,0.0129999999999999,"{""2017-09-14"": 0.422, ""2017-09-15"": 0.422, ""2017-09-16"": 0.409, ""2017-09-17"": 0.405, ""2017-09-18"": 0.412, ""2017-09-19"": 0.401, ""2017-09-20"": 0.427}",246.9396764219517,611.2373825457033,unclassified,,596125888.0,stream,,1259335544.0,5000.0,5000.0,True,True,True,OpenStreetMap via Overpass API,2026-09-03T20:14:51Z,local equirectangular point-to-polyline
938330,Sikkim,Sikkim,South Sikkim,27.28709076,88.38035955,Medium (2-25km),15262,2017-09-20,2017,9,Monsoon (Jun-Sep),ND,rainfall (T),event,9,2,1,Minor (1-2),,"The second incident occurred half an hour later at Upper Bokrong, fully damaging the house of one Rajkumar Tamang. Two women died in the collapse, police added. Search was on for more survivors.",https://news.webindia123.com/news/articles/india/20170920/3189337.html,UGLC,Copernicus_DSM_COG_10_N27_00_E088_00_DEM,Copernicus DEM GLO-30 via Microsoft Planetary Computer,True,1407.829833984375,30.15456727983095,22.26133057340178,-0.0068229068011228,27.48121427417441,30.715,False,NASA POWER Daily API / PRECTOTCORR,True,30.49,45.1,67.16,"{""2017-09-14"": 1.3, ""2017-09-15"": 0.47, ""2017-09-16"": 1.78, ""2017-09-17"": 18.51, ""2017-09-18"": 3.06, ""2017-09-19"": 11.55, ""2017-09-20"": 30.49}",ESA_WorldCover_10m_2021_v200_N27E087,MOD13Q1.A2017257.h25v06.061.2021285032944,2017-09-21T23:59:59.500000+00:00,1.0,10.0,Tree cover,ESA WorldCover 2021 v200,2021,4,8637.0,0.8637,3.0,Cloudy,False,NASA MODIS MOD13Q1/MYD13Q1 v6.1 16-day 250m,True,True,,ERA5-Land via Open-Meteo Historical Weather API,era5_land,True,0.426,0.423,0.405,0.41,0.4176666666666666,0.4168571428571428,0.0091428571428571,"{""2017-09-14"": 0.423, ""2017-09-15"": 0.422, ""2017-09-16"": 0.41, ""2017-09-17"": 0.41, ""2017-09-18"": 0.418, ""2017-09-19"": 0.409, ""2017-09-20"": 0.426}",251.12581067415107,86.73159288857947,unclassified,,1258294536.0,stream,,606439991.0,5000.0,5000.0,True,True,True,OpenStreetMap via Overpass API,2026-09-03T20:46:21Z,local equirectangular point-to-polyline
1050788,Manipur,Manipur,"near the Khongjaron Khunthak village, Tamei Road, Manipur, India",24.938948,93.496837,Medium (2-25km),10000,2017-09-21,2017,9,Monsoon (Jun-Sep),earth slide,rainfall (T),report,9,0,0,No fatalities,0.0,e-pao.net' 'Incessant rain in the past few days has severely hit normal life in Noney district too.  While most places in the valley districts of the state have been reported to have been affected as major rivers overflows and flooded many places in Kakching and Tho,http://e-pao.net/GP.asp?src=22..230917.sep17,UGLC,Copernicus_DSM_COG_10_N24_00_E093_00_DEM,Copernicus DEM GLO-30 via Microsoft Planetary Computer,True,1243.5098876953125,38.21312538013047,236.87132350130457,-0.0055606622757169,28.03895991237979,30.715,False,NASA POWER Daily API / PRECTOTCORR,True,3.55,37.77,84.66999999999999,"{""2017-09-15"": 6.55, ""2017-09-16"": 6.79, ""2017-09-17"": 12.32, ""2017-09-18"": 21.24, ""2017-09-19"": 21.21, ""2017-09-20"": 13.01, ""2017-09-21"": 3.55}",ESA_WorldCover_10m_2021_v200_N24E093,MOD13Q1.A2017257.h26v06.061.2021285032917,2017-09-21T23:59:59.500000+00:00,0.0,50.0,Built-up,ESA WorldCover 2021 v200,2021,4,8248.0,0.8248000000000001,3.0,Cloudy,False,NASA MODIS MOD13Q1/MYD13Q1 v6.1 16-day 250m,True,True,,ERA5-Land via Open-Meteo Historical Weather API,era5_land,True,0.408,0.412,0.413,0.413,0.4143333333333333,0.4104285714285714,-0.0024285714285714,"{""2017-09-15"": 0.404, ""2017-09-16"": 0.399, ""2017-09-17"": 0.406, ""2017-09-18"": 0.421, ""2017-09-19"": 0.417, ""2017-09-20"": 0.418, ""2017-09-21"": 0.408}",8.961881809250672,4084.929550740677,trunk,,198322675.0,river,,667342727.0,5000.0,5000.0,True,True,True,OpenStreetMap via Overpass API,2026-09-03T21:50:21Z,local equirectangular point-to-polyline
1057697,Manipur,Manipur,"6-7 km away from Saikul, near Champhai, Imphal-Saikul Rd, Manipur, India",24.981195,94.018619,Medium (2-25km),10000,2017-09-29,2017,9,Monsoon (Jun-Sep),earth slide,rainfall (T),report,9,0,0,No fatalities,0.0,"Kangla Online' 'Saikul sub-divisional HQs, has been completely cut off from the rest of the State when the only road connecting Saikul to Imphal road broke down this afternoon triggering untold misery to the people.  The road leading to Saikul Hill Town from the State c",http://kanglaonline.com/2017/09/imphal-saikul-road-breaks-down/,UGLC,Copernicus_DSM_COG_10_N24_00_E094_00_DEM,Copernicus DEM GLO-30 via Microsoft Planetary Computer,True,812.9227905273438,32.55768155581822,3.9010720982360567,0.0022584308355674,28.02933841741889,30.715,False,NASA POWER Daily API / PRECTOTCORR,True,10.15,65.0,96.93,"{""2017-09-23"": 4.07, ""2017-09-24"": 5.77, ""2017-09-25"": 9.06, ""2017-09-26"": 13.03, ""2017-09-27"": 16.33, ""2017-09-28"": 38.52, ""2017-09-29"": 10.15}",ESA_WorldCover_10m_2021_v200_N24E093,MYD13Q1.A2017265.h26v06.061.2021285231042,2017-09-29T23:59:59.500000+00:00,0.0,10.0,Tree cover,ESA WorldCover 2021 v200,2021,4,8441.0,0.8441000000000001,1.0,Marginal data,True,NASA MODIS MOD13Q1/MYD13Q1 v6.1 16-day 250m,True,True,0.8441000000000001,ERA5-Land via Open-Meteo Historical Weather API,era5_land,True,0.497,0.499,0.478,0.484,0.4796666666666667,0.461,0.0359999999999999,"{""2017-09-23"": 0.447, ""2017-09-24"": 0.439, ""2017-09-25"": 0.437, ""2017-09-26"": 0.465, ""2017-09-27"": 0.475, ""2017-09-28"": 0.467, ""2017-09-29"": 0.497}",1.4166232155955705,63.27444775502733,secondary,,1052595591.0,river,Iril River,385538841.0,5000.0,5000.0,True,True,True,OpenStreetMap via Overpass API,2026-09-03T21:51:21Z,local equirectangular point-to-polyline
1051127,Manipur,Manipur,"NH-37, Tamenglong, Manipur, 795147",24.86388954,93.62191829,Medium (2-25km),5000,2018-05-10,2018,5,Pre-monsoon (Apr-May),translational sliding,rainfall (T),report,9,0,0,No fatalities,0.0,"The Northeast Today' 'A landslide occurred in Makru area in Noney district, causing the land beneath the Imphal-Jiribam National Highway-37 to slide. Incessant rains triggered the landslide.",https://thenortheasttoday.com/manipur-vehicles-stranded-as-storm-causes-landslide-along-imphal-jiribam-nh/,UGLC,Copernicus_DSM_COG_10_N24_00_E093_00_DEM,Copernicus DEM GLO-30 via Microsoft Planetary Computer,True,356.19805908203125,32.93378330744878,219.1076316253165,0.003659812987429,28.056016411199803,30.715,False,NASA POWER Daily API / PRECTOTCORR,True,8.16,29.86,120.27,"{""2018-05-04"": 26.84, ""2018-05-05"": 46.69, ""2018-05-06"": 13.51, ""2018-05-07"": 3.37, ""2018-05-08"": 3.41, ""2018-05-09"": 18.29, ""2018-05-10"": 8.16}",ESA_WorldCover_10m_2021_v200_N24E093,MYD13Q1.A2018121.h26v06.061.2021330094004,2018-05-08T23:59:59.500000+00:00,2.0,10.0,Tree cover,ESA WorldCover 2021 v200,2021,3,7152.0,0.7152000000000001,1.0,Marginal data,True,NASA MODIS MOD13Q1/MYD13Q1 v6.1 16-day 250m,True,True,0.7152000000000001,ERA5-Land via Open-Meteo Historical Weather API,era5_land,True,0.399,0.401,0.388,0.392,0.4113333333333333,0.4072857142857143,-0.0082857142857142,"{""2018-05-04"": 0.359, ""2018-05-05"": 0.403, ""2018-05-06"": 0.428, ""2018-05-07"": 0.427, ""2018-05-08"": 0.423, ""2018-05-09"": 0.412, ""2018-05-10"": 0.399}",11.703905226284576,244.75267100626556,trunk,,44884966.0,river,Iring,389627344.0,5000.0,5000.0,True,True,True,OpenStreetMap via Overpass API,2026-09-03T21:52:21Z,local equirectangular point-to-polyline
1050615,Mizoram,Mizoram,"near Zemabawk, Aizawl, Mizoram, 796017",23.73672831,92.7516868,High (<2km),1000,2018-05-12,2018,5,Pre-monsoon (Apr-May),earth slide,rainfall (T),report,7,4,1,Moderate (3-5),0.0,"The Morung Express' 'A landslide occurred at a stone quarry at 7:30am. The massive landslide killed four people, two minor girls and two others, who were working at the quarry. The landslide happened after incessant rains over the past few days. There have been reports sayin",http://morungexpress.com/4-bodies-recovered-from-mizoram-landslide/,UGLC,Copernicus_DSM_COG_10_N23_00_E092_00_DEM,Copernicus DEM GLO-30 via Microsoft Planetary Computer,True,865.3772583007812,37.6331851264644,73.14723165323522,-0.0015745660675628,28.30634893787061,30.715,True,NASA POWER Daily API / PRECTOTCORR,True,6.25,62.75,160.9,"{""2018-05-06"": 25.54, ""2018-05-07"": 30.62, ""2018-05-08"": 17.6, ""2018-05-09"": 24.39, ""2018-05-10"": 33.62, ""2018-05-11"": 22.88, ""2018-05-12"": 6.25}",ESA_WorldCover_10m_2021_v200_N21E090,MOD13Q1.A2018129.h26v06.061.2021339231700,2018-05-16T23:59:59.500000+00:00,4.0,10.0,Tree cover,ESA WorldCover 2021 v200,2021,3,5015.0,0.5015000000000001,3.0,Cloudy,False,NASA MODIS MOD13Q1/MYD13Q1 v6.1 16-day 250m,True,True,,ERA5-Land via Open-Meteo Historical Weather API,era5_land,True,0.369,0.32,0.236,0.263,0.35,0.3491428571428571,0.0198571428571428,"{""2018-05-06"": 0.347, ""2018-05-07"": 0.356, ""2018-05-08"": 0.343, ""2018-05-09"": 0.348, ""2018-05-10"": 0.345, ""2018-05-11"": 0.336, ""2018-05-12"": 0.369}",70.39593870567988,2935.1148109679402,trunk,,241548749.0,stream,,310435000.0,5000.0,5000.0,True,True,True,OpenStreetMap via Overpass API,2026-09-03T21:52:21Z,local equirectangular point-to-polyline
1048345,Tripura,Tripura,"Kambhukcherra and Belfunpara villages, West Tripura, Tripura",24.02515388,91.49747518,Medium (2-25km),5000,2018-05-18,2018,5,Pre-monsoon (Apr-May),earth slide,rainfall (T),report,9,4,1,Moderate (3-5),0.0,"Northeast Now' 'Incessant rains triggered two separate landslide incidents in neighboring villages. The first landslide hapened in Kambhukcherra village in West Tripura, killing 3 family members. In Belfungpara village, a second landslide killed one. All four are from t",https://nenow.in/north-east-news/incessant-rain-triggers-landslides-in-tripura-4-killed.html,UGLC,Copernicus_DSM_COG_10_N24_00_E091_00_DEM,Copernicus DEM GLO-30 via Microsoft Planetary Computer,True,109.81351470947266,4.858235928734719,135.1001993469299,0.0046438425174163,28.24333131131507,30.715,False,NASA POWER Daily API / PRECTOTCORR,True,37.62,137.3,197.34,"{""2018-05-12"": 6.48, ""2018-05-13"": 4.01, ""2018-05-14"": 8.14, ""2018-05-15"": 41.41, ""2018-05-16"": 27.24, ""2018-05-17"": 72.44, ""2018-05-18"": 37.62}",ESA_WorldCover_10m_2021_v200_N24E090,MOD13Q1.A2018129.h25v06.061.2021339231702,2018-05-16T23:59:59.500000+00:00,2.0,10.0,Tree cover,ESA WorldCover 2021 v200,2021,3,,,,,False,NASA MODIS MOD13Q1/MYD13Q1 v6.1 16-day 250m,True,False,,ERA5-Land via Open-Meteo Historical Weather API,era5_land,True,0.423,0.424,0.425,0.425,0.4243333333333333,0.4207142857142857,0.0022857142857142,"{""2018-05-12"": 0.411, ""2018-05-13"": 0.415, ""2018-05-14"": 0.423, ""2018-05-15"": 0.423, ""2018-05-16"": 0.424, ""2018-05-17"": 0.426, ""2018-05-18"": 0.423}",324.0200383293617,9744.730640355765,track,,1052969180.0,river,River Khowai,133807038.0,5000.0,15000.0,True,True,True,OpenStreetMap via Overpass API,2026-09-03T21:53:26Z,local equirectangular point-to-polyline
1048347,Tripura,Tripura,"Champabari, Jirania, Tripura, India",23.79260297,91.53090192,Medium (2-25km),5000,2018-05-20,2018,5,Pre-monsoon (Apr-May),earth slide,rainfall (T),report,9,1,1,Minor (1-2),1.0,The Times of India' 'A resident of Champabari in Jirania of West Tripura district was killed and her husband injured when their house collapsed. The landslide occurred after heavy rains.,https://timesofindia.indiatimes.com/city/agartala/tripura-landslides-trigerred-by-rain-claim-two-more-lives/articleshow/64255441.cms,UGLC,Copernicus_DSM_COG_10_N23_00_E091_00_DEM,Copernicus DEM GLO-30 via Microsoft Planetary Computer,True,120.03816223144533,4.670055717568943,258.8222321076937,0.0089616473080306,28.29419694597329,30.715,False,NASA POWER Daily API / PRECTOTCORR,True,31.33,95.99,245.22000000000003,"{""2018-05-14"": 8.14, ""2018-05-15"": 41.41, ""2018-05-16"": 27.24, ""2018-05-17"": 72.44, ""2018-05-18"": 37.62, ""2018-05-19"": 27.04, ""2018-05-20"": 31.33}",ESA_WorldCover_10m_2021_v200_N21E090,MOD13Q1.A2018129.h25v06.061.2021339231702,2018-05-16T23:59:59.500000+00:00,4.0,10.0,Tree cover,ESA WorldCover 2021 v200,2021,3,,,,,False,NASA MODIS MOD13Q1/MYD13Q1 v6.1 16-day 250m,True,False,,ERA5-Land via Open-Meteo Historical Weather API,era5_land,True,0.435,0.44,0.44,0.44,0.4366666666666667,0.4344285714285714,0.0005714285714285,"{""2018-05-14"": 0.432, ""2018-05-15"": 0.432, ""2018-05-16"": 0.426, ""2018-05-17"": 0.441, ""2018-05-18"": 0.436, ""2018-05-19"": 0.439, ""2018-05-20"": 0.435}",532.2322070426651,1057.992305773844,residential,,1052993607.0,river,,361139799.0,5000.0,5000.0,True,True,True,OpenStreetMap via Overpass API,2026-09-03T21:54:26Z,local equirectangular point-to-polyline
1048360,Tripura,Tripura,"Dhanlekha Kaipeng, Gomati district, Tripura, India",23.71701896,91.61577214,High (<2km),1000,2018-05-20,2018,5,Pre-monsoon (Apr-May),earth slide,rainfall (T),report,7,1,1,Minor (1-2),2.0,"The Times of India' 'Heavy rain triggered a landslide that caused the mud walls of a house in Dhanlekha Kaipeng to collapse inwards, killing the resident inside. The resident was sleeping at the time and an iron beam fell on her. Her parents were seriously injured.",https://timesofindia.indiatimes.com/city/agartala/tripura-landslides-trigerred-by-rain-claim-two-more-lives/articleshow/64255441.cms,UGLC,Copernicus_DSM_COG_10_N23_00_E091_00_DEM,Copernicus DEM GLO-30 via Microsoft Planetary Computer,True,68.85039520263672,13.988131587223648,173.9517433357405,0.0112554647686635,28.31062903611504,30.715,True,NASA POWER Daily API / PRECTOTCORR,True,36.76,88.53,237.04,"{""2018-05-14"": 10.63, ""2018-05-15"": 42.39, ""2018-05-16"": 29.81, ""2018-05-17"": 65.68, ""2018-05-18"": 25.18, ""2018-05-19"": 26.59, ""2018-05-20"": 36.76}",ESA_WorldCover_10m_2021_v200_N21E090,MOD13Q1.A2018129.h25v06.061.2021339231702,2018-05-16T23:59:59.500000+00:00,4.0,10.0,Tree cover,ESA WorldCover 2021 v200,2021,3,,,,,False,NASA MODIS MOD13Q1/MYD13Q1 v6.1 16-day 250m,True,False,,ERA5-Land via Open-Meteo Historical Weather API,era5_land,True,0.424,0.424,0.42,0.421,0.4233333333333333,0.4211428571428571,0.0028571428571428,"{""2018-05-14"": 0.419, ""2018-05-15"": 0.413, ""2018-05-16"": 0.419, ""2018-05-17"": 0.427, ""2018-05-18"": 0.422, ""2018-05-19"": 0.424, ""2018-05-20"": 0.424}",2071.11593716744,11342.137928507882,unclassified,,1147854644.0,river,,663417743.0,5000.0,15000.0,True,True,True,OpenStreetMap via Overpass API,2026-09-03T21:55:31Z,local equirectangular point-to-polyline
938409,Sikkim,Sikkim,"Road from Pakyong to Dikling and Rorathang, Pakyong, Sikkim, India",27.23279809,88.59292517,High (<2km),1000,2018-05-26,2018,5,Pre-monsoon (Apr-May),mudslide,rainfall (T),report,7,0,0,No fatalities,0.0,The Northeast Today' 'Road connectivity in Pakyong and nearby areas were disrupted due to slush and landslide during heavy downpour of Saturday night. The road from Pakyong to Dikling and Rorathang was cut-off near Bhanuturning due to slush and rainwater coming above from the,https://thenortheasttoday.com/sikkim-45-road-closure-due-to-landslide-in-pakyong-subdivision/,UGLC,Copernicus_DSM_COG_10_N27_00_E088_00_DEM,Copernicus DEM GLO-30 via Microsoft Planetary Computer,True,1304.2265625,8.22383972801205,77.67976431665517,-0.0013511076738952,27.49463516902892,30.715,True,NASA POWER Daily API / PRECTOTCORR,True,14.59,73.89,101.87,"{""2018-05-20"": 1.43, ""2018-05-21"": 1.09, ""2018-05-22"": 7.88, ""2018-05-23"": 17.58, ""2018-05-24"": 42.09, ""2018-05-25"": 17.21, ""2018-05-26"": 14.59}",ESA_WorldCover_10m_2021_v200_N27E087,MYD13Q1.A2018137.h25v06.061.2021340002333,2018-05-24T23:59:59.500000+00:00,2.0,10.0,Tree cover,ESA WorldCover 2021 v200,2021,3,2613.0,0.2613,3.0,Cloudy,False,NASA MODIS MOD13Q1/MYD13Q1 v6.1 16-day 250m,True,True,,ERA5-Land via Open-Meteo Historical Weather API,era5_land,True,0.406,0.396,0.425,0.417,0.408,0.4082857142857142,-0.0022857142857142,"{""2018-05-20"": 0.404, ""2018-05-21"": 0.4, ""2018-05-22"": 0.409, ""2018-05-23"": 0.421, ""2018-05-24"": 0.417, ""2018-05-25"": 0.401, ""2018-05-26"": 0.406}",78.71636505972302,90.01004728648297,trunk,,1333442746.0,stream,,606068504.0,5000.0,5000.0,True,True,True,OpenStreetMap via Overpass API,2026-09-03T21:55:31Z,local equirectangular point-to-polyline
1050791,Manipur,Manipur,"Namlalong Ward No. 2, Tamenglong, Manipur",24.98793655,93.49870413,High (<2km),1000,2018-06-03,2018,6,Monsoon (Jun-Sep),earth slide,rainfall (T),report,7,0,0,No fatalities,2.0,"Imphal Free Press' 'In a landslide that occurred around 1 am today morning, a house at Namlalong Tamenglong Ward No. 2 was partially destroyed and the occupants had a narrow escape. The children were thrown out from their bed by the force of landslide while they were sleepi",https://www.ifp.co.in/page/items/49621/landslide-destroys-house/,UGLC,Copernicus_DSM_COG_10_N24_00_E093_00_DEM,Copernicus DEM GLO-30 via Microsoft Planetary Computer,True,1203.78369140625,18.57663862097317,244.81067689957808,-0.0028110414640736,28.02780166073497,30.715,True,NASA POWER Daily API / PRECTOTCORR,True,5.68,22.26,30.67,"{""2018-05-28"": 2.34, ""2018-05-29"": 4.87, ""2018-05-30"": 0.73, ""2018-05-31"": 0.47, ""2018-06-01"": 2.56, ""2018-06-02"": 14.02, ""2018-06-03"": 5.68}",ESA_WorldCover_10m_2021_v200_N24E093,MOD13Q1.A2018145.h26v06.061.2021339231927,2018-06-01T23:59:59.500000+00:00,2.0,10.0,Tree cover,ESA WorldCover 2021 v200,2021,3,5805.0,0.5805,3.0,Cloudy,False,NASA MODIS MOD13Q1/MYD13Q1 v6.1 16-day 250m,True,True,,ERA5-Land via Open-Meteo Historical Weather API,era5_land,True,0.366,0.366,0.361,0.363,0.3763333333333333,0.3665714285714286,-0.0005714285714286,"{""2018-05-28"": 0.354, ""2018-05-29"": 0.348, ""2018-05-30"": 0.357, ""2018-05-31"": 0.378, ""2018-06-01"": 0.392, ""2018-06-02"": 0.371, ""2018-06-03"": 0.366}",178.28592579990237,1242.665971875982,unclassified,,819663666.0,stream,Tuipa Nadi,1389196266.0,5000.0,5000.0,True,True,True,OpenStreetMap via Overpass API,2026-09-03T21:56:36Z,local equirectangular point-to-polyline
1050616,Mizoram,Mizoram,"Lunglawn, Lunglei town, Mizoram, India",22.87370331,92.7581259,High (<2km),1000,2018-06-05,2018,6,Monsoon (Jun-Sep),mudslide,rainfall (T),report,7,10,1,Severe (5+),0.0,"NorthEast India24' 'A mudslide triggered by heavy rains swept away a two-storied semi-pucca building, killing ten persons, including two children, at Lunglawn in Lunglei town of south Mizoram around 6 pm yesterday. Continuous rainfall occurred throughout the night. The owne",http://www.northeastindia24.com/mizoram-21-killed-in-land-slide-road-accident/,UGLC,Copernicus_DSM_COG_10_N22_00_E092_00_DEM,Copernicus DEM GLO-30 via Microsoft Planetary Computer,True,1026.241455078125,4.761970263101882,77.84339741765666,-0.0034491378621435,28.49061933607312,30.715,True,NASA POWER Daily API / PRECTOTCORR,True,47.98,70.97999999999999,123.48,"{""2018-05-30"": 20.51, ""2018-05-31"": 16.65, ""2018-06-01"": 6.41, ""2018-06-02"": 8.93, ""2018-06-03"": 10.79, ""2018-06-04"": 12.21, ""2018-06-05"": 47.98}",ESA_WorldCover_10m_2021_v200_N21E090,MOD13Q1.A2018145.h26v06.061.2021339231927,2018-06-01T23:59:59.500000+00:00,4.0,10.0,Tree cover,ESA WorldCover 2021 v200,2021,3,3900.0,0.39,3.0,Cloudy,False,NASA MODIS MOD13Q1/MYD13Q1 v6.1 16-day 250m,True,True,,ERA5-Land via Open-Meteo Historical Weather API,era5_land,True,0.415,0.394,0.255,0.295,0.4053333333333334,0.378,0.0369999999999999,"{""2018-05-30"": 0.313, ""2018-05-31"": 0.364, ""2018-06-01"": 0.366, ""2018-06-02"": 0.387, ""2018-06-03"": 0.404, ""2018-06-04"": 0.397, ""2018-06-05"": 0.415}",51.96969190258558,1723.9468369373287,residential,,1532391716.0,river,Nghasih,662615659.0,5000.0,5000.0,True,True,True,OpenStreetMap via Overpass API,2026-09-03T21:56:36Z,local equirectangular point-to-polyline
938386,Sikkim,Sikkim,"Mangshilla, North District, Sikkim, IND",27.45377772,88.52426486,Medium (2-25km),5000,2018-09-14,2018,9,Monsoon (Jun-Sep),earth slide,rainfall (T),report,9,0,0,No fatalities,0.0,Outlook India' 'Rain in north Sikkim caused a landslide in Mangshilla.,https://www.outlookindia.com/newsscroll/landslides-in-north-sikkim-road-links-snapped-at-several-places/1382941,UGLC,Copernicus_DSM_COG_10_N27_00_E088_00_DEM,Copernicus DEM GLO-30 via Microsoft Planetary Computer,True,1021.4153442382812,25.483110632997267,269.5390698915711,0.0044535599892027,27.439855911819578,30.715,False,NASA POWER Daily API / PRECTOTCORR,True,11.64,32.150000000000006,93.4,"{""2018-09-08"": 4.63, ""2018-09-09"": 19.97, ""2018-09-10"": 25.57, ""2018-09-11"": 11.08, ""2018-09-12"": 11.71, ""2018-09-13"": 8.8, ""2018-09-14"": 11.64}",ESA_WorldCover_10m_2021_v200_N27E087,MYD13Q1.A2018249.h25v06.061.2021351015853,2018-09-13T23:59:59.500000+00:00,1.0,10.0,Tree cover,ESA WorldCover 2021 v200,2021,3,8276.0,0.8276,0.0,Good data,True,NASA MODIS MOD13Q1/MYD13Q1 v6.1 16-day 250m,True,True,0.8276,ERA5-Land via Open-Meteo Historical Weather API,era5_land,True,0.427,0.428,0.426,0.426,0.4263333333333333,0.426,0.001,"{""2018-09-08"": 0.421, ""2018-09-09"": 0.427, ""2018-09-10"": 0.427, ""2018-09-11"": 0.428, ""2018-09-12"": 0.427, ""2018-09-13"": 0.425, ""2018-09-14"": 0.427}",1.809291331150579,929.307568500469,unclassified,,599434845.0,river,Teesta,126757764.0,5000.0,5000.0,True,True,True,OpenStreetMap via Overpass API,2026-09-03T21:57:36Z,local equirectangular point-to-polyline
938402,Sikkim,Sikkim,"Lachen, North District, Sikkim",27.71646253,88.55668313,Medium (2-25km),5000,2018-09-14,2018,9,Monsoon (Jun-Sep),earth slide,rainfall (T),report,9,0,0,No fatalities,0.0,Outlook India' 'Rain in north Sikkim caused a landslide in Lachen.,https://www.outlookindia.com/newsscroll/landslides-in-north-sikkim-road-links-snapped-at-several-places/1382941,UGLC,Copernicus_DSM_COG_10_N27_00_E088_00_DEM,Copernicus DEM GLO-30 via Microsoft Planetary Computer,True,2700.954833984375,20.80770819328443,77.58761581456929,0.00291781226228,27.374207319690587,30.715,False,NASA POWER Daily API / PRECTOTCORR,True,11.64,32.150000000000006,93.4,"{""2018-09-08"": 4.63, ""2018-09-09"": 19.97, ""2018-09-10"": 25.57, ""2018-09-11"": 11.08, ""2018-09-12"": 11.71, ""2018-09-13"": 8.8, ""2018-09-14"": 11.64}",ESA_WorldCover_10m_2021_v200_N27E087,MYD13Q1.A2018249.h25v06.061.2021351015853,2018-09-13T23:59:59.500000+00:00,1.0,30.0,Grassland,ESA WorldCover 2021 v200,2021,3,8348.0,0.8348,1.0,Marginal data,True,NASA MODIS MOD13Q1/MYD13Q1 v6.1 16-day 250m,True,True,0.8348,ERA5-Land via Open-Meteo Historical Weather API,era5_land,True,0.428,0.429,0.412,0.417,0.4236666666666666,0.4241428571428571,0.0038571428571428,"{""2018-09-08"": 0.41, ""2018-09-09"": 0.431, ""2018-09-10"": 0.427, ""2018-09-11"": 0.43, ""2018-09-12"": 0.422, ""2018-09-13"": 0.421, ""2018-09-14"": 0.428}",6.552814059345149,397.8113570627232,service,,1214357734.0,stream,,1214576964.0,5000.0,5000.0,True,True,True,OpenStreetMap via Overpass API,2026-09-03T21:57:36Z,local equirectangular point-to-polyline
938400,Sikkim,Sikkim,"Mangan, North District, Sikkim, IND",27.49532869,88.5364844,Medium (2-25km),5000,2018-09-14,2018,9,Monsoon (Jun-Sep),earth slide,rainfall (T),report,9,0,0,No fatalities,0.0,Outlook India' 'Rain in north Sikkim caused landslide in Mangan.,https://www.outlookindia.com/newsscroll/landslides-in-north-sikkim-road-links-snapped-at-several-places/1382941,UGLC,Copernicus_DSM_COG_10_N27_00_E088_00_DEM,Copernicus DEM GLO-30 via Microsoft Planetary Computer,True,1276.2493896484375,21.003300518770114,322.8981681384623,-0.0032309901088366,27.42951011142764,30.715,False,NASA POWER Daily API / PRECTOTCORR,True,11.64,32.150000000000006,93.4,"{""2018-09-08"": 4.63, ""2018-09-09"": 19.97, ""2018-09-10"": 25.57, ""2018-09-11"": 11.08, ""2018-09-12"": 11.71, ""2018-09-13"": 8.8, ""2018-09-14"": 11.64}",ESA_WorldCover_10m_2021_v200_N27E087,MYD13Q1.A2018249.h25v06.061.2021351015853,2018-09-13T23:59:59.500000+00:00,1.0,10.0,Tree cover,ESA WorldCover 2021 v200,2021,3,7714.0,0.7714000000000001,0.0,Good data,True,NASA MODIS MOD13Q1/MYD13Q1 v6.1 16-day 250m,True,True,0.7714000000000001,ERA5-Land via Open-Meteo Historical Weather API,era5_land,True,0.428,0.429,0.426,0.427,0.4276666666666666,0.4267142857142856,0.0012857142857143,"{""2018-09-08"": 0.421, ""2018-09-09"": 0.427, ""2018-09-10"": 0.428, ""2018-09-11"": 0.428, ""2018-09-12"": 0.427, ""2018-09-13"": 0.428, ""2018-09-14"": 0.428}",37.40941975827619,809.7606133183675,unclassified,,599426471.0,stream,,601259148.0,5000.0,5000.0,True,True,True,OpenStreetMap via Overpass API,2026-09-03T21:58:35Z,local equirectangular point-to-polyline
938420,Sikkim,Sikkim,"Gangtok, East District, Sikkim, 737101",27.3313961,88.6138098,Medium (2-25km),5000,2018-09-15,2018,9,Monsoon (Jun-Sep),earth slide,rainfall (T),report,9,0,0,No fatalities,0.0,Outlook India' 'Rain in North Sikkim caused many landslides in Gangtok including one at Ambithang that cut Gangtok off from Mangan. Multiple other landslides were reported in the area.,https://www.outlookindia.com/newsscroll/landslides-in-north-sikkim-road-links-snapped-at-several-places/1382941,UGLC,Copernicus_DSM_COG_10_N27_00_E088_00_DEM,Copernicus DEM GLO-30 via Microsoft Planetary Computer,True,1648.281005859375,7.480904999747043,275.5752392494427,0.0041490665543741,27.47024391560213,30.715,False,NASA POWER Daily API / PRECTOTCORR,True,3.26,23.700000000000003,92.03,"{""2018-09-09"": 19.97, ""2018-09-10"": 25.57, ""2018-09-11"": 11.08, ""2018-09-12"": 11.71, ""2018-09-13"": 8.8, ""2018-09-14"": 11.64, ""2018-09-15"": 3.26}",ESA_WorldCover_10m_2021_v200_N27E087,MYD13Q1.A2018249.h25v06.061.2021351015853,2018-09-13T23:59:59.500000+00:00,2.0,50.0,Built-up,ESA WorldCover 2021 v200,2021,3,5934.0,0.5934,0.0,Good data,True,NASA MODIS MOD13Q1/MYD13Q1 v6.1 16-day 250m,True,True,0.5934,ERA5-Land via Open-Meteo Historical Weather API,era5_land,True,0.42,0.426,0.416,0.418,0.4206666666666667,0.4225714285714286,-0.0025714285714286,"{""2018-09-09"": 0.422, ""2018-09-10"": 0.425, ""2018-09-11"": 0.428, ""2018-09-12"": 0.421, ""2018-09-13"": 0.421, ""2018-09-14"": 0.421, ""2018-09-15"": 0.42}",0.5110728576845905,686.3451546855808,primary,,56052263.0,stream,,1084683258.0,5000.0,5000.0,True,True,True,OpenStreetMap via Overpass API,2026-09-03T21:59:36Z,local equirectangular point-to-polyline
938385,Sikkim,Sikkim,"Mantam Lake, Dzongu, North District",27.54043014,88.49888236,Medium (2-25km),5000,2018-09-15,2018,9,Monsoon (Jun-Sep),earth slide,rainfall (T),report,9,0,0,No fatalities,0.0,Outlook India' 'Rain in North Sikkim caused landslides in Dzongu including a landslide near Mantam Lake that cut off areas of upper Dzongu.,https://www.outlookindia.com/newsscroll/landslides-in-north-sikkim-road-links-snapped-at-several-places/1382941,UGLC,Copernicus_DSM_COG_10_N27_00_E088_00_DEM,Copernicus DEM GLO-30 via Microsoft Planetary Computer,True,1209.16259765625,48.185131683721664,199.52339448672933,0.0087602796593249,27.41826394782861,30.715,False,NASA POWER Daily API / PRECTOTCORR,True,3.26,23.700000000000003,92.03,"{""2018-09-09"": 19.97, ""2018-09-10"": 25.57, ""2018-09-11"": 11.08, ""2018-09-12"": 11.71, ""2018-09-13"": 8.8, ""2018-09-14"": 11.64, ""2018-09-15"": 3.26}",ESA_WorldCover_10m_2021_v200_N27E087,MYD13Q1.A2018249.h25v06.061.2021351015853,2018-09-13T23:59:59.500000+00:00,2.0,30.0,Grassland,ESA WorldCover 2021 v200,2021,3,5301.0,0.5301,0.0,Good data,True,NASA MODIS MOD13Q1/MYD13Q1 v6.1 16-day 250m,True,True,0.5301,ERA5-Land via Open-Meteo Historical Weather API,era5_land,True,0.427,0.428,0.426,0.426,0.4276666666666666,0.4275714285714285,-0.0005714285714285,"{""2018-09-09"": 0.427, ""2018-09-10"": 0.428, ""2018-09-11"": 0.428, ""2018-09-12"": 0.427, ""2018-09-13"": 0.428, ""2018-09-14"": 0.428, ""2018-09-15"": 0.427}",541.4069664714468,461.91972196261327,secondary,,1215136364.0,river,Talung Chu,293179605.0,5000.0,5000.0,True,True,True,OpenStreetMap via Overpass API,2026-09-03T22:00:36Z,local equirectangular point-to-polyline
938429,Sikkim,Sikkim,National Highway between Mangan and Chungthang.,27.54255403,88.62957834,Medium (2-25km),10000,2018-09-17,2018,9,Monsoon (Jun-Sep),earth slide,rainfall (T),report,9,0,0,No fatalities,0.0,NDTV' 'Indian Army and Air Force airlifted hundreds of people stranded in north Sikkim due to rain and several landslides along National Highway between Mangan and Chungthang.,"https://www.ndtv.com/india-news/in-sikkim-over-350-stranded-in-heavy-rain-and-landslides-rescued-1918073#:~:text=Gangtok%2C%20Sikkim%3A,landslides%20hit%20the%20hill%20state.&text=Landslides%20at%20several%20locations%20along,stretch%20between%20Mangan%2",UGLC,Copernicus_DSM_COG_10_N27_00_E088_00_DEM,Copernicus DEM GLO-30 via Microsoft Planetary Computer,True,1332.56298828125,35.79610571762597,299.8775421337505,0.0083446598025416,27.417733931428057,30.715,False,NASA POWER Daily API / PRECTOTCORR,True,0.0,3.35,46.58,"{""2018-09-11"": 11.08, ""2018-09-12"": 11.71, ""2018-09-13"": 8.8, ""2018-09-14"": 11.64, ""2018-09-15"": 3.26, ""2018-09-16"": 0.09, ""2018-09-17"": 0.0}",ESA_WorldCover_10m_2021_v200_N27E087,MOD13Q1.A2018257.h25v06.061.2021350195800,2018-09-21T23:59:59.500000+00:00,4.0,10.0,Tree cover,ESA WorldCover 2021 v200,2021,3,6872.0,0.6872,0.0,Good data,True,NASA MODIS MOD13Q1/MYD13Q1 v6.1 16-day 250m,True,True,0.6872,ERA5-Land via Open-Meteo Historical Weather API,era5_land,True,0.401,0.411,0.403,0.404,0.4153333333333333,0.4214285714285714,-0.0204285714285714,"{""2018-09-11"": 0.426, ""2018-09-12"": 0.424, ""2018-09-13"": 0.425, ""2018-09-14"": 0.429, ""2018-09-15"": 0.427, ""2018-09-16"": 0.418, ""2018-09-17"": 0.401}",14.05969691673299,28.551114661401247,tertiary,North Sikkim Highway,47415182.0,river,,599775741.0,5000.0,5000.0,True,True,True,OpenStreetMap via Overpass API,2026-09-03T22:00:36Z,local equirectangular point-to-polyline
1050715,Assam,Assam,Railway between Phiding and Mahur station in Badarpur.,25.19640994,93.13430585,Medium (2-25km),5000,2018-12-18,2018,12,Dry season (Dec-Mar),rock fall,rainfall (T),report,9,0,0,No fatalities,0.0,Barak Bulletin' 'A rock fall occurred at noon on the railroad tracks between Phiding and Mahur stations. The route was delayed until the tracks were cleared at 2:44 pm the same day.,https://www.barakbulletin.com/en_US/track-cleared-trains-are-running-again-in-badarpur-lumding-route/,UGLC,Copernicus_DSM_COG_10_N25_00_E093_00_DEM,Copernicus DEM GLO-30 via Microsoft Planetary Computer,True,536.093017578125,9.186895206278116,156.71405737390273,0.0019860833714898,27.9800880967958,30.715,False,NASA POWER Daily API / PRECTOTCORR,True,37.98,47.17999999999999,47.18999999999999,"{""2018-12-12"": 0.01, ""2018-12-13"": 0.0, ""2018-12-14"": 0.0, ""2018-12-15"": 0.0, ""2018-12-16"": 0.0, ""2018-12-17"": 9.2, ""2018-12-18"": 37.98}",ESA_WorldCover_10m_2021_v200_N24E093,MYD13Q1.A2018345.h26v06.061.2021351021837,2018-12-18T23:59:59.500000+00:00,0.0,10.0,Tree cover,ESA WorldCover 2021 v200,2021,3,6626.0,0.6626000000000001,0.0,Good data,True,NASA MODIS MOD13Q1/MYD13Q1 v6.1 16-day 250m,True,True,0.6626000000000001,ERA5-Land via Open-Meteo Historical Weather API,era5_land,True,0.476,0.442,0.387,0.405,0.3603333333333333,0.3261428571428571,0.1498571428571428,"{""2018-12-12"": 0.302, ""2018-12-13"": 0.301, ""2018-12-14"": 0.3, ""2018-12-15"": 0.299, ""2018-12-16"": 0.298, ""2018-12-17"": 0.307, ""2018-12-18"": 0.476}",923.4650774539728,236.06001356180388,trunk,,843633969.0,river,,169375810.0,5000.0,5000.0,True,True,True,OpenStreetMap via Overpass API,2026-09-03T22:01:36Z,local equirectangular point-to-polyline
1050610,Mizoram,Mizoram,"Thuampui, Aizawl, Mizoram",23.74253,92.73868,High (<2km),1000,2021-06-12,2021,6,Monsoon (Jun-Sep),earth slide,rainfall (T),report,7,2,1,Minor (1-2),5.0,"India Today' 'At least four members of a family, including two children below the age of five years, were killed when a massive landslide swept away their house in Mizoram’s Aizawl on Friday night. Two others sustained injuries.",https://www.indiatoday.in/india/story/massive-landslide-in-mizoram-kills-four-children-1813987-2021-06-12,UGLC,Copernicus_DSM_COG_10_N23_00_E092_00_DEM,Copernicus DEM GLO-30 via Microsoft Planetary Computer,True,959.5528564453124,31.52053877216659,247.3959469327648,-0.0017701897226183,28.305088400093325,30.715,True,NASA POWER Daily API / PRECTOTCORR,True,29.98,66.27,108.07999999999998,"{""2021-06-06"": 27.2, ""2021-06-07"": 8.94, ""2021-06-08"": 4.6, ""2021-06-09"": 1.07, ""2021-06-10"": 10.64, ""2021-06-11"": 25.65, ""2021-06-12"": 29.98}",ESA_WorldCover_10m_2021_v200_N21E090,MYD13Q1.A2021153.h26v06.061.2021170022954,2021-06-09T23:59:59.500000+00:00,3.0,50.0,Built-up,ESA WorldCover 2021 v200,2021,0,6084.0,0.6084,3.0,Cloudy,False,NASA MODIS MOD13Q1/MYD13Q1 v6.1 16-day 250m,True,True,,ERA5-Land via Open-Meteo Historical Weather API,era5_land,True,0.405,0.391,0.228,0.275,0.4000000000000001,0.3802857142857143,0.0247142857142857,"{""2021-06-06"": 0.357, ""2021-06-07"": 0.367, ""2021-06-08"": 0.378, ""2021-06-09"": 0.36, ""2021-06-10"": 0.405, ""2021-06-11"": 0.39, ""2021-06-12"": 0.405}",1.9630896744634188,3068.3952923043153,trunk,,241548749.0,stream,Tuikual River,641629866.0,5000.0,5000.0,True,True,True,OpenStreetMap via Overpass API,2026-09-03T22:02:36Z,local equirectangular point-to-polyline
